id;questionId;text;isCorrect
1000000;103734;O homem e a mulher;0
1000001;103734;O jardim do Éden;0
1000002;103734;A luz e as trevas;0
1000003;103734;Os céus e a terra;1
1000004;103735;Sem forma e vazia, com trevas sobre a face do abismo;1
1000005;103735;Coberta por florestas e mares;0
1000006;103735;Iluminada pelos grandes luzeiros;0
1000007;103735;Habitada por animais e plantas;0
1000008;103736;Que aparecesse a porção seca;0
1000009;103736;Que fossem feitos os luzeiros;0
1000010;103736;Que houvesse luz;1
1000011;103736;Que houvesse firmamento;0
1000012;103737;Noite e dia;0
1000013;103737;Dia e noite;1
1000014;103737;Claro e escuro;0
1000015;103737;Manhã e tarde;0
1000016;103738;Mares;0
1000017;103738;Terra;0
1000018;103738;Abismo;0
1000019;103738;Céus;1
1000020;103739;Terra e mares;1
1000021;103739;Continente e oceanos;0
1000022;103739;Solo e rios;0
1000023;103739;Campo e abismo;0
1000024;103740;Relva, ervas que deem semente e árvores frutíferas segundo as suas espécies;1
1000025;103740;Somente árvores frutíferas e flores;0
1000026;103740;Apenas ervas e plantas aquáticas;0
1000027;103740;Relva e árvores sem fruto;0
1000028;103741;Para sinais, estações, dias e anos;1
1000029;103741;Para produzir chuva sobre a terra;0
1000030;103741;Para orientar somente as aves;0
1000031;103741;Para aquecer os animais;0
1000032;103742;O maior para governar o dia, o menor para governar a noite, e fez também as estrelas;1
1000033;103742;O maior para governar a noite, o menor para governar o dia, e fez também os planetas;0
1000034;103742;Os dois para governar apenas o dia, e fez também as nuvens;0
1000035;103742;Os dois para governar apenas a noite, e fez também os cometas;0
1000036;103743;As grandes criaturas marinhas, os seres vivos das águas e as aves;1
1000037;103743;Somente os peixes e os animais domésticos;0
1000038;103743;Os animais selvagens e os que rastejam;0
1000039;103743;O homem e a mulher;0
1000040;103744;Que recebessem nomes;0
1000041;103744;Que fossem fecundos e se multiplicassem;1
1000042;103744;Que dominassem toda a terra;0
1000043;103744;Que se alimentassem dos frutos das árvores;0
1000044;103745;Animais domésticos, animais que rastejam e animais selvagens;1
1000045;103745;Grandes criaturas marinhas, aves e peixes;0
1000046;103745;Somente animais domésticos e aves;0
1000047;103745;Homens, mulheres e animais selvagens;0
1000048;103746;À sua imagem, homem e mulher;1
1000049;103746;À imagem dos animais da terra;0
1000050;103746;Somente o homem à sua imagem;0
1000051;103746;Sem qualquer relação com a imagem de Deus;0
1000052;103747;Ser fecundos, multiplicar-se, encher e sujeitar a terra e exercer domínio sobre os animais;1
1000053;103747;Permanecer no mesmo lugar e cuidar apenas das aves;0
1000054;103747;Dominar somente os animais domésticos e não se multiplicar;0
1000055;103747;Cultivar somente árvores frutíferas e evitar os mares;0
1000056;103748;"Ao ser humano, plantas que dão semente e frutos com semente; aos animais, toda erva verde";1
1000057;103748;Ao ser humano e aos animais, somente carne;0
1000058;103748;"Ao ser humano, somente frutos; aos animais, somente grãos";0
1000059;103748;A todos, apenas água e relva;0
1000060;103749;Incompleta;0
1000061;103749;Apenas boa;0
1000062;103749;Muito boa;1
1000063;103749;Necessitada de mudanças;0
1000064;103750;Criou a mulher;0
1000065;103750;Plantou o jardim do Éden;0
1000066;103750;Deu nome aos animais;0
1000067;103750;Descansou de toda a obra que havia feito;1
1000068;103751;Abençoou-o e o santificou;1
1000069;103751;Chamou-o de primeiro dia;0
1000070;103751;Separou-o da noite;0
1000071;103751;Destinou-o ao cultivo da terra;0
1000072;103752;Deu-lhe um nome;0
1000073;103752;Soprou em suas narinas o fôlego de vida;1
1000074;103752;Colocou-o junto aos animais;0
1000075;103752;Deu-lhe alimento do jardim;0
1000076;103753;Em Havilá, perto do rio Pisom;0
1000077;103753;No Éden, na direção do Oriente;1
1000078;103753;Em Cuxe, junto ao rio Giom;0
1000079;103753;Na Assíria, junto ao rio Tigre;0
1000080;103754;A árvore da sabedoria e a árvore da justiça;0
1000081;103754;A árvore do ouro e a árvore do bdélio;0
1000082;103754;A árvore da vida e a árvore do conhecimento do bem e do mal;1
1000083;103754;A árvore do alimento e a árvore da eternidade;0
1000084;103755;Jordão, Nilo, Tigre e Eufrates;0
1000085;103755;Pisom, Jordão, Giom e Nilo;0
1000086;103755;Giom, Nilo, Tigre e Jordão;0
1000087;103755;Pisom, Giom, Tigre e Eufrates;1
1000088;103756;Para cultivar e guardar o jardim;1
1000089;103756;Para dar nome aos rios;0
1000090;103756;Para construir uma cidade;0
1000091;103756;Para procurar uma auxiliadora;0
1000092;103757;Poderia comer apenas da árvore da vida;0
1000093;103757;Poderia comer livremente de toda árvore do jardim;1
1000094;103757;Poderia comer somente das árvores próximas aos rios;0
1000095;103757;Não poderia comer de nenhuma árvore;0
1000096;103758;"Da árvore da vida; seria expulso do jardim";0
1000097;103758;"Da árvore do conhecimento do bem e do mal; certamente morreria";1
1000098;103758;"Da árvore do conhecimento do bem e do mal; perderia todos os animais";0
1000099;103758;"Da árvore da vida; ficaria sem alimento";0
1000100;103759;Porque o homem não sabia cultivar o jardim;0
1000101;103759;Porque os animais não obedeciam ao homem;0
1000102;103759;Porque não era bom que o homem estivesse só;1
1000103;103759;Porque o homem precisava de alguém para dar nome aos rios;0
1000104;103760;Separou os animais por espécie, mas não encontrou alimento;0
1000105;103760;Deu nome aos seres vivos, mas não se achou uma auxiliadora semelhante a ele;1
1000106;103760;Escolheu animais domésticos, mas não encontrou lugar para eles;0
1000107;103760;Deu alimento aos animais, mas não encontrou água;0
1000108;103761;Fez o homem cair em pesado sono, tirou uma de suas costelas e dela formou a mulher;1
1000109;103761;Formou a mulher do pó da terra sem relação com o homem;0
1000110;103761;Fez a mulher a partir do fôlego do homem;0
1000111;103761;Formou a mulher de uma árvore do jardim;0
1000112;103762;Eva;0
1000113;103762;Auxiliadora;0
1000114;103762;Varoa;1
1000115;103762;Companheira;0
1000116;103763;O homem deixa pai e mãe, une-se à sua mulher e os dois se tornam uma só carne;1
1000117;103763;O homem permanece com seus pais e recebe sua mulher na mesma casa;0
1000118;103763;O homem e a mulher devem viver separados de suas famílias;0
1000119;103763;A mulher deixa o marido para voltar à casa dos pais;0
1000120;103764;Estavam vestidos e tinham medo;0
1000121;103764;Estavam nus e não se envergonhavam;1
1000122;103764;Estavam escondidos entre as árvores;0
1000123;103764;Estavam separados um do outro;0
1000124;103765;Se Deus realmente havia proibido que comessem do fruto de todas as árvores do jardim;1
1000125;103765;Se ela conhecia o nome de todas as árvores do jardim;0
1000126;103765;Se o homem havia recebido sozinho a ordem de Deus;0
1000127;103765;Se a árvore da vida ficava no meio do jardim;0
1000128;103766;Poderiam comer dele apenas durante o dia;0
1000129;103766;Não deveriam comer nem tocar nele, para que não morressem;1
1000130;103766;Somente o homem poderia comer daquele fruto;0
1000131;103766;O fruto deveria ser oferecido primeiro ao Senhor;0
1000132;103767;Certamente não morreriam, seus olhos se abririam e seriam conhecedores do bem e do mal;1
1000133;103767;Morreriam imediatamente ao tocar no fruto;0
1000134;103767;Perderiam o conhecimento do bem e do mal;0
1000135;103767;Seriam expulsos do jardim antes de comer;0
1000136;103768;Colheu do fruto, comeu e também deu ao marido, que comeu;1
1000137;103768;Chamou o homem para perguntar novamente a Deus;0
1000138;103768;Escondeu o fruto entre as árvores do jardim;0
1000139;103768;Recusou o fruto e se afastou da serpente;0
1000140;103769;Perceberam que estavam nus e fizeram cintas com folhas de figueira;1
1000141;103769;Perceberam que estavam doentes e procuraram abrigo;0
1000142;103769;Perceberam que o jardim havia mudado e fugiram;0
1000143;103769;Perceberam que a serpente os havia deixado e a procuraram;0
1000144;103770;"Esconderam-se entre as árvores do jardim; ele teve medo porque estava nu";1
1000145;103770;"Esconderam-se perto do rio; ele teve medo porque estava perdido";0
1000146;103770;"Esconderam-se fora do jardim; ele teve medo da serpente";0
1000147;103770;"Esconderam-se junto à árvore da vida; ele teve medo porque a mulher fugira";0
1000148;103771;A mulher que Deus lhe havia dado;1
1000149;103771;A serpente;0
1000150;103771;Um dos animais do jardim;0
1000151;103771;A si mesmo apenas;0
1000152;103772;A serpente me enganou, e eu comi;1
1000153;103772;O homem me obrigou a comer;0
1000154;103772;Eu não sabia que aquela era a árvore proibida;0
1000155;103772;Eu comi porque estava com fome;0
1000156;103773;Rastejaria sobre o ventre e comeria pó todos os dias da vida;1
1000157;103773;Seria expulsa para o deserto e nunca mais veria o homem;0
1000158;103773;Perderia a capacidade de se aproximar dos outros animais;0
1000159;103773;Viveria somente entre espinhos e ervas daninhas;0
1000160;103774;"Inimizade; o descendente da mulher feriria a cabeça da serpente, e ela lhe feriria o calcanhar";1
1000161;103774;"Paz; as duas descendências viveriam juntas no jardim";0
1000162;103774;"Servidão; a descendência da mulher serviria à serpente";0
1000163;103774;"Separação; nenhuma das descendências voltaria a se encontrar";0
1000164;103775;Aumentaria seus sofrimentos na gravidez, daria à luz com dor, seu desejo seria para o marido e ele a governaria;1
1000165;103775;Ela não teria mais filhos e viveria sozinha;0
1000166;103775;Seus filhos nasceriam sem sofrimento, mas ela deixaria o jardim;0
1000167;103775;Ela seria responsável por cultivar a terra até a morte;0
1000168;103776;A terra seria amaldiçoada por causa dele, produziria também espinhos e ervas daninhas, e ele obteria o sustento com fadiga e suor até voltar ao pó;1
1000169;103776;A terra deixaria de produzir qualquer alimento para sempre;0
1000170;103776;O homem passaria a viver apenas dos frutos das árvores;0
1000171;103776;O homem não precisaria mais cultivar a terra;0
1000172;103777;Eva, porque ela seria a mãe de todos os seres humanos;1
1000173;103777;Sara, porque dela sairia uma grande nação;0
1000174;103777;Mulher, porque havia sido formada da terra;0
1000175;103777;Ada, porque seria mãe de muitos povos;0
1000176;103778;Fez roupas de peles e os vestiu;1
1000177;103778;Deu-lhes mantos de linho;0
1000178;103778;Mandou que usassem folhas de oliveira;0
1000179;103778;Cobriu-os com lã de ovelhas;0
1000180;103779;"Para impedir que tomasse também da árvore da vida e vivesse eternamente; fora do jardim, ele cultivaria a terra da qual havia sido tomado";1
1000181;103779;Para que construísse uma cidade longe da árvore da vida;0
1000182;103779;Para que procurasse outro jardim onde pudesse viver;0
1000183;103779;Para que aprendesse a cuidar dos animais selvagens;0
1000184;103780;Querubins e uma espada flamejante que se movia em todas as direções;1
1000185;103780;Dois anjos com trombetas;0
1000186;103780;Uma muralha de pedras e fogo;0
1000187;103780;Um rio profundo ao redor do jardim;0
1000188;103781;Adquiri um varão com o auxílio do Senhor;1
1000189;103781;Deus me concedeu outro descendente em lugar de Abel;0
1000190;103781;Este será pastor de ovelhas;0
1000191;103781;O Senhor ouviu a minha aflição;0
1000192;103782;Agricultor e pastor de ovelhas;0
1000193;103782;Pastor de ovelhas e agricultor;1
1000194;103782;Caçador e agricultor;0
1000195;103782;Pastor de gado e ferreiro;0
1000196;103783;Caim levou animais do rebanho, e Abel levou frutos da terra;0
1000197;103783;Caim levou pão, e Abel levou vinho;0
1000198;103783;Caim levou do fruto da terra, e Abel levou das primícias do rebanho e da gordura deste;1
1000199;103783;Caim levou prata, e Abel levou cereais;0
1000200;103784;Agradou-se das duas ofertas igualmente;0
1000201;103784;Não se agradou de nenhuma das duas ofertas;0
1000202;103784;Agradou-se de Caim e de sua oferta, mas não de Abel;0
1000203;103784;Agradou-se de Abel e de sua oferta, mas não de Caim e de sua oferta;1
1000204;103785;Estava à porta, à sua espera, e era necessário que Caim o dominasse;1
1000205;103785;Desapareceria se Caim oferecesse outra oferta;0
1000206;103785;Somente Abel poderia vencê-lo;0
1000207;103785;Não teria consequências se Caim se arrependesse depois;0
1000208;103786;Mandou Abel embora;0
1000209;103786;Levantou-se contra Abel e o matou;1
1000210;103786;Tomou o rebanho de Abel;0
1000211;103786;Pediu perdão a Abel;0
1000212;103787;Abel foi para outra terra;0
1000213;103787;Meu irmão está no campo;0
1000214;103787;"Não sei; por acaso sou o guardador do meu irmão?";1
1000215;103787;Abel voltou para junto de nossos pais;0
1000216;103788;Caim perderia todos os seus animais;0
1000217;103788;Caim jamais poderia construir uma cidade;0
1000218;103788;A terra produziria somente espinhos;0
1000219;103788;O solo não lhe daria mais a sua força, e ele seria fugitivo e errante pela terra;1
1000220;103789;Declarou que quem matasse Caim seria vingado sete vezes e pôs nele um sinal para que não o matassem;1
1000221;103789;Mandou Caim voltar para junto de Adão e Eva;0
1000222;103789;Deu a Caim um exército para protegê-lo;0
1000223;103789;Escondeu Caim no jardim do Éden;0
1000224;103790;Na terra de Havilá;0
1000225;103790;Na terra de Node, a leste do Éden;1
1000226;103790;Na terra de Sinar;0
1000227;103790;Na terra de Canaã;0
1000228;103791;Irade;0
1000229;103791;Lameque;0
1000230;103791;Enoque, o nome de seu filho;1
1000231;103791;Node;0
1000232;103792;Eva e Naamá;0
1000233;103792;Ada e Naamá;0
1000234;103792;Zilá e Naamá;0
1000235;103792;Ada e Zilá;1
1000236;103793;Jabal;1
1000237;103793;Jubal;0
1000238;103793;Tubalcaim;0
1000239;103793;Irade;0
1000240;103794;Jabal;0
1000241;103794;Jubal;1
1000242;103794;Tubalcaim;0
1000243;103794;Metusael;0
1000244;103795;Jabal;0
1000245;103795;Jubal;0
1000246;103795;Tubalcaim;1
1000247;103795;Lameque;0
1000248;103796;Seria duas vezes maior;0
1000249;103796;Seria dez vezes maior;0
1000250;103796;Seria sete vezes;0
1000251;103796;Lameque seria vingado setenta vezes sete;1
1000252;103797;Sete;1
1000253;103797;Enos;0
1000254;103797;Enoque;0
1000255;103797;Jabal;0
1000256;103798;Começou-se a oferecer sacrifícios de animais;0
1000257;103798;Começou-se a invocar o nome do Senhor;1
1000258;103798;Começou-se a construir altares em cidades;0
1000259;103798;Começou-se a guardar o sétimo dia;0
1000260;103799;Deus criou somente o homem e depois formou a mulher;0
1000261;103799;Deus criou o ser humano à sua semelhança, homem e mulher, e os abençoou;1
1000262;103799;Deus criou o ser humano à semelhança dos animais;0
1000263;103799;Deus criou primeiro os descendentes e depois Adão;0
1000264;103800;90 anos;0
1000265;103800;105 anos;0
1000266;103800;130 anos;1
1000267;103800;162 anos;0
1000268;103801;930 anos;1
1000269;103801;912 anos;0
1000270;103801;905 anos;0
1000271;103801;969 anos;0
1000272;103802;Cainã;0
1000273;103802;Enos;1
1000274;103802;Maalalel;0
1000275;103802;Jarede;0
1000276;103803;Enos, Cainã, Maalalel, Jarede e Enoque;1
1000277;103803;Enos, Jarede, Cainã, Maalalel e Enoque;0
1000278;103803;Enos, Maalalel, Cainã, Enoque e Jarede;0
1000279;103803;Enos, Cainã, Enoque, Jarede e Maalalel;0
1000280;103804;65 anos;0
1000281;103804;187 anos;0
1000282;103804;300 anos;1
1000283;103804;365 anos;0
1000284;103805;300 anos;0
1000285;103805;365 anos;1
1000286;103805;777 anos;0
1000287;103805;969 anos;0
1000288;103806;Morreu e foi sepultado por seus filhos;0
1000289;103806;Desapareceu no deserto;0
1000290;103806;Não foi mais visto, porque Deus o levou para junto de si;1
1000291;103806;Mudou-se para outra terra com sua família;0
1000292;103807;895 anos;0
1000293;103807;930 anos;0
1000294;103807;962 anos;0
1000295;103807;969 anos;1
1000296;103808;Que Noé os consolaria dos trabalhos e das fadigas causados pela terra que o SENHOR amaldiçoou;1
1000297;103808;Que Noé construiria uma arca para salvar a família;0
1000298;103808;Que Noé seria o primeiro rei da terra;0
1000299;103808;Que Noé derrotaria todos os inimigos da família;0
1000300;103809;Sem, Cam e Jafé;1
1000301;103809;Caim, Abel e Sete;0
1000302;103809;Enos, Cainã e Maalalel;0
1000303;103809;Enoque, Metusalém e Lameque;0
1000304;103810;Tomaram para si mulheres dentre aquelas que mais lhes agradaram;1
1000305;103810;Afastaram-se delas e foram para outra terra;0
1000306;103810;Pediram a Noé que escolhesse mulheres para eles;0
1000307;103810;Proibiram que elas se casassem;0
1000308;103811;Seriam oitenta anos;0
1000309;103811;Seriam cem anos;0
1000310;103811;Seriam cento e vinte anos;1
1000311;103811;Seriam cento e cinquenta anos;0
1000312;103812;Homens fracos e desconhecidos;0
1000313;103812;Valentes, homens de renome na antiguidade;1
1000314;103812;Sacerdotes e profetas;0
1000315;103812;Reis que governaram toda a terra;0
1000316;103813;A maldade diminuía e os pensamentos eram bons;0
1000317;103813;A maldade havia se multiplicado e todo desígnio do coração era continuamente mau;1
1000318;103813;Apenas alguns homens praticavam o mal;0
1000319;103813;O coração humano estava dividido igualmente entre o bem e o mal;0
1000320;103814;Ficou triste por haver feito o ser humano e decidiu fazê-lo desaparecer da face da terra, juntamente com os animais mencionados;1
1000321;103814;Ignorou a maldade e decidiu esperar outra geração;0
1000322;103814;Decidiu apenas expulsar os homens das cidades;0
1000323;103814;Resolveu destruir somente os animais selvagens;0
1000324;103815;Encontrou favor aos olhos do SENHOR, era justo e íntegro entre os seus contemporâneos e andava com Deus;1
1000325;103815;Era o homem mais rico de sua geração;0
1000326;103815;Era rei e juiz sobre todos os povos;0
1000327;103815;Era sacerdote e vivia isolado dos demais;0
1000328;103816;Sem, Cam e Jafé;1
1000329;103816;Caim, Abel e Sete;0
1000330;103816;Enos, Cainã e Maalalel;0
1000331;103816;Jarede, Enoque e Metusalém;0
1000332;103817;Estava seca e sem alimento;0
1000333;103817;Estava corrompida e cheia de violência;1
1000334;103817;Estava vazia e sem habitantes;0
1000335;103817;Estava dominada por animais selvagens;0
1000336;103818;De tábuas de cipreste, com betume por dentro e por fora;1
1000337;103818;De cedro, revestida apenas por dentro;0
1000338;103818;De pedras, cobertas com barro;0
1000339;103818;De carvalho, sem qualquer revestimento;0
1000340;103819;130 metros de comprimento, 22 de largura e 13 de altura;1
1000341;103819;100 metros de comprimento, 20 de largura e 10 de altura;0
1000342;103819;150 metros de comprimento, 30 de largura e 15 de altura;0
1000343;103819;90 metros de comprimento, 18 de largura e 9 de altura;0
1000344;103820;Uma porta lateral e três andares;1
1000345;103820;Duas portas frontais e cinco andares;0
1000346;103820;Uma torre central e quatro andares;0
1000347;103820;Duas janelas laterais e apenas um andar;0
1000348;103821;Uma seca prolongada;0
1000349;103821;Um terremoto;0
1000350;103821;Um dilúvio de águas;1
1000351;103821;Uma praga de gafanhotos;0
1000352;103822;"Com Noé; entrariam também seus filhos, sua mulher e as mulheres de seus filhos";1
1000353;103822;"Com Sem; entrariam somente seus irmãos";0
1000354;103822;"Com toda a humanidade; todos entrariam na arca";0
1000355;103822;"Com Jafé; entrariam apenas os homens de sua família";0
1000356;103823;Dois de cada espécie, macho e fêmea;1
1000357;103823;Sete de cada espécie, sem distinção;0
1000358;103823;Um único animal de cada espécie;0
1000359;103823;Dez de cada espécie;0
1000360;103824;Todo tipo de comida, para alimento dele, de sua família e dos animais;1
1000361;103824;Apenas frutas e sementes para sua família;0
1000362;103824;Somente água para os animais;0
1000363;103824;Ouro e prata para usar depois do dilúvio;0
1000364;103825;Fez conforme tudo o que Deus lhe havia ordenado;1
1000365;103825;Cumpriu somente parte das ordens;0
1000366;103825;Pediu que seus filhos construíssem a arca sem sua participação;0
1000367;103825;Esperou o dilúvio começar para então obedecer;0
1000368;103826;Porque Noé era o mais rico de sua geração;0
1000369;103826;Porque o SENHOR reconhecia que Noé era justo diante dele naquela geração;1
1000370;103826;Porque Noé conhecia todos os animais da terra;0
1000371;103826;Porque Noé havia pedido para ser poupado;0
1000372;103827;Sete pares dos puros e um par dos impuros;1
1000373;103827;Um par dos puros e sete pares dos impuros;0
1000374;103827;Dois pares dos puros e dois pares dos impuros;0
1000375;103827;Sete pares de todos os animais;0
1000376;103828;Um par, para servir de alimento;0
1000377;103828;Dois pares, para acompanhar os animais terrestres;0
1000378;103828;Sete pares, para conservar a descendência sobre a face da terra;1
1000379;103828;Dez pares, para serem soltos durante o dilúvio;0
1000380;103829;Três dias;0
1000381;103829;Sete dias;1
1000382;103829;Quarenta dias;0
1000383;103829;Cento e cinquenta dias;0
1000384;103830;Sete dias e sete noites;0
1000385;103830;Trinta dias e trinta noites;0
1000386;103830;Quarenta dias e quarenta noites;1
1000387;103830;Cento e cinquenta dias e noites;0
1000388;103831;Quinhentos anos;0
1000389;103831;Seiscentos anos;1
1000390;103831;Setecentos anos;0
1000391;103831;Oitocentos anos;0
1000392;103832;Somente seus três filhos;0
1000393;103832;Sua mulher e seus três filhos, sem as noras;0
1000394;103832;Seus filhos, sua mulher e as mulheres de seus filhos;1
1000395;103832;Todos os seus parentes;0
1000396;103833;De dois em dois, macho e fêmea, conforme Deus havia ordenado;1
1000397;103833;Um de cada espécie, escolhido por Noé;0
1000398;103833;Em grupos de dez, conduzidos pelos filhos de Noé;0
1000399;103833;Somente os animais puros entraram em pares;0
1000400;103834;Os rios transbordaram e o mar invadiu a terra;0
1000401;103834;Romperam-se as fontes do grande abismo e abriram-se as comportas dos céus;1
1000402;103834;A arca começou imediatamente a repousar sobre um monte;0
1000403;103834;Um vento forte começou a secar a terra;0
1000404;103835;Noé;0
1000405;103835;Sem;0
1000406;103835;O SENHOR;1
1000407;103835;A mulher de Noé;0
1000408;103836;Ficou presa no solo;0
1000409;103836;Foi elevada pelas águas e passou a flutuar;1
1000410;103836;Começou a se desfazer;0
1000411;103836;Foi levada para fora da terra habitada;0
1000412;103837;Cobriram apenas os vales e as planícies;0
1000413;103837;Cobriram todos os altos montes que havia debaixo do céu;1
1000414;103837;Chegaram somente até a metade dos montes;0
1000415;103837;Cercaram a arca sem cobrir os montes;0
1000416;103838;Noé e os que estavam com ele na arca;1
1000417;103838;Somente Noé e seus três filhos;0
1000418;103838;Noé, sua família e alguns moradores das montanhas;0
1000419;103838;Apenas os animais que sabiam nadar;0
1000420;103839;Quarenta dias;0
1000421;103839;Setenta dias;0
1000422;103839;Cento e vinte dias;0
1000423;103839;Cento e cinquenta dias;1
1000424;103840;Fez soprar um vento sobre a terra;1
1000425;103840;Fez o sol aquecer a terra;0
1000426;103840;Abriu um grande vale;0
1000427;103840;Mandou Noé retirar a cobertura da arca;0
1000428;103841;As fontes aumentaram e a chuva continuou;0
1000429;103841;As fontes e as comportas se fecharam, e a chuva se deteve;1
1000430;103841;Somente a chuva parou;0
1000431;103841;As comportas permaneceram abertas;0
1000432;103842;Quarenta dias;0
1000433;103842;Setenta dias;0
1000434;103842;Cento e cinquenta dias;1
1000435;103842;Um ano;0
1000436;103843;Nas montanhas de Ararate;1
1000437;103843;No monte Sinai;0
1000438;103843;Nas montanhas de Seir;0
1000439;103843;No monte Moriá;0
1000440;103844;As cidades antigas;0
1000441;103844;Os picos das montanhas;1
1000442;103844;As árvores do campo;0
1000443;103844;As margens dos rios;0
1000444;103845;Voltou imediatamente para dentro da arca;0
1000445;103845;Trouxe uma folha de oliveira;0
1000446;103845;Ia e voltava até que as águas secaram sobre a terra;1
1000447;103845;Pousou sobre uma montanha e não voltou;0
1000448;103846;Porque não encontrou lugar para pousar os pés;1
1000449;103846;Porque estava ferida;0
1000450;103846;Porque encontrou o corvo;0
1000451;103846;Porque Noé a chamou de volta;0
1000452;103847;Um ramo seco;0
1000453;103847;Uma folha nova de oliveira;1
1000454;103847;Uma espiga de trigo;0
1000455;103847;Uma semente de figueira;0
1000456;103848;Ela voltou com outra folha;0
1000457;103848;Ela voltou sem nada;0
1000458;103848;Ela não voltou mais para Noé;1
1000459;103848;Ela pousou sobre a arca;0
1000460;103849;Saiu imediatamente da arca;0
1000461;103849;Removeu a cobertura da arca e viu que a superfície do solo estava enxuta;1
1000462;103849;Soltou novamente o corvo;0
1000463;103849;Construiu um altar dentro da arca;0
1000464;103850;Que permanecesse mais quarenta dias na arca;0
1000465;103850;Que saísse da arca com sua mulher, seus filhos e as mulheres de seus filhos;1
1000466;103850;Que enviasse seus filhos primeiro;0
1000467;103850;Que construísse outra arca;0
1000468;103851;Que fossem espalhados sem se multiplicar;0
1000469;103851;Que povoassem a terra, fossem fecundos e se multiplicassem;1
1000470;103851;Que servissem somente de alimento;0
1000471;103851;Que voltassem às montanhas;0
1000472;103852;Plantou uma vinha;0
1000473;103852;Levantou um altar e ofereceu holocaustos de animais puros e aves puras;1
1000474;103852;Construiu uma cidade;0
1000475;103852;Ergueu uma coluna de pedras;0
1000476;103853;Nunca mais permitir chuva sobre a terra;0
1000477;103853;Nunca mais amaldiçoar a terra por causa das pessoas nem destruir todos os seres vivos dessa maneira;1
1000478;103853;Nunca mais permitir que os animais se multiplicassem;0
1000479;103853;Nunca mais falar com os seres humanos;0
1000480;103854;Somente verão e inverno;0
1000481;103854;Semeadura e colheita, frio e calor, verão e inverno, dia e noite;1
1000482;103854;Apenas dia e noite;0
1000483;103854;Somente chuva e seca;0
1000484;103855;Que fossem fecundos, se multiplicassem e enchessem a terra;1
1000485;103855;Que permanecessem juntos em um só lugar;0
1000486;103855;Que construíssem uma nova arca;0
1000487;103855;Que voltassem para as montanhas de Ararate;0
1000488;103856;Amizade e confiança;0
1000489;103856;Medo e pavor;1
1000490;103856;Indiferença;0
1000491;103856;Desejo de servir espontaneamente;0
1000492;103857;Somente vegetais continuariam permitidos;0
1000493;103857;Tudo o que se move e vive poderia servir de alimento, mas não a carne com seu sangue;1
1000494;103857;Somente peixes poderiam ser comidos;0
1000495;103857;A carne só poderia ser comida em dias especiais;0
1000496;103858;Porque o ser humano foi feito segundo a imagem de Deus;1
1000497;103858;Porque Noé havia proibido qualquer morte;0
1000498;103858;Porque somente os descendentes de Sem eram sagrados;0
1000499;103858;Porque os animais não poderiam mais morrer;0
1000500;103859;Somente com Noé;0
1000501;103859;Com Noé, seus filhos, sua descendência e todos os seres vivos;1
1000502;103859;Somente com Sem e seus descendentes;0
1000503;103859;Apenas com os animais que saíram da arca;0
1000504;103860;Nunca mais haveria chuva sobre a terra;0
1000505;103860;Nunca mais todos os seres vivos seriam destruídos pelas águas de um dilúvio;1
1000506;103860;Nunca mais haveria sofrimento humano;0
1000507;103860;Nunca mais os rios transbordariam;0
1000508;103861;Uma estrela;0
1000509;103861;O arco nas nuvens;1
1000510;103861;Uma coluna de fogo;0
1000511;103861;Uma pomba;0
1000512;103862;"Sem, Cam e Jafé; Cam era o pai de Canaã";1
1000513;103862;"Sem, Cam e Jafé; Sem era o pai de Canaã";0
1000514;103862;"Caim, Sem e Jafé; Jafé era o pai de Canaã";0
1000515;103862;"Sem, Sete e Jafé; Cam era o pai de Canaã";0
1000516;103863;Tornou-se pastor e plantou oliveiras;0
1000517;103863;Tornou-se agricultor e plantou uma vinha;1
1000518;103863;Tornou-se construtor e plantou trigo;0
1000519;103863;Tornou-se caçador e plantou figueiras;0
1000520;103864;Adormeceu fora da tenda;0
1000521;103864;Embriagou-se e ficou nu dentro de sua tenda;1
1000522;103864;Saiu para procurar seus filhos;0
1000523;103864;Destruiu a vinha;0
1000524;103865;Cobriu o pai imediatamente;0
1000525;103865;Foi contar o ocorrido aos seus dois irmãos que estavam do lado de fora;1
1000526;103865;Saiu da tenda sem dizer nada;0
1000527;103865;Chamou Canaã para ajudá-lo;0
1000528;103866;Entraram olhando para o chão;0
1000529;103866;Levaram uma capa sobre os ombros, caminharam de costas e mantiveram o rosto desviado;1
1000530;103866;Esperaram Noé acordar;0
1000531;103866;Pediram que Cam cobrisse o pai;0
1000532;103867;Cam;0
1000533;103867;Canaã;1
1000534;103867;Sem;0
1000535;103867;Jafé;0
1000536;103868;Como o Deus de Sem;1
1000537;103868;Como o servo de Sem;0
1000538;103868;Como o juiz de Sem;0
1000539;103868;Como o adversário de Sem;0
1000540;103869;Que Deus o engrandecesse e que ele habitasse nas tendas de Sem;1
1000541;103869;Que ele seria servo de Cam;0
1000542;103869;Que viveria separado de seus irmãos;0
1000543;103869;Que sua descendência não se multiplicaria;0
1000544;103870;300 anos depois do dilúvio e 900 anos ao todo;0
1000545;103870;350 anos depois do dilúvio e 950 anos ao todo;1
1000546;103870;400 anos depois do dilúvio e 1.000 anos ao todo;0
1000547;103870;250 anos depois do dilúvio e 850 anos ao todo;0
1000548;103871;Sem, Cam e Jafé;1
1000549;103871;Caim, Abel e Sete;0
1000550;103871;Abraão, Naor e Harã;0
1000551;103871;Ismael, Isaque e Esaú;0
1000552;103872;Gomer, Magogue, Madai, Javã, Tubal, Meseque e Tiras;1
1000553;103872;Cuxe, Mizraim, Pute, Canaã, Sebá, Havilá e Sabtá;0
1000554;103872;Elão, Assur, Arfaxade, Lude, Arã, Uz e Hul;0
1000555;103872;Sidom, Hete, Jebuseu, Amorreu, Girgaseu, Heveu e Arqueu;0
1000556;103873;Cada qual segundo sua língua, família e nação;1
1000557;103873;Todos falando uma única língua e vivendo numa só cidade;0
1000558;103873;Todos submetidos a Ninrode;0
1000559;103873;Todos vivendo na terra de Canaã;0
1000560;103874;Cuxe, Mizraim, Pute e Canaã;1
1000561;103874;Gomer, Magogue, Madai e Javã;0
1000562;103874;Elão, Assur, Arfaxade e Lude;0
1000563;103874;Sebá, Havilá, Sabtá e Raamá;0
1000564;103875;Sem;0
1000565;103875;Cam;1
1000566;103875;Jafé;0
1000567;103875;Canaã;0
1000568;103876;Poderoso na terra e valente caçador diante do SENHOR;1
1000569;103876;Sacerdote do Deus Altíssimo;0
1000570;103876;Pastor de grandes rebanhos;0
1000571;103876;Construtor da arca depois do dilúvio;0
1000572;103877;Babel, Ereque, Acade e Calné, na terra de Sinar;1
1000573;103877;Sodoma, Gomorra, Admá e Zeboim, em Canaã;0
1000574;103877;Nínive, Calá, Resém e Gerar, no Egito;0
1000575;103877;Sidom, Gaza, Lasa e Társis, na Assíria;0
1000576;103878;Nínive, Reobote-Ir, Calá e Resém;1
1000577;103878;Betel, Ai, Hebrom e Berseba;0
1000578;103878;Sodoma, Gomorra, Admá e Zeboim;0
1000579;103878;Sidom, Gerar, Gaza e Lasa;0
1000580;103879;Casluim;1
1000581;103879;Naftuim;0
1000582;103879;Ludim;0
1000583;103879;Anamim;0
1000584;103880;Sidom e Hete;1
1000585;103880;Cuxe e Mizraim;0
1000586;103880;Sebá e Dedã;0
1000587;103880;Uz e Hul;0
1000588;103881;Espalharam-se por uma região cujos limites são descritos no texto;1
1000589;103881;Voltaram para a terra de Sinar;0
1000590;103881;Uniram-se aos descendentes de Jafé;0
1000591;103881;Foram todos para o Egito;0
1000592;103882;Pai de todos os filhos de Héber e irmão mais velho de Jafé;1
1000593;103882;Filho de Héber e irmão de Cam;0
1000594;103882;Pai de Jafé e avô de Héber;0
1000595;103882;Irmão mais novo de Héber e de Jafé;0
1000596;103883;Elão, Assur, Arfaxade, Lude e Arã;1
1000597;103883;Gomer, Magogue, Madai, Javã e Tubal;0
1000598;103883;Cuxe, Mizraim, Pute, Canaã e Ninrode;0
1000599;103883;Uz, Hul, Geter, Más e Pelegue;0
1000600;103884;Arfaxade gerou Selá, e Selá gerou Héber;1
1000601;103884;Arfaxade gerou Arã, e Arã gerou Héber;0
1000602;103884;Arfaxade gerou Pelegue, e Pelegue gerou Héber;0
1000603;103884;Arfaxade gerou Joctã, e Joctã gerou Héber;0
1000604;103885;Porque em seus dias a terra foi repartida;1
1000605;103885;Porque fundou a cidade de Babel;0
1000606;103885;Porque foi poderoso caçador;0
1000607;103885;Porque migrou para a Assíria;0
1000608;103886;Foram disseminadas pela terra;1
1000609;103886;Permaneceram reunidas em Sinar;0
1000610;103886;Foram todas para Canaã;0
1000611;103886;Passaram a formar uma única família;0
1000612;103887;Havia apenas uma língua e uma só maneira de falar;1
1000613;103887;Cada família tinha sua própria língua;0
1000614;103887;Havia duas línguas principais;0
1000615;103887;Os povos já falavam línguas diferentes;0
1000616;103888;Na terra de Canaã;0
1000617;103888;Na terra de Sinar;1
1000618;103888;Na terra de Havilá;0
1000619;103888;Na terra de Arã;0
1000620;103889;Pedras e barro;0
1000621;103889;Madeira e argamassa;0
1000622;103889;Tijolos no lugar de pedra e betume no lugar de argamassa;1
1000623;103889;Pedras lavradas e madeira de cedro;0
1000624;103890;Tornar célebre o próprio nome e evitar que fossem espalhados por toda a terra;1
1000625;103890;Construir um templo para oferecer sacrifícios;0
1000626;103890;Proteger-se de outro dilúvio;0
1000627;103890;Formar um exército para dominar as nações;0
1000628;103891;Enviou um terremoto;0
1000629;103891;Desceu para ver a cidade e a torre;1
1000630;103891;Mandou Noé adverti-los;0
1000631;103891;Destruiu imediatamente a torre;0
1000632;103892;Confundir a língua que falavam, para que não entendessem uns aos outros;1
1000633;103892;Enviar uma grande fome;0
1000634;103892;Separar as famílias por sorteio;0
1000635;103892;Fazer a torre desabar;0
1000636;103893;Os homens terminaram a torre rapidamente;0
1000637;103893;O SENHOR os dispersou pela superfície da terra, e eles pararam de edificar a cidade;1
1000638;103893;Todos permaneceram em Sinar;0
1000639;103893;A cidade passou a ser governada por Ninrode;0
1000640;103894;Porque ali o SENHOR confundiu a língua de toda a terra e dali dispersou os homens;1
1000641;103894;Porque foi a primeira cidade depois do dilúvio;0
1000642;103894;Porque a torre era a mais alta da terra;0
1000643;103894;Porque ali nasceu Sem;0
1000644;103895;Noventa anos;0
1000645;103895;Cem anos;1
1000646;103895;Cento e dez anos;0
1000647;103895;Cento e vinte anos;0
1000648;103896;Serugue;0
1000649;103896;Naor;0
1000650;103896;Tera;1
1000651;103896;Pelegue;0
1000652;103897;Seu irmão;0
1000653;103897;Seu filho;1
1000654;103897;Seu pai;0
1000655;103897;Seu sobrinho;0
1000656;103898;Mudou-se para Canaã;0
1000657;103898;Morreu em Ur dos caldeus, terra de seu nascimento;1
1000658;103898;Foi para o Egito;0
1000659;103898;Passou a morar em Harã;0
1000660;103899;Sarai e Milca;1
1000661;103899;Milca e Sarai;0
1000662;103899;Sarai e Iscá;0
1000663;103899;Agar e Milca;0
1000664;103900;Era estéril e não tinha filhos;1
1000665;103900;Já tinha um filho chamado Ismael;0
1000666;103900;Era filha de Harã;0
1000667;103900;Morreu em Ur dos caldeus;0
1000668;103901;Siquém;0
1000669;103901;Betel;0
1000670;103901;Harã;1
1000671;103901;Damasco;0
1000672;103902;Cento e setenta e cinco anos, em Canaã;0
1000673;103902;Duzentos e cinco anos, em Harã;1
1000674;103902;Duzentos anos, em Ur;0
1000675;103902;Cento e oitenta anos, em Sinar;0
1000676;103903;Sua terra, sua parentela e a casa de seu pai;1
1000677;103903;Somente seus bens e seus servos;0
1000678;103903;A terra de Canaã e a casa de Ló;0
1000679;103903;A cidade de Siquém e o carvalho de Moré;0
1000680;103904;Uma grande nação;1
1000681;103904;Um rei sobre o Egito;0
1000682;103904;Um sacerdote entre os cananeus;0
1000683;103904;Um guerreiro contra todas as nações;0
1000684;103905;Somente sua própria família seria abençoada;0
1000685;103905;Todas as famílias da terra seriam benditas nele;1
1000686;103905;Somente os habitantes de Canaã seriam abençoados;0
1000687;103905;Apenas os seus servos receberiam a bênção;0
1000688;103906;Abençoaria os que o abençoassem e amaldiçoaria aquele que o amaldiçoasse;1
1000689;103906;Abençoaria a todos sem distinção;0
1000690;103906;Amaldiçoaria apenas os cananeus;0
1000691;103906;Deixaria Abrão decidir quem seria abençoado;0
1000692;103907;Setenta anos;0
1000693;103907;Setenta e cinco anos;1
1000694;103907;Oitenta anos;0
1000695;103907;Sessenta e cinco anos;0
1000696;103908;Somente ouro e prata;0
1000697;103908;Todos os bens adquiridos e as pessoas que lhes foram acrescentadas em Harã;1
1000698;103908;Apenas rebanhos e camelos;0
1000699;103908;Somente os servos nascidos em sua casa;0
1000700;103909;Hebrom, junto aos carvalhais de Manre;0
1000701;103909;Siquém, até o carvalho de Moré;1
1000702;103909;Berseba, junto ao poço;0
1000703;103909;Betel, diante da cidade de Ai;0
1000704;103910;Daria aquela terra à descendência de Abrão;1
1000705;103910;Daria a terra somente a Ló;0
1000706;103910;Abrão seria rei sobre os cananeus;0
1000707;103910;A terra seria entregue ao Egito;0
1000708;103911;Edificou um altar ao SENHOR;1
1000709;103911;Construiu uma cidade;0
1000710;103911;Cavou um poço;0
1000711;103911;Plantou uma vinha;0
1000712;103912;Edificou um altar ao SENHOR e invocou o nome do SENHOR;1
1000713;103912;Construiu uma torre para vigiar a terra;0
1000714;103912;Fez uma aliança com os cananeus;0
1000715;103912;Deu a terra a Ló;0
1000716;103913;Na direção do Neguebe;1
1000717;103913;Na direção do Egito imediatamente;0
1000718;103913;Na direção de Harã;0
1000719;103913;Na direção do Jordão;0
1000720;103914;Uma guerra em Canaã;0
1000721;103914;Uma grande fome na terra;1
1000722;103914;Uma ordem de Faraó;0
1000723;103914;Uma disputa com Ló;0
1000724;103915;Para que ele fosse tratado bem por causa dela e tivesse a vida preservada;1
1000725;103915;Para que Sarai pudesse receber terras no Egito;0
1000726;103915;Para esconder que haviam saído de Harã;0
1000727;103915;Para que Faraó lhes desse permissão para voltar a Canaã;0
1000728;103916;Foi enviada de volta a Canaã;0
1000729;103916;Foi levada para a casa de Faraó;1
1000730;103916;Foi escondida pelos servos de Abrão;0
1000731;103916;Foi entregue aos cananeus;0
1000732;103917;Tratou-o bem, e Abrão veio a possuir rebanhos, animais e servos;1
1000733;103917;Mandou prendê-lo imediatamente;0
1000734;103917;Tomou todos os seus bens;0
1000735;103917;Expulsou-o antes de receber Sarai;0
1000736;103918;Enriqueceu a casa de Faraó;0
1000737;103918;Puniu Faraó e sua casa com grandes pragas;1
1000738;103918;Fez Faraó deixar o Egito;0
1000739;103918;Enviou fome sobre todo o Egito;0
1000740;103919;Ficou com Sarai e libertou Abrão;0
1000741;103919;Repreendeu Abrão, devolveu Sarai e ordenou que seus servos os acompanhassem com tudo o que possuíam;1
1000742;103919;Mandou Abrão voltar sozinho para Harã;0
1000743;103919;Tomou os bens de Abrão como pagamento;0
1000744;103920;Para o Neguebe;1
1000745;103920;Para Sodoma;0
1000746;103920;Para Hebrom;0
1000747;103920;Para Harã;0
1000748;103921;Muito rico em gado, prata e ouro;1
1000749;103921;Pobre e sem rebanhos;0
1000750;103921;Rico apenas em prata;0
1000751;103921;Dono somente de terras;0
1000752;103922;Invocou o nome do SENHOR;1
1000753;103922;Construiu uma cidade;0
1000754;103922;Cavou um poço;0
1000755;103922;Separou seu rebanho;0
1000756;103923;Rebanhos, gado e tendas;1
1000757;103923;Ouro, prata e cidades;0
1000758;103923;Servos, navios e cavalos;0
1000759;103923;Terras, vinhas e palácios;0
1000760;103924;Porque seus bens eram muitos, e a terra não podia sustentá-los juntos;1
1000761;103924;Porque Ló queria voltar ao Egito;0
1000762;103924;Porque Abrão expulsou Ló;0
1000763;103924;Porque havia guerra naquela região;0
1000764;103925;Houve desentendimento;1
1000765;103925;Fizeram uma aliança;0
1000766;103925;Trocaram os rebanhos;0
1000767;103925;Abandonaram a região;0
1000768;103926;Porque eram parentes chegados;1
1000769;103926;Porque eram muito ricos;0
1000770;103926;Porque temiam os cananeus;0
1000771;103926;Porque tinham feito um juramento;0
1000772;103927;"Se Ló fosse para a esquerda, Abrão iria para a direita; se Ló fosse para a direita, Abrão iria para a esquerda";1
1000773;103927;Abrão escolheria primeiro e Ló ficaria com o restante;0
1000774;103927;Os dois lançariam sortes;0
1000775;103927;Dividiriam igualmente cada cidade;0
1000776;103928;Toda bem-regada, como o jardim do SENHOR e como a terra do Egito;1
1000777;103928;Árida e sem vegetação;0
1000778;103928;Cheia de montanhas e pedras;0
1000779;103928;Coberta por florestas densas;0
1000780;103929;Toda a campina do Jordão;1
1000781;103929;As montanhas de Hebrom;0
1000782;103929;O Neguebe;0
1000783;103929;A região de Betel;0
1000784;103930;Abrão na terra de Canaã, e Ló nas cidades da campina, armando suas tendas até Sodoma;1
1000785;103930;Abrão em Sodoma, e Ló em Canaã;0
1000786;103930;Abrão no Egito, e Ló em Betel;0
1000787;103930;Abrão em Harã, e Ló em Hebrom;0
1000788;103931;Maus e grandes pecadores contra o SENHOR;1
1000789;103931;Justos e hospitaleiros;0
1000790;103931;Pobres e oprimidos;0
1000791;103931;Sábios e tementes a Deus;0
1000792;103932;Erguer os olhos e olhar para o norte, sul, leste e oeste;1
1000793;103932;Voltar ao Egito;0
1000794;103932;Construir uma cidade;0
1000795;103932;Chamar Ló de volta;0
1000796;103933;Seria como o pó da terra, impossível de contar;1
1000797;103933;Seria como sete grandes nações;0
1000798;103933;Seria pequena, porém poderosa;0
1000799;103933;Seria como os rios do Egito;0
1000800;103934;"Percorrê-la no comprimento e na largura; depois Abrão foi aos carvalhais de Manre, junto a Hebrom, e edificou ali um altar ao SENHOR";1
1000801;103934;"Dividi-la imediatamente com Ló; depois foi para Sodoma";0
1000802;103934;"Vendê-la aos cananeus; depois voltou ao Egito";0
1000803;103934;"Cercá-la com pedras; depois foi para Harã";0
1000804;103935;Quatro reis contra cinco;1
1000805;103935;Cinco reis contra seis;0
1000806;103935;Três reis contra quatro;0
1000807;103935;Seis reis contra sete;0
1000808;103936;Dez anos;0
1000809;103936;Doze anos;1
1000810;103936;Treze anos;0
1000811;103936;Quatorze anos;0
1000812;103937;Rebelaram-se no décimo segundo e ele voltou no décimo terceiro;0
1000813;103937;Rebelaram-se no décimo terceiro e ele voltou no décimo quarto;1
1000814;103937;Rebelaram-se no décimo quarto e ele voltou no décimo quinto;0
1000815;103937;Rebelaram-se no décimo e ele voltou no décimo segundo;0
1000816;103938;Vale de Sidim;1
1000817;103938;Vale de Savé;0
1000818;103938;Vale de Escol;0
1000819;103938;Vale de Manre;0
1000820;103939;Tomaram os bens e o mantimento de Sodoma e Gomorra;1
1000821;103939;Destruíram apenas os poços da região;0
1000822;103939;Levaram somente o rei de Sodoma;0
1000823;103939;Fizeram uma aliança com as cidades derrotadas;0
1000824;103940;Ló, sobrinho de Abrão;1
1000825;103940;Sarai, mulher de Abrão;0
1000826;103940;Manre, aliado de Abrão;0
1000827;103940;Bera, rei de Sodoma;0
1000828;103941;Duzentos e dezoito;0
1000829;103941;Trezentos e dezoito;1
1000830;103941;Quatrocentos e dezoito;0
1000831;103941;Cento e dezoito;0
1000832;103942;Dividiu seus homens em grupos durante a noite e os perseguiu até Hobá, ao norte de Damasco;1
1000833;103942;Atacou sozinho durante o dia e os perseguiu até o Egito;0
1000834;103942;Cercou-os ao amanhecer e os perseguiu até Sodoma;0
1000835;103942;Esperou reforços e os perseguiu até Harã;0
1000836;103943;Somente Ló;0
1000837;103943;Apenas os bens de Ló;0
1000838;103943;Todos os bens, Ló e seus bens, além das mulheres e do povo;1
1000839;103943;Somente as pessoas, sem os bens;0
1000840;103944;Somente o rei de Gomorra;0
1000841;103944;O rei de Sodoma e Melquisedeque, rei de Salém;1
1000842;103944;Quedorlaomer e seus aliados;0
1000843;103944;Aner, Escol e Manre;0
1000844;103945;"Rei de Salém e sacerdote do Deus Altíssimo; trouxe pão e vinho";1
1000845;103945;"Rei de Sodoma e guerreiro; trouxe ouro e prata";0
1000846;103945;"Sacerdote de Canaã; trouxe animais para sacrifício";0
1000847;103945;"Rei de Gomorra e profeta; trouxe trigo e azeite";0
1000848;103946;À força dos homens de Abrão;0
1000849;103946;Ao Deus Altíssimo;1
1000850;103946;Ao rei de Sodoma;0
1000851;103946;Aos aliados de Manre;0
1000852;103947;Metade dos bens;0
1000853;103947;Um décimo de tudo;1
1000854;103947;Todos os bens recuperados;0
1000855;103947;Somente pão e vinho;0
1000856;103948;Que Abrão ficasse com as pessoas e devolvesse os bens;0
1000857;103948;Que Abrão lhe desse as pessoas e ficasse com os bens;1
1000858;103948;Que dividissem igualmente pessoas e bens;0
1000859;103948;Que Abrão devolvesse tudo;0
1000860;103949;"Para que o rei não pudesse dizer que o havia enriquecido; Abrão aceitou apenas o que os rapazes comeram e a parte de Aner, Escol e Manre";1
1000861;103949;"Porque os bens eram impuros; Abrão aceitou somente prata";0
1000862;103949;"Porque Melquisedeque proibiu; Abrão aceitou apenas animais";0
1000863;103949;"Porque Ló pediu; Abrão aceitou somente alimentos";0
1000864;103950;Que Abrão jamais enfrentaria inimigos;0
1000865;103950;Que Deus era o seu escudo e lhe daria uma grande recompensa;1
1000866;103950;Que Ló seria seu herdeiro;0
1000867;103950;Que voltaria imediatamente para Ur;0
1000868;103951;Ló;0
1000869;103951;Ismael;0
1000870;103951;Eliézer de Damasco;1
1000871;103951;Melquisedeque;0
1000872;103952;Seria alguém gerado pelo próprio Abrão;1
1000873;103952;Seria Eliézer de Damasco;0
1000874;103952;Seria Ló, seu sobrinho;0
1000875;103952;Seria um dos homens nascidos em sua casa;0
1000876;103953;As gotas da chuva;0
1000877;103953;Os grãos de trigo;0
1000878;103953;As folhas das árvores;0
1000879;103953;As estrelas do céu;1
1000880;103954;Como sacrifício;0
1000881;103954;Como justiça;1
1000882;103954;Como voto;0
1000883;103954;Como recompensa;0
1000884;103955;Harã;0
1000885;103955;Damasco;0
1000886;103955;Ur dos caldeus;1
1000887;103955;Egito;0
1000888;103956;Como saberia que iria herdá-la;1
1000889;103956;Quando deveria voltar ao Egito;0
1000890;103956;Quem governaria aquela terra;0
1000891;103956;Quanto tempo viveria nela;0
1000892;103957;Dois cordeiros, um bode e duas pombas;0
1000893;103957;Uma novilha, uma cabra e um cordeiro de três anos, uma rolinha e um pombinho;1
1000894;103957;Sete ovelhas e um novilho;0
1000895;103957;Uma novilha, dois bodes e um carneiro;0
1000896;103958;Queimou todos os animais juntos;0
1000897;103958;Soltou os animais maiores e reteve as aves;0
1000898;103958;Enterrou os animais maiores e ofereceu as aves;0
1000899;103958;Cortou os animais maiores pelo meio e colocou as metades frente a frente, mas não cortou as aves;1
1000900;103959;As enxotava;1
1000901;103959;As alimentava;0
1000902;103959;As capturava;0
1000903;103959;As ignorava;0
1000904;103960;Recebeu a visita de Melquisedeque;0
1000905;103960;Foi tomado por grande alegria;0
1000906;103960;Caiu em profundo sono, e grande pavor e densas trevas tomaram conta dele;1
1000907;103960;Saiu para contar novamente as estrelas;0
1000908;103961;Viveria sempre em paz em Canaã;0
1000909;103961;Seria peregrina em terra alheia, escravizada e afligida durante quatrocentos anos;1
1000910;103961;Permaneceria quarenta anos no deserto;0
1000911;103961;Governaria imediatamente sobre as nações;0
1000912;103962;Perdoaria a nação, e eles sairiam sem bens;0
1000913;103962;Entregaria a nação a Abrão, e eles sairiam com armas;0
1000914;103962;Destruiria toda a terra, e eles sairiam sozinhos;0
1000915;103962;Castigaria a nação, e eles sairiam com muitas riquezas;1
1000916;103963;"Abrão iria para junto de seus pais em paz e seria sepultado em boa velhice; na quarta geração seus descendentes voltariam, porque a medida da iniquidade dos amorreus ainda não estava completa";1
1000917;103963;Abrão morreria jovem, e seus descendentes voltariam na segunda geração;0
1000918;103963;Abrão viveria no Egito, e seus descendentes nunca voltariam;0
1000919;103963;Abrão seria rei em Canaã, e seus descendentes voltariam após sete gerações;0
1000920;103964;Uma nuvem e um vento forte;0
1000921;103964;Um anjo com uma espada;0
1000922;103964;Um fogareiro fumegante e uma tocha de fogo;1
1000923;103964;Uma coluna de água;0
1000924;103965;Do Jordão ao mar Mediterrâneo;0
1000925;103965;Do rio do Egito até o grande rio Eufrates;1
1000926;103965;De Betel até Hebrom;0
1000927;103965;De Ur até Harã;0
1000928;103966;Agar, egípcia;1
1000929;103966;Milca, arameia;0
1000930;103966;Iscá, cananeia;0
1000931;103966;Zilá, heteia;0
1000932;103967;Que ele tomasse Agar para que Sarai pudesse ter filhos por meio dela;1
1000933;103967;Que voltasse para Ur e procurasse outra esposa;0
1000934;103967;Que adotasse Ló como herdeiro;0
1000935;103967;Que esperasse até que Deus lhes desse um filho;0
1000936;103968;Cinco anos;0
1000937;103968;Dez anos;1
1000938;103968;Quinze anos;0
1000939;103968;Vinte anos;0
1000940;103969;Agar ficou grávida e passou a olhar com desprezo para Sarai;1
1000941;103969;Agar fugiu imediatamente para o Egito;0
1000942;103969;Sarai ficou grávida ao mesmo tempo;0
1000943;103969;Abrão mandou Agar embora;0
1000944;103970;Atribuiu a afronta a Abrão e pediu que o SENHOR julgasse entre os dois;1
1000945;103970;Atribuiu a afronta a Agar e pediu que Ló julgasse;0
1000946;103970;Atribuiu a afronta a si mesma e pediu que Abrão julgasse;0
1000947;103970;Atribuiu a afronta aos servos e pediu que os anciãos julgassem;0
1000948;103971;Disse que Sarai continuava tendo controle sobre sua serva e podia fazer o que melhor lhe parecesse;1
1000949;103971;Mandou Sarai libertar Agar imediatamente;0
1000950;103971;Prometeu expulsar Agar pessoalmente;0
1000951;103971;Disse que Agar deveria permanecer como senhora da casa;0
1000952;103972;Fugiu da presença de Sarai;1
1000953;103972;Voltou voluntariamente ao Egito com Abrão;0
1000954;103972;Foi morar com Ló;0
1000955;103972;Permaneceu na casa em silêncio;0
1000956;103973;Junto a uma fonte de água no deserto, no caminho de Sur;1
1000957;103973;Junto ao rio Eufrates;0
1000958;103973;Em uma caverna perto de Hebrom;0
1000959;103973;Ao lado do altar de Betel;0
1000960;103974;Que voltasse para sua senhora e se sujeitasse a ela;1
1000961;103974;Que continuasse fugindo para o Egito;0
1000962;103974;Que procurasse Abrão e exigisse liberdade;0
1000963;103974;Que permanecesse junto à fonte até o nascimento do filho;0
1000964;103975;Seria tão numerosa que não poderia ser contada;1
1000965;103975;Seria formada por apenas doze pessoas;0
1000966;103975;Seria menor do que a descendência de Ló;0
1000967;103975;Terminaria na geração de Ismael;0
1000968;103976;Ismael, porque o SENHOR ouviu o seu grito de aflição;1
1000969;103976;Isaque, porque o SENHOR a fez rir;0
1000970;103976;Eliézer, porque Deus era sua ajuda;0
1000971;103976;Israel, porque ela lutou com Deus;0
1000972;103977;"Seria como um jumento selvagem entre os homens; sua mão seria contra todos e a de todos contra ele, e habitaria diante de seus irmãos";1
1000973;103977;Viveria em paz com todos e seria servo de seus irmãos;0
1000974;103977;Seria rei sobre todas as nações de Canaã;0
1000975;103977;Habitaria sozinho, sem contato com seus irmãos;0
1000976;103978;Tu és o Deus que vê;1
1000977;103978;O SENHOR proverá;0
1000978;103978;O SENHOR é paz;0
1000979;103978;Deus Todo-Poderoso;0
1000980;103979;Beer-Laai-Roi, entre Cades e Berede;1
1000981;103979;Berseba, entre Betel e Ai;0
1000982;103979;En-Rogel, entre Hebrom e Siquém;0
1000983;103979;Poço de Jacó, entre Canaã e o Egito;0
1000984;103980;Abrão deu-lhe o nome de Ismael, e tinha 86 anos;1
1000985;103980;Sarai deu-lhe o nome de Ismael, e Abrão tinha 75 anos;0
1000986;103980;Agar deu-lhe o nome de Ismael, e Abrão tinha 90 anos;0
1000987;103980;O Anjo do SENHOR deu-lhe o nome, e Abrão tinha 100 anos;0
1000988;103981;Noventa e nove anos;1
1000989;103981;Oitenta e seis anos;0
1000990;103981;Cem anos;0
1000991;103981;Setenta e cinco anos;0
1000992;103982;Dar-lhe uma descendência muito numerosa;1
1000993;103982;Levá-lo de volta para Ur;0
1000994;103982;Entregar-lhe imediatamente um reino;0
1000995;103982;Torná-lo sacerdote em Canaã;0
1000996;103983;Prostrou-se com o rosto em terra;1
1000997;103983;Levantou um altar;0
1000998;103983;Saiu correndo para chamar Sarai;0
1000999;103983;Ofereceu um cordeiro;0
1001000;103984;Porque o constituiu pai de muitas nações;1
1001001;103984;Porque ele havia vencido quatro reis;0
1001002;103984;Porque pisaria a terra de Canaã;0
1001003;103984;Porque teria somente um filho;0
1001004;103985;Reis;1
1001005;103985;Sacerdotes levitas;0
1001006;103985;Profetas de todas as nações;0
1001007;103985;Juízes de Canaã;0
1001008;103986;Uma aliança perpétua, e toda a terra de Canaã como propriedade perpétua;1
1001009;103986;Uma aliança temporária, e apenas Hebrom;0
1001010;103986;Uma aliança até a morte de Abraão, e o Egito;0
1001011;103986;Uma aliança somente com Ismael, e a terra de Harã;0
1001012;103987;A circuncisão dos homens;1
1001013;103987;O sacrifício de um cordeiro;0
1001014;103987;Uma coluna de pedras;0
1001015;103987;O uso de uma veste especial;0
1001016;103988;Oito dias;1
1001017;103988;Sete dias;0
1001018;103988;Trinta dias;0
1001019;103988;Quarenta dias;0
1001020;103989;Os escravos nascidos em casa e os comprados de estrangeiros;1
1001021;103989;Somente os visitantes de Canaã;0
1001022;103989;Apenas os pastores mais antigos;0
1001023;103989;Somente os filhos dos aliados de Abraão;0
1001024;103990;Seria eliminado do meio do seu povo, porque quebrou a aliança;1
1001025;103990;Seria obrigado a deixar Canaã por sete anos;0
1001026;103990;Perderia apenas a herança material;0
1001027;103990;Seria entregue aos reis vizinhos;0
1001028;103991;"Sara; seria abençoada, teria um filho e dela procederiam nações e reis";1
1001029;103991;"Rebeca; seria mãe de dois povos";0
1001030;103991;"Agar; teria doze príncipes";0
1001031;103991;"Milca; seria mãe de reis de Canaã";0
1001032;103992;Prostrou-se, riu e pensou na idade de cem anos para si e noventa para Sara;1
1001033;103992;Chorou e pediu que Deus adiasse a promessa;0
1001034;103992;Ficou em silêncio e saiu da presença de Deus;0
1001035;103992;Chamou Sarai imediatamente para contar;0
1001036;103993;Que Ismael vivesse sob a bênção de Deus;1
1001037;103993;Que Ismael voltasse para o Egito;0
1001038;103993;Que Ismael fosse o único herdeiro da aliança;0
1001039;103993;Que Ismael governasse Canaã;0
1001040;103994;"Isaque; com ele e sua descendência";1
1001041;103994;"Ismael; com ele e os doze príncipes";0
1001042;103994;"Jacó; com ele e seus filhos";0
1001043;103994;"Eliézer; com ele e sua casa";0
1001044;103995;Abençoá-lo, multiplicá-lo, fazê-lo pai de doze príncipes e uma grande nação;1
1001045;103995;Fazer dele o herdeiro principal da aliança;0
1001046;103995;Dar-lhe toda a terra de Canaã;0
1001047;103995;Fazer dele sacerdote do Deus Altíssimo;0
1001048;103996;"Abraão, Ismael e todos os homens de sua casa; Abraão tinha 99 anos e Ismael 13";1
1001049;103996;"Somente Abraão e Ismael; Abraão tinha 100 anos e Ismael 14";0
1001050;103996;"Apenas os nascidos na casa; Abraão tinha 99 anos e Ismael 12";0
1001051;103996;"Somente os servos comprados; Abraão tinha 86 anos e Ismael 13";0
1001052;103997;Junto a um poço, ao entardecer;0
1001053;103997;À entrada da tenda, no maior calor do dia;1
1001054;103997;No campo, cuidando do rebanho;0
1001055;103997;No altar que havia construído em Hebrom;0
1001056;103998;"Dois; chamou seus servos para recebê-los";0
1001057;103998;"Um; permaneceu sentado diante dele";0
1001058;103998;"Três; correu ao encontro deles e se prostrou em terra";1
1001059;103998;"Quatro; levou-os diretamente para a tenda";0
1001060;103999;Água para lavarem os pés e descanso debaixo da árvore;1
1001061;103999;Vinho para beberem e uma tenda para dormirem;0
1001062;103999;Óleo para se ungirem e roupas novas;0
1001063;103999;Um animal para cada um levar na viagem;0
1001064;104000;Uma oferta de cereais;0
1001065;104000;Um mingau;0
1001066;104000;Bolos de mel;0
1001067;104000;Pão;1
1001068;104001;O próprio Abraão;0
1001069;104001;Um empregado;1
1001070;104001;Sara;0
1001071;104001;Ismael;0
1001072;104002;"No campo; teria muitos servos";0
1001073;104002;"Junto ao poço; viajaria para Canaã";0
1001074;104002;"Na tenda; dali a um ano teria um filho";1
1001075;104002;"Na casa de Ló; seria mãe de doze príncipes";0
1001076;104003;Porque ela e Abraão já eram idosos;1
1001077;104003;Porque pensou que o visitante não conhecia Abraão;0
1001078;104003;Porque não queria mais ter filhos;0
1001079;104003;Porque acreditava que a promessa se referia a Agar;0
1001080;104004;Que Sara deveria viajar antes do nascimento;0
1001081;104004;Que Abraão precisaria oferecer um sacrifício;0
1001082;104004;Que o filho nasceria naquele mesmo dia;0
1001083;104004;Que nada é demasiadamente difícil para o SENHOR e que, no tempo determinado, Sara teria um filho;1
1001084;104005;Disse que ela seria castigada;0
1001085;104005;Afirmou que ela de fato havia rido;1
1001086;104005;Mandou que Abraão falasse com ela;0
1001087;104005;Não respondeu à sua negação;0
1001088;104006;Para que ele construísse uma grande cidade;0
1001089;104006;Para que se tornasse rei sobre Canaã naquele momento;0
1001090;104006;Para que orientasse seus filhos e sua casa a guardar o caminho do SENHOR, praticando justiça e juízo;1
1001091;104006;Para que reunisse exércitos contra Sodoma;0
1001092;104007;O clamor contra elas havia aumentado, e o pecado era gravíssimo;1
1001093;104007;As cidades estavam abandonadas;0
1001094;104007;Havia poucos habitantes e muita fome;0
1001095;104007;Os reis das cidades estavam em guerra;0
1001096;104008;Destruiria as cidades sem qualquer averiguação;0
1001097;104008;Enviaria Abraão para julgar os moradores;0
1001098;104008;Esperaria mais quarenta anos;0
1001099;104008;Desceria para verificar se as práticas correspondiam ao clamor que havia chegado até ele;1
1001100;104009;Se Ló seria feito rei de Sodoma;0
1001101;104009;Se o justo seria destruído juntamente com o ímpio;1
1001102;104009;Se Abraão deveria deixar Canaã;0
1001103;104009;Se a fome voltaria àquela região;0
1001104;104010;Dez;0
1001105;104010;Vinte;0
1001106;104010;Cinquenta;1
1001107;104010;Cem;0
1001108;104011;Quarenta e cinco, quarenta, trinta, vinte e dez;1
1001109;104011;Quarenta, trinta e cinco, trinta, quinze e cinco;0
1001110;104011;Quarenta e oito, quarenta, vinte e cinco, vinte e dez;0
1001111;104011;Quarenta e cinco, trinta e cinco, vinte e cinco, quinze e dez;0
1001112;104012;"Destruiria a cidade mesmo assim; Abraão permaneceu ali";0
1001113;104012;"Pouparia apenas os dez; Abraão seguiu para Sodoma";0
1001114;104012;"Adiaria o julgamento por um ano; Abraão voltou para Hebrom";0
1001115;104012;"Não destruiria a cidade por amor aos dez; depois o SENHOR se retirou e Abraão voltou para onde estava";1
1001116;104013;Ló;1
1001117;104013;Abraão;0
1001118;104013;O rei de Sodoma;0
1001119;104013;Um estrangeiro;0
1001120;104014;Um banquete e pães sem fermento;1
1001121;104014;Somente água e frutas;0
1001122;104014;Carne assada e vinho;0
1001123;104014;Leite e queijo;0
1001124;104015;Cercaram a casa e exigiram que Ló trouxesse os visitantes para fora;1
1001125;104015;Deixaram presentes na porta;0
1001126;104015;Convidaram Ló para uma reunião;0
1001127;104015;Mandaram os visitantes sair da cidade pela manhã;0
1001128;104016;Suas duas filhas;1
1001129;104016;Seus servos;0
1001130;104016;Seus genros;0
1001131;104016;Seus pastores;0
1001132;104017;Puxaram Ló para dentro, fecharam a porta e feriram os homens com cegueira;1
1001133;104017;Fugiram da casa pela janela;0
1001134;104017;Chamaram Abraão para socorrê-los;0
1001135;104017;Fizeram a cidade adormecer;0
1001136;104018;Porque o clamor contra a cidade havia aumentado diante do SENHOR, e eles tinham sido enviados para destruí-la;1
1001137;104018;Porque começaria uma grande fome;0
1001138;104018;Porque um exército se aproximava;0
1001139;104018;Porque Ló deveria voltar para Abraão;0
1001140;104019;Pensaram que ele estava brincando;1
1001141;104019;Saíram imediatamente com ele;0
1001142;104019;Foram avisar o rei;0
1001143;104019;Esconderam-se em outra casa;0
1001144;104020;Tomaram pela mão Ló, sua mulher e suas duas filhas e os tiraram da cidade;1
1001145;104020;Deixaram Ló para trás;0
1001146;104020;Permitiram que Ló permanecesse na cidade;0
1001147;104020;Chamaram Abraão para buscá-los;0
1001148;104021;Salvar a própria vida, não olhar para trás, não parar na campina e fugir para o monte;1
1001149;104021;Voltar para buscar seus bens;0
1001150;104021;Esperar a destruição terminar antes de partir;0
1001151;104021;Seguir diretamente para Hebrom;0
1001152;104022;Temia que a destruição o alcançasse antes de chegar ao monte;1
1001153;104022;Queria ficar perto de Sodoma para recuperar seus bens;0
1001154;104022;Pretendia encontrar seus genros;0
1001155;104022;Queria esperar Abraão chegar;0
1001156;104023;Zoar;1
1001157;104023;Betel;0
1001158;104023;Hebrom;0
1001159;104023;Gerar;0
1001160;104024;O SENHOR fez chover enxofre e fogo sobre as cidades e destruiu a campina;1
1001161;104024;Um terremoto derrubou apenas as muralhas;0
1001162;104024;As cidades foram abandonadas sem serem destruídas;0
1001163;104024;Uma enchente cobriu toda a região;0
1001164;104025;Transformou-se numa coluna de sal;1
1001165;104025;Voltou para Sodoma;0
1001166;104025;Ficou perdida no caminho;0
1001167;104025;Foi levada de volta pelos anjos;0
1001168;104026;Fumaça subindo da terra como fumaça de uma fornalha;1
1001169;104026;As cidades intactas e vazias;0
1001170;104026;Uma grande chuva sobre a campina;0
1001171;104026;Ló retornando para sua tenda;0
1001172;104027;De Abraão;1
1001173;104027;De Noé;0
1001174;104027;De Ismael;0
1001175;104027;De Melquisedeque;0
1001176;104028;Numa caverna na região montanhosa;1
1001177;104028;Em Hebrom, com Abraão;0
1001178;104028;No Egito;0
1001179;104028;Em Betel;0
1001180;104029;Deram vinho ao pai em noites sucessivas para obter descendência por meio dele;1
1001181;104029;Mandaram buscar maridos em Zoar;0
1001182;104029;Voltaram para Sodoma;0
1001183;104029;Pediram que Abraão lhes desse esposos;0
1001184;104030;Moabe, pai dos moabitas, e Ben-Ami, pai dos amonitas;1
1001185;104030;Edom, pai dos edomitas, e Amaleque, pai dos amalequitas;0
1001186;104030;Ismael, pai dos ismaelitas, e Midiã, pai dos midianitas;0
1001187;104030;Seir, pai dos horeus, e Canaã, pai dos cananeus;0
1001188;104031;Para Hebrom, junto aos carvalhais de Manre;0
1001189;104031;"Para o Neguebe; habitou entre Cades e Sur e morou em Gerar";1
1001190;104031;Para a planície do Jordão;0
1001191;104031;Para Berseba, onde permaneceu definitivamente;0
1001192;104032;Dizia que era sua prima, e Faraó mandou buscá-la;0
1001193;104032;Dizia que era sua serva, e Ficol mandou buscá-la;0
1001194;104032;Dizia que era sua irmã, e Abimeleque, rei de Gerar, mandou buscá-la;1
1001195;104032;Dizia que era viúva, e o rei de Sodoma mandou buscá-la;0
1001196;104033;Que seria castigado com a morte, porque Sara tinha marido;1
1001197;104033;Que perderia o reino, porque Sara era profetisa;0
1001198;104033;Que deveria abandonar Gerar imediatamente;0
1001199;104033;Que Abraão tomaria suas terras;0
1001200;104034;Porque Sara havia fugido de Abraão;0
1001201;104034;Porque seus servos haviam levado Sara sem sua ordem;0
1001202;104034;Porque ele conhecia a família de Abraão;0
1001203;104034;Porque Abraão dissera que Sara era sua irmã, e Sara também dissera que Abraão era seu irmão;1
1001204;104035;Mandou Abraão fugir durante a noite;0
1001205;104035;Impediu Abimeleque de tocar em Sara;1
1001206;104035;Enviou uma praga sobre Gerar;0
1001207;104035;Escondeu Sara na casa de Abraão;0
1001208;104036;Devolver Sara a Abraão, pois ele era profeta e intercederia por Abimeleque;1
1001209;104036;Enviar Abraão e Sara de volta para Ur;0
1001210;104036;Dar Sara a Abraão somente depois de sete dias;0
1001211;104036;Prender Abraão por ter ocultado o casamento;0
1001212;104037;Eles duvidaram do sonho;0
1001213;104037;Eles pediram que Sara permanecesse em Gerar;0
1001214;104037;Eles ficaram com muito medo;1
1001215;104037;Eles expulsaram Abraão imediatamente;0
1001216;104038;Por que Abraão não havia construído um altar em Gerar;0
1001217;104038;Por que Abraão trouxera tamanho pecado sobre Abimeleque e seu reino e o que o levara a agir assim;1
1001218;104038;Por que Abraão havia levado Ló consigo;0
1001219;104038;Por que Abraão se recusava a morar em Gerar;0
1001220;104039;Pensou que não havia temor de Deus naquele lugar e que o matariam por causa de Sara;1
1001221;104039;Queria receber presentes do rei;0
1001222;104039;Pretendia abandonar Sara em Gerar;0
1001223;104039;Tinha medo de que Sara voltasse para sua família;0
1001224;104040;Ela era sua prima por parte de mãe;0
1001225;104040;Ela era filha de seu irmão;0
1001226;104040;Ela era apenas sua esposa, sem parentesco;0
1001227;104040;Ela era sua irmã por parte de pai, mas não por parte de mãe, e tornou-se sua mulher;1
1001228;104041;Que Sara jamais falaria com reis estrangeiros;0
1001229;104041;Que, por onde fossem, Sara diria que Abraão era seu irmão;1
1001230;104041;Que sempre voltariam a Harã quando houvesse perigo;0
1001231;104041;Que esconderiam a origem da família;0
1001232;104042;Devolveu Sara, mas reteve todos os bens de Abraão;0
1001233;104042;Devolveu Sara e mandou Abraão partir sem nada;0
1001234;104042;Deu a Abraão ovelhas, bois, servos e servas, e lhe devolveu Sara;1
1001235;104042;Deu somente prata a Sara e expulsou Abraão;0
1001236;104043;Mandou que Abraão morasse somente em Gerar;0
1001237;104043;Disse que sua terra estava diante de Abraão e que ele poderia morar onde melhor lhe parecesse;1
1001238;104043;Ordenou que Abraão voltasse ao Neguebe;0
1001239;104043;Proibiu Abraão de permanecer em seu território;0
1001240;104044;Que aquilo serviria como compensação pelo que havia acontecido e que ela estava justificada diante de todos;1
1001241;104044;Que ela deveria deixar Abraão e ficar em Gerar;0
1001242;104044;Que o dinheiro era pagamento pela terra;0
1001243;104044;Que deveria devolvê-lo quando tivesse um filho;0
1001244;104045;Abimeleque tornou-se profeta;0
1001245;104045;Abraão recebeu novas terras;0
1001246;104045;Sara permaneceu em Gerar;0
1001247;104045;"Deus curou Abimeleque, sua mulher e suas servas, e elas puderam ter filhos; o SENHOR havia tornado estéreis as mulheres da casa de Abimeleque por causa de Sara";1
1001248;104046;Sara voltou para Harã;0
1001249;104046;Sara ficou grávida e deu à luz um filho a Abraão na velhice;1
1001250;104046;Abraão tomou outra mulher;0
1001251;104046;Ismael recebeu a herança;0
1001252;104047;Ismael;0
1001253;104047;Eliézer;0
1001254;104047;Isaque;1
1001255;104047;Israel;0
1001256;104048;Circuncidou Isaque;1
1001257;104048;Apresentou Isaque ao sacerdote;0
1001258;104048;Ofereceu um cordeiro por Isaque;0
1001259;104048;Deu um banquete;0
1001260;104049;Noventa anos;0
1001261;104049;Noventa e nove anos;0
1001262;104049;Cento e dez anos;0
1001263;104049;Cem anos;1
1001264;104050;Que Deus lhe havia dado motivo de riso e que os que ouvissem ririam com ela;1
1001265;104050;Que Isaque deveria ser levado ao Egito;0
1001266;104050;Que Abraão deveria enviar Ismael para longe imediatamente;0
1001267;104050;Que não voltaria a amamentar;0
1001268;104051;Plantou uma tamargueira;0
1001269;104051;Fez um grande banquete;1
1001270;104051;Foi até Abimeleque;0
1001271;104051;Construiu um altar;0
1001272;104052;"Servindo a Isaque; pediu que o recompensasse";0
1001273;104052;"Brincando sozinho; pediu que permanecesse em casa";0
1001274;104052;"Zombando de Isaque; pediu que mandasse embora a escrava e o filho dela";1
1001275;104052;"Fugindo de casa; pediu que o procurasse";0
1001276;104053;Porque perderia parte do rebanho;0
1001277;104053;Porque se tratava de seu filho;1
1001278;104053;Porque temia Abimeleque;0
1001279;104053;Porque Sara queria voltar para Harã;0
1001280;104054;Que ignorasse Sara e mantivesse os dois filhos juntos;0
1001281;104054;Que somente Ismael seria chamado descendência;0
1001282;104054;Que ouvisse Sara, porque por meio de Isaque seria chamada a descendência, e que também faria do filho da escrava uma grande nação;1
1001283;104054;Que enviasse Isaque para longe e ficasse com Ismael;0
1001284;104055;"Pão e um odre de água; ela saiu andando sem rumo pelo deserto de Berseba";1
1001285;104055;"Ouro e prata; ela voltou para Ur";0
1001286;104055;"Ovelhas e bois; ela foi para Gerar";0
1001287;104055;"Vinho e mantimento; ela foi para Hebrom";0
1001288;104056;Levou-o até Berseba para pedir ajuda;0
1001289;104056;Colocou-o debaixo de um arbusto e se afastou para não vê-lo morrer;1
1001290;104056;Deixou-o com uma caravana;0
1001291;104056;Voltou com ele para Abraão;0
1001292;104057;"Ouviu Abraão; faria de Isaque um rei";0
1001293;104057;"Ouviu Sara; daria outra casa a Agar";0
1001294;104057;"Ouviu o menino; faria dele um grande povo";1
1001295;104057;"Ouviu Abimeleque; daria a ele Berseba";0
1001296;104058;Um viajante lhe entregou um odre;0
1001297;104058;Deus abriu os olhos dela, ela viu um poço, encheu o odre e deu de beber ao menino;1
1001298;104058;Abraão mandou um servo com água;0
1001299;104058;Ismael cavou um poço sozinho;0
1001300;104059;"Deus estava com ele; cresceu, viveu no deserto, tornou-se flecheiro, morou em Parã e sua mãe lhe conseguiu uma mulher do Egito";1
1001301;104059;Voltou a morar com Abraão e tornou-se agricultor;0
1001302;104059;Foi morar em Sodoma e tornou-se comerciante;0
1001303;104059;Viveu em Canaã e nunca se casou;0
1001304;104060;"Que Deus estava com Abraão em tudo o que fazia; pediram que jurasse agir com lealdade para com eles e a terra";1
1001305;104060;"Que Abraão era mais rico; pediram metade dos rebanhos";0
1001306;104060;"Que Abraão havia tomado suas terras; pediram que partisse";0
1001307;104060;"Que Deus havia abandonado Abraão; pediram proteção";0
1001308;104061;Sobre um poço de água que os servos de Abimeleque haviam tomado à força;1
1001309;104061;Sobre o nascimento de Isaque;0
1001310;104061;Sobre a expulsão de Agar;0
1001311;104061;Sobre a posse de Hebrom;0
1001312;104062;"Doze carneiros; Betel";0
1001313;104062;"Sete cordeiras; Berseba";1
1001314;104062;"Dez cabras; Hebrom";0
1001315;104062;"Três novilhas; Gerar";0
1001316;104063;Construiu uma cidade e voltou para Canaã;0
1001317;104063;Plantou uma tamargueira, invocou o nome do SENHOR, o Deus Eterno, e morou por muito tempo na terra dos filisteus;1
1001318;104063;Ergueu uma torre e deixou a região;0
1001319;104063;Plantou uma vinha e foi para o Egito;0
1001320;104064;Pôs Abraão à prova;1
1001321;104064;Mandou Abraão voltar para Harã;0
1001322;104064;Deu a Abraão uma nova terra;0
1001323;104064;Ordenou que Abraão procurasse Naor;0
1001324;104065;À terra de Moriá, onde deveria oferecer Isaque em holocausto sobre um dos montes que Deus mostraria;1
1001325;104065;A Berseba, onde deveria construir um altar;0
1001326;104065;A Hebrom, onde deveria consagrar Isaque;0
1001327;104065;Ao Egito, onde deveria apresentar Isaque a Faraó;0
1001328;104066;Levantou-se de madrugada, preparou o jumento, levou dois servos e Isaque, rachou lenha e partiu;1
1001329;104066;Esperou sete dias antes de sair;0
1001330;104066;Foi sozinho para Moriá;0
1001331;104066;Chamou Abimeleque para acompanhá-lo;0
1001332;104067;No primeiro dia;0
1001333;104067;No segundo dia;0
1001334;104067;No terceiro dia;1
1001335;104067;No sétimo dia;0
1001336;104068;Que esperassem com o jumento enquanto ele e Isaque iriam adorar e depois voltariam;1
1001337;104068;Que retornassem imediatamente a Berseba;0
1001338;104068;Que fossem preparar outro altar;0
1001339;104068;Que seguissem todos juntos até o monte;0
1001340;104069;Um dos servos;0
1001341;104069;Isaque;1
1001342;104069;Abraão;0
1001343;104069;Um mensageiro;0
1001344;104070;Que os servos trariam o cordeiro;0
1001345;104070;Que já havia um animal no monte;0
1001346;104070;Que Deus proveria para si o cordeiro;1
1001347;104070;Que voltariam para buscar um cordeiro;0
1001348;104071;Edificou um altar, arrumou a lenha e colocou Isaque sobre o altar;1
1001349;104071;Construiu uma tenda e esperou;0
1001350;104071;Ofereceu primeiro um cordeiro;0
1001351;104071;Voltou para procurar os servos;0
1001352;104072;Porque agora estava demonstrado que Abraão temia a Deus e não lhe negara seu único filho;1
1001353;104072;Porque Isaque havia pedido para voltar;0
1001354;104072;Porque os servos chegaram ao monte;0
1001355;104072;Porque a viagem já havia terminado;0
1001356;104073;Um cordeiro junto ao altar;0
1001357;104073;Um carneiro preso pelos chifres entre os arbustos;1
1001358;104073;Uma pomba sobre uma árvore;0
1001359;104073;Um rebanho descendo do monte;0
1001360;104074;Levou-o para Berseba;0
1001361;104074;Entregou-o aos servos;0
1001362;104074;Ofereceu-o em holocausto em lugar de seu filho;1
1001363;104074;Deixou-o preso entre os arbustos;0
1001364;104075;Betel;0
1001365;104075;O SENHOR Proverá;1
1001366;104075;Peniel;0
1001367;104075;Beer-Laai-Roi;0
1001368;104076;Que seria pequena, mas poderosa;0
1001369;104076;Que permaneceria somente em Canaã;0
1001370;104076;Que seria multiplicada como as estrelas dos céus e a areia da praia;1
1001371;104076;Que teria apenas doze famílias;0
1001372;104077;As cidades dos seus inimigos;1
1001373;104077;Somente a cidade de Berseba;0
1001374;104077;As terras do Egito;0
1001375;104077;Os rebanhos de Naor;0
1001376;104078;Porque Abraão havia enriquecido;0
1001377;104078;Porque Abraão obedeceu à voz de Deus;1
1001378;104078;Porque Isaque era o filho mais velho;0
1001379;104078;Porque Abraão morava em Berseba;0
1001380;104079;Hebrom;0
1001381;104079;Gerar;0
1001382;104079;Berseba;1
1001383;104079;Moriá;0
1001384;104080;Sete filhos, e Raquel;0
1001385;104080;Oito filhos, e Rebeca, filha de Betuel;1
1001386;104080;Doze filhos, e Lia;0
1001387;104080;Quatro filhos, e Sara;0
1001388;104081;Cento e vinte anos, em Berseba;0
1001389;104081;Cento e vinte e sete anos, em Quiriate-Arba, que é Hebrom, na terra de Canaã;1
1001390;104081;Cento e trinta anos, em Gerar;0
1001391;104081;Cento e dezessete anos, em Siquém;0
1001392;104082;"Foi lamentá-la e chorar por ela; depois falou aos filhos de Hete";1
1001393;104082;Voltou imediatamente para Berseba;0
1001394;104082;Chamou Isaque e deixou a região;0
1001395;104082;Construiu um altar em Hebrom;0
1001396;104083;"Como rei de Canaã; pediu parte da cidade";0
1001397;104083;"Como sacerdote; pediu uma tenda";0
1001398;104083;"Como estrangeiro e morador entre eles; pediu adquirir uma sepultura para enterrar Sara";1
1001399;104083;"Como príncipe; pediu um campo para cultivo";0
1001400;104084;"Como um príncipe de Deus entre eles; ofereceram uma das melhores sepulturas";1
1001401;104084;"Como estrangeiro sem direitos; ofereceram apenas um empréstimo";0
1001402;104084;"Como comerciante rico; ofereceram prata";0
1001403;104084;"Como guerreiro; ofereceram terras para pastagem";0
1001404;104085;"De Abimeleque; o poço de Berseba";0
1001405;104085;"De Efrom, filho de Zoar; a caverna de Macpela, no extremo do campo dele";1
1001406;104085;"De Ló; um campo perto de Sodoma";0
1001407;104085;"De Isaque; a caverna de Hebrom";0
1001408;104086;Como presente, sem pagamento;0
1001409;104086;Como empréstimo temporário;0
1001410;104086;Pelo devido preço, como propriedade para sepultura;1
1001411;104086;Em troca de parte do seu rebanho;0
1001412;104087;Somente dos servos de Abraão;0
1001413;104087;Dos filhos de Hete que entravam pelo portão da cidade;1
1001414;104087;Apenas de Isaque;0
1001415;104087;Dos reis vizinhos;0
1001416;104088;Que os venderia por metade do preço;0
1001417;104088;Que os daria a Abraão na presença do seu povo;1
1001418;104088;Que ficariam reservados para sua família;0
1001419;104088;Que os trocaria por animais;0
1001420;104089;Pagar o preço do campo;1
1001421;104089;Levar apenas a caverna sem o campo;0
1001422;104089;Voltar para Berseba;0
1001423;104089;Pedir outra sepultura aos filhos de Hete;0
1001424;104090;Dois quilos de ouro;0
1001425;104090;Quatro quilos e meio de prata, segundo o peso usado entre os mercadores;1
1001426;104090;Quatro quilos e meio de ouro;0
1001427;104090;Dez quilos de prata;0
1001428;104091;Somente a caverna;0
1001429;104091;Somente o campo;0
1001430;104091;O campo de Efrom, a caverna, o arvoredo e o terreno ao redor, diante das testemunhas no portão da cidade;1
1001431;104091;Toda a cidade de Hebrom;0
1001432;104092;"Na caverna do campo de Macpela, em frente de Manre, que é Hebrom; como propriedade para servir de sepultura";1
1001433;104092;"Em Berseba; como herança para Isaque";0
1001434;104092;"Em Betel; como lugar de sacrifício";0
1001435;104092;"Em Gerar; como campo de cultivo";0
1001436;104093;"Era jovem e ainda sem muitos bens; o SENHOR lhe prometera riquezas";0
1001437;104093;Já era velho, de idade bem avançada, e o SENHOR o havia abençoado em tudo;1
1001438;104093;Estava doente e desejava voltar para Harã;0
1001439;104093;Era rei em Canaã e governava várias cidades;0
1001440;104094;Buscar uma esposa entre as filhas dos cananeus;0
1001441;104094;Levar Isaque ao Egito para encontrar esposa;0
1001442;104094;Buscar uma esposa para Isaque entre os parentes de Abraão;1
1001443;104094;Esperar que uma mulher viesse espontaneamente a Canaã;0
1001444;104095;Deveria levar Isaque de volta à terra dos parentes;0
1001445;104095;Ficaria desobrigado do juramento, mas não deveria levar Isaque para lá;1
1001446;104095;Deveria obrigar a mulher a acompanhá-lo;0
1001447;104095;Deveria procurar uma esposa em Canaã;0
1001448;104096;Enviaria seu anjo adiante dele;1
1001449;104096;Daria um sonho a Isaque;0
1001450;104096;Faria Naor viajar até Canaã;0
1001451;104096;Mandaria Abraão acompanhá-lo;0
1001452;104097;Levou cinco camelos e foi ao Egito;0
1001453;104097;Levou dez camelos e parte dos bens de Abraão, indo para a Mesopotâmia, à cidade onde Naor havia morrido;1
1001454;104097;Levou somente prata e foi a Hebrom;0
1001455;104097;Levou vinte jumentos e foi a Berseba;0
1001456;104098;Junto a um poço fora da cidade, no fim da tarde, quando as moças saíam para tirar água;1
1001457;104098;Dentro da cidade, ao meio-dia;0
1001458;104098;Perto de uma tenda, pela manhã;0
1001459;104098;Junto a um altar, durante a noite;0
1001460;104099;Que ela soubesse o nome de Abraão;0
1001461;104099;Que ela oferecesse água a ele e também aos camelos;1
1001462;104099;Que ela trouxesse ouro e prata;0
1001463;104099;Que ela fosse a primeira a chegar ao poço;0
1001464;104100;Raquel, filha de Labão;0
1001465;104100;Rebeca, filha de Betuel, neta de Milca e Naor;1
1001466;104100;Milca, irmã de Sara;0
1001467;104100;Uma filha de Abimeleque;0
1001468;104101;"Era muito bonita e virgem; deu água ao servo e tirou água também para todos os camelos";1
1001469;104101;"Era casada; ofereceu apenas água ao servo";0
1001470;104101;"Era pastora; levou o servo diretamente para casa";0
1001471;104101;"Era serva de Labão; recusou-se a falar com o estrangeiro";0
1001472;104102;Um pendente de ouro e duas pulseiras de ouro;1
1001473;104102;Uma túnica e sandálias;0
1001474;104102;Dez moedas de prata;0
1001475;104102;Um anel e um cajado;0
1001476;104103;Era filha de Betuel e havia em casa palha, muito pasto e lugar para passar a noite;1
1001477;104103;Era filha de Labão e não havia lugar para hóspedes;0
1001478;104103;Era filha de Naor e morava sozinha;0
1001479;104103;Era filha de Abraão e tinha uma tenda própria;0
1001480;104104;Porque o SENHOR o havia guiado à casa dos parentes de Abraão;1
1001481;104104;Porque Rebeca já havia aceitado casar-se;0
1001482;104104;Porque encontrou muitos bens;0
1001483;104104;Porque Labão lhe ofereceu hospedagem;0
1001484;104105;Betuel;0
1001485;104105;Naor;0
1001486;104105;Labão, irmão de Rebeca;1
1001487;104105;Isaque;0
1001488;104106;Dormir antes da viagem de volta;0
1001489;104106;Contar o motivo de sua missão;1
1001490;104106;Entregar todos os bens que levava;0
1001491;104106;Mandar buscar Isaque;0
1001492;104107;Disseram que o assunto procedia do SENHOR e consentiram que Rebeca fosse;1
1001493;104107;Recusaram a proposta e pediram mais presentes;0
1001494;104107;Mandaram o servo esperar um ano;0
1001495;104107;Disseram que somente Rebeca poderia decidir sem o consentimento deles;0
1001496;104108;Somente camelos a Labão;0
1001497;104108;Joias de ouro e prata e vestidos a Rebeca, além de ricos presentes ao irmão e à mãe dela;1
1001498;104108;Apenas moedas de prata a Betuel;0
1001499;104108;Terras e rebanhos a toda a família;0
1001500;104109;Que não iria;0
1001501;104109;Que iria somente depois de um ano;0
1001502;104109;Que queria ir com o servo;1
1001503;104109;Que Isaque deveria vir buscá-la;0
1001504;104110;Isaque a levou à tenda de Sara, tomou-a por mulher, amou-a e foi consolado depois da morte de sua mãe;1
1001505;104110;Rebeca voltou para sua família;0
1001506;104110;Isaque a enviou para Hebrom antes do casamento;0
1001507;104110;Os dois permaneceram separados por mais dez dias;0
1001508;104111;"Quetura; Zinrã, Jocsã, Medã, Midiã, Isbaque e Sua";1
1001509;104111;"Agar; Ismael, Midiã, Jocsã e Sua";0
1001510;104111;"Milca; Betuel, Labão e Rebeca";0
1001511;104111;"Rebeca; Esaú e Jacó";0
1001512;104112;Dividiu tudo igualmente entre todos;0
1001513;104112;"Deu tudo a Isaque; aos filhos das concubinas deu presentes e os enviou para a terra do Oriente";1
1001514;104112;Deu tudo a Ismael e apenas presentes a Isaque;0
1001515;104112;Deixou todos os bens para Quetura;0
1001516;104113;"Cento e cinquenta anos; morreu repentinamente";0
1001517;104113;"Cento e setenta e cinco anos; morreu após uma longa velhice e foi reunido ao seu povo";1
1001518;104113;"Cento e oitenta anos; morreu em guerra";0
1001519;104113;"Cento e vinte anos; morreu em Berseba";0
1001520;104114;"Isaque e Ismael; na caverna de Macpela, onde Sara também havia sido sepultada";1
1001521;104114;"Isaque e Esaú; em Berseba";0
1001522;104114;"Ismael e Jacó; em Hebrom";0
1001523;104114;"Somente Isaque; no monte Moriá";0
1001524;104115;Deus o abençoou, e ele morava perto de Beer-Laai-Roi;1
1001525;104115;Mudou-se para o Egito;0
1001526;104115;Voltou para Harã;0
1001527;104115;Foi morar em Sodoma;0
1001528;104116;Dez filhos, todos sacerdotes;0
1001529;104116;Doze filhos, doze príncipes de seus povos;1
1001530;104116;Oito filhos, todos reis;0
1001531;104116;Seis filhos, todos pastores;0
1001532;104117;"Cento e trinta e sete anos; desde Havilá até Sur, nas imediações do Egito, no caminho para a Assíria";1
1001533;104117;"Cento e vinte anos; somente em Parã";0
1001534;104117;"Cento e cinquenta anos; entre Hebrom e Berseba";0
1001535;104117;"Noventa e nove anos; no Egito";0
1001536;104118;"Trinta anos; filha de Labão";0
1001537;104118;"Quarenta anos; filha de Betuel, o arameu de Padã-Arã, e irmã de Labão";1
1001538;104118;"Sessenta anos; filha de Naor";0
1001539;104118;"Cinquenta anos; filha de Abimeleque";0
1001540;104119;"Porque ela estava doente; Deus a curou";0
1001541;104119;"Porque ela era estéril; o SENHOR ouviu as orações e ela ficou grávida";1
1001542;104119;"Porque ela queria voltar para sua família; Deus mandou que ficasse";0
1001543;104119;"Porque ela não tinha servos; Deus lhe deu muitos";0
1001544;104120;Foi consultar o SENHOR;1
1001545;104120;Chamou Abraão;0
1001546;104120;Voltou para Padã-Arã;0
1001547;104120;Pediu que Isaque procurasse um médico;0
1001548;104121;"Seriam dois povos; um seria mais forte que o outro, e o mais velho serviria ao mais moço";1
1001549;104121;Os dois formariam um único povo;0
1001550;104121;O mais novo serviria ao mais velho;0
1001551;104121;Os dois seriam reis do Egito;0
1001552;104122;"O primeiro era ruivo e revestido de pelo, chamado Esaú; o segundo segurava o calcanhar dele e foi chamado Jacó";1
1001553;104122;O primeiro era Jacó e o segundo Esaú;0
1001554;104122;Os dois nasceram iguais e receberam os nomes Ismael e Isaque;0
1001555;104122;O primeiro foi chamado Edom e o segundo Israel;0
1001556;104123;Quarenta anos;0
1001557;104123;Cinquenta anos;0
1001558;104123;Sessenta anos;1
1001559;104123;Setenta e cinco anos;0
1001560;104124;"Esaú era perito caçador e homem do campo; Jacó era homem pacato e morava em tendas";1
1001561;104124;Esaú era pastor e Jacó caçador;0
1001562;104124;Os dois eram agricultores;0
1001563;104124;Os dois viviam como caçadores;0
1001564;104125;Isaque amava Jacó, e Rebeca amava Esaú;0
1001565;104125;Isaque amava Esaú por causa de sua caça, e Rebeca amava Jacó;1
1001566;104125;Ambos preferiam Esaú;0
1001567;104125;Ambos preferiam Jacó;0
1001568;104126;"Pediu água; foi chamado Edom por causa do campo e manteve a primogenitura";0
1001569;104126;"Pediu do ensopado vermelho; por isso foi chamado Edom e vendeu, sob juramento, seu direito de primogenitura a Jacó em troca de pão e ensopado de lentilhas";1
1001570;104126;"Pediu carne; foi chamado Edom porque era caçador e deu a primogenitura de presente";0
1001571;104126;"Pediu vinho; foi chamado Edom por causa de sua roupa e perdeu a primogenitura numa disputa";0
1001572;104127;Foi a Gerar e se encontrou com Abimeleque, rei dos filisteus;1
1001573;104127;Foi ao Egito e se encontrou com Faraó;0
1001574;104127;Foi a Hebrom e se encontrou com Esaú;0
1001575;104127;Foi a Berseba e se encontrou com Labão;0
1001576;104128;Que descesse ao Egito e aguardasse ali;0
1001577;104128;"Que permanecesse na terra indicada por Deus; o SENHOR estaria com ele, o abençoaria e multiplicaria sua descendência";1
1001578;104128;Que voltasse para a Mesopotâmia;0
1001579;104128;Que deixasse Rebeca em Gerar e viajasse sozinho;0
1001580;104129;Abraão havia conquistado Canaã pela força;0
1001581;104129;Abraão havia construído muitos altares;0
1001582;104129;Abraão obedeceu à palavra de Deus e guardou seus mandamentos, preceitos, estatutos e leis;1
1001583;104129;Abraão havia enriquecido entre os filisteus;0
1001584;104130;Disse que ela era sua irmã, porque temia ser morto por causa da beleza dela;1
1001585;104130;Disse que ela era sua serva, porque queria protegê-la;0
1001586;104130;Disse que ela era sua prima, porque temia Abimeleque;0
1001587;104130;Disse que ela era sua mulher e pediu proteção ao rei;0
1001588;104131;Ouviu a confissão de um servo e mandou Isaque embora;0
1001589;104131;Viu Isaque demonstrando carinho por Rebeca e ordenou que ninguém tocasse no casal;1
1001590;104131;Rebeca contou a verdade e Abimeleque confiscou os bens de Isaque;0
1001591;104131;Viu os dois oferecendo sacrifícios e proibiu que saíssem de Gerar;0
1001592;104132;Colheu pouco e perdeu seus rebanhos;0
1001593;104132;Colheu cem por um, foi abençoado pelo SENHOR e se tornou muito rico;1
1001594;104132;Não conseguiu colher por causa da fome;0
1001595;104132;Abandonou a agricultura e viveu apenas dos poços;0
1001596;104133;"Porque invejavam sua prosperidade; Abimeleque pediu que Isaque saísse, pois havia se tornado poderoso demais";1
1001597;104133;"Porque os poços secaram; Abimeleque pediu que Isaque os reconstruísse";0
1001598;104133;"Porque havia guerra; Abimeleque pediu ajuda militar";0
1001599;104133;"Porque os poços pertenciam a Gerar; Abimeleque os tomou para si";0
1001600;104134;Foi para Hebrom e abandonou os poços;0
1001601;104134;Acampou no vale de Gerar, reabriu os poços e lhes deu os mesmos nomes usados por Abraão;1
1001602;104134;Foi para o Egito e cavou novos poços;0
1001603;104134;Foi para Berseba e vendeu os poços aos filisteus;0
1001604;104135;Reobote e Seba;0
1001605;104135;Eseque e Sitna;1
1001606;104135;Berseba e Gerar;0
1001607;104135;Laai-Roi e Manre;0
1001608;104136;"Reobote; reconheceu que o SENHOR havia aberto espaço para eles prosperarem na terra";1
1001609;104136;"Eseque; reconheceu que os filisteus tinham vencido";0
1001610;104136;"Sitna; reconheceu que deveria voltar ao Egito";0
1001611;104136;"Seba; reconheceu que havia feito uma aliança";0
1001612;104137;"Foi para Berseba; Deus afirmou que estava com ele, o abençoaria e multiplicaria sua descendência por amor de Abraão";1
1001613;104137;"Foi para Gerar; Deus mandou que voltasse ao Egito";0
1001614;104137;"Foi para Hebrom; Deus anunciou uma nova fome";0
1001615;104137;"Foi para Siquém; Deus mandou que procurasse Esaú";0
1001616;104138;Levantou um altar, invocou o nome do SENHOR, armou sua tenda e seus servos abriram um poço;1
1001617;104138;Construiu uma cidade e nomeou Abimeleque governador;0
1001618;104138;Fechou os poços e voltou para Gerar;0
1001619;104138;Fez apenas um banquete para seus servos;0
1001620;104139;"Abimeleque, Austate e Ficol; porque reconheceram claramente que o SENHOR estava com Isaque";1
1001621;104139;"Abimeleque, Labão e Esaú; porque queriam comprar seus rebanhos";0
1001622;104139;"Ficol e os pastores de Gerar; porque queriam tomar seus poços";0
1001623;104139;"Austate e os filhos de Hete; porque temiam uma guerra com o Egito";0
1001624;104140;Recusou e os expulsou;0
1001625;104140;"Preparou um banquete; depois juraram uns aos outros e se separaram em paz";1
1001626;104140;Exigiu prata antes de aceitar;0
1001627;104140;Mandou que primeiro devolvessem todos os poços;0
1001628;104141;"Disseram que o poço havia secado; ele o chamou Eseque";0
1001629;104141;"Disseram que tinham encontrado água; ele chamou o poço de Seba, relacionado ao nome Berseba";1
1001630;104141;"Disseram que os filisteus haviam voltado; ele chamou o poço Sitna";0
1001631;104141;"Disseram que encontraram ouro; ele chamou o lugar Reobote";0
1001632;104142;"Quarenta anos; Judite, filha de Beeri, e Basemate, filha de Elom; elas se tornaram amargura de espírito para Isaque e Rebeca";1
1001633;104142;"Trinta anos; Lia e Raquel; trouxeram alegria à família";0
1001634;104142;"Quarenta anos; Maalate e Rebeca; fortaleceram a aliança com os filisteus";0
1001635;104142;"Cinquenta anos; Ada e Zilá; fizeram Isaque voltar para Gerar";0
1001636;104143;Que tomasse suas armas, caçasse e preparasse uma comida saborosa para que ele comesse e o abençoasse;1
1001637;104143;Que fosse buscar Jacó para receber a bênção primeiro;0
1001638;104143;Que trouxesse dois cabritos do rebanho para um sacrifício;0
1001639;104143;Que viajasse até Harã para buscar uma esposa;0
1001640;104144;Ir ao rebanho e trazer dois bons cabritos para que ela preparasse a comida de que Isaque gostava;1
1001641;104144;Seguir Esaú até o campo e tomar sua caça;0
1001642;104144;Procurar Labão e pedir ajuda;0
1001643;104144;Esperar até que Isaque chamasse por ele;0
1001644;104145;Temia que Isaque o apalpasse, percebesse o engano e ele recebesse maldição em vez de bênção;1
1001645;104145;Temia que Esaú voltasse antes de a comida ficar pronta;0
1001646;104145;Temia que Rebeca revelasse o plano a Isaque;0
1001647;104145;Temia que os servos se recusassem a ajudá-lo;0
1001648;104146;Que a maldição caísse sobre ela e que Jacó apenas obedecesse ao que lhe havia mandado;1
1001649;104146;Que abandonariam o plano imediatamente;0
1001650;104146;Que Isaque não perceberia porque estava dormindo;0
1001651;104146;Que Esaú assumiria qualquer consequência;0
1001652;104147;Vestiu Jacó com as melhores roupas de Esaú e cobriu suas mãos e a parte lisa do pescoço com peles dos cabritos;1
1001653;104147;Cobriu Jacó com um manto de Isaque e colocou lã em seus braços;0
1001654;104147;Untou o corpo de Jacó com óleo e poeira do campo;0
1001655;104147;Vestiu Jacó com roupas de pastor e cobriu seu rosto;0
1001656;104148;Disse que era Esaú, o primogênito de Isaque;1
1001657;104148;Disse que era Jacó, enviado por Rebeca;0
1001658;104148;Disse que era um servo de Esaú;0
1001659;104148;Disse que era um caçador de Gerar;0
1001660;104149;Disse que o SENHOR, Deus de Isaque, havia feito a caça chegar até ele;1
1001661;104149;Disse que havia encontrado um animal preso junto a um poço;0
1001662;104149;Disse que Esaú havia deixado a caça preparada;0
1001663;104149;Disse que os servos de Isaque o haviam ajudado;0
1001664;104150;A voz parecia a de Jacó, mas as mãos pareciam as de Esaú;1
1001665;104150;A voz parecia a de Esaú, mas as mãos pareciam as de Jacó;0
1001666;104150;A voz e as mãos pareciam as de Esaú;0
1001667;104150;A voz e as mãos pareciam as de Jacó;0
1001668;104151;Porque as mãos de Jacó estavam peludas como as de Esaú;1
1001669;104151;Porque Jacó imitou perfeitamente a voz de Esaú;0
1001670;104151;Porque Rebeca estava presente e confirmou sua identidade;0
1001671;104151;Porque Esaú havia avisado que Jacó levaria a comida;0
1001672;104152;Orvalho dos céus, fertilidade da terra, abundância de cereal e vinho;1
1001673;104152;Ouro, prata, cidades e exércitos;0
1001674;104152;Poços, rebanhos, servos e camelos;0
1001675;104152;Montanhas, rios, árvores e fortalezas;0
1001676;104153;Seriam amaldiçoados os que o amaldiçoassem e abençoados os que o abençoassem;1
1001677;104153;Todos seriam igualmente abençoados;0
1001678;104153;Os que o amaldiçoassem seriam seus servos;0
1001679;104153;Somente seus parentes poderiam abençoá-lo;0
1001680;104154;Que Isaque se levantasse, comesse da caça e o abençoasse;1
1001681;104154;Que Isaque chamasse Jacó imediatamente;0
1001682;104154;Que Rebeca explicasse o que havia acontecido;0
1001683;104154;Que Isaque anulasse a primogenitura de Jacó;0
1001684;104155;Que Jacó já havia sido abençoado e permaneceria bendito;1
1001685;104155;Que a bênção seria anulada;0
1001686;104155;Que Esaú receberia exatamente a mesma bênção;0
1001687;104155;Que Rebeca decidiria quem ficaria com a bênção;0
1001688;104156;Clamou com grande e amargo grito e afirmou que Jacó já havia tomado sua primogenitura e agora sua bênção;1
1001689;104156;Permaneceu em silêncio e lembrou apenas da venda da primogenitura;0
1001690;104156;Agradeceu ao pai e decidiu dividir a bênção com Jacó;0
1001691;104156;Acusou Rebeca de ter tomado seus rebanhos e sua herança;0
1001692;104157;"Sua habitação estaria longe da fertilidade da terra e do orvalho; viveria pela espada e serviria ao irmão, embora viesse a romper o jugo";1
1001693;104157;Viveria na abundância da terra e nunca serviria a ninguém;0
1001694;104157;Seria sacerdote em Canaã e viveria em paz com Jacó;0
1001695;104157;Receberia as mesmas terras e a mesma posição dadas a Jacó;0
1001696;104158;Matar Jacó;1
1001697;104158;Expulsar Jacó de Canaã;0
1001698;104158;Tomar os rebanhos de Jacó;0
1001699;104158;Entregar Jacó a Abimeleque;0
1001700;104159;Para Harã, junto de Labão, irmão de Rebeca;1
1001701;104159;Para o Egito, junto de Faraó;0
1001702;104159;Para Gerar, junto de Abimeleque;0
1001703;104159;Para Berseba, junto dos servos de Isaque;0
1001704;104160;Disse estar desgostosa por causa das filhas de Hete e que, se Jacó tomasse uma mulher heteia, sua vida não teria sentido;1
1001705;104160;Disse que Jacó deveria se casar com uma filha de Abimeleque;0
1001706;104160;Disse que Esaú deveria escolher uma esposa para Jacó;0
1001707;104160;Disse que Jacó deveria permanecer solteiro para sempre;0
1001708;104161;Que não escolhesse esposa entre as filhas de Canaã;1
1001709;104161;Que não voltasse à terra de Canaã;0
1001710;104161;Que não falasse com Esaú;0
1001711;104161;Que permanecesse em Berseba;0
1001712;104162;Do Egito, entre as filhas de Ismael;0
1001713;104162;De Padã-Arã, entre as filhas de Labão, irmão de Rebeca;1
1001714;104162;De Hebrom, entre as filhas de Hete;0
1001715;104162;De Gerar, entre as filhas de Abimeleque;0
1001716;104163;Que o tornasse rei sobre Canaã;0
1001717;104163;Que lhe desse apenas muitas riquezas;0
1001718;104163;Que o abençoasse, o tornasse fecundo e o multiplicasse, fazendo dele uma multidão de povos;1
1001719;104163;Que o fizesse voltar imediatamente para casa;0
1001720;104164;Que possuíssem a terra das peregrinações, concedida por Deus a Abraão;1
1001721;104164;Que nunca precisassem sair de Padã-Arã;0
1001722;104164;Que governassem o Egito;0
1001723;104164;Que fossem poupados de toda dificuldade;0
1001724;104165;Despediu todas as suas mulheres;0
1001725;104165;Tomou também por mulher Maalate, filha de Ismael e irmã de Nebaiote;1
1001726;104165;Foi para Padã-Arã buscar uma filha de Labão;0
1001727;104165;Pediu que Jacó escolhesse uma esposa para ele;0
1001728;104166;De Hebrom para o Egito;0
1001729;104166;De Gerar para Berseba;0
1001730;104166;De Berseba para Harã;1
1001731;104166;De Betel para Padã-Arã;0
1001732;104167;"Porque o sol já havia se posto; usou uma das pedras do lugar";1
1001733;104167;"Porque estava chovendo; usou sua capa";0
1001734;104167;"Porque estava doente; usou uma bolsa";0
1001735;104167;"Porque aguardava Esaú; usou uma sela";0
1001736;104168;Uma cidade cercada por muralhas;0
1001737;104168;Uma escada posta na terra, com o topo atingindo o céu, e anjos de Deus subindo e descendo por ela;1
1001738;104168;Um altar em chamas;0
1001739;104168;Um exército vindo de Harã;0
1001740;104169;Como Deus de Abraão e de Isaque, prometendo dar a Jacó e à sua descendência a terra em que ele estava deitado;1
1001741;104169;Como Deus de Ismael, prometendo-lhe o Egito;0
1001742;104169;Como Deus de Labão, prometendo-lhe Padã-Arã;0
1001743;104169;Como Deus de Esaú, prometendo-lhe Seir;0
1001744;104170;Como as estrelas, somente ao norte;0
1001745;104170;Como a areia do mar, somente ao sul;0
1001746;104170;Como o pó da terra, espalhando-se para oeste, leste, norte e sul;1
1001747;104170;Como um pequeno povo concentrado em Betel;0
1001748;104171;Seriam dominadas por Jacó;0
1001749;104171;Seriam benditas em Jacó e em sua descendência;1
1001750;104171;Seriam expulsas da terra;0
1001751;104171;Seriam obrigadas a servi-lo;0
1001752;104172;Estaria com ele, o guardaria por onde fosse, o faria voltar àquela terra e não o abandonaria até cumprir o que havia prometido;1
1001753;104172;Mandaria anjos apenas durante a noite;0
1001754;104172;Daria riquezas e o deixaria em Harã;0
1001755;104172;Livraria Jacó somente de Esaú;0
1001756;104173;Que o lugar deveria ser abandonado;0
1001757;104173;Que o SENHOR estava naquele lugar sem que ele soubesse, e que ali era a casa de Deus e a porta dos céus;1
1001758;104173;Que deveria voltar imediatamente para Berseba;0
1001759;104173;Que havia visto apenas um sonho sem significado;0
1001760;104174;Enterrou-a junto ao caminho;0
1001761;104174;Quebrou-a em pedaços;0
1001762;104174;Pôs a pedra em pé como coluna e derramou azeite sobre ela;1
1001763;104174;Levou-a consigo para Harã;0
1001764;104175;"Betel; antes se chamava Luz";1
1001765;104175;"Peniel; antes se chamava Betel";0
1001766;104175;"Berseba; antes se chamava Harã";0
1001767;104175;"Siquém; antes se chamava Manre";0
1001768;104176;"Se Deus estivesse com ele, o guardasse, lhe desse pão e roupa e o fizesse voltar em paz à casa de seu pai, o SENHOR seria seu Deus; a coluna seria casa de Deus e ele daria o dízimo de tudo";1
1001769;104176;Se encontrasse esposa em Harã, voltaria para Esaú e entregaria metade dos bens;0
1001770;104176;Se enriquecesse, construiria uma cidade e ficaria em Padã-Arã;0
1001771;104176;Se não encontrasse Labão, voltaria para Berseba e abandonaria a viagem;0
1001772;104177;Um poço com três rebanhos de ovelhas deitados junto dele e uma grande pedra sobre a boca do poço;1
1001773;104177;Uma cidade murada com três portões;0
1001774;104177;Um altar cercado por rebanhos;0
1001775;104177;Uma tenda com três pastores;0
1001776;104178;"De Berseba; Lia";0
1001777;104178;"De Harã; Raquel, filha de Labão";1
1001778;104178;"De Betel; Rebeca";0
1001779;104178;"De Gerar; Bila";0
1001780;104179;Porque esperavam anoitecer;0
1001781;104179;Porque precisavam reunir todos os rebanhos e remover a pedra da boca do poço;1
1001782;104179;Porque o poço estava seco;0
1001783;104179;Porque aguardavam Labão;0
1001784;104180;Chamou os pastores para ajudá-lo;0
1001785;104180;Removeu a pedra da boca do poço e deu de beber ao rebanho de Labão;1
1001786;104180;Levou Raquel até a cidade sem falar com ela;0
1001787;104180;Ofereceu presentes a Raquel;0
1001788;104181;Beijou Raquel, chorou em voz alta e contou que era parente de seu pai e filho de Rebeca;1
1001789;104181;Pediu imediatamente Raquel em casamento;0
1001790;104181;Chamou Labão antes de falar com ela;0
1001791;104181;Voltou para junto dos pastores;0
1001792;104182;Mandou que ele esperasse fora da casa;0
1001793;104182;Correu ao seu encontro, abraçou-o, beijou-o e o levou para casa;1
1001794;104182;Pediu que ele trabalhasse primeiro por um mês;0
1001795;104182;Enviou Raquel para recebê-lo;0
1001796;104183;O salário pelo trabalho de Jacó;1
1001797;104183;A volta de Jacó para Canaã;0
1001798;104183;A divisão de seus rebanhos;0
1001799;104183;A compra de um campo;0
1001800;104184;"Lia e Raquel; Lia tinha olhos sem brilho, e Raquel era bonita e formosa";1
1001801;104184;"Raquel e Bila; Raquel tinha olhos sem brilho, e Bila era bonita";0
1001802;104184;"Lia e Zilpa; Lia era formosa, e Zilpa tinha olhos sem brilho";0
1001803;104184;"Raquel e Rebeca; ambas eram descritas da mesma forma";0
1001804;104185;Trabalhar sete anos por Raquel, a filha mais nova de Labão;1
1001805;104185;Dar metade de seus bens por Raquel;0
1001806;104185;Trabalhar três anos por Lia;0
1001807;104185;Entregar dez camelos por Raquel;0
1001808;104186;Porque Labão reduziu o período;0
1001809;104186;Porque Jacó amava muito Raquel;1
1001810;104186;Porque o trabalho era fácil;0
1001811;104186;Porque Raquel trabalhava com ele;0
1001812;104187;Reuniu os homens do lugar para um banquete e, à noite, entregou Lia a Jacó;1
1001813;104187;Entregou Raquel a Jacó sem festa;0
1001814;104187;Mandou Jacó voltar para Canaã;0
1001815;104187;Deu as duas filhas a Jacó na mesma noite;0
1001816;104188;Bila;0
1001817;104188;Zilpa;1
1001818;104188;Débora;0
1001819;104188;Agar;0
1001820;104189;Por que Labão o havia enganado, se ele havia trabalhado por Raquel;1
1001821;104189;Quando poderia voltar para Canaã;0
1001822;104189;Por que Raquel havia fugido;0
1001823;104189;Quanto ainda deveria pagar por Lia;0
1001824;104190;Naquela região não se costumava dar a filha mais nova antes da primogênita;1
1001825;104190;Raquel não queria casar com Jacó;0
1001826;104190;Lia havia sido prometida a Jacó desde o início;0
1001827;104190;Jacó não havia trabalhado tempo suficiente;0
1001828;104191;Completar a semana de festa de Lia e comprometer-se a trabalhar mais sete anos por Raquel;1
1001829;104191;Entregar metade dos rebanhos a Labão;0
1001830;104191;Voltar a Canaã e regressar depois de um ano;0
1001831;104191;Trabalhar apenas mais um mês;0
1001832;104192;"Zilpa; Jacó amava Lia mais que Raquel";0
1001833;104192;"Bila; Jacó amava Raquel mais que Lia";1
1001834;104192;"Débora; Jacó amava as duas igualmente";0
1001835;104192;"Agar; Jacó desprezava Raquel";0
1001836;104193;Fez Lia fecunda, enquanto Raquel era estéril;1
1001837;104193;Fez Raquel fecunda, enquanto Lia era estéril;0
1001838;104193;Deu filhos às duas no mesmo momento;0
1001839;104193;Mandou Jacó voltar para Canaã;0
1001840;104194;"Rúben, Simeão, Levi e Judá; Lia relacionou seus nascimentos à atenção do SENHOR à sua aflição, ao fato de ser desprezada, à esperança de maior união com o marido e ao louvor ao SENHOR";1
1001841;104194;"Dã, Naftali, Gade e Aser; Lia relacionou todos à prosperidade";0
1001842;104194;"José, Benjamim, Rúben e Levi; Lia relacionou todos à volta para Canaã";0
1001843;104194;"Esaú, Jacó, Judá e José; Lia relacionou todos à bênção de Isaque";0
1001844;104195;Teve ciúmes da irmã e pediu que Jacó lhe desse filhos, dizendo que, do contrário, morreria;1
1001845;104195;Alegrou-se com os filhos de Lia e pediu para adotá-los;0
1001846;104195;Pediu que Jacó a enviasse de volta para a casa de Labão;0
1001847;104195;Decidiu deixar Jacó imediatamente;0
1001848;104196;Que procuraria outra esposa;0
1001849;104196;Que não estava no lugar de Deus, que a havia impedido de ter filhos;1
1001850;104196;Que Labão resolveria o problema;0
1001851;104196;Que ela deveria esperar sete anos;0
1001852;104197;Entregou Bila a Jacó por mulher, para que tivesse filhos por meio dela;1
1001853;104197;Mandou Bila procurar outro marido;0
1001854;104197;Deu Zilpa a Jacó;0
1001855;104197;Pediu que Lia lhe entregasse um de seus filhos;0
1001856;104198;Naftali, porque havia vencido sua irmã;0
1001857;104198;Dã, porque Deus lhe fez justiça e ouviu sua voz;1
1001858;104198;Gade, porque teve boa sorte;0
1001859;104198;José, porque Deus tirou seu vexame;0
1001860;104199;Aser, à felicidade;0
1001861;104199;Issacar, à recompensa;0
1001862;104199;Naftali, às grandes lutas com sua irmã;1
1001863;104199;Zebulom, à excelente dádiva;0
1001864;104200;Entregou sua serva Zilpa a Jacó por mulher;1
1001865;104200;Mandou Raquel embora;0
1001866;104200;Pediu que Jacó voltasse para Canaã;0
1001867;104200;Entregou Diná a Raquel;0
1001868;104201;"Dã e Naftali; Lia falou de justiça e luta";0
1001869;104201;"Gade e Aser; Lia falou de boa fortuna e felicidade";1
1001870;104201;"Issacar e Zebulom; Lia falou de recompensa e honra";0
1001871;104201;"José e Benjamim; Lia falou de vexame e esperança";0
1001872;104202;Espigas de cevada;0
1001873;104202;Mandrágoras;1
1001874;104202;Figos;0
1001875;104202;Uvas;0
1001876;104203;Raquel entregaria suas joias em troca das mandrágoras;0
1001877;104203;Lia daria as mandrágoras sem pedir nada;0
1001878;104203;Raquel permitiria que Jacó passasse aquela noite com Lia em troca das mandrágoras;1
1001879;104203;Jacó escolheria qual delas ficaria com as mandrágoras;0
1001880;104204;"Issacar; disse que Deus lhe havia dado recompensa";1
1001881;104204;"Gade; disse que havia tido boa sorte";0
1001882;104204;"José; disse que Deus tirara seu vexame";0
1001883;104204;"Naftali; disse que vencera sua irmã";0
1001884;104205;"Levi; que Jacó se uniria mais a ela";0
1001885;104205;"Zebulom; que seu marido permanecesse com ela, pois lhe dera seis filhos";1
1001886;104205;"Judá; que o SENHOR fosse louvado";0
1001887;104205;"Aser; que as mulheres a chamassem feliz";0
1001888;104206;Tamar;0
1001889;104206;Raquel;0
1001890;104206;Diná;1
1001891;104206;Zilpa;0
1001892;104207;Ela teve José, declarou que Deus havia tirado seu vexame e pediu que o SENHOR lhe desse outro filho;1
1001893;104207;Ela teve Benjamim imediatamente;0
1001894;104207;Ela deixou de desejar filhos;0
1001895;104207;Ela voltou para a casa de Labão;0
1001896;104208;Que lhe desse mais sete anos de trabalho;0
1001897;104208;Que o deixasse voltar para sua terra com seus filhos e suas mulheres;1
1001898;104208;Que lhe entregasse todos os rebanhos;0
1001899;104208;Que Raquel permanecesse com Labão;0
1001900;104209;Porque precisava que Jacó governasse sua casa;0
1001901;104209;Porque, por meio de adivinhações, concluiu que o SENHOR o havia abençoado por causa de Jacó e se dispôs a pagar o salário que ele fixasse;1
1001902;104209;Porque queria que Jacó se casasse outra vez;0
1001903;104209;Porque temia que Esaú atacasse sua família;0
1001904;104210;Os rebanhos de Labão haviam diminuído;0
1001905;104210;Nada havia mudado;0
1001906;104210;O pouco que Labão tinha havia aumentado muito, e o SENHOR o havia abençoado por causa do trabalho de Jacó;1
1001907;104210;Labão havia perdido todos os seus servos;0
1001908;104211;Receber metade de todos os animais;0
1001909;104211;Receber somente os camelos;0
1001910;104211;Ficar com as ovelhas salpicadas e malhadas, os cordeiros negros e as cabras malhadas e salpicadas;1
1001911;104211;Receber um pagamento anual em prata;0
1001912;104212;Entregou imediatamente todos os animais separados a Jacó;0
1001913;104212;Separou os animais listrados, malhados, salpicados e pretos, colocou-os sob os cuidados de seus filhos e estabeleceu três dias de distância entre eles e Jacó;1
1001914;104212;Vendeu os rebanhos para os filhos;0
1001915;104212;Mandou Jacó voltar para Canaã;0
1001916;104213;Colocava galhos descascados diante dos animais e fazia isso especialmente quando os animais fortes se acasalavam, deixando os fracos para Labão e os fortes para si;1
1001917;104213;Misturava alimento especial na água;0
1001918;104213;Separava todos os animais antes de beberem;0
1001919;104213;Marcava os animais fortes com tinta;0
1001920;104214;Permaneceu pobre e dependente de Labão;0
1001921;104214;Ficou apenas com algumas ovelhas;0
1001922;104214;Tornou-se cada vez mais rico, com muitos rebanhos, servas, servos, camelos e jumentos;1
1001923;104214;Abandonou os rebanhos e voltou imediatamente para Canaã;0
1001924;104215;Que Jacó havia recebido toda a riqueza como herança de Isaque;0
1001925;104215;Que Jacó havia se apossado do que era de Labão e, a partir disso, formado sua riqueza;1
1001926;104215;Que Jacó havia enriquecido somente com presentes de Esaú;0
1001927;104215;Que Jacó havia comprado todos os rebanhos de Labão;0
1001928;104216;Percebeu que Labão estava mais favorável e recebeu ordem para permanecer ali;0
1001929;104216;Percebeu que os rebanhos diminuíam e recebeu ordem para ir ao Egito;0
1001930;104216;Percebeu que Labão já não lhe era favorável e recebeu ordem para voltar à terra de seus pais e à sua parentela;1
1001931;104216;Percebeu que Esaú se aproximava e recebeu ordem para fugir para o deserto;0
1001932;104217;Que Labão sempre havia sido justo e mantido o mesmo salário;0
1001933;104217;Que Labão o havia enganado e mudado seu salário dez vezes, mas Deus não permitira que o prejudicasse;1
1001934;104217;Que Labão lhe dera espontaneamente todos os rebanhos;0
1001935;104217;Que Deus havia ordenado que Jacó entregasse seus bens a Labão;0
1001936;104218;Como o Deus de Betel, lembrando a coluna ungida e o voto, e mandando Jacó sair daquela terra e voltar à terra de sua parentela;1
1001937;104218;Como o Deus de Harã, mandando Jacó permanecer com Labão;0
1001938;104218;Como o Deus de Esaú, mandando Jacó ir para Seir;0
1001939;104218;Como o Deus do Egito, mandando Jacó procurar alimento;0
1001940;104219;Disseram que ainda esperavam grande herança de Labão;0
1001941;104219;Recusaram-se a deixar a casa do pai;0
1001942;104219;Afirmaram que Labão as tratava como estrangeiras, havia consumido o que lhes era devido e disseram que Jacó deveria fazer o que Deus havia ordenado;1
1001943;104219;Pediram que Jacó aguardasse mais sete anos;0
1001944;104220;Para o Egito, onde havia alimento;0
1001945;104220;Para Seir, onde estava Esaú;0
1001946;104220;Para Canaã, onde estava Isaque, seu pai;1
1001947;104220;Para Betel, deixando sua família em Harã;0
1001948;104221;Raquel roubou os ídolos do lar de seu pai, e Jacó partiu sem revelar a Labão seus planos de fuga;1
1001949;104221;Lia voltou para a casa do pai;0
1001950;104221;Jacó entregou parte do rebanho a Labão;0
1001951;104221;Labão expulsou Jacó publicamente;0
1001952;104222;O Jordão, seguindo para Hebrom;0
1001953;104222;O Nilo, seguindo para o Egito;0
1001954;104222;O Eufrates, seguindo em direção aos montes de Gileade;1
1001955;104222;O Jaboque, seguindo para Seir;0
1001956;104223;Soube no mesmo dia e o alcançou após três dias;0
1001957;104223;Soube no terceiro dia e o perseguiu por sete dias de viagem, alcançando-o nos montes de Gileade;1
1001958;104223;Soube depois de sete dias e o alcançou em Betel;0
1001959;104223;Soube no segundo dia e o alcançou junto ao Eufrates;0
1001960;104224;Que obrigasse Jacó a voltar;0
1001961;104224;Que tomasse de volta todos os rebanhos;0
1001962;104224;Que não falasse a Jacó nem bem nem mal;1
1001963;104224;Que procurasse os ídolos e castigasse Raquel;0
1001964;104225;De ter partido às escondidas, levado suas filhas sem permitir despedida e roubado seus deuses;1
1001965;104225;De ter vendido os rebanhos a estrangeiros;0
1001966;104225;De ter destruído seus campos;0
1001967;104225;De ter levado Isaque para Canaã;0
1001968;104226;"Porque queria surpreender Esaú; prometeu devolver os deuses depois";0
1001969;104226;"Porque teve medo de que Labão lhe tomasse as filhas à força; disse que não viveria quem estivesse com aqueles deuses";1
1001970;104226;"Porque Deus proibira qualquer despedida; disse que Labão nunca os encontraria";0
1001971;104226;"Porque Raquel havia lhe contado do roubo; entregou-a a Labão";0
1001972;104227;Que Lia havia escondido os ídolos;0
1001973;104227;Que seus filhos haviam enterrado os ídolos;0
1001974;104227;Que Raquel havia roubado os ídolos do lar e os escondido na sela de um camelo;1
1001975;104227;Que Labão já sabia onde estavam os ídolos;0
1001976;104228;Dez anos pelas filhas e dez anos pelos rebanhos;0
1001977;104228;Sete anos por Raquel e treze anos pelos rebanhos;0
1001978;104228;Catorze anos pelas duas filhas e seis anos pelo rebanho, além de ter seu salário mudado dez vezes;1
1001979;104228;Vinte anos somente cuidando dos rebanhos;0
1001980;104229;Perdas constantes de crias e falta de alimento;0
1001981;104229;Calor durante o dia, frio durante a noite e perda de sono, além de assumir prejuízos do rebanho;1
1001982;104229;Doenças frequentes e ataques de cidades vizinhas;0
1001983;104229;Fome durante sete anos e falta de água;0
1001984;104230;Ao Deus de seu pai, o Deus de Abraão e o Temor de Isaque, que viu seu sofrimento e trabalho;1
1001985;104230;À habilidade dos seus servos;0
1001986;104230;À proteção dos filhos de Labão;0
1001987;104230;À riqueza que havia acumulado;0
1001988;104231;Dividiram todos os rebanhos ao meio;0
1001989;104231;Jacó levantou uma pedra como coluna, reuniram pedras num montão e fizeram daquele montão uma testemunha entre os dois;1
1001990;104231;Construíram um altar em Betel;0
1001991;104231;Trocaram seus servos como garantia;0
1001992;104232;Que Jacó deveria voltar todos os anos à casa de Labão;0
1001993;104232;Que os dois deveriam compartilhar os rebanhos;0
1001994;104232;Que Deus seria testemunha entre eles e que nenhum atravessaria aquele marco para fazer mal ao outro;1
1001995;104232;Que Labão passaria a morar em Canaã;0
1001996;104233;"Jacó ofereceu um sacrifício na montanha e fez uma refeição com os parentes; no dia seguinte, Labão beijou e abençoou suas filhas e netos e voltou para casa";1
1001997;104233;Labão levou Raquel e Lia de volta consigo;0
1001998;104233;Jacó entregou metade dos rebanhos e voltou a Harã;0
1001999;104233;Os dois seguiram juntos para Canaã;0
1002000;104234;Encontrou anjos de Deus e chamou o lugar de Maanaim;1
1002001;104234;Encontrou Esaú e chamou o lugar de Peniel;0
1002002;104234;Encontrou pastores e chamou o lugar de Betel;0
1002003;104234;Encontrou Labão novamente e chamou o lugar de Sucote;0
1002004;104235;À terra de Seir, no território de Edom;1
1002005;104235;À terra de Canaã, junto a Hebrom;0
1002006;104235;À região de Gileade;0
1002007;104235;Ao Egito;0
1002008;104236;Que havia morado com Labão e possuía bois, jumentos, rebanhos, servos e servas;1
1002009;104236;Que havia perdido todos os bens durante a viagem;0
1002010;104236;Que voltava acompanhado somente de sua família;0
1002011;104236;Que pretendia permanecer definitivamente em Seir;0
1002012;104237;Ficou com muito medo e angustiado;1
1002013;104237;Alegrou-se e saiu sozinho para recebê-lo;0
1002014;104237;Decidiu voltar imediatamente para Labão;0
1002015;104237;Preparou-se para atacar Esaú;0
1002016;104238;Dividiu pessoas, rebanhos e animais em dois grupos, pensando que, se um fosse atacado, o outro poderia escapar;1
1002017;104238;Colocou toda a família em um só grupo para protegê-la;0
1002018;104238;Mandou todos os servos à frente e voltou sozinho;0
1002019;104238;Separou apenas os camelos para oferecê-los a Esaú;0
1002020;104239;Disse que antes havia atravessado apenas com seu cajado e agora possuía dois grupos;1
1002021;104239;Disse que antes era rico e agora estava sem bens;0
1002022;104239;Disse que antes viajava com Esaú e agora estava sozinho;0
1002023;104239;Disse que antes tinha dois rebanhos e agora apenas um;0
1002024;104240;De Esaú, pois temia que o irmão atacasse a ele e sua família;1
1002025;104240;De Labão, pois temia ser levado de volta a Harã;0
1002026;104240;Dos homens de Seir, pois temia perder os rebanhos;0
1002027;104240;Dos próprios servos, pois temia uma revolta;0
1002028;104241;Duzentas cabras, vinte bodes, duzentas ovelhas e vinte carneiros;1
1002029;104241;Trinta camelas, quarenta vacas e dez touros;0
1002030;104241;Cem jumentas e cinquenta jumentinhos;0
1002031;104241;Mil peças de prata e dez mudas de roupa;0
1002032;104242;Que deixassem espaço entre um grupo e outro;1
1002033;104242;Que mantivessem todos os animais juntos;0
1002034;104242;Que soltassem os animais sem condutores;0
1002035;104242;Que separassem os grupos por um dia inteiro de viagem;0
1002036;104243;Que eram um presente de Jacó para Esaú e que Jacó vinha atrás deles;1
1002037;104243;Que pertenciam a Labão e seriam vendidos;0
1002038;104243;Que eram parte da herança de Isaque;0
1002039;104243;Que eram animais encontrados durante a viagem;0
1002040;104244;Esperava conquistar a boa vontade de Esaú antes de se apresentar a ele;1
1002041;104244;Pretendia pagar uma dívida feita com Labão;0
1002042;104244;Queria dividir sua herança com os servos;0
1002043;104244;Planejava comprar terras em Seir;0
1002044;104245;Suas duas mulheres, suas duas servas, seus onze filhos e tudo o que possuía;1
1002045;104245;Somente Raquel e José;0
1002046;104245;Apenas os servos e os rebanhos;0
1002047;104245;Esaú e seus quatrocentos homens;0
1002048;104246;Um homem lutou com ele até o amanhecer;1
1002049;104246;Ele recebeu outra visão de uma escada;0
1002050;104246;Esaú chegou e o abraçou;0
1002051;104246;Ele adormeceu junto ao rio;0
1002052;104247;Na articulação da coxa;1
1002053;104247;No ombro;0
1002054;104247;No braço;0
1002055;104247;No calcanhar;0
1002056;104248;Que não o deixaria ir sem receber uma bênção;1
1002057;104248;Que encerraria a luta se pudesse voltar para Harã;0
1002058;104248;Que queria saber primeiro onde estava Esaú;0
1002059;104248;Que deixaria a luta se recebesse seus rebanhos de volta;0
1002060;104249;Israel, porque havia lutado com Deus e com os homens e prevalecido;1
1002061;104249;Edom, porque havia vencido Esaú;0
1002062;104249;Peniel, porque havia atravessado o Jaboque;0
1002063;104249;Maanaim, porque havia encontrado anjos;0
1002064;104250;"Porque afirmou ter visto Deus face a face e ter sido preservado; depois passou a mancar por causa da coxa";1
1002065;104250;"Porque encontrou Esaú ali; depois passou a correr";0
1002066;104250;"Porque viu anjos em dois grupos; depois perdeu a visão";0
1002067;104250;"Porque recebeu muitos rebanhos; depois voltou montado em um camelo";0
1002068;104251;Pôs Raquel e José na frente, depois Lia e por último as servas;0
1002069;104251;Pôs as servas e seus filhos na frente, depois Lia e seus filhos, e por último Raquel e José;1
1002070;104251;Colocou todos os filhos juntos e as mulheres atrás;0
1002071;104251;Pôs os rebanhos na frente e toda a família atrás;0
1002072;104252;Prostrou-se em terra sete vezes até chegar perto de seu irmão;1
1002073;104252;Levantou as mãos e esperou Esaú se aproximar;0
1002074;104252;Mandou os servos falarem primeiro com Esaú;0
1002075;104252;Entregou imediatamente todos os presentes;0
1002076;104253;Ficou parado e não falou com ele;0
1002077;104253;Mandou os homens cercarem Jacó;0
1002078;104253;Correu ao encontro dele, abraçou-o, beijou-o, e os dois choraram;1
1002079;104253;Recebeu os presentes e voltou para Seir;0
1002080;104254;Que eram servos vindos de Padã-Arã;0
1002081;104254;Que eram os filhos que Deus, por sua graça, havia dado ao seu servo;1
1002082;104254;Que eram parentes de Labão;0
1002083;104254;Que eram filhos de Esaú que estavam com ele;0
1002084;104255;"Primeiro as servas e seus filhos, depois Lia e seus filhos, e por último José e Raquel; todos se prostraram";1
1002085;104255;Primeiro Raquel e José, depois Lia e por último as servas;0
1002086;104255;"Somente Jacó se prostrou; a família permaneceu afastada";0
1002087;104255;Todos se apresentaram ao mesmo tempo, sem se prostrar;0
1002088;104256;Eram parte de uma dívida antiga;0
1002089;104256;Seriam usados numa viagem para Seir;0
1002090;104256;Eram destinados a Labão;0
1002091;104256;Tinham o propósito de alcançar favor aos olhos de Esaú;1
1002092;104257;Disse que já tinha bastante e que Jacó ficasse com o que era seu;1
1002093;104257;Pediu metade de todos os rebanhos;0
1002094;104257;Aceitou imediatamente sem responder;0
1002095;104257;Disse que preferia receber apenas camelos;0
1002096;104258;Porque queria pagar pela primogenitura;0
1002097;104258;Porque precisava diminuir seus rebanhos;0
1002098;104258;Porque ter visto o rosto de Esaú foi como ver o rosto de Deus, já que Esaú o recebeu favoravelmente, e porque Deus havia sido bondoso com Jacó;1
1002099;104258;Porque Isaque havia ordenado que entregasse os bens ao irmão;0
1002100;104259;Porque ainda estava ferido da luta da noite anterior;0
1002101;104259;Porque as crianças eram frágeis e havia ovelhas e vacas com crias que não poderiam ser forçadas a caminhar depressa;1
1002102;104259;Porque pretendia permanecer vários dias no mesmo lugar;0
1002103;104259;Porque aguardava mensageiros de Labão;0
1002104;104260;Aceitou vinte homens como proteção;0
1002105;104260;Pediu que todos permanecessem com ele;0
1002106;104260;Disse que não era necessário, bastando encontrar favor aos olhos de Esaú;1
1002107;104260;Mandou que os homens cuidassem dos rebanhos;0
1002108;104261;Harã;0
1002109;104261;Seir;1
1002110;104261;Berseba;0
1002111;104261;Betel;0
1002112;104262;Foi para Sucote, construiu uma casa para si e fez cabanas para o gado;1
1002113;104262;Foi diretamente para Betel e levantou um altar;0
1002114;104262;Foi para Hebrom encontrar Isaque;0
1002115;104262;Foi para Seir acompanhar Esaú;0
1002116;104263;Em Berseba, no centro da cidade;0
1002117;104263;Em Betel, junto ao altar;0
1002118;104263;Na cidade de Siquém, na terra de Canaã, armando a tenda junto da cidade;1
1002119;104263;Em Hebrom, perto da caverna de Macpela;0
1002120;104264;De Esaú, por cinquenta peças de dinheiro;0
1002121;104264;Dos filhos de Hamor, pai de Siquém, por cem peças de dinheiro;1
1002122;104264;De Labão, por duzentas peças de prata;0
1002123;104264;Dos filhos de Hete, por quatrocentos siclos;0
1002124;104265;Peniel;0
1002125;104265;Betel;0
1002126;104265;O SENHOR Proverá;0
1002127;104265;Deus, o Deus de Israel;1
1002128;104266;Era filha de Raquel e saiu para procurar Jacó;0
1002129;104266;Era filha de Lia e saiu para ver as mulheres daquela terra;1
1002130;104266;Era filha de Zilpa e foi cuidar dos rebanhos;0
1002131;104266;Era filha de Bila e foi visitar Esaú;0
1002132;104267;Filho de Hamor, o heveu, príncipe daquela terra;1
1002133;104267;Filho de Esaú, chefe de Seir;0
1002134;104267;Servo de Labão, vindo de Harã;0
1002135;104267;Filho de Abimeleque, rei de Gerar;0
1002136;104268;Afastou-se dela e pediu que fosse devolvida a Jacó;0
1002137;104268;Apegou-se a ela, amou-a, falou-lhe com carinho e pediu a Hamor que a conseguisse por esposa;1
1002138;104268;Entregou-a aos seus servos e deixou a cidade;0
1002139;104268;Pediu a Hamor que expulsasse a família de Jacó;0
1002140;104269;Foi imediatamente à casa de Hamor;0
1002141;104269;Chamou todos os moradores da cidade;0
1002142;104269;Permaneceu calado até que seus filhos voltassem;1
1002143;104269;Mandou Diná de volta para Lia;0
1002144;104270;Ficaram indignados e muito irados, considerando o ato uma afronta que não deveria ter sido praticada;1
1002145;104270;Aceitaram imediatamente a proposta de casamento;0
1002146;104270;Temeram os homens da cidade e permaneceram em silêncio;0
1002147;104270;Pediram que Jacó deixasse aquela região;0
1002148;104271;Que entregassem Diná e deixassem a terra;0
1002149;104271;Que os dois povos se casassem entre si e que a família de Jacó habitasse, negociasse e adquirisse propriedades na terra;1
1002150;104271;Que Jacó entregasse seus rebanhos como dote;0
1002151;104271;Que apenas Siquém passasse a morar com Jacó;0
1002152;104272;Somente cem moedas de prata;0
1002153;104272;Metade dos rebanhos de seu pai;0
1002154;104272;O dote e o presente que lhe fossem pedidos;1
1002155;104272;Toda a cidade de Siquém;0
1002156;104273;Responderam com engano, por causa da desonra feita a Diná, exigindo que todos os homens fossem circuncidados;1
1002157;104273;Aceitaram sem impor qualquer condição;0
1002158;104273;Exigiram que Hamor deixasse a cidade;0
1002159;104273;Pediram somente um grande pagamento em prata;0
1002160;104274;Permaneceriam ali mesmo assim;0
1002161;104274;Tomariam Diná e iriam embora;1
1002162;104274;Entregariam Diná a Siquém sem casamento;0
1002163;104274;Pediriam ajuda a Esaú;0
1002164;104275;Recusou-se a cumpri-la;0
1002165;104275;Demorou muito tempo para decidir;0
1002166;104275;"Não tardou em cumpri-la, porque gostava de Diná; ele era o mais honrado da casa de seu pai";1
1002167;104275;Mandou Hamor negociar outra condição;0
1002168;104276;Disseram que a família de Jacó era pacífica, que poderiam conviver e casar entre si e que seus rebanhos e bens acabariam pertencendo a eles;1
1002169;104276;Afirmaram que Jacó os atacaria caso recusassem;0
1002170;104276;Prometeram dividir todos os bens de Hamor;0
1002171;104276;Disseram que Esaú estava chegando com um exército;0
1002172;104277;Rúben e Judá;0
1002173;104277;Dã e Naftali;0
1002174;104277;Simeão e Levi, irmãos de Diná;1
1002175;104277;Gade e Aser;0
1002176;104278;Devolveram todos os bens aos moradores;0
1002177;104278;Saquearam a cidade por causa da desonra de sua irmã, levando rebanhos, bens e o que havia nas casas;1
1002178;104278;Abandonaram imediatamente a região sem tocar em nada;0
1002179;104278;Entregaram os rebanhos a Hamor;0
1002180;104279;Porque temia que os cananeus e os ferezeus se reunissem contra sua pequena família e a destruíssem;1
1002181;104279;Porque eles haviam perdido os rebanhos da família;0
1002182;104279;Porque desejava permanecer para sempre na cidade;0
1002183;104279;Porque Hamor havia prometido protegê-los;0
1002184;104280;Disseram que haviam agido por riqueza;0
1002185;104280;Perguntaram se sua irmã deveria ter sido tratada daquela maneira;1
1002186;104280;Prometeram devolver tudo o que haviam tomado;0
1002187;104280;Pediram que Jacó os enviasse para Harã;0
1002188;104281;Ir para Berseba e permanecer ali;0
1002189;104281;Voltar para Siquém e fazer um acordo com os moradores;0
1002190;104281;Ir para Betel, habitar ali e fazer um altar ao Deus que lhe aparecera quando fugia de Esaú;1
1002191;104281;Seguir diretamente para Hebrom sem parar;0
1002192;104282;Que jogassem fora os deuses estranhos, se purificassem e trocassem de roupa;1
1002193;104282;Que vendessem todos os rebanhos;0
1002194;104282;Que construíssem um altar em Siquém;0
1002195;104282;Que jejuassem durante três dias;0
1002196;104283;Porque ali havia encontrado Esaú;0
1002197;104283;Porque Deus lhe respondera no dia de sua angústia e o acompanhara em seu caminho;1
1002198;104283;Porque ali estava sepultada Sara;0
1002199;104283;Porque Labão lhe havia dado aquela terra;0
1002200;104284;Debaixo do carvalho que está junto a Siquém;1
1002201;104284;Na caverna de Macpela;0
1002202;104284;Junto ao poço de Berseba;0
1002203;104284;No monte Gileade;0
1002204;104285;Os moradores se reuniram para atacá-los;0
1002205;104285;O terror de Deus caiu sobre elas, e não perseguiram os filhos de Jacó;1
1002206;104285;Os moradores abandonaram suas cidades;0
1002207;104285;Os reis fizeram aliança com Jacó;0
1002208;104286;Luz, chamada Betel, na terra de Canaã;1
1002209;104286;Peniel, chamada Maanaim;0
1002210;104286;Sucote, chamada Efrata;0
1002211;104286;Manre, chamada Berseba;0
1002212;104287;Peniel, porque ali viu Deus face a face;0
1002213;104287;El-Betel, porque ali Deus havia se revelado quando ele fugia de seu irmão;1
1002214;104287;Maanaim, porque ali viu dois acampamentos;0
1002215;104287;Efrata, porque ali nasceu Benjamim;0
1002216;104288;Raquel, esposa de Jacó;0
1002217;104288;Débora, ama de Rebeca;1
1002218;104288;Lia, esposa de Jacó;0
1002219;104288;Rebeca, mãe de Jacó;0
1002220;104289;Abraão;0
1002221;104289;Israel;1
1002222;104289;Edom;0
1002223;104289;Isaque;0
1002224;104290;"Como o Deus de Betel; prometeu apenas uma família";0
1002225;104290;"Como o Deus de Isaque; prometeu somente um rei";0
1002226;104290;"Como o Deus Todo-Poderoso; ordenou que fosse fecundo e se multiplicasse, dizendo que uma nação, uma multidão de nações e reis procederiam dele";1
1002227;104290;"Como o Deus de Seir; prometeu a terra de Esaú";0
1002228;104291;A terra dada a Abraão e Isaque também seria dada a Jacó e à sua descendência;1
1002229;104291;Somente Betel pertenceria à sua família;0
1002230;104291;Jacó receberia a terra do Egito;0
1002231;104291;A terra seria entregue apenas a José;0
1002232;104292;Construiu uma cidade e deu-lhe seu nome;0
1002233;104292;Levantou uma coluna de pedra, derramou sobre ela uma libação e azeite e chamou o lugar de Betel;1
1002234;104292;Cavou um poço e chamou-o Berseba;0
1002235;104292;Ergueu uma tenda e permaneceu ali para sempre;0
1002236;104293;Teve um parto muito difícil e morreu depois de dar à luz um filho;1
1002237;104293;Teve gêmeos e sobreviveu;0
1002238;104293;Ficou doente antes de dar à luz José;0
1002239;104293;Voltou para Betel antes do nascimento;0
1002240;104294;Raquel chamou-o José, e Jacó, Benoni;0
1002241;104294;Raquel chamou-o Benoni, e Jacó, Benjamim;1
1002242;104294;Raquel chamou-o Israel, e Jacó, José;0
1002243;104294;Raquel chamou-o Efraim, e Jacó, Benjamim;0
1002244;104295;"Em Hebrom; um altar";0
1002245;104295;"Em Betel; uma tenda";0
1002246;104295;"No caminho de Efrata, que é Belém; uma coluna";1
1002247;104295;"Em Siquém; um monte de pedras";0
1002248;104296;"Além da torre de Éder; Rúben teve relações com Bila, concubina de seu pai, e Israel ficou sabendo";1
1002249;104296;"Em Betel; Rúben construiu um altar";0
1002250;104296;"Em Seir; Rúben encontrou Esaú";0
1002251;104296;"Em Hebrom; Rúben recebeu a primogenitura";0
1002252;104297;Dez filhos, divididos apenas entre Lia e Raquel;0
1002253;104297;Doze filhos: os de Lia, os de Raquel, os de Bila e os de Zilpa;1
1002254;104297;Doze filhos, todos nascidos de Raquel e Lia;0
1002255;104297;Treze filhos, incluindo Diná na contagem dos filhos homens;0
1002256;104298;"Jacó chegou a Isaque em Manre, em Quiriate-Arba, que é Hebrom; Isaque morreu aos 180 anos, e Esaú e Jacó o sepultaram";1
1002257;104298;Isaque morreu em Betel aos 120 anos e foi sepultado somente por Jacó;0
1002258;104298;Isaque mudou-se para o Egito e morreu ali;0
1002259;104298;Esaú levou Isaque para Seir, onde ele morreu aos 175 anos;0
1002260;104299;Como Seir;0
1002261;104299;Como Edom;1
1002262;104299;Como Temã;0
1002263;104299;Como Moabe;0
1002264;104300;Ada, Oolibama e Basemate;1
1002265;104300;Lia, Raquel e Bila;0
1002266;104300;Ada, Zilpa e Maalate;0
1002267;104300;Basemate, Rebeca e Oolibama;0
1002268;104301;"Reuel; Elifaz; Jeús, Jalão e Corá";0
1002269;104301;"Elifaz; Reuel; Jeús, Jalão e Corá";1
1002270;104301;"Elifaz; Amaleque; Temã, Omar e Quenaz";0
1002271;104301;"Jeús; Jalão; Elifaz e Reuel";0
1002272;104302;Porque Jacó o expulsou de Canaã;0
1002273;104302;Porque Deus lhe ordenou que fosse ao Egito;0
1002274;104302;Porque os bens dos dois eram muitos, e a terra não podia sustentá-los juntos;1
1002275;104302;Porque Esaú queria abandonar seus rebanhos;0
1002276;104303;"No monte Seir; dos edomitas";1
1002277;104303;"Em Hebrom; dos moabitas";0
1002278;104303;"Em Betel; dos israelitas";0
1002279;104303;"Em Gileade; dos midianitas";0
1002280;104304;Filho de Reuel e Basemate;0
1002281;104304;Filho de Elifaz com Timna, sua concubina;1
1002282;104304;Filho de Oolibama e Esaú;0
1002283;104304;Filho de Seir, o horeu;0
1002284;104305;Como sacerdotes de Canaã;0
1002285;104305;Como chefes provenientes das famílias de Elifaz, Reuel e Oolibama;1
1002286;104305;Como reis de Israel;0
1002287;104305;Como servos dos horeus;0
1002288;104306;Os filhos de Seir, o horeu, entre eles Lotã, Sobal, Zibeão e Aná;1
1002289;104306;Os filhos de Ismael, entre eles Nebaiote e Quedar;0
1002290;104306;Os filhos de Jacó, entre eles Rúben e Simeão;0
1002291;104306;Os filhos de Quetura, entre eles Midiã e Jocsã;0
1002292;104307;Encontrou fontes termais no deserto enquanto apascentava os jumentos de seu pai;1
1002293;104307;Construiu a primeira cidade de Edom;0
1002294;104307;Derrotou os midianitas no campo de Moabe;0
1002295;104307;Foi o primeiro rei de Edom;0
1002296;104308;Que eles reinaram antes de haver rei sobre os filhos de Israel;1
1002297;104308;Que todos eram descendentes diretos de Jacó;0
1002298;104308;Que todos reinaram ao mesmo tempo;0
1002299;104308;Que nenhum deles possuía cidade própria;0
1002300;104309;Jobabe, de Bozra;0
1002301;104309;Belá, filho de Beor, cuja cidade era Dinabá;1
1002302;104309;Husão, da terra dos temanitas;0
1002303;104309;Hadade, cuja cidade era Avite;0
1002304;104310;Samlá, de Masreca;0
1002305;104310;Saul, de Reobote;0
1002306;104310;Hadade, filho de Bedade;1
1002307;104310;Baal-Hanã, filho de Acbor;0
1002308;104311;Samlá, Saul, Baal-Hanã e Hadar;1
1002309;104311;Jobabe, Husão, Samlá e Bela;0
1002310;104311;Saul, Bela, Jobabe e Hadade;0
1002311;104311;Baal-Hanã, Samlá, Husão e Hadar;0
1002312;104312;"Dez chefes; pai dos moabitas";0
1002313;104312;"Doze chefes; pai dos midianitas";0
1002314;104312;"Onze chefes; pai dos edomitas";1
1002315;104312;"Catorze chefes; pai dos horeus";0
1002316;104313;Quinze anos e escondia o que os irmãos faziam;0
1002317;104313;Dezessete anos e trazia más notícias dos irmãos a seu pai;1
1002318;104313;Vinte anos e administrava sozinho os rebanhos;0
1002319;104313;Doze anos e permanecia sempre em casa;0
1002320;104314;Rúben, Simeão, Levi e Judá;0
1002321;104314;Issacar, Zebulom, José e Benjamim;0
1002322;104314;Dã e Naftali, filhos de Bila, e Gade e Aser, filhos de Zilpa;1
1002323;104314;Efraim e Manassés;0
1002324;104315;"Porque José era o primogênito; deu-lhe o direito de herança";0
1002325;104315;"Porque José era o mais forte; deu-lhe um rebanho";0
1002326;104315;"Porque José cuidava melhor dos irmãos; deu-lhe um anel";0
1002327;104315;"Porque era filho de sua velhice; mandou fazer uma túnica talar de mangas compridas";1
1002328;104316;Odiaram-no e já não podiam falar com ele de forma pacífica;1
1002329;104316;Passaram a servi-lo;0
1002330;104316;Ignoraram a preferência do pai;0
1002331;104316;Pediram a Jacó uma túnica igual;0
1002332;104317;O feixe de José caiu, e os outros permaneceram em pé;0
1002333;104317;O feixe de José ficou em pé, e os feixes dos irmãos o rodearam e se inclinaram diante dele;1
1002334;104317;Todos os feixes se juntaram em um só;0
1002335;104317;Os feixes dos irmãos foram queimados;0
1002336;104318;Perguntaram se José pretendia reinar e dominar sobre eles, e o odiaram ainda mais;1
1002337;104318;Reconheceram imediatamente que o sonho vinha de Deus;0
1002338;104318;Decidiram levar José a Jacó;0
1002339;104318;Pediram que José explicasse o sonho;0
1002340;104319;Sete vacas e sete espigas se inclinavam diante dele;0
1002341;104319;Onze feixes cercavam uma estrela;0
1002342;104319;O sol, a lua e onze estrelas se inclinavam diante dele;1
1002343;104319;Doze estrelas caíam do céu;0
1002344;104320;Jacó o elogiou e os irmãos o apoiaram;0
1002345;104320;Jacó ignorou o sonho e os irmãos esqueceram o assunto;0
1002346;104320;Jacó mandou José parar de contar sonhos;0
1002347;104320;"Jacó o repreendeu; os irmãos tiveram inveja, mas o pai guardou aquilo no coração";1
1002348;104321;Ver se os irmãos e o rebanho estavam bem e trazer notícias;1
1002349;104321;Levar dinheiro aos irmãos;0
1002350;104321;Mandar os irmãos voltarem imediatamente;0
1002351;104321;Comprar novos animais em Siquém;0
1002352;104322;Hebrom;0
1002353;104322;Dotã;1
1002354;104322;Betel;0
1002355;104322;Berseba;0
1002356;104323;Mandá-lo de volta para casa;0
1002357;104323;Entregá-lo a Jacó;0
1002358;104323;Matá-lo, lançá-lo numa cisterna e dizer que um animal selvagem o havia devorado;1
1002359;104323;Levantar outro acampamento longe dele;0
1002360;104324;Sugeriu vendê-lo e dividir o dinheiro;0
1002361;104324;Pediu que o levassem a Esaú;0
1002362;104324;Mandou que o libertassem imediatamente;0
1002363;104324;Pediu que não tirassem sua vida e o lançassem numa cisterna, pretendendo depois livrá-lo e devolvê-lo ao pai;1
1002364;104325;Tiraram-lhe a túnica e o lançaram numa cisterna vazia, sem água;1
1002365;104325;Amarraram-no e o deixaram ao lado do rebanho;0
1002366;104325;Levaram-no diretamente aos mercadores;0
1002367;104325;Devolveram-no a Siquém;0
1002368;104326;Uma caravana egípcia carregada de trigo;0
1002369;104326;Uma caravana de ismaelitas vinda de Gileade, com especiarias, bálsamo e mirra a caminho do Egito;1
1002370;104326;Uma caravana edomita carregada de prata;0
1002371;104326;Uma caravana midianita levando gado para Canaã;0
1002372;104327;Entregá-lo a Jacó por dez moedas de prata;0
1002373;104327;Deixá-lo na cisterna sem pagamento;0
1002374;104327;"Vendê-lo aos ismaelitas; José foi vendido por vinte moedas de prata";1
1002375;104327;Vendê-lo aos egípcios por trinta moedas de prata;0
1002376;104328;Voltou para casa sem dizer nada;0
1002377;104328;Procurou José em Dotã;0
1002378;104328;Foi atrás dos mercadores;0
1002379;104328;Rasgou suas roupas e perguntou aos irmãos o que faria agora;1
1002380;104329;"Molharam a túnica de José no sangue de um bode e a enviaram ao pai; Jacó a reconheceu, lamentou por muitos dias e recusou ser consolado";1
1002381;104329;Disseram diretamente que tinham vendido José, e Jacó os expulsou;0
1002382;104329;Levaram um animal morto e disseram que era de José;0
1002383;104329;Afirmaram que José havia fugido, e Jacó foi procurá-lo;0
1002384;104330;Ao próprio Faraó;0
1002385;104330;A Potifar, oficial de Faraó e comandante da guarda;1
1002386;104330;Ao sacerdote de Om;0
1002387;104330;A um mercador de Gileade;0
1002388;104331;Com Hira, o adulamita;1
1002389;104331;Com Labão, o arameu;0
1002390;104331;Com Potifar, o egípcio;0
1002391;104331;Com Hamor, o heveu;0
1002392;104332;Er, Onã e Selá;1
1002393;104332;Perez, Zerá e Er;0
1002394;104332;Er, Selá e José;0
1002395;104332;Onã, Perez e Judá;0
1002396;104333;Era esposa de Selá, que morreu em Timna;0
1002397;104333;"Era esposa de Er, primogênito de Judá; Er era mau aos olhos do SENHOR, e o SENHOR fez com que morresse";1
1002398;104333;Era filha de Hira, e Er a abandonou;0
1002399;104333;Era irmã de Sua, e Er foi enviado ao Egito;0
1002400;104334;Cuidar apenas dos bens de Er;0
1002401;104334;Levá-la de volta à casa do pai;0
1002402;104334;Cumprir o dever de cunhado e dar descendência ao irmão falecido;1
1002403;104334;Entregar Tamar a Selá imediatamente;0
1002404;104335;Porque ele se recusava a dar descendência a seu irmão e fazia o que era mau aos olhos do SENHOR;1
1002405;104335;Porque abandonou a família e foi ao Egito;0
1002406;104335;Porque tomou os bens de Er;0
1002407;104335;Porque se recusou a trabalhar para Judá;0
1002408;104336;Que voltasse para a casa de seu pai e permanecesse viúva até Selá crescer;1
1002409;104336;Que se casasse imediatamente com outro homem;0
1002410;104336;Que permanecesse na casa de Judá;0
1002411;104336;Que fosse morar em Timna;0
1002412;104337;Para Siquém, comprar gado;0
1002413;104337;Para Timna, onde estavam tosquiando suas ovelhas;1
1002414;104337;Para Betel, oferecer sacrifício;0
1002415;104337;Para o Egito, buscar alimento;0
1002416;104338;Porque queria voltar para a casa de seu pai;0
1002417;104338;Porque Selá já havia crescido, mas ela percebeu que não lhe havia sido dado por marido;1
1002418;104338;Porque desejava acompanhar Judá até Timna;0
1002419;104338;Porque Hira havia pedido que ela esperasse naquele lugar;0
1002420;104339;Um cabrito do rebanho;1
1002421;104339;Dez moedas de prata;0
1002422;104339;Uma ovelha e um cordeiro;0
1002423;104339;Um manto novo;0
1002424;104340;Seu selo, seu cordão e seu cajado;1
1002425;104340;Seu manto, suas sandálias e sua espada;0
1002426;104340;Seu anel, sua bolsa e seu cinto;0
1002427;104340;Seu cajado, sua túnica e sua bolsa;0
1002428;104341;Que ela havia partido para Timna;0
1002429;104341;Que não havia estado ali nenhuma prostituta cultual;1
1002430;104341;Que ela morava na casa de Sua;0
1002431;104341;Que Judá deveria procurá-la em Quezibe;0
1002432;104342;Que fosse levada para fora para ser queimada;1
1002433;104342;Que voltasse para a casa do pai;0
1002434;104342;Que fosse entregue a Selá;0
1002435;104342;Que deixasse Canaã;0
1002436;104343;"Mostrou uma carta de Hira; Judá negou tudo";0
1002437;104343;"Apresentou o selo, o cordão e o cajado; Judá reconheceu os objetos e declarou que ela era mais justa do que ele, porque não a havia dado a Selá";1
1002438;104343;"Chamou Selá como testemunha; Judá aceitou sua palavra";0
1002439;104343;"Apresentou moedas de prata; Judá pediu perdão a Hira";0
1002440;104344;Judá a tomou por esposa;0
1002441;104344;Judá a enviou para o Egito;0
1002442;104344;Judá nunca mais teve relações com ela;1
1002443;104344;Judá entregou-a a Selá;0
1002444;104345;"O primeiro a nascer foi Perez; depois nasceu Zerá, que tinha um fio vermelho amarrado à mão";1
1002445;104345;O primeiro a nascer foi Zerá, seguido de Selá;0
1002446;104345;Os dois receberam o nome de Perez;0
1002447;104345;O primeiro a nascer foi Er, seguido de Onã;0
1002448;104346;Potifar, oficial de Faraó e comandante da guarda;1
1002449;104346;O próprio Faraó;0
1002450;104346;Um sacerdote de Om;0
1002451;104346;Um mercador de Gileade;0
1002452;104347;José permaneceu escondido dos demais servos;0
1002453;104347;O SENHOR estava com José, fazia-o prosperar, e Potifar percebeu isso;1
1002454;104347;José foi libertado imediatamente;0
1002455;104347;José passou a trabalhar fora da casa;0
1002456;104348;Colocou-o como mordomo de sua casa e entregou às suas mãos tudo o que possuía;1
1002457;104348;Mandou-o administrar somente os rebanhos;0
1002458;104348;Nomeou-o comandante dos guardas;0
1002459;104348;Enviou-o ao palácio de Faraó;0
1002460;104349;Os bens de Potifar diminuíram;0
1002461;104349;A bênção do SENHOR veio sobre tudo o que Potifar tinha, tanto em casa como no campo;1
1002462;104349;Apenas os rebanhos foram abençoados;0
1002463;104349;Potifar deixou de possuir terras;0
1002464;104350;Somente com o pão que comia;1
1002465;104350;Com a contagem dos rebanhos;0
1002466;104350;Com o pagamento dos servos;0
1002467;104350;Com os negócios no campo;0
1002468;104351;Como forte e experiente em guerra;0
1002469;104351;Como sábio e idoso;0
1002470;104351;Como tendo belo porte e boa aparência;1
1002471;104351;Como escriba da casa de Potifar;0
1002472;104352;Aceitou, mas pediu segredo;0
1002473;104352;Recusou e afirmou que seria grande maldade e pecado contra Deus;1
1002474;104352;Pediu autorização a Potifar;0
1002475;104352;Saiu da casa sem explicar sua decisão;0
1002476;104353;Potifar havia confiado tudo às suas mãos e nada lhe negara, exceto a própria esposa;1
1002477;104353;José pretendia voltar imediatamente para Canaã;0
1002478;104353;Ele tinha medo dos demais servos;0
1002479;104353;Faraó havia proibido seus servos de se casar;0
1002480;104354;Dava atenção, mas recusava a proposta;0
1002481;104354;Não lhe dava ouvidos e evitava ficar perto dela;1
1002482;104354;Pedia que outro servo falasse com ela;0
1002483;104354;Saía da casa todos os dias;0
1002484;104355;A mulher de Potifar segurou sua roupa, e José fugiu para fora, deixando a roupa nas mãos dela;1
1002485;104355;Potifar voltou inesperadamente e chamou José;0
1002486;104355;José encontrou a casa vazia e foi embora;0
1002487;104355;Os guardas entraram e prenderam José;0
1002488;104356;Escondeu a roupa e não contou a ninguém;0
1002489;104356;Usou a roupa como parte de uma falsa acusação contra José, primeiro diante dos homens da casa e depois diante do marido;1
1002490;104356;Entregou a roupa a José no dia seguinte;0
1002491;104356;Disse a Potifar que José havia fugido do Egito;0
1002492;104357;Mandou José de volta a Canaã;0
1002493;104357;Vendeu José a outro egípcio;0
1002494;104357;Ficou irado e colocou José na prisão onde ficavam os presos do rei;1
1002495;104357;Entregou José diretamente a Faraó;0
1002496;104358;Libertou-o naquela mesma noite;0
1002497;104358;Esteve com ele, mostrou-lhe bondade e fez com que encontrasse favor diante do carcereiro;1
1002498;104358;Deu-lhe riquezas dentro da prisão;0
1002499;104358;Mandou Potifar retirar a acusação;0
1002500;104359;Encarregou-o de todos os presos e de tudo o que era feito na prisão;1
1002501;104359;Mandou-o cuidar apenas da alimentação;0
1002502;104359;Colocou-o como guarda do portão;0
1002503;104359;Enviou-o para trabalhar fora da prisão;0
1002504;104360;Porque Potifar continuava supervisionando José;0
1002505;104360;Porque os outros presos faziam todo o trabalho;0
1002506;104360;Porque o SENHOR estava com José e fazia prosperar tudo o que ele fazia;1
1002507;104360;Porque Faraó havia dado ordens especiais;0
1002508;104361;O copeiro-chefe e o padeiro-chefe;1
1002509;104361;O comandante da guarda e o tesoureiro;0
1002510;104361;O chefe dos escribas e o copeiro-chefe;0
1002511;104361;O padeiro-chefe e o sacerdote de Om;0
1002512;104362;No palácio de Faraó;0
1002513;104362;Na casa do comandante da guarda, no cárcere onde José estava;1
1002514;104362;Em uma prisão fora do Egito;0
1002515;104362;Na casa do chefe dos padeiros;0
1002516;104363;Interpretar imediatamente os sonhos deles;0
1002517;104363;Levantar um processo contra eles;0
1002518;104363;Cuidar deles e servi-los;1
1002519;104363;Levá-los diante de Faraó;0
1002520;104364;Algum tempo;1
1002521;104364;Exatamente trinta dias;0
1002522;104364;Sete anos;0
1002523;104364;Um ano inteiro;0
1002524;104365;Receberam a notícia de que seriam libertados;0
1002525;104365;Cada um teve um sonho com seu próprio significado;1
1002526;104365;Foram chamados por Faraó;0
1002527;104365;Discutiram entre si sobre José;0
1002528;104366;Percebeu que estavam preocupados e perguntou por que estavam com a cara triste;1
1002529;104366;Percebeu que estavam alegres e perguntou se seriam libertados;0
1002530;104366;Percebeu que estavam doentes e chamou o carcereiro;0
1002531;104366;Percebeu que estavam discutindo e pediu silêncio;0
1002532;104367;Que somente Faraó poderia interpretá-los;0
1002533;104367;Que ele havia aprendido a interpretar com os egípcios;0
1002534;104367;Que as interpretações pertencem a Deus e pediu que lhe contassem os sonhos;1
1002535;104367;Que deveriam esperar outro sonho;0
1002536;104368;Os ramos secaram antes de produzir fruto;0
1002537;104368;Ela brotou, floresceu e produziu cachos de uvas maduras, que foram espremidas no copo de Faraó;1
1002538;104368;Foi cortada e levada ao palácio;0
1002539;104368;Produziu apenas folhas, sem uvas;0
1002540;104369;"Três anos; seria enviado para outra terra";0
1002541;104369;"Três meses; permaneceria preso";0
1002542;104369;"Três dias; Faraó o reabilitaria e o reintegraria em seu cargo";1
1002543;104369;"Três semanas; seria promovido a comandante";0
1002544;104370;Que lhe enviasse dinheiro;0
1002545;104370;Que se lembrasse dele, fosse bondoso e falasse a seu respeito com Faraó para tirá-lo da prisão;1
1002546;104370;Que levasse uma mensagem a Jacó;0
1002547;104370;Que pedisse a Faraó para torná-lo copeiro;0
1002548;104371;Que havia fugido voluntariamente da terra dos hebreus;0
1002549;104371;Que havia sido roubado da terra dos hebreus e não fizera nada que justificasse estar naquela masmorra;1
1002550;104371;Que havia sido preso por ordem de seu pai;0
1002551;104371;Que pretendia permanecer no Egito para sempre;0
1002552;104372;"Três cestos de pão branco; no cesto mais alto havia alimentos preparados para Faraó";1
1002553;104372;Três vasos de vinho;0
1002554;104372;Três sacos de trigo;0
1002555;104372;Três bandejas de frutas;0
1002556;104373;Três anos, ao fim dos quais seria governador;0
1002557;104373;Três meses, ao fim dos quais voltaria ao trabalho;0
1002558;104373;Três dias, ao fim dos quais Faraó o condenaria;1
1002559;104373;Três semanas, ao fim das quais seria libertado;0
1002560;104374;Faraó deu um banquete, reintegrou o copeiro-chefe em seu cargo e condenou o padeiro-chefe, conforme José havia interpretado;1
1002561;104374;Faraó libertou os dois oficiais;0
1002562;104374;Faraó mandou José deixar o Egito;0
1002563;104374;Faraó esqueceu completamente os dois oficiais;0
1002564;104375;Falou imediatamente com Faraó sobre José;0
1002565;104375;Voltou à prisão para agradecer a José;0
1002566;104375;Enviou presentes para José;0
1002567;104375;"Não se lembrou de José; esqueceu-se dele";1
1002568;104376;Depois de dois anos completos;1
1002569;104376;Depois de sete anos;0
1002570;104376;Depois de quarenta dias;0
1002571;104376;Depois de três meses;0
1002572;104377;Sete espigas boas e sete espigas mirradas;0
1002573;104377;Sete vacas de boa aparência e gordas, seguidas por sete vacas feias e magras;1
1002574;104377;Sete carneiros fortes e sete fracos;0
1002575;104377;Sete cavalos brancos e sete escuros;0
1002576;104378;Fugiram para o deserto;0
1002577;104378;Deitaram-se junto às outras;0
1002578;104378;Engoliram as sete vacas gordas;1
1002579;104378;Foram levadas pela correnteza;0
1002580;104379;Sete espigas cheias e boas foram devoradas por sete espigas mirradas e queimadas pelo vento leste;1
1002581;104379;Sete espigas secaram antes de amadurecer;0
1002582;104379;Sete espigas foram colhidas por servos;0
1002583;104379;Sete espigas se transformaram em trigo armazenado;0
1002584;104380;Todos concordaram com uma interpretação;0
1002585;104380;Ninguém foi capaz de dar a interpretação;1
1002586;104380;Somente o copeiro-chefe interpretou;0
1002587;104380;Faraó decidiu ignorar os sonhos;0
1002588;104381;O padeiro-chefe;0
1002589;104381;Potifar;0
1002590;104381;O copeiro-chefe;1
1002591;104381;O comandante da guarda;0
1002592;104382;Barbeou-se e mudou de roupa;1
1002593;104382;Tomou banho no Nilo e jejuou;0
1002594;104382;Vestiu roupas sacerdotais;0
1002595;104382;Foi primeiro à casa de Potifar;0
1002596;104383;Que aprendera com os sábios do Egito;0
1002597;104383;Que a interpretação não estava nele, mas Deus daria resposta favorável a Faraó;1
1002598;104383;Que precisava consultar os sacerdotes;0
1002599;104383;Que só interpretaria depois de receber uma recompensa;0
1002600;104384;Eram sonhos sem relação entre si;0
1002601;104384;Um tratava do passado e outro do futuro;0
1002602;104384;Os dois tinham o mesmo significado e mostravam o que Deus faria;1
1002603;104384;Somente o sonho das vacas tinha significado;0
1002604;104385;Sete anos de grande abundância em toda a terra do Egito;1
1002605;104385;Sete reis que governariam o Egito;0
1002606;104385;Sete meses de colheita;0
1002607;104385;Sete anos de guerra;0
1002608;104386;Sete anos de seca sem fome;0
1002609;104386;Sete anos de fome tão grave que fariam esquecer a abundância anterior;1
1002610;104386;Sete meses de pragas;0
1002611;104386;Sete anos de conflitos com Canaã;0
1002612;104387;Porque Faraó não havia entendido o primeiro sonho;0
1002613;104387;Porque os magos precisavam ouvir dois relatos;0
1002614;104387;Porque a coisa estava estabelecida por Deus, e Deus se apressava em fazê-la;1
1002615;104387;Porque haveria duas fomes diferentes;0
1002616;104388;Escolher um homem ajuizado e sábio, nomear administradores, recolher a quinta parte da produção e armazenar cereal para os anos de fome;1
1002617;104388;Vender toda a produção aos países vizinhos;0
1002618;104388;Guardar metade dos rebanhos no palácio;0
1002619;104388;Suspender o cultivo até a chegada da fome;0
1002620;104389;Porque José era egípcio de nascimento;0
1002621;104389;Porque reconheceu nele o Espírito de Deus e afirmou que ninguém era tão entendido e sábio;1
1002622;104389;Porque José havia servido no palácio desde criança;0
1002623;104389;Porque Potifar o indicou como sucessor;0
1002624;104390;Uma espada, um escudo e uma coroa;0
1002625;104390;Somente um novo manto;0
1002626;104390;Seu anel, roupas de linho fino, um colar de ouro e o segundo carro;1
1002627;104390;As chaves do palácio e uma carruagem de guerra;0
1002628;104391;"Zafenate-Paneia; Asenate, filha de Potífera, sacerdote de Om";1
1002629;104391;"Manassés; filha de Potifar";0
1002630;104391;"Efraim; filha do copeiro-chefe";0
1002631;104391;"Israel; filha de Faraó";0
1002632;104392;Vinte anos;0
1002633;104392;Trinta anos;1
1002634;104392;Quarenta anos;0
1002635;104392;Trinta e sete anos;0
1002636;104393;Distribuiu toda a colheita imediatamente;0
1002637;104393;Mandou a produção para Canaã;0
1002638;104393;Ajuntou e armazenou grande quantidade de cereal nas cidades, até perder a conta;1
1002639;104393;Guardou somente o trigo produzido perto do palácio;0
1002640;104394;"Manassés, porque Deus o fez esquecer seu trabalho e a casa de seu pai; e Efraim, porque Deus o fez próspero na terra de sua aflição";1
1002641;104394;Efraim e Benjamim, porque José desejava voltar para Canaã;0
1002642;104394;Manassés e José, porque Faraó escolheu os nomes;0
1002643;104394;Rúben e Simeão, em homenagem aos irmãos de José;0
1002644;104395;A fome atingiu somente o Egito;0
1002645;104395;"Começaram os sete anos de fome; havia pão no Egito, Faraó mandava o povo procurar José, e pessoas de outras terras vinham comprar cereal dele";1
1002646;104395;José encerrou os armazéns e deixou o cargo;0
1002647;104395;Faraó distribuiu gratuitamente toda a produção armazenada;0
1002648;104396;Ir ao Egito comprar cereais, para que a família pudesse viver e não morrer;1
1002649;104396;Esperar em Canaã até que comerciantes egípcios chegassem;0
1002650;104396;Levar os rebanhos para outra região em busca de alimento;0
1002651;104396;Pedir mantimento aos povos vizinhos;0
1002652;104397;Simeão;0
1002653;104397;Benjamim;1
1002654;104397;Rúben;0
1002655;104397;Judá;0
1002656;104398;Entregaram-lhe presentes trazidos de Canaã;0
1002657;104398;Pediram que fossem levados diretamente a Faraó;0
1002658;104398;Prostraram-se diante dele com o rosto em terra;1
1002659;104398;Contaram imediatamente que eram filhos de Jacó;0
1002660;104399;Revelou imediatamente quem era e perguntou por Jacó;0
1002661;104399;Mandou que voltassem a Canaã sem comprar mantimento;0
1002662;104399;Recebeu-os cordialmente e os convidou para sua casa;0
1002663;104399;Não se deu a conhecer, falou com eles de maneira ríspida e perguntou de onde vinham;1
1002664;104400;De serem espiões que haviam vindo observar os pontos fracos da terra;1
1002665;104400;De terem roubado cereal dos armazéns de Faraó;0
1002666;104400;De serem comerciantes que tentavam enganar os egípcios;0
1002667;104400;De terem entrado no Egito sem autorização;0
1002668;104401;Eram dez irmãos e todos moravam com o pai em Canaã;0
1002669;104401;"Eram doze irmãos, filhos de um mesmo pai; o mais novo estava com o pai e outro já não existia";1
1002670;104401;Eram onze irmãos, porque Benjamim havia morrido;0
1002671;104401;Eram doze irmãos, mas dois deles moravam no Egito;0
1002672;104402;Mandou todos de volta a Canaã no mesmo dia;0
1002673;104402;Separou Rúben dos demais e o enviou a Canaã;0
1002674;104402;Manteve todos detidos por três dias;1
1002675;104402;Levou todos à presença de Faraó;0
1002676;104403;Todos permaneceriam presos até Benjamim chegar;0
1002677;104403;Dois irmãos ficariam presos e os demais voltariam sem cereal;0
1002678;104403;Todos poderiam voltar a Canaã, sem deixar ninguém no Egito;0
1002679;104403;Um irmão ficaria detido, enquanto os outros levariam cereal e depois trariam o irmão mais novo;1
1002680;104404;Que estavam sendo castigados por não terem dado ouvidos à angústia de José quando ele lhes pedia misericórdia;1
1002681;104404;Que deveriam ter contado a Jacó que José estava vivo;0
1002682;104404;Que haviam errado ao permitir que Benjamim ficasse em Canaã;0
1002683;104404;Que a fome era consequência de terem vendido os rebanhos da família;0
1002684;104405;Que ele havia sugerido vender José aos ismaelitas;0
1002685;104405;Que havia pedido que não pecassem contra o jovem, mas eles não quiseram ouvi-lo;1
1002686;104405;Que tinha contado a Jacó tudo o que havia acontecido;0
1002687;104405;Que havia prometido a José que voltaria para buscá-lo;0
1002688;104406;"Porque José havia saído da sala; ao voltar, mandou soltá-los";0
1002689;104406;"Porque falavam em voz baixa; José chamou seus servos";0
1002690;104406;"Porque José lhes falava por meio de um intérprete; ao ouvi-los, afastou-se e chorou";1
1002691;104406;"Porque pensavam que José não conhecia a língua de Canaã; ele se retirou para falar com Faraó";0
1002692;104407;Rúben;0
1002693;104407;Judá;0
1002694;104407;Levi;0
1002695;104407;Simeão;1
1002696;104408;Mandou encher os sacos de cereal, devolver o dinheiro de cada um no próprio saco e fornecer comida para o caminho;1
1002697;104408;Mandou entregar apenas metade do cereal e guardar o restante até Benjamim chegar;0
1002698;104408;Determinou que pagassem novamente pelo cereal antes de partir;0
1002699;104408;Mandou colocar presentes de Faraó nos sacos e enviar escolta até Canaã;0
1002700;104409;Uma mensagem escrita pelo governador;0
1002701;104409;O dinheiro que havia pago, colocado na boca do saco de cereal;1
1002702;104409;Uma porção de cereal menor do que a comprada;0
1002703;104409;Um objeto pertencente à casa de José;0
1002704;104410;Decidiram voltar imediatamente ao Egito;0
1002705;104410;Acharam que haviam recebido um presente do governador;0
1002706;104410;Ficaram com medo e, tremendo, perguntaram uns aos outros o que Deus lhes havia feito;1
1002707;104410;Resolveram esconder o dinheiro de Jacó;0
1002708;104411;Levar Rúben para responder pela família;0
1002709;104411;Pagar o dobro pelo cereal que haviam recebido;0
1002710;104411;Apresentar-se diretamente diante de Faraó;0
1002711;104411;"Levar o irmão mais novo ao Egito; então o irmão retido seria devolvido e eles poderiam negociar na terra";1
1002712;104412;"Cada um encontrou sua trouxinha de dinheiro no saco; eles e Jacó ficaram com medo";1
1002713;104412;Todos encontraram objetos do palácio e decidiram devolvê-los;0
1002714;104412;Apenas Rúben encontrou o dinheiro que havia pago;0
1002715;104412;Descobriram que parte do cereal havia sido retirada durante a viagem;0
1002716;104413;Aceitou imediatamente e mandou que partissem no dia seguinte;0
1002717;104413;Recusou-se a deixar Benjamim ir, temendo que lhe acontecesse algum desastre no caminho;1
1002718;104413;Decidiu acompanhar pessoalmente os filhos ao Egito;0
1002719;104413;Mandou Judá levar Benjamim em lugar de Rúben;0
1002720;104414;Que voltassem ao Egito e comprassem mais um pouco de mantimento;1
1002721;104414;Que vendessem os rebanhos para comprar alimento em Canaã;0
1002722;104414;Que aguardassem a fome diminuir antes de viajar novamente;0
1002723;104414;Que enviassem apenas servos ao Egito para buscar mantimento;0
1002724;104415;Que levassem o dobro de cereal para trocar no Egito;0
1002725;104415;Que Benjamim, o irmão mais novo, fosse com eles;1
1002726;104415;Que Jacó comparecesse pessoalmente diante do governador;0
1002727;104415;Que deixassem outro irmão preso no lugar de Simeão;0
1002728;104416;Disseram que Benjamim havia pedido para ser mencionado;0
1002729;104416;Disseram que Simeão havia revelado a informação ao governador;0
1002730;104416;Explicaram que o homem fizera perguntas específicas sobre o pai e sobre a existência de outro irmão;1
1002731;104416;Explicaram que acreditavam que o governador já conhecia toda a família;0
1002732;104417;Prometeu permanecer no Egito no lugar de Benjamim;0
1002733;104417;Prometeu entregar todos os seus bens caso Benjamim não voltasse;0
1002734;104417;Disse que Rúben dividiria com ele a responsabilidade por Benjamim;0
1002735;104417;Tornou-se responsável por Benjamim e declarou que seria culpado para sempre se não o trouxesse de volta;1
1002736;104418;Bálsamo, mel, especiarias, mirra, nozes de pistácia e amêndoas;1
1002737;104418;Trigo, cevada, azeite, vinho, figos e tâmaras;0
1002738;104418;Ovelhas, cabras, bois, azeite, mel e farinha;0
1002739;104418;Ouro, prata, pedras preciosas, tecidos e perfumes;0
1002740;104419;Para oferecê-lo como presente pessoal ao governador;0
1002741;104419;Porque poderia ter sido devolvido por engano e precisava ser restituído;1
1002742;104419;Porque o preço do cereal havia dobrado desde a primeira viagem;0
1002743;104419;Para pagar a libertação de Simeão antes de comprar novo mantimento;0
1002744;104420;Que a fome terminasse antes que eles voltassem;0
1002745;104420;Que José fosse encontrado vivo no Egito;0
1002746;104420;Que lhes concedesse misericórdia diante do governador, para que Simeão e Benjamim voltassem;1
1002747;104420;Que Faraó lhes desse gratuitamente todo o mantimento de que precisassem;0
1002748;104421;Que levasse Benjamim imediatamente à presença de Faraó;0
1002749;104421;Que mandasse os irmãos de volta até que Simeão fosse libertado;0
1002750;104421;Que colocasse todos na prisão até o dia seguinte;0
1002751;104421;Que os levasse à casa de José, matasse um animal e preparasse a refeição para o meio-dia;1
1002752;104422;Pensaram que o dinheiro devolvido nos sacos seria usado como pretexto para atacá-los, escravizá-los e tomar seus jumentos;1
1002753;104422;Acreditaram que seriam acusados de ter escondido Benjamim na primeira viagem;0
1002754;104422;Temeram que Faraó os obrigasse a permanecer definitivamente no Egito;0
1002755;104422;Pensaram que Simeão havia contado ao governador o que fizeram a José;0
1002756;104423;Que haviam recebido o dinheiro como presente na primeira viagem;0
1002757;104423;Que encontraram o dinheiro intacto na boca dos sacos, o trouxeram de volta e também levaram outro dinheiro para comprar mantimento;1
1002758;104423;Que haviam perdido parte do dinheiro na estalagem e precisavam completar o pagamento;0
1002759;104423;Que Rúben havia encontrado o dinheiro e o dividido entre todos;0
1002760;104424;Disse que José havia ordenado secretamente a devolução do dinheiro;0
1002761;104424;Mandou que entregassem o dinheiro novamente antes de entrar na casa;0
1002762;104424;Disse que não temessem, afirmou ter recebido o pagamento e atribuiu o tesouro ao Deus deles e de seu pai;1
1002763;104424;Disse que Faraó havia perdoado a dívida dos estrangeiros;0
1002764;104425;Levou-os diretamente à sala da refeição e retirou os presentes;0
1002765;104425;Mandou os servos revistarem os sacos de cereal novamente;0
1002766;104425;Conduziu Benjamim separadamente para falar com José;0
1002767;104425;Trouxe Simeão, deu água para que lavassem os pés e forneceu ração aos jumentos;1
1002768;104426;Prepararam o presente que haviam trazido de Canaã;1
1002769;104426;Separaram o dinheiro necessário para libertar Simeão;0
1002770;104426;Organizaram os sacos de cereal para a viagem de volta;0
1002771;104426;Escolheram Benjamim para falar em nome de todos;0
1002772;104427;Pediram imediatamente a libertação de Simeão;0
1002773;104427;Entregaram-lhe o presente que haviam trazido e se inclinaram até o chão diante dele;1
1002774;104427;Abraçaram-no como sinal de gratidão pela hospitalidade;0
1002775;104427;Apresentaram Benjamim antes de qualquer outra coisa;0
1002776;104428;Se Jacó pretendia mudar-se para o Egito;0
1002777;104428;Se Jacó ainda possuía muitos rebanhos em Canaã;0
1002778;104428;Se o pai idoso de quem haviam falado estava bem e ainda vivia;1
1002779;104428;Se Jacó havia aprovado a ida de Benjamim ao Egito;0
1002780;104429;Entregaram novamente o dinheiro encontrado nos sacos;0
1002781;104429;Permaneceram em silêncio, com as mãos cruzadas;0
1002782;104429;Ofereceram uma segunda porção dos presentes trazidos;0
1002783;104429;Abaixaram a cabeça e se inclinaram diante dele;1
1002784;104430;“Deus lhe conceda a sua graça, meu filho.”;1
1002785;104430;“Agora sei que vocês são homens honestos.”;0
1002786;104430;“Você ficará comigo no Egito.”;0
1002787;104430;“Nosso pai ficará feliz quando você voltar.”;0
1002788;104431;Mandou todos saírem da casa por alguns minutos;0
1002789;104431;"Entrou em seu quarto e chorou; depois lavou o rosto, voltou e se conteve";1
1002790;104431;Virou-se para a parede e cobriu o rosto com o manto;0
1002791;104431;Foi até Faraó e permaneceu fora até recuperar o controle;0
1002792;104432;Porque José queria observar os irmãos sem ser percebido;0
1002793;104432;Porque os irmãos ainda eram considerados suspeitos de espionagem;0
1002794;104432;Porque os egípcios não podiam comer com os hebreus, pois isso era uma abominação para eles;1
1002795;104432;Porque Benjamim deveria comer sozinho antes de ser apresentado a Faraó;0
1002796;104433;Foram separados por famílias, e Benjamim recebeu uma taça especial;0
1002797;104433;Foram colocados em duas mesas, e Benjamim recebeu o dobro da porção;0
1002798;104433;Foram chamados um a um para falar com José, e Benjamim recebeu presentes em dinheiro;0
1002799;104433;Foram sentados por ordem de idade, e a porção de Benjamim foi cinco vezes maior que a dos outros;1
1002800;104434;Encher os sacos com quanto pudessem levar e colocar o dinheiro de cada um na boca do respectivo saco;1
1002801;104434;Entregar apenas metade do cereal e guardar o dinheiro para a próxima viagem;0
1002802;104434;Colocar o mesmo valor de dinheiro em todos os sacos e reduzir a quantidade de cereal;0
1002803;104434;Devolver apenas o dinheiro de Benjamim e lacrar os demais sacos;0
1002804;104435;Uma joia de ouro pertencente a José;0
1002805;104435;O copo de prata de José;1
1002806;104435;Uma carta dirigida a Jacó;0
1002807;104435;Um selo oficial de Faraó;0
1002808;104436;Deixar que partissem e enviar um mensageiro mais tarde;0
1002809;104436;Ir diretamente a Canaã e falar com Jacó;0
1002810;104436;Persegui-los e, ao alcançá-los, perguntar por que haviam retribuído o bem com o mal;1
1002811;104436;Chamar os guardas de Faraó para prendê-los ainda dentro da cidade;0
1002812;104437;Como o copo reservado para os banquetes de Faraó;0
1002813;104437;Como um objeto usado somente para medir cereal;0
1002814;104437;Como uma peça recebida por José de seu pai;0
1002815;104437;Como o copo em que José bebia e que ele usava para fazer adivinhações;1
1002816;104438;Disseram que haviam trazido de volta de Canaã o dinheiro encontrado anteriormente na boca dos sacos;1
1002817;104438;Afirmaram que nunca haviam entrado na casa de José;0
1002818;104438;Lembraram que Faraó havia garantido pessoalmente a honestidade deles;0
1002819;104438;Disseram que não possuíam espaço nos sacos para esconder qualquer objeto;0
1002820;104439;Somente o culpado seria expulso do Egito;0
1002821;104439;Aquele com quem o copo fosse encontrado morreria, e os demais seriam escravos do senhor do administrador;1
1002822;104439;Todos devolveriam o cereal e pagariam em dobro;0
1002823;104439;Todos permaneceriam presos até a chegada de Jacó;0
1002824;104440;Todos seriam presos até que o culpado confessasse;0
1002825;104440;Aquele que tivesse o copo morreria, mas os demais ficariam livres;0
1002826;104440;"Somente aquele com quem o copo fosse encontrado seria escravo; os outros ficariam livres";1
1002827;104440;Todos seriam escravos, independentemente de onde o copo fosse encontrado;0
1002828;104441;"Começou por Benjamim e terminou em Rúben; encontrou o copo no saco de Judá";0
1002829;104441;Revistou os sacos sem ordem e encontrou o copo no saco de Simeão;0
1002830;104441;"Começou pelo mais novo e terminou no mais velho; encontrou o copo no saco de Rúben";0
1002831;104441;"Começou pelo mais velho e terminou no mais novo; encontrou o copo no saco de Benjamim";1
1002832;104442;Rasgaram as roupas, tornaram a carregar os jumentos e voltaram para a cidade;1
1002833;104442;Abandonaram Benjamim e seguiram diretamente para Canaã;0
1002834;104442;Atacaram o administrador e tentaram recuperar o copo;0
1002835;104442;Permaneceram no caminho esperando que José viesse até eles;0
1002836;104443;Ficaram de pé em silêncio esperando a sentença;0
1002837;104443;Prostraram-se em terra diante de José;1
1002838;104443;Entregaram todo o dinheiro que levavam;0
1002839;104443;Pediram que Benjamim fosse levado imediatamente a Faraó;0
1002840;104444;Que Benjamim era o único culpado e os outros deveriam ser libertados;0
1002841;104444;Que o administrador havia colocado o copo no saco e deveria ser julgado;0
1002842;104444;Que não tinham como se justificar, que Deus havia descoberto a culpa deles e que todos se tornariam escravos de José;1
1002843;104444;Que pagariam pelo copo, mas não aceitariam qualquer escravidão;0
1002844;104445;Todos permaneceriam como escravos até Jacó chegar ao Egito;0
1002845;104445;Os irmãos seriam libertados, mas perderiam todo o cereal;0
1002846;104445;Judá ficaria como escravo no lugar de Benjamim;0
1002847;104445;"Somente aquele em cujo poder o copo foi encontrado seria escravo; os demais poderiam voltar em paz ao pai";1
1002848;104446;Pediu permissão para falar sem despertar a ira de José e declarou que ele era como o próprio Faraó;1
1002849;104446;Exigiu ser ouvido por ser o mais velho dos irmãos presentes;0
1002850;104446;Pediu que Faraó fosse chamado para decidir o caso;0
1002851;104446;Disse que José deveria ouvir Jacó antes de tomar qualquer decisão;0
1002852;104447;Jacó era um homem rico e Benjamim era seu filho primogênito;0
1002853;104447;"Jacó era um pai já velho, e Benjamim era o filho de sua velhice, o mais novo, cujo irmão havia morrido; era o único que restava de sua mãe e seu pai o amava";1
1002854;104447;Jacó estava doente e Benjamim era o único filho que ainda morava com ele;0
1002855;104447;Jacó era pastor no Egito e Benjamim havia nascido durante a fome;0
1002856;104448;Que Benjamim se recusava a viajar para fora de Canaã;0
1002857;104448;Que Jacó jamais permitiria que qualquer filho voltasse ao Egito;0
1002858;104448;"Que o jovem não poderia deixar o pai, pois, se o deixasse, o pai morreria; mesmo assim, José exigiu sua presença para que voltassem a vê-lo";1
1002859;104448;Que Benjamim estava doente e não suportaria a viagem;0
1002860;104449;Que ambos haviam se afastado voluntariamente da família;0
1002861;104449;Que um havia sido levado ao Egito e o outro permanecera em Canaã;0
1002862;104449;Que os dois haviam sido ameaçados por animais selvagens;0
1002863;104449;Que um deles havia desaparecido, e Jacó acreditava que tivesse sido despedaçado;1
1002864;104450;Seus cabelos brancos desceriam com tristeza à sepultura;1
1002865;104450;Ele deixaria Canaã e iria viver sozinho no deserto;0
1002866;104450;Nunca mais permitiria que seus filhos viajassem ao Egito;0
1002867;104450;Entregaria todos os seus bens ao filho que ficasse em casa;0
1002868;104451;Porque Jacó dependia de Benjamim para obter alimento;0
1002869;104451;Porque a vida de Jacó estava ligada à vida do jovem, e vê-los retornar sem Benjamim lhe causaria profunda tristeza;1
1002870;104451;Porque Benjamim era responsável por todos os rebanhos da família;0
1002871;104451;Porque Jacó havia prometido morrer se os irmãos voltassem sem qualquer presente;0
1002872;104452;Prometeu pagar qualquer dívida de Benjamim com os egípcios;0
1002873;104452;Jurou que nunca deixaria Benjamim falar diretamente com José;0
1002874;104452;Ficou responsável pelo jovem e declarou que, se não o trouxesse de volta, seria culpado diante do pai pelo resto da vida;1
1002875;104452;Prometeu permanecer no Egito com todos os irmãos até o fim da fome;0
1002876;104453;Que todos os irmãos fossem escravos e Benjamim ficasse livre;0
1002877;104453;Que o dinheiro do cereal fosse entregue como resgate por Benjamim;0
1002878;104453;Que Rúben permanecesse no Egito em lugar de Benjamim;0
1002879;104453;Que ele próprio ficasse como escravo no lugar de Benjamim, pois não suportaria voltar e ver o mal que se abateria sobre o pai;1
1002880;104454;Que todos saíssem de sua presença;1
1002881;104454;Que chamassem Faraó imediatamente;0
1002882;104454;Que trouxessem Benjamim para mais perto;0
1002883;104454;Que seus irmãos fossem levados à prisão;0
1002884;104455;Somente os irmãos que estavam com ele;0
1002885;104455;Os egípcios e também a casa de Faraó;1
1002886;104455;Apenas os servos que estavam do lado de fora;0
1002887;104455;Faraó pessoalmente, que estava na sala ao lado;0
1002888;104456;Responderam imediatamente que Jacó estava bem;0
1002889;104456;Começaram a pedir perdão pelo que haviam feito;0
1002890;104456;Não conseguiram responder, de tão assustados que ficaram diante dele;1
1002891;104456;Abraçaram José e choraram com ele;0
1002892;104457;Como o governador que havia salvado o Egito da fome;0
1002893;104457;Como o filho preferido de Jacó e irmão de Benjamim;0
1002894;104457;Como o servo de Faraó responsável pelos cereais;0
1002895;104457;Como José, o irmão que eles haviam vendido para o Egito;1
1002896;104458;Porque Deus o havia enviado adiante deles para preservar a vida;1
1002897;104458;Porque Faraó já havia perdoado o que eles fizeram;0
1002898;104458;Porque José não se lembrava mais do sofrimento passado;0
1002899;104458;Porque a venda de José havia sido decisão de Jacó;0
1002900;104459;Um ano havia passado e restavam seis;0
1002901;104459;Dois anos haviam passado e restavam cinco;1
1002902;104459;Três anos haviam passado e restavam quatro;0
1002903;104459;Cinco anos haviam passado e restavam dois;0
1002904;104460;Para torná-lo mais rico do que toda a sua família;0
1002905;104460;Para castigar os povos que viviam em Canaã;0
1002906;104460;Para conservar um remanescente e salvar a vida deles por meio de um grande livramento;1
1002907;104460;Para fazer com que seus irmãos se tornassem servos de Faraó;0
1002908;104461;Sacerdote do Egito, chefe dos exércitos e conselheiro de Faraó;0
1002909;104461;Senhor dos celeiros, chefe dos guardas e governador de Gósen;0
1002910;104461;Administrador dos rebanhos, tesoureiro e juiz do Egito;0
1002911;104461;Como que pai de Faraó, senhor de toda a casa dele e governador em toda a terra do Egito;1
1002912;104462;Que Deus o havia colocado como senhor de toda a terra do Egito e que Jacó deveria ir para junto dele sem demora;1
1002913;104462;Que Jacó deveria permanecer em Canaã até o fim da fome;0
1002914;104462;Que Faraó exigia a presença de Jacó para confirmar a história da família;0
1002915;104462;Que José deixaria o Egito e retornaria sozinho para Canaã;0
1002916;104463;Ramessés;0
1002917;104463;Gósen;1
1002918;104463;Pitom;0
1002919;104463;Mênfis;0
1002920;104464;Para que Jacó pudesse trabalhar diretamente para Faraó;0
1002921;104464;Para que os irmãos passassem a administrar os celeiros;0
1002922;104464;Para sustentá-lo, juntamente com sua casa e seus bens, durante os cinco anos de fome que ainda restavam;1
1002923;104464;Para impedir que a família voltasse algum dia a Canaã;0
1002924;104465;Que José havia perdoado os irmãos e não queria falar do passado;0
1002925;104465;Que Benjamim permaneceria definitivamente com José;0
1002926;104465;Que Faraó havia dado uma casa a cada um dos irmãos;0
1002927;104465;Toda a glória de José no Egito e tudo o que eles haviam visto;1
1002928;104466;José lançou-se ao pescoço de Benjamim e chorou, e Benjamim também chorou abraçado com ele;1
1002929;104466;Benjamim ajoelhou-se diante de José e pediu perdão;0
1002930;104466;José entregou presentes a Benjamim antes de abraçá-lo;0
1002931;104466;Os dois permaneceram em silêncio, sem conseguir se aproximar;0
1002932;104467;Mandou que se sentassem à mesa com Faraó;0
1002933;104467;Beijou todos os irmãos e chorou abraçado com eles;1
1002934;104467;Deu roupas novas a todos antes de falar;0
1002935;104467;Levou-os para conhecer seus filhos;0
1002936;104468;Ficaram preocupados com a chegada de tantos estrangeiros;0
1002937;104468;Mandaram investigar a família de José;0
1002938;104468;Ficaram contentes com a notícia;1
1002939;104468;Ordenaram que os irmãos voltassem imediatamente para Canaã;0
1002940;104469;Que cada irmão receberia uma função no palácio;0
1002941;104469;Que todos ficariam isentos de trabalhar enquanto durasse a fome;0
1002942;104469;Que seriam responsáveis pela distribuição dos cereais;0
1002943;104469;Que receberiam o melhor da terra do Egito e comeriam da fartura da terra;1
1002944;104470;Carretas;1
1002945;104470;Cavalos de guerra;0
1002946;104470;Camelos;0
1002947;104470;Navios pelo rio Nilo;0
1002948;104471;Cem moedas de prata e três roupas novas;0
1002949;104471;Trezentas moedas de prata e cinco roupas novas;1
1002950;104471;Cinco moedas de ouro e dez roupas novas;0
1002951;104471;Um anel de ouro e cinco mantos egípcios;0
1002952;104472;Cinco jumentos com roupas e cinco jumentas com água;0
1002953;104472;Dez carros com trigo e dez carros com vinho;0
1002954;104472;Dez jumentos carregados do melhor do Egito e dez jumentas com cereais, pão e mantimento;1
1002955;104472;Vinte camelos carregados de ouro, prata e roupas;0
1002956;104473;Que não parassem durante a viagem;0
1002957;104473;Que não contassem a ninguém que José estava vivo;0
1002958;104473;Que viajassem apenas durante o dia;0
1002959;104473;Que não brigassem pelo caminho;1
1002960;104474;Seu coração ficou como sem bater, porque ele não conseguia acreditar no que diziam;1
1002961;104474;Acreditou imediatamente e começou a preparar a viagem;0
1002962;104474;Repreendeu os filhos por terem escondido a verdade durante tantos anos;0
1002963;104474;Mandou mensageiros ao Egito para confirmar a notícia;0
1002964;104475;"A carta escrita por Faraó; decidiu enviar Benjamim ao Egito";0
1002965;104475;"As palavras de José relatadas pelos filhos e as carretas enviadas para buscá-lo; decidiu ir ver José antes de morrer";1
1002966;104475;"Os presentes trazidos por Benjamim; decidiu permanecer em Canaã";0
1002967;104475;"O testemunho de Judá e Simeão; decidiu esperar o fim da fome";0
1002968;104476;Berseba;1
1002969;104476;Betel;0
1002970;104476;Hebrom;0
1002971;104476;Siquém;0
1002972;104477;Porque a fome terminaria assim que ele chegasse;0
1002973;104477;Porque no Egito Deus faria dele uma grande nação;1
1002974;104477;Porque José voltaria com ele imediatamente para Canaã;0
1002975;104477;Porque Faraó entregaria todo o Egito à sua família;0
1002976;104478;Que Jacó nunca mais sairia do Egito e seria sepultado ali;0
1002977;104478;Que seus filhos dominariam o Egito e José reinaria depois de Faraó;0
1002978;104478;Que Deus iria com ele ao Egito, o faria voltar, e José fecharia seus olhos;1
1002979;104478;Que Benjamim o acompanharia sempre e Judá seria seu sucessor;0
1002980;104479;Camelo e jumentos comprados em Canaã;0
1002981;104479;Carros de guerra fornecidos pelos egípcios;0
1002982;104479;Animais dos próprios rebanhos apenas;0
1002983;104479;As carretas que Faraó havia enviado para buscá-los;1
1002984;104480;O gado e os bens que haviam adquirido em Canaã;1
1002985;104480;Somente roupas e alimentos para a viagem;0
1002986;104480;Os altares construídos por Abraão e Isaque;0
1002987;104480;Apenas os rebanhos pertencentes a Jacó;0
1002988;104481;Simeão;0
1002989;104481;Rúben;1
1002990;104481;Judá;0
1002991;104481;José;0
1002992;104482;Er, Onã e Selá;0
1002993;104482;Tola, Puva e Jó;0
1002994;104482;Gérson, Coate e Merari;1
1002995;104482;Serede, Elom e Jaleel;0
1002996;104483;Perez e Zera;0
1002997;104483;Selá e Perez;0
1002998;104483;Zera e Onã;0
1002999;104483;Er e Onã;1
1003000;104484;Trinta e três pessoas;1
1003001;104484;Dezesseis pessoas;0
1003002;104484;Catorze pessoas;0
1003003;104484;Sete pessoas;0
1003004;104485;Sete;0
1003005;104485;Dezesseis;1
1003006;104485;Catorze;0
1003007;104485;Trinta e três;0
1003008;104486;Rúben e Simeão;0
1003009;104486;Dã e Naftali;0
1003010;104486;José e Benjamim;1
1003011;104486;Gade e Aser;0
1003012;104487;Perez e Zera;0
1003013;104487;Gérson e Coate;0
1003014;104487;Belá e Bequer;0
1003015;104487;Manassés e Efraim;1
1003016;104488;Catorze;1
1003017;104488;Sete;0
1003018;104488;Dezesseis;0
1003019;104488;Trinta e três;0
1003020;104489;Guni;0
1003021;104489;Husim;1
1003022;104489;Jezer;0
1003023;104489;Silém;0
1003024;104490;Catorze;0
1003025;104490;Dezesseis;0
1003026;104490;Sete;1
1003027;104490;Trinta e três;0
1003028;104491;Setenta;0
1003029;104491;Setenta e cinco;0
1003030;104491;Sessenta;0
1003031;104491;Sessenta e seis;1
1003032;104492;Setenta;1
1003033;104492;Sessenta e seis;0
1003034;104492;Setenta e dois;0
1003035;104492;Setenta e cinco;0
1003036;104493;Rúben;0
1003037;104493;Judá;1
1003038;104493;Simeão;0
1003039;104493;Benjamim;0
1003040;104494;Prostrou-se diante do pai e ficou em silêncio;0
1003041;104494;Levou Jacó diretamente para falar com Faraó;0
1003042;104494;Lançou-se ao pescoço do pai e chorou longamente;1
1003043;104494;Entregou presentes a Jacó e depois retornou ao palácio;0
1003044;104495;Que desejava retornar imediatamente para Canaã;0
1003045;104495;Que José deveria perdoar todos os irmãos;0
1003046;104495;Que queria conhecer Faraó antes de descansar;0
1003047;104495;Que agora podia morrer, pois havia visto o rosto de José e sabia que ele estava vivo;1
1003048;104496;Que eram pastores e cuidavam de rebanhos;1
1003049;104496;Que eram agricultores especializados em cereais;0
1003050;104496;Que eram comerciantes vindos de Canaã;0
1003051;104496;Que eram administradores de propriedades;0
1003052;104497;Que eram agricultores desde jovens, para receberem terras junto ao Nilo;0
1003053;104497;Que cuidavam de rebanhos desde a juventude, assim como seus pais, para poderem habitar em Gósen;1
1003054;104497;Que eram comerciantes de gado, para trabalharem nos mercados egípcios;0
1003055;104497;Que eram servos de José, para permanecerem junto ao palácio;0
1003056;104498;Na terra de Gósen;1
1003057;104498;Na terra de Ramessés;0
1003058;104498;Na cidade de Mênfis;0
1003059;104498;Na região de Om;0
1003060;104499;Dois;0
1003061;104499;Cinco;1
1003062;104499;Sete;0
1003063;104499;Dez;0
1003064;104500;Disseram que eram agricultores;0
1003065;104500;Disseram que eram comerciantes;0
1003066;104500;Disseram que eram pastores de rebanhos, assim como seus pais;1
1003067;104500;Disseram que eram administradores de propriedades;0
1003068;104501;"Porque queriam trabalhar para Faraó; pediram cargos no palácio";0
1003069;104501;"Porque desejavam abandonar Canaã; pediram terras junto ao Nilo";0
1003070;104501;"Porque José os havia convocado; pediram cidadania egípcia";0
1003071;104501;"Porque a fome havia deixado Canaã sem pasto para os rebanhos; pediram permissão para morar em Gósen";1
1003072;104502;Cuidar do gado que pertencia a Faraó;1
1003073;104502;Administrar os celeiros de cereais;0
1003074;104502;Servir como soldados do exército egípcio;0
1003075;104502;Trabalhar como oficiais do palácio;0
1003076;104503;Curvou-se sem dizer nada;0
1003077;104503;Abençoou Faraó;1
1003078;104503;Ofereceu presentes a Faraó;0
1003079;104503;Pediu pessoalmente a terra de Gósen;0
1003080;104504;Cento e vinte anos;0
1003081;104504;Cento e quarenta anos;0
1003082;104504;Cento e trinta anos;1
1003083;104504;Cento e quarenta e sete anos;0
1003084;104505;Longos e tranquilos, maiores que os de seus pais;0
1003085;104505;Prósperos e felizes, semelhantes aos de seus pais;0
1003086;104505;Cheios de riqueza, embora marcados pela fome;0
1003087;104505;Poucos e difíceis, sem alcançar os anos de vida de seus pais;1
1003088;104506;Na terra de Ramessés;1
1003089;104506;Na cidade de Om;0
1003090;104506;Na região de Mênfis;0
1003091;104506;Na fronteira de Canaã;0
1003092;104507;Distribuiu-lhes gado de Faraó;0
1003093;104507;Providenciou alimento para eles conforme o número de seus filhos;1
1003094;104507;Deu a cada irmão uma função administrativa;0
1003095;104507;Mandou que comprassem cereais como os demais egípcios;0
1003096;104508;Distribuiu o dinheiro entre os pobres;0
1003097;104508;Guardou o dinheiro nos celeiros;0
1003098;104508;Recolheu o dinheiro e o levou para a casa de Faraó;1
1003099;104508;Enviou parte do dinheiro para Canaã;0
1003100;104509;Suas casas;0
1003101;104509;Suas terras;0
1003102;104509;Seu trabalho por um ano;0
1003103;104509;Seus animais;1
1003104;104510;Cavalos, rebanhos, gado e jumentos;1
1003105;104510;Camelos, bois, cabras e aves;0
1003106;104510;Cavalos, camelos, ovelhas e aves;0
1003107;104510;Jumentos, camelos, bois e porcos;0
1003108;104511;Somente suas casas e roupas;0
1003109;104511;Seus corpos e suas terras;1
1003110;104511;Apenas suas ferramentas e sementes;0
1003111;104511;Seus filhos e seus rebanhos restantes;0
1003112;104512;Somente o gado dos egípcios;0
1003113;104512;Os celeiros e as casas particulares;0
1003114;104512;A terra dos egípcios, e o povo ficou sujeito a Faraó;1
1003115;104512;Apenas as propriedades próximas ao Nilo;0
1003116;104513;Os soldados de Faraó;0
1003117;104513;Os oficiais do palácio;0
1003118;104513;Os pastores de Gósen;0
1003119;104513;Os sacerdotes;1
1003120;104514;Porque recebiam de Faraó uma porção de mantimento para viver;1
1003121;104514;Porque José lhes deu cereais gratuitamente;0
1003122;104514;Porque suas terras produziam mesmo durante a fome;0
1003123;104514;Porque estavam isentos de toda obrigação por lei antiga;0
1003124;104515;Um décimo;0
1003125;104515;Uma quinta parte;1
1003126;104515;Uma quarta parte;0
1003127;104515;Metade;0
1003128;104516;Somente para pagar impostos e comprar animais;0
1003129;104516;Para comercializar com Canaã;0
1003130;104516;Para semear os campos e alimentar as famílias e seus filhos;1
1003131;104516;Para sustentar exclusivamente os trabalhadores de Faraó;0
1003132;104517;Metade da produção pertenceria a Faraó;0
1003133;104517;Todas as terras seriam devolvidas depois da fome;0
1003134;104517;Os sacerdotes também pagariam tributo ao fim da fome;0
1003135;104517;Um quinto da produção pertenceria a Faraó;1
1003136;104518;Dezessete anos no Egito e cento e quarenta e sete anos de vida;1
1003137;104518;Vinte anos no Egito e cento e trinta anos de vida;0
1003138;104518;Dezessete anos no Egito e cento e cinquenta anos de vida;0
1003139;104518;Trinta anos no Egito e cento e quarenta e sete anos de vida;0
1003140;104519;Que fosse sepultado em Gósen ao lado de seus descendentes;0
1003141;104519;Que José jurasse não sepultá-lo no Egito, mas levá-lo para a sepultura de seus pais;1
1003142;104519;Que seu corpo fosse levado a Berseba imediatamente;0
1003143;104519;Que fosse sepultado próximo ao palácio de Faraó;0
1003144;104520;Manassés e Efraim;1
1003145;104520;Benjamim e Judá;0
1003146;104520;Simeão e Levi;0
1003147;104520;Asenate e Manassés;0
1003148;104521;Mandou José voltar no dia seguinte;0
1003149;104521;Reuniu forças e sentou-se na cama;1
1003150;104521;Pediu que chamassem todos os seus filhos;0
1003151;104521;Levantou-se e foi ao encontro de José;0
1003152;104522;Berseba;0
1003153;104522;Hebrom;0
1003154;104522;Luz;1
1003155;104522;Siquém;0
1003156;104523;Que José governaria sobre todos os seus irmãos;0
1003157;104523;Que Jacó permaneceria para sempre no Egito;0
1003158;104523;Que apenas um de seus filhos herdaria Canaã;0
1003159;104523;Que Deus o faria fecundo e numeroso, formaria dele uma comunidade de povos e daria a terra à sua descendência como propriedade permanente;1
1003160;104524;Como seus próprios filhos, à semelhança de Rúben e Simeão;1
1003161;104524;Como netos que receberiam herança apenas por meio de José;0
1003162;104524;Como filhos adotivos de Benjamim;0
1003163;104524;Como príncipes egípcios sem participação na herança de Israel;0
1003164;104525;Seriam contados diretamente entre os doze filhos de Jacó;0
1003165;104525;Seriam de José e receberiam herança vinculada aos nomes de Efraim e Manassés;1
1003166;104525;Seriam incorporados à tribo de Benjamim;0
1003167;104525;Não teriam direito a herança entre os descendentes de Israel;0
1003168;104526;Em Hebrom, junto à caverna de Macpela;0
1003169;104526;Em Betel, perto do altar;0
1003170;104526;No caminho de Efrata, isto é, Belém;1
1003171;104526;Em Berseba, perto do poço de Isaque;0
1003172;104527;Por que os meninos tinham vindo ao Egito;0
1003173;104527;Qual dos dois era o mais velho;0
1003174;104527;Se eles conheciam a história de seus antepassados;0
1003175;104527;Quem eram aqueles dois meninos;1
1003176;104528;Disse que eram os filhos que Deus lhe havia dado no Egito;1
1003177;104528;Disse que eram os filhos mais novos de Jacó;0
1003178;104528;Disse que eram servos criados em sua casa;0
1003179;104528;Disse que eram filhos adotivos de Faraó;0
1003180;104529;Fortes e ainda capazes de enxergar de longe;0
1003181;104529;Enfraquecidos, de modo que ele não conseguia enxergar bem;1
1003182;104529;Feridos por uma enfermidade recente;0
1003183;104529;Fechados porque Jacó já não conseguia permanecer acordado;0
1003184;104530;Que desejava voltar imediatamente para Canaã;0
1003185;104530;Que José deveria apresentar os meninos a Faraó;0
1003186;104530;Que não esperava tornar a ver José, mas Deus lhe permitira ver também os filhos dele;1
1003187;104530;Que Efraim e Manassés deveriam permanecer sempre ao seu lado;0
1003188;104531;Efraim diante da mão direita de Israel e Manassés diante da esquerda;0
1003189;104531;Os dois diretamente diante da mão direita de Israel;0
1003190;104531;Os dois ajoelhados entre José e Jacó;0
1003191;104531;Efraim diante da mão esquerda de Israel e Manassés diante da direita;1
1003192;104532;Cruzou as mãos, colocando a direita sobre Efraim e a esquerda sobre Manassés;1
1003193;104532;Colocou a mão direita sobre Manassés e não tocou em Efraim;0
1003194;104532;Colocou as duas mãos sobre Manassés por ele ser o primogênito;0
1003195;104532;Abençoou primeiro José e depois tocou nos dois meninos;0
1003196;104533;Como o Deus que lhe dera vitória sobre os povos vizinhos;0
1003197;104533;Como o Deus diante de quem Abraão e Isaque haviam vivido e que o havia sustentado como pastor durante toda a sua vida;1
1003198;104533;Como o Deus que havia feito de José governador do Egito;0
1003199;104533;Como o Deus que havia prometido encerrar a fome no Egito;0
1003200;104534;Que governassem juntos a terra do Egito;0
1003201;104534;Que retornassem imediatamente para Canaã;0
1003202;104534;Que fossem abençoados, levassem o nome de Jacó e de seus antepassados e se multiplicassem abundantemente;1
1003203;104534;Que recebessem a mesma função que José exercia diante de Faraó;0
1003204;104535;Porque Efraim não estava presente no momento da bênção;0
1003205;104535;Porque José acreditava que Jacó havia confundido os nomes dos meninos;0
1003206;104535;Porque Manassés estava doente e precisava de uma bênção especial;0
1003207;104535;Porque Manassés era o primogênito;1
1003208;104536;Manassés também se tornaria um povo, mas Efraim seria maior e sua descendência se tornaria uma multidão de nações;1
1003209;104536;Somente Efraim receberia descendência numerosa;0
1003210;104536;Manassés seria maior por ser o primogênito;0
1003211;104536;Os dois teriam exatamente a mesma posição e o mesmo futuro;0
1003212;104537;Que José permaneceria para sempre no Egito e receberia os bens de Faraó;0
1003213;104537;"Que Deus estaria com seus descendentes e os faria voltar à terra de seus pais; José recebeu uma porção a mais que seus irmãos";1
1003214;104537;Que Benjamim sucederia José e herdaria Gósen;0
1003215;104537;Que Efraim e Manassés retornariam sozinhos para Canaã;0
1003216;104538;O que aconteceria com eles nos dias que viriam;1
1003217;104538;Como deveriam dividir os bens do Egito;0
1003218;104538;Quem seria o novo chefe da família;0
1003219;104538;Quando poderiam retornar para Canaã;0
1003220;104539;Porque abandonou a família durante a fome;0
1003221;104539;Porque profanou o leito de seu pai;1
1003222;104539;Porque participou da venda de José;0
1003223;104539;Porque recusou a bênção de Jacó;0
1003224;104540;Disse que eram guerreiros valentes e os colocaria à frente de Israel;0
1003225;104540;Disse que haviam agido apenas para defender a família e os abençoou;0
1003226;104540;Condenou seu furor e anunciou que seriam divididos em Jacó e espalhados em Israel;1
1003227;104540;Determinou que receberiam juntos a maior parte da terra;0
1003228;104541;Seria servo dos irmãos e evitaria seus inimigos;0
1003229;104541;Viveria afastado das demais tribos;0
1003230;104541;Cuidaria somente dos rebanhos da família;0
1003231;104541;Seus irmãos o louvariam, sua mão estaria sobre o pescoço dos inimigos e os filhos de seu pai se inclinariam diante dele;1
1003232;104542;A um leão;1
1003233;104542;A uma águia;0
1003234;104542;A um touro;0
1003235;104542;A um cavalo;0
1003236;104543;Que passariam para José depois da morte de Jacó;0
1003237;104543;Que não se afastariam de Judá até a vinda daquele a quem os povos obedeceriam;1
1003238;104543;Que terminariam quando Israel deixasse o Egito;0
1003239;104543;Que seriam entregues a Benjamim por ser o mais novo;0
1003240;104544;Nas montanhas de Canaã, até Hebrom;0
1003241;104544;Junto ao Jordão, até Jericó;0
1003242;104544;Na região costeira, servindo de porto para navios, com fronteira até Sidom;1
1003243;104544;No deserto, até Berseba;0
1003244;104545;Viu que a guerra era necessária e tornou-se soldado;0
1003245;104545;Viu que o comércio era lucrativo e tornou-se mercador;0
1003246;104545;Viu que a terra era perigosa e fugiu dela;0
1003247;104545;Viu que o repouso era bom e a terra agradável, e se sujeitou ao trabalho servil;1
1003248;104546;Julgar o seu povo;1
1003249;104546;Conduzir os exércitos;0
1003250;104546;Guardar os rebanhos;0
1003251;104546;Servir aos sacerdotes;0
1003252;104547;Envolveria o cavalo e impediria sua passagem;0
1003253;104547;Morderia o calcanhar do cavalo, fazendo o cavaleiro cair para trás;1
1003254;104547;Atacaria diretamente o cavaleiro pela frente;0
1003255;104547;Se esconderia sem atacar;0
1003256;104548;A José;0
1003257;104548;A Judá;0
1003258;104548;Ao SENHOR;1
1003259;104548;Aos seus filhos;0
1003260;104549;Seria derrotado e perderia sua terra;0
1003261;104549;Fugiria para junto de Judá;0
1003262;104549;Faria aliança com os atacantes;0
1003263;104549;Seria atacado, mas depois atacaria a retaguarda deles;1
1003264;104550;Seu alimento seria abundante e produziria delícias dignas de reis;1
1003265;104550;Sua terra produziria apenas cereais;0
1003266;104550;Viveria exclusivamente da criação de animais;0
1003267;104550;Sua produção seria pequena, mas suficiente para a família;0
1003268;104551;Como um leão jovem que domina a presa;0
1003269;104551;Como uma gazela solta que profere palavras bonitas;1
1003270;104551;Como uma serpente junto ao caminho;0
1003271;104551;Como um jumento de ossos fortes;0
1003272;104552;Uma árvore seca no deserto;0
1003273;104552;Uma videira cercada de espinhos;0
1003274;104552;Um ramo frutífero junto à fonte, cujos galhos se estendem sobre o muro;1
1003275;104552;Uma oliveira plantada no alto de um monte;0
1003276;104553;Porque seus irmãos lutaram por ele;0
1003277;104553;Porque Faraó enviou soldados para protegê-lo;0
1003278;104553;Porque se refugiou nas fortalezas do Egito;0
1003279;104553;Porque foi sustentado pelo Poderoso de Jacó, chamado também de Pastor e Pedra de Israel;1
1003280;104554;Bênçãos dos céus, das profundezas e da fecundidade, colocadas sobre José, distinguido entre seus irmãos;1
1003281;104554;Somente riquezas materiais e domínio político;0
1003282;104554;Apenas numerosos rebanhos e terras no Egito;0
1003283;104554;Vitórias militares sobre todos os povos vizinhos;0
1003284;104555;Leão;0
1003285;104555;Lobo;1
1003286;104555;Gazela;0
1003287;104555;Serpente;0
1003288;104556;Somente os filhos mais velhos receberam bênçãos;0
1003289;104556;José e Judá foram os únicos efetivamente abençoados;0
1003290;104556;Os doze formavam as tribos de Israel, e cada um recebeu a bênção que lhe correspondia;1
1003291;104556;Todos receberam exatamente a mesma bênção;0
1003292;104557;Em Gósen, onde a família havia se estabelecido;0
1003293;104557;Em Berseba, onde oferecera sacrifícios;0
1003294;104557;Em Siquém, junto ao campo adquirido por ele;0
1003295;104557;Na caverna do campo de Macpela, em frente a Manre, na terra de Canaã;1
1003296;104558;Abraão e Sara, Isaque e Rebeca, e Lia;1
1003297;104558;Abraão e Sara, José e Raquel, e Lia;0
1003298;104558;Isaque e Rebeca, Raquel e José;0
1003299;104558;Abraão, Isaque, José e Benjamim;0
1003300;104559;Chamou José novamente para uma última conversa;0
1003301;104559;Recolheu os pés na cama, morreu e foi reunido ao seu povo;1
1003302;104559;Pediu que o levassem imediatamente para Canaã;0
1003303;104559;Adormeceu e permaneceu vários dias sem falar;0
1003304;104560;Lançou-se sobre o rosto do pai, chorou sobre ele e o beijou;1
1003305;104560;Saiu imediatamente para pedir autorização a Faraó;0
1003306;104560;Chamou os irmãos para iniciar o cortejo fúnebre;0
1003307;104560;Ordenou que o corpo fosse levado diretamente para Canaã;0
1003308;104561;Aos sacerdotes egípcios;0
1003309;104561;Aos médicos que estavam a seu serviço;1
1003310;104561;Aos anciãos da casa de Faraó;0
1003311;104561;Aos próprios irmãos;0
1003312;104562;Trinta dias de embalsamamento e quarenta de luto;0
1003313;104562;Setenta dias de embalsamamento e quarenta de luto;0
1003314;104562;Quarenta dias de embalsamamento e setenta de luto;1
1003315;104562;Quarenta dias de embalsamamento e quarenta de luto;0
1003316;104563;Que Jacó fosse sepultado em Gósen;0
1003317;104563;Que Faraó participasse pessoalmente do enterro;0
1003318;104563;Que os irmãos de José permanecessem no Egito enquanto ele viajasse;0
1003319;104563;Que lhe permitisse ir a Canaã sepultar o pai no túmulo que Jacó havia preparado para si;1
1003320;104564;Autorizou José a sepultar o pai conforme o juramento que havia feito;1
1003321;104564;Ordenou que Jacó fosse sepultado no Egito;0
1003322;104564;Permitiu apenas que os irmãos fossem a Canaã;0
1003323;104564;Exigiu que o cortejo retornasse em três dias;0
1003324;104565;Somente José e seus irmãos;0
1003325;104565;Oficiais e líderes egípcios, a casa de José, seus irmãos, a casa de seu pai, além de carruagens e cavaleiros;1
1003326;104565;Apenas os sacerdotes e os médicos de Faraó;0
1003327;104565;Somente os descendentes diretos de Jacó;0
1003328;104566;Somente os irmãos mais novos de José;0
1003329;104566;Os oficiais de Faraó e os anciãos;0
1003330;104566;As crianças, os rebanhos e o gado;1
1003331;104566;As mulheres da família de Jacó;0
1003332;104567;Como pequeno e discreto;0
1003333;104567;Como composto apenas por familiares;0
1003334;104567;Como formado somente por carruagens;0
1003335;104567;Como um cortejo muito grande, com carruagens e cavaleiros;1
1003336;104568;Sete dias;1
1003337;104568;Três dias;0
1003338;104568;Quarenta dias;0
1003339;104568;Setenta dias;0
1003340;104569;Macpela;0
1003341;104569;Abel-Mizraim;1
1003342;104569;Manre;0
1003343;104569;Gósen;0
1003344;104570;Em Berseba, junto ao poço de Isaque;0
1003345;104570;Em Betel, onde Jacó havia erguido uma coluna;0
1003346;104570;Na caverna do campo de Macpela, em frente a Manre, propriedade adquirida por Abraão de Efrom, o heteu;1
1003347;104570;Em Siquém, no campo comprado dos filhos de Hamor;0
1003348;104571;Permaneceu em Canaã com seus irmãos;0
1003349;104571;Seguiu sozinho para Gósen;0
1003350;104571;Foi diretamente encontrar Faraó em outra região;0
1003351;104571;Voltou para o Egito com seus irmãos e com todos os que o haviam acompanhado;1
1003352;104572;Que José guardasse ódio e se vingasse do mal que lhe haviam feito;1
1003353;104572;Que Faraó os expulsasse do Egito;0
1003354;104572;Que José retirasse deles a terra de Gósen;0
1003355;104572;Que uma nova fome atingisse Canaã e o Egito;0
1003356;104573;Mandou prender os mensageiros;0
1003357;104573;Chorou ao ouvir aquelas palavras;1
1003358;104573;Recusou-se a responder;0
1003359;104573;Chamou Faraó para decidir a questão;0
1003360;104574;Pediram para deixar o Egito imediatamente;0
1003361;104574;Entregaram presentes a José;0
1003362;104574;Prostraram-se diante dele e se apresentaram como seus servos;1
1003363;104574;Negaram novamente qualquer responsabilidade pelo passado;0
1003364;104575;Por que ainda desconfiavam dele;0
1003365;104575;Se haviam esquecido tudo o que acontecera;0
1003366;104575;Se queriam deixar a terra de Gósen;0
1003367;104575;Se ele estava no lugar de Deus;1
1003368;104576;Eles planejaram o mal, mas Deus o transformou em bem para preservar a vida de muita gente;1
1003369;104576;O mal dos irmãos não produziu qualquer consequência;0
1003370;104576;Deus castigou os irmãos para recompensar José;0
1003371;104576;Tudo aconteceu apenas para que José se tornasse rico;0
1003372;104577;Que todos receberiam cargos no governo egípcio;0
1003373;104577;Que ele sustentaria os irmãos e seus filhos, consolando-os e falando-lhes ao coração;1
1003374;104577;Que lhes daria novas terras em Canaã;0
1003375;104577;Que Faraó os tornaria cidadãos egípcios;0
1003376;104578;Cento e vinte anos, na terra de Canaã;0
1003377;104578;Cento e trinta anos, em Gósen;0
1003378;104578;Cento e dez anos, no Egito;1
1003379;104578;Cento e quarenta e sete anos, no Egito;0
1003380;104579;Somente seus próprios filhos, Manassés e Efraim;0
1003381;104579;Os filhos de Benjamim até a terceira geração;0
1003382;104579;A quarta geração de Manassés apenas;0
1003383;104579;Os descendentes de Efraim até a terceira geração e também os filhos de Maquir, filho de Manassés;1
1003384;104580;Que Deus certamente os visitaria e os faria sair do Egito para a terra prometida a Abraão, Isaque e Jacó;1
1003385;104580;Que permaneceriam para sempre na terra do Egito;0
1003386;104580;Que Faraó entregaria todo o Egito aos seus descendentes;0
1003387;104580;Que seus irmãos voltariam imediatamente para Canaã;0
1003388;104581;"Que o sepultassem imediatamente em Macpela; seu corpo foi levado a Canaã";0
1003389;104581;"Que levassem seus ossos quando Deus os visitasse; depois de morrer aos cento e dez anos, foi embalsamado e colocado num caixão no Egito";1
1003390;104581;"Que permanecessem no Egito até o fim da fome; seu corpo foi enterrado em Gósen";0
1003391;104581;"Que seus filhos governassem o Egito; seu corpo foi cremado segundo o costume local";0
1003392;103640;Rúben, Simeão, Levi, Judá, Issacar, Zebulom, Benjamim, Dã, Naftali, Gade e Aser;1
1003393;103640;Rúben, Simeão, Levi, Judá, José, Benjamim, Dã, Naftali, Gade, Aser e Efraim;0
1003394;103640;Rúben, Simeão, Levi, Judá, Issacar, Zebulom, José, Dã, Naftali, Gade e Aser;0
1003395;103640;Rúben, Levi, Judá, Issacar, Zebulom, Benjamim, Dã, Naftali, Gade, Aser e Manassés;0
1003396;103641;Sessenta;0
1003397;103641;Setenta;1
1003398;103641;Setenta e cinco;0
1003399;103641;Oitenta;0
1003400;103642;Voltaram para Canaã;0
1003401;103642;Foram expulsos do Egito;0
1003402;103642;Morreram;1
1003403;103642;Foram levados para outra região;0
1003404;103643;Diminuíram em número por causa da fome;0
1003405;103643;Permaneceram em pequeno número;0
1003406;103643;Cresceram apenas na região onde José havia vivido;0
1003407;103643;Foram fecundos, aumentaram muito, multiplicaram-se e se tornaram muito fortes;1
1003408;103644;Levantou-se um novo rei sobre o Egito, que não conhecera José;1
1003409;103644;Um dos descendentes de José tornou-se rei;0
1003410;103644;O faraó decidiu devolver Canaã aos israelitas;0
1003411;103644;Um rei estrangeiro libertou os descendentes de Jacó;0
1003412;103645;Os israelitas estavam abandonando o Egito;0
1003413;103645;O povo de Israel era mais numeroso e mais forte do que os egípcios;1
1003414;103645;Os israelitas haviam tomado as cidades egípcias;0
1003415;103645;O povo de Israel recusava-se a trabalhar;0
1003416;103646;Para impedir que cultivassem as terras do Egito;0
1003417;103646;Para obrigá-los a abandonar seus rebanhos;0
1003418;103646;Para evitar que continuassem aumentando e, em caso de guerra, se unissem aos inimigos, lutassem contra os egípcios e saíssem da terra;1
1003419;103646;Para impedir que escolhessem um rei entre eles;0
1003420;103647;Confiscaram todos os seus rebanhos;0
1003421;103647;Proibiram que construíssem casas;0
1003422;103647;Obrigaram-nos a trabalhar exclusivamente nos campos;0
1003423;103647;Colocaram sobre eles feitores de obras para oprimi-los com trabalhos forçados;1
1003424;103648;Pitom e Ramessés;1
1003425;103648;Gósen e Ramessés;0
1003426;103648;Pitom e Mênfis;0
1003427;103648;Sucote e Pitom;0
1003428;103649;Quanto mais eram afligidos, mais diminuíam;0
1003429;103649;Quanto mais eram afligidos, mais se multiplicavam e se espalhavam;1
1003430;103649;A população permaneceu estável;0
1003431;103649;Os israelitas deixaram imediatamente o Egito;0
1003432;103650;Os egípcios passaram a admirá-los;0
1003433;103650;Os egípcios decidiram libertá-los;0
1003434;103650;Os egípcios passaram a temer os filhos de Israel;1
1003435;103650;Os egípcios ofereceram-lhes cargos de liderança;0
1003436;103651;Permitiram que trabalhassem livremente;0
1003437;103651;Pagaram salários maiores para aumentar a produção;0
1003438;103651;Dividiram o trabalho igualmente entre egípcios e israelitas;0
1003439;103651;Fizeram os filhos de Israel trabalhar com dureza;1
1003440;103652;Trabalho com barro e tijolos, todo tipo de trabalho no campo e outros serviços realizados com dureza;1
1003441;103652;Somente a construção de palácios para Faraó;0
1003442;103652;Apenas o cultivo de trigo e cevada;0
1003443;103652;Trabalho militar e fabricação de armas;0
1003444;103653;Miriã e Joquebede;0
1003445;103653;Sifrá e Puá;1
1003446;103653;Raquel e Lia;0
1003447;103653;Zípora e Sifrá;0
1003448;103654;Levar todas as crianças para o palácio;0
1003449;103654;Entregar os meninos aos soldados egípcios;0
1003450;103654;"Se fosse menino, deveriam matá-lo; se fosse menina, poderiam deixá-la viver";1
1003451;103654;Impedir que as mulheres hebreias tivessem mais filhos;0
1003452;103655;Porque receberam dinheiro dos israelitas;0
1003453;103655;Porque fugiram do Egito;0
1003454;103655;Porque não conseguiram identificar os meninos hebreus;0
1003455;103655;Porque temeram a Deus e deixaram os meninos viver;1
1003456;103656;Por que haviam feito aquilo e deixado os meninos viver;1
1003457;103656;Quantas crianças haviam nascido naquele mês;0
1003458;103656;Por que haviam abandonado suas funções;0
1003459;103656;Quem havia ordenado que protegessem as crianças;0
1003460;103657;As famílias escondiam as crianças antes da chegada das parteiras;0
1003461;103657;As mulheres hebreias eram vigorosas e davam à luz antes que a parteira chegasse;1
1003462;103657;Os soldados egípcios se recusavam a cumprir as ordens;0
1003463;103657;As parteiras não conseguiam chegar às casas dos hebreus;0
1003464;103658;Deus as enviou para fora do Egito;0
1003465;103658;Deus as tornou líderes entre os israelitas;0
1003466;103658;Deus lhes fez bem e, porque temeram a Deus, constituiu-lhes família;1
1003467;103658;Deus as colocou a serviço da casa de Faraó;0
1003468;103659;Deixou de crescer por causa da opressão;0
1003469;103659;Fugiu para Canaã;0
1003470;103659;Passou a viver entre os egípcios sem distinção;0
1003471;103659;Aumentou e se tornou muito forte;1
1003472;103660;Todo menino hebreu que nascesse deveria ser lançado no Nilo, mas as meninas deveriam ser deixadas viver;1
1003473;103660;Todas as crianças hebreias deveriam ser expulsas do Egito;0
1003474;103660;Os meninos deveriam ser entregues ao palácio e as meninas às famílias egípcias;0
1003475;103660;Todos os recém-nascidos hebreus deveriam ser levados para as cidades-armazéns;0
1003476;103661;Judá;0
1003477;103661;Levi;1
1003478;103661;Benjamim;0
1003479;103661;Rúben;0
1003480;103662;Escondeu-o durante três meses;1
1003481;103662;Entregou-o imediatamente à filha de Faraó;0
1003482;103662;Levou-o para fora do Egito;0
1003483;103662;Deixou-o aos cuidados de uma parteira;0
1003484;103663;Fez um cesto de madeira e cobriu-o com tecido;0
1003485;103663;Fez um cesto de palha e revestiu-o com barro;0
1003486;103663;Pegou um cesto de papiro e o revestiu com betume e piche;1
1003487;103663;Pegou um cesto de junco e o revestiu com couro;0
1003488;103664;No meio do rio Nilo, deixando-o seguir a correnteza;0
1003489;103664;Entre os juncos, à margem do rio;1
1003490;103664;Próximo ao palácio de Faraó;0
1003491;103664;Junto a uma embarcação egípcia;0
1003492;103665;Voltou para casa e contou ao pai;0
1003493;103665;Chamou imediatamente a filha de Faraó;0
1003494;103665;Escondeu-se dentro de uma embarcação;0
1003495;103665;Ficou de longe para saber o que aconteceria com ele;1
1003496;103666;Ela desceu ao rio para se banhar, enquanto suas servas passeavam pela margem;1
1003497;103666;Ela atravessava o rio em uma embarcação real;0
1003498;103666;Ela procurava crianças hebreias escondidas;0
1003499;103666;Ela caminhava sozinha pelos campos próximos ao palácio;0
1003500;103667;Mandou que fosse destruído;0
1003501;103667;Chamou os soldados de Faraó;0
1003502;103667;Enviou uma criada para buscá-lo;1
1003503;103667;Pediu que as mulheres hebreias o retirassem;0
1003504;103668;Uma menina hebreia dormindo;0
1003505;103668;Um menino que chorava;1
1003506;103668;Alimentos e roupas de uma família hebreia;0
1003507;103668;Um menino acompanhado de sua mãe;0
1003508;103669;Que era filho de um sacerdote egípcio;0
1003509;103669;Que pertencia à família de Faraó;0
1003510;103669;Que era filho de estrangeiros vindos de Canaã;0
1003511;103669;Que era um dos filhos dos hebreus;1
1003512;103670;Chamar uma mulher hebreia que servisse de ama e amamentasse o menino;1
1003513;103670;Levar o menino diretamente ao palácio;0
1003514;103670;Entregar o menino aos sacerdotes egípcios;0
1003515;103670;Procurar o pai do menino entre os trabalhadores hebreus;0
1003516;103671;Uma parteira egípcia;0
1003517;103671;A própria mãe do menino;1
1003518;103671;Uma serva da casa de Faraó;0
1003519;103671;Uma mulher da tribo de Judá;0
1003520;103672;A mulher deveria criar o menino sem revelar sua origem;0
1003521;103672;A mulher deveria levá-lo imediatamente para Midiã;0
1003522;103672;A mulher deveria levar o menino, amamentá-lo para ela e receberia pagamento;1
1003523;103672;A mulher deveria entregar o menino aos sacerdotes assim que ele aprendesse a falar;0
1003524;103673;Foi trabalhar nas cidades-armazéns;0
1003525;103673;Foi enviado para Canaã;0
1003526;103673;Tornou-se sacerdote entre os hebreus;0
1003527;103673;Sua mãe o levou à filha de Faraó, e ele passou a ser filho dela;1
1003528;103674;Porque disse que o havia tirado das águas;1
1003529;103674;Porque ele havia sido encontrado entre os juncos;0
1003530;103674;Porque esse era o nome de um príncipe egípcio;0
1003531;103674;Porque significava “filho dos hebreus”;0
1003532;103675;Os hebreus preparando-se para fugir do Egito;0
1003533;103675;Os trabalhos pesados deles e um egípcio espancando um hebreu;1
1003534;103675;Um grupo de hebreus atacando soldados egípcios;0
1003535;103675;Faraó supervisionando pessoalmente os trabalhadores;0
1003536;103676;Chamou os oficiais de Faraó;0
1003537;103676;Fugiu sem interferir;0
1003538;103676;Olhou para todos os lados e, vendo que não havia ninguém, matou o egípcio e o escondeu na areia;1
1003539;103676;Levou o hebreu ferido para sua casa;0
1003540;103677;Dois egípcios discutindo com um hebreu;0
1003541;103677;Um grupo planejando deixar o Egito;0
1003542;103677;Um hebreu sendo preso pelos oficiais de Faraó;0
1003543;103677;Dois hebreus brigando;1
1003544;103678;“Por que você está espancando o seu próximo?”;1
1003545;103678;“Por que vocês ainda permanecem no Egito?”;0
1003546;103678;“Quem começou esta briga?”;0
1003547;103678;“Onde estão os oficiais de Faraó?”;0
1003548;103679;Pediu perdão e encerrou a briga;0
1003549;103679;Perguntou quem havia colocado Moisés como príncipe e juiz sobre eles e se ele pretendia matá-lo como matou o egípcio;1
1003550;103679;Disse que denunciaria Moisés à filha de Faraó;0
1003551;103679;Afirmou que não sabia da morte do egípcio;0
1003552;103680;Que Faraó havia perdoado sua ação;0
1003553;103680;Que os hebreus queriam fazê-lo líder;0
1003554;103680;Que certamente o caso havia se tornado conhecido;1
1003555;103680;Que ninguém além daquele homem sabia do ocorrido;0
1003556;103681;Expulsá-lo apenas do palácio;0
1003557;103681;Prendê-lo para que trabalhasse com os hebreus;0
1003558;103681;Enviá-lo para uma cidade distante;0
1003559;103681;Matá-lo;1
1003560;103682;Para a terra de Midiã;1
1003561;103682;Para Canaã;0
1003562;103682;Para Moabe;0
1003563;103682;Para Edom;0
1003564;103683;Junto a uma montanha;0
1003565;103683;Junto a um poço;1
1003566;103683;Dentro de uma cidade fortificada;0
1003567;103683;Na casa de um sacerdote;0
1003568;103684;Cinco;0
1003569;103684;Seis;0
1003570;103684;Sete;1
1003571;103684;Oito;0
1003572;103685;Buscar água para sua família;0
1003573;103685;Procurar Moisés;0
1003574;103685;Lavar as roupas da família;0
1003575;103685;Tirar água e encher os bebedouros para dar de beber ao rebanho de seu pai;1
1003576;103686;Alguns pastores chegaram e as expulsaram, mas Moisés se levantou, defendeu as mulheres e deu de beber ao rebanho;1
1003577;103686;Soldados egípcios chegaram e prenderam Moisés;0
1003578;103686;O poço secou antes que elas pudessem tirar água;0
1003579;103686;O rebanho se dispersou pelo deserto;0
1003580;103687;Jetro;0
1003581;103687;Reuel;1
1003582;103687;Hobabe;0
1003583;103687;Gérson;0
1003584;103688;Por que haviam deixado o rebanho sozinho;0
1003585;103688;Quem havia tirado água do poço;0
1003586;103688;Por que haviam voltado tão cedo naquele dia;1
1003587;103688;Por que não haviam chamado os outros pastores;0
1003588;103689;Como um hebreu que havia fugido de Faraó;0
1003589;103689;Como um príncipe vindo de Canaã;0
1003590;103689;Como um pastor de outra região de Midiã;0
1003591;103689;Como um egípcio que as havia livrado dos pastores e ainda tirado água para o rebanho;1
1003592;103690;Onde estava o homem, por que o haviam deixado lá e por que não o haviam chamado para comer;1
1003593;103690;Se o homem havia pedido pagamento pela ajuda;0
1003594;103690;Se Moisés pretendia permanecer em Midiã;0
1003595;103690;Por que haviam contado ao estrangeiro onde moravam;0
1003596;103691;Moisés tornou-se sacerdote de Midiã;0
1003597;103691;O homem deu a Moisés sua filha Zípora em casamento;1
1003598;103691;Moisés voltou imediatamente ao Egito;0
1003599;103691;Moisés recebeu parte do território de Midiã;0
1003600;103692;Eliézer;0
1003601;103692;Arão;0
1003602;103692;Gérson;1
1003603;103692;Nadabe;0
1003604;103693;Porque Deus o havia livrado de Faraó;0
1003605;103693;Porque o menino havia nascido junto a um poço;0
1003606;103693;Porque sua família havia crescido em Midiã;0
1003607;103693;Porque havia sido peregrino em terra estrangeira;1
1003608;103694;O rei do Egito morreu;1
1003609;103694;Os israelitas foram libertados;0
1003610;103694;As cidades-armazéns foram destruídas;0
1003611;103694;Os egípcios deixaram de impor trabalhos aos israelitas;0
1003612;103695;Organizaram uma revolta contra os egípcios;0
1003613;103695;Gemeram sob a escravidão, clamaram, e o seu clamor subiu a Deus;1
1003614;103695;Fugiram em grupos para Midiã;0
1003615;103695;Pediram ajuda aos povos vizinhos;0
1003616;103696;Enviou imediatamente Moisés ao Egito;0
1003617;103696;Destruiu o rei do Egito;0
1003618;103696;Lembrou-se de sua aliança com Abraão, Isaque e Jacó;1
1003619;103696;Ordenou que os israelitas partissem naquela mesma noite;0
1003620;103697;Deus enviou um anjo para libertá-los;0
1003621;103697;Deus falou diretamente a todo o povo;0
1003622;103697;Deus castigou imediatamente os egípcios;0
1003623;103697;Deus viu os filhos de Israel e atentou para a situação deles;1
1003624;103698;Para o outro lado do deserto, chegando a Horebe, o monte de Deus;1
1003625;103698;Para a terra de Canaã, chegando a Betel;0
1003626;103698;Para as margens do rio Nilo;0
1003627;103698;Para o deserto de Parã, chegando a Cades;0
1003628;103699;Em uma coluna de nuvem sobre o monte;0
1003629;103699;Numa chama de fogo, no meio de uma sarça;1
1003630;103699;Como um homem junto a uma fonte;0
1003631;103699;Em meio a uma forte tempestade;0
1003632;103700;A sarça produzia frutos em pleno deserto;0
1003633;103700;Uma nuvem permanecia sobre a sarça;0
1003634;103700;A sarça estava em chamas, mas não se consumia;1
1003635;103700;O rebanho se recusava a aproximar-se dela;0
1003636;103701;Reunir o rebanho e voltar para Midiã;0
1003637;103701;Apagar o fogo da sarça;0
1003638;103701;Chamar Jetro para observar o fenômeno;0
1003639;103701;Aproximar-se para ver aquela grande maravilha e descobrir por que a sarça não se queimava;1
1003640;103702;Chamou do meio da sarça: “Moisés! Moisés!”;1
1003641;103702;Enviou um anjo para chamá-lo pelo nome;0
1003642;103702;Falou do alto do monte sem mencionar seu nome;0
1003643;103702;Chamou-o de “filho de Israel”;0
1003644;103703;“Fala, Senhor”;0
1003645;103703;“Eis-me aqui”;1
1003646;103703;“Quem és tu?”;0
1003647;103703;“Aqui está o teu servo”;0
1003648;103704;Que deixasse o rebanho e subisse ao monte;0
1003649;103704;Que construísse um altar naquele lugar;0
1003650;103704;Que não se aproximasse e tirasse as sandálias dos pés, porque o lugar em que estava era terra santa;1
1003651;103704;Que cobrisse o rosto e permanecesse ajoelhado;0
1003652;103705;Como o Criador dos céus e da terra;0
1003653;103705;Como o Deus dos exércitos de Israel;0
1003654;103705;Como o Deus que havia conduzido José ao Egito;0
1003655;103705;Como o Deus de seu pai, o Deus de Abraão, o Deus de Isaque e o Deus de Jacó;1
1003656;103706;Cobriu o rosto, porque teve medo de olhar para Deus;1
1003657;103706;Caiu imediatamente com o rosto em terra;0
1003658;103706;Correu de volta para Midiã;0
1003659;103706;Pediu um sinal para confirmar quem falava;0
1003660;103707;Que o povo havia se esquecido da aliança;0
1003661;103707;Que havia visto a aflição de seu povo, ouvido seu clamor por causa dos feitores e conhecido o seu sofrimento;1
1003662;103707;Que os israelitas estavam preparados para lutar contra Faraó;0
1003663;103707;Que os israelitas haviam decidido deixar o Egito sem ajuda;0
1003664;103708;Para estabelecer Moisés como rei do Egito;0
1003665;103708;Para castigar somente os feitores egípcios;0
1003666;103708;Para livrar o povo das mãos dos egípcios e fazê-lo subir daquela terra para uma terra boa e ampla;1
1003667;103708;Para levar os israelitas de volta a Midiã;0
1003668;103709;Como uma terra de grandes cidades e exércitos poderosos;0
1003669;103709;Como uma terra desabitada que precisaria ser cultivada;0
1003670;103709;Como uma terra semelhante ao Egito;0
1003671;103709;Como uma terra boa e ampla, terra que mana leite e mel;1
1003672;103710;Cananeus, heteus, amorreus, ferezeus, heveus e jebuseus;1
1003673;103710;Filisteus, moabitas, amonitas, edomitas, midianitas e cananeus;0
1003674;103710;Amorreus, filisteus, assírios, heteus, heveus e jebuseus;0
1003675;103710;Cananeus, egípcios, ferezeus, moabitas, heveus e edomitas;0
1003676;103711;Que os israelitas já haviam derrotado seus opressores;0
1003677;103711;Que o clamor dos filhos de Israel havia chegado até ele e que ele tinha visto como os egípcios os oprimiam;1
1003678;103711;Que os egípcios estavam dispostos a libertar o povo;0
1003679;103711;Que o povo havia deixado de clamar por libertação;0
1003680;103712;Reunir um exército em Midiã;0
1003681;103712;Negociar uma nova condição de trabalho para os hebreus;0
1003682;103712;Ir a Faraó para tirar do Egito os filhos de Israel, povo de Deus;1
1003683;103712;Levar somente sua própria família para Canaã;0
1003684;103713;Disse que Faraó jamais ouviria um hebreu;0
1003685;103713;Alegou que não conhecia o caminho de volta ao Egito;0
1003686;103713;Disse que os israelitas não se lembrariam dele;0
1003687;103713;Perguntou quem era ele para ir a Faraó e tirar do Egito os filhos de Israel;1
1003688;103714;“Eu estarei com você”;1
1003689;103714;“Faraó não resistirá a você”;0
1003690;103714;“Arão fará tudo em seu lugar”;0
1003691;103714;“Os egípcios terão medo de você”;0
1003692;103715;O cajado de Moisés se transformaria diante de Faraó;0
1003693;103715;Depois de tirar o povo do Egito, eles serviriam a Deus naquele monte;1
1003694;103715;Os israelitas venceriam os egípcios em uma batalha;0
1003695;103715;Jetro acompanharia Moisés até o Egito;0
1003696;103716;Perguntou como provaria que conhecia Abraão;0
1003697;103716;Perguntou qual seria o nome do povo depois da libertação;0
1003698;103716;Perguntou o que deveria responder se os israelitas perguntassem qual era o nome de Deus;1
1003699;103716;Perguntou qual nome deveria dar à terra prometida;0
1003700;103717;“Eu sou o Deus de Israel”;0
1003701;103717;“Eu sou o Deus Todo-Poderoso”;0
1003702;103717;“Eu sou o Deus de Abraão”;0
1003703;103717;“EU SOU O QUE SOU”;1
1003704;103718;“EU SOU me enviou a vocês”;1
1003705;103718;“O Deus de Midiã me enviou a vocês”;0
1003706;103718;“O Deus do monte me enviou a vocês”;0
1003707;103718;“O Deus dos exércitos me enviou a vocês”;0
1003708;103719;Como o Deus que apareceu somente a Moisés;0
1003709;103719;Como o Senhor, Deus de seus pais, o Deus de Abraão, de Isaque e de Jacó;1
1003710;103719;Como o Deus desconhecido que habitava em Horebe;0
1003711;103719;Como o Deus que havia governado o Egito nos dias de José;0
1003712;103720;Que seu nome deveria ser usado apenas por Moisés;0
1003713;103720;Que um novo nome seria revelado depois da saída do Egito;0
1003714;103720;Que esse era seu nome eternamente e assim ele deveria ser lembrado de geração em geração;1
1003715;103720;Que seu nome não deveria ser pronunciado pelos israelitas;0
1003716;103721;Todos os homens capazes de lutar;0
1003717;103721;Os sacerdotes egípcios;0
1003718;103721;Os descendentes de Levi;0
1003719;103721;Os anciãos de Israel;1
1003720;103722;Que o Senhor os havia visitado e visto o que lhes estava sendo feito no Egito;1
1003721;103722;Que deveriam abandonar imediatamente suas casas;0
1003722;103722;Que Deus havia escolhido um novo rei para o Egito;0
1003723;103722;Que a opressão terminaria sem que precisassem deixar o país;0
1003724;103723;Da aflição do Egito para Midiã;0
1003725;103723;Da aflição do Egito para a terra dos cananeus e dos outros povos mencionados, uma terra que mana leite e mel;1
1003726;103723;Das cidades de Faraó para o deserto de Parã;0
1003727;103723;Do Egito diretamente para Horebe, onde permaneceriam;0
1003728;103724;Exigiriam um sinal antes de ouvi-lo;0
1003729;103724;Recusariam a mensagem inicialmente;0
1003730;103724;Dariam ouvidos à voz de Moisés;1
1003731;103724;Pediriam autorização a Faraó antes de responder;0
1003732;103725;Arão e seus filhos;0
1003733;103725;Sua esposa e seus filhos;0
1003734;103725;Os sacerdotes de Levi;0
1003735;103725;Os anciãos de Israel;1
1003736;103726;Permissão para caminhar três dias pelo deserto e oferecer sacrifícios ao Senhor, Deus dos hebreus;1
1003737;103726;A libertação imediata e definitiva de todos os escravos do Egito;0
1003738;103726;Permissão para construir um templo dentro do Egito;0
1003739;103726;Três dias sem trabalhos forçados para realizar uma festa;0
1003740;103727;Faraó concordaria depois de consultar seus oficiais;0
1003741;103727;O rei do Egito não os deixaria ir, a não ser obrigado por mão forte;1
1003742;103727;Faraó permitiria apenas que os anciãos partissem;0
1003743;103727;O rei aceitaria o pedido de três dias sem resistência;0
1003744;103728;Enviaria os israelitas para outra região do Egito;0
1003745;103728;Levantaria um exército entre os hebreus;0
1003746;103728;Estenderia a mão e feriria o Egito com todas as maravilhas que faria no meio dele;1
1003747;103728;Destruiria imediatamente todo o Egito;0
1003748;103729;Os israelitas permaneceriam no Egito como povo livre;0
1003749;103729;Moisés se tornaria governador do Egito;0
1003750;103729;Os egípcios acompanhariam Israel até Canaã;0
1003751;103729;O rei do Egito deixaria o povo ir;1
1003752;103730;O povo encontraria favor diante dos egípcios e não sairia de mãos vazias;1
1003753;103730;Os israelitas receberiam todas as cidades do Egito;0
1003754;103730;Os egípcios entregariam seus rebanhos aos israelitas;0
1003755;103730;Faraó dividiria seus tesouros igualmente entre as famílias hebreias;0
1003756;103731;Alimentos, animais e tendas;0
1003757;103731;Objetos de prata, objetos de ouro e roupas;1
1003758;103731;Armas, ferramentas e alimentos;0
1003759;103731;Terras, casas e rebanhos;0
1003760;103732;Sobre os animais que levariam na viagem;0
1003761;103732;Sobre os anciãos de Israel;0
1003762;103732;Sobre seus filhos e suas filhas;1
1003763;103732;Sobre os sacerdotes e levitas;0
1003764;103733;Os bens seriam deixados no deserto como oferta;0
1003765;103733;Os objetos seriam devolvidos depois de três dias;0
1003766;103733;Os anciãos administrariam todos os objetos recebidos;0
1003767;103733;Os israelitas despojariam os egípcios;1
1003768;103186;Hebrom;0
1003769;103186;Ziclague;1
1003770;103186;Jerusalém;0
1003771;103186;Belém;0
1003772;103187;Cinto rasgado e cajado quebrado;0
1003773;103187;Manto novo e óleo sobre a cabeça;0
1003774;103187;Sandálias nas mãos e espada na cintura;0
1003775;103187;Roupas rasgadas e terra sobre a cabeça;1
1003776;103188;Fugi do arraial de Israel;1
1003777;103188;Vim das terras de Moabe;0
1003778;103188;Saí das portas de Jerusalém;0
1003779;103188;Voltei do acampamento dos filisteus;0
1003780;103189;Abner, comandante do exército;0
1003781;103189;Mefibosete, neto de Saul;0
1003782;103189;Jônatas, seu filho;1
1003783;103189;Isbosete, filho de Saul;0
1003784;103190;Carmelo;0
1003785;103190;Gilboa;1
1003786;103190;Hermom;0
1003787;103190;Sião;0
1003788;103191;Gibeonita;0
1003789;103191;Moabita;0
1003790;103191;Jebuseu;0
1003791;103191;Amalequita;1
1003792;103192;A coroa e o bracelete;1
1003793;103192;A espada e o escudo;0
1003794;103192;O manto e a lança;0
1003795;103192;O cinto e as sandálias;0
1003796;103193;Lavou-as;0
1003797;103193;Escondeu-as;0
1003798;103193;Rasgou-as;1
1003799;103193;Entregou-as ao mensageiro;0
1003800;103194;Até o amanhecer;0
1003801;103194;Até à tarde;1
1003802;103194;Até o terceiro dia;0
1003803;103194;Até a lua nova;0
1003804;103195;O profeta de Israel;0
1003805;103195;O sacerdote de Hebrom;0
1003806;103195;O príncipe de Judá;0
1003807;103195;O ungido do Senhor;1
1003808;103196;Lançasse-se sobre aquele homem;1
1003809;103196;Levasse o homem a Hebrom;0
1003810;103196;Guardasse a coroa no templo;0
1003811;103196;Chamasse os anciãos de Judá;0
1003812;103197;O Cântico da Vinha;0
1003813;103197;O Salmo das Subidas;0
1003814;103197;O Hino ao Arco;1
1003815;103197;A Lamentação de Moabe;0
1003816;103198;Livro das Guerras;0
1003817;103198;Livro dos Justos;1
1003818;103198;Livro das Crônicas;0
1003819;103198;Livro da Aliança;0
1003820;103199;Sobre os seus vales;0
1003821;103199;Às portas de Hebrom;0
1003822;103199;Junto ao ribeiro de Cedrom;0
1003823;103199;Sobre os seus montes;1
1003824;103200;Asquelom;1
1003825;103200;Jericó;0
1003826;103200;Samaria;0
1003827;103200;Damasco;0
1003828;103201;Púrpura real;0
1003829;103201;Linho branco;0
1003830;103201;Rico escarlate;1
1003831;103201;Azul celeste;0
1003832;103202;O amor dos irmãos;0
1003833;103202;O amor de mulheres;1
1003834;103202;O amor dos servos;0
1003835;103202;O amor dos guerreiros;0
1003836;103203;As tendas de Israel;0
1003837;103203;Os carros de Saul;0
1003838;103203;Os escudos de Judá;0
1003839;103203;As armas de guerra;1
1003840;103204;Ziclague;0
1003841;103204;Hebrom;1
1003842;103204;Gibeá;0
1003843;103204;Jerusalém;0
1003844;103205;No deserto de Zife;0
1003845;103205;Nas aldeias de Gate;0
1003846;103205;Nos campos de Jericó;0
1003847;103205;Nas aldeias de Hebrom;1
1003848;103206;Ungiram-no rei sobre a casa de Judá;1
1003849;103206;Fizeram-no sacerdote em Gibeão;0
1003850;103206;Nomearam-no juiz sobre Benjamim;0
1003851;103206;Enviaram-no de volta a Ziclague;0
1003852;103207;Abner;0
1003853;103207;Jônatas;0
1003854;103207;Saul;1
1003855;103207;Isbosete;0
1003856;103208;Belém;0
1003857;103208;Maanaim;1
1003858;103208;Siquém;0
1003859;103208;Gilgal;0
1003860;103209;Trinta anos;0
1003861;103209;Cinquenta anos;0
1003862;103209;Vinte anos;0
1003863;103209;Quarenta anos;1
1003864;103210;Sete anos e seis meses;1
1003865;103210;Dois anos completos;0
1003866;103210;Quarenta anos;0
1003867;103210;Três anos e meio;0
1003868;103211;Gilboa;0
1003869;103211;Ramá;0
1003870;103211;Gibeão;1
1003871;103211;Mispa;0
1003872;103212;Porta oriental de Gibeão;0
1003873;103212;Cisterna de Gibeão;1
1003874;103212;Monte de Gibeão;0
1003875;103212;Eira de Gibeão;0
1003876;103213;Sete;0
1003877;103213;Vinte;0
1003878;103213;Trinta;0
1003879;103213;Doze;1
1003880;103214;Campo das Espadas;1
1003881;103214;Baal-Perazim;0
1003882;103214;En-Rogel;0
1003883;103214;Perez-Uzá;0
1003884;103215;Um leão novo;0
1003885;103215;Um cavalo de guerra;0
1003886;103215;Uma gazela selvagem;1
1003887;103215;Uma águia do céu;0
1003888;103216;Joabe;0
1003889;103216;Abner;1
1003890;103216;Isbosete;0
1003891;103216;Abisai;0
1003892;103217;O rei de Judá;0
1003893;103217;O sacerdote de Gibeão;0
1003894;103217;O mensageiro de Saul;0
1003895;103217;Um dos soldados;1
1003896;103218;A extremidade inferior da lança;1
1003897;103218;A ponta afiada;0
1003898;103218;A haste quebrada;0
1003899;103218;A correia;0
1003900;103219;Hebrom;0
1003901;103219;Belém;0
1003902;103219;Giá;1
1003903;103219;Maanaim;0
1003904;103220;Na porta de Hebrom;0
1003905;103220;No cume de um colina;1
1003906;103220;Junto ao Jordão;0
1003907;103220;À entrada do deserto;0
1003908;103221;Honra;0
1003909;103221;Vitória;0
1003910;103221;Silêncio;0
1003911;103221;Consequências amargas;1
1003912;103222;Asael;1
1003913;103222;Abisai;0
1003914;103222;Amasa;0
1003915;103222;Benaia;0
1003916;103223;Hebrom;0
1003917;103223;Gibeão;0
1003918;103223;Belém;1
1003919;103223;Maanaim;0
1003920;103224;Saul se fortalecia, e Judá se dispersava;0
1003921;103224;Davi se fortalecia, e a casa de Saul se enfraquecia;1
1003922;103224;Abner reinava, e Hebrom se calava;0
1003923;103224;Israel crescia, e Davi fugia;0
1003924;103225;Abigail, a carmelita;0
1003925;103225;Hagite;0
1003926;103225;Eglá;0
1003927;103225;Ainoã, a jezreelita;1
1003928;103226;Abigail, viúva de Nabal, o carmelita;1
1003929;103226;Maaca, filha de Talmai;0
1003930;103226;Abital;0
1003931;103226;Mical, filha de Saul;0
1003932;103227;Naás, rei de Amom;0
1003933;103227;Hadadezer, rei de Zobá;0
1003934;103227;Talmai, rei de Gesur;1
1003935;103227;Toí, rei de Hamate;0
1003936;103228;Abital;0
1003937;103228;Hagite;1
1003938;103228;Eglá;0
1003939;103228;Ainoã;0
1003940;103229;Abigail, a carmelita;0
1003941;103229;Maaca, filha de Talmai;0
1003942;103229;Rispa, filha de Aiá;0
1003943;103229;Eglá, mulher de Davi;1
1003944;103230;Na casa de Saul;1
1003945;103230;Na casa de Judá;0
1003946;103230;Na casa de Joabe;0
1003947;103230;Na casa de Natã;0
1003948;103231;Ner;0
1003949;103231;Jessé;0
1003950;103231;Aiá;1
1003951;103231;Talmai;0
1003952;103232;Leão;0
1003953;103232;Cão;1
1003954;103232;Jumento;0
1003955;103232;Serpente;0
1003956;103233;Hebrom;0
1003957;103233;Gibeão;0
1003958;103233;Jabes-Gileade;0
1003959;103233;Berseba;1
1003960;103234;Mical, filha de Saul;1
1003961;103234;Rispa, filha de Aiá;0
1003962;103234;Tamar, filha de Davi;0
1003963;103234;Abigail, viúva de Nabal;0
1003964;103235;Ner;0
1003965;103235;Quis;0
1003966;103235;Laís;1
1003967;103235;Rimom;0
1003968;103236;Jericó;0
1003969;103236;Baurim;1
1003970;103236;Gibeão;0
1003971;103236;Belém;0
1003972;103237;Isbosete;0
1003973;103237;Saul;0
1003974;103237;Joabe;0
1003975;103237;Davi;1
1003976;103238;Benjamim;1
1003977;103238;Judá;0
1003978;103238;Levi;0
1003979;103238;Gade;0
1003980;103239;Doze;0
1003981;103239;Cinquenta;0
1003982;103239;Vinte;1
1003983;103239;Setenta;0
1003984;103240;Preso;0
1003985;103240;Em paz;1
1003986;103240;Ferido;0
1003987;103240;Desarmado;0
1003988;103241;Amnom, filho de Davi;0
1003989;103241;Saul, rei de Israel;0
1003990;103241;Jônatas, filho de Saul;0
1003991;103241;Asael, seu irmão;1
1003992;103242;Do sangue de Abner;1
1003993;103242;Da fuga de Isbosete;0
1003994;103242;Da guerra em Gibeão;0
1003995;103242;Da queda de Saul;0
1003996;103243;Asael;0
1003997;103243;Isbosete;0
1003998;103243;Abner;1
1003999;103243;Saul;0
1004000;103244;De Abisai;0
1004001;103244;Do rei;1
1004002;103244;Dos anciãos;0
1004003;103244;Dos benjamitas;0
1004004;103245;Um sacerdote e escriba;0
1004005;103245;Um profeta e cantor;0
1004006;103245;Um juiz e conselheiro;0
1004007;103245;Um príncipe e grande homem;1
1004008;103246;Levantadas;0
1004009;103246;Afrouxadas;1
1004010;103246;Amarradas;0
1004011;103246;Feridas;0
1004012;103247;Ner, abiezrita;0
1004013;103247;Quis, benjamita;0
1004014;103247;Talmai, gesurita;0
1004015;103247;Rimom, beerotita;1
1004016;103248;Gitaim;1
1004017;103248;Hebrom;0
1004018;103248;Baurim;0
1004019;103248;Maanaim;0
1004020;103249;Abner;0
1004021;103249;Isbosete;0
1004022;103249;Jônatas;1
1004023;103249;Davi;0
1004024;103250;Ao romper da manhã;0
1004025;103250;No maior calor do dia;1
1004026;103250;À meia-noite;0
1004027;103250;Ao pôr do sol;0
1004028;103251;Na porta da cidade;0
1004029;103251;Junto ao açude de Hebrom;0
1004030;103251;No campo de batalha;0
1004031;103251;No seu leito, no quarto de dormir;1
1004032;103252;Hebrom;1
1004033;103252;Ziclague;0
1004034;103252;Jerusalém;0
1004035;103252;Berseba;0
1004036;103253;Da mão de Abner;0
1004037;103253;Da espada de Joabe;0
1004038;103253;De toda angústia;1
1004039;103253;Da casa de Rimom;0
1004040;103254;Abner;0
1004041;103254;Saul;1
1004042;103254;Asael;0
1004043;103254;Isbosete;0
1004044;103255;Seu trono;0
1004045;103255;Seu cavalo;0
1004046;103255;Seu altar;0
1004047;103255;Seu leito;1
1004048;103256;Açude;1
1004049;103256;Porta do palácio;0
1004050;103256;Sepultura de Saul;0
1004051;103256;Casa de Abner;0
1004052;103257;Saul;0
1004053;103257;Jônatas;0
1004054;103257;Abner;1
1004055;103257;Asael;0
1004056;103258;Servo e parente;0
1004057;103258;Do mesmo povo que o senhor;1
1004058;103258;Escudo e lança;0
1004059;103258;Povo e aliança;0
1004060;103259;Voltar;0
1004061;103259;Jejuar;0
1004062;103259;Dormir;0
1004063;103259;Entradas e saídas;1
1004064;103260;O Senhor;1
1004065;103260;Joabe;0
1004066;103260;Abner;0
1004067;103260;Os filisteus;0
1004068;103261;Quarenta anos;0
1004069;103261;Vinte anos;0
1004070;103261;Trinta anos;1
1004071;103261;Cinquenta anos;0
1004072;103262;Trinta e três anos;0
1004073;103262;Sete anos e seis meses;1
1004074;103262;Quarenta anos;0
1004075;103262;Dois anos;0
1004076;103263;Sete anos e seis meses;0
1004077;103263;Doze anos;0
1004078;103263;Vinte anos;0
1004079;103263;Trinta e três anos;1
1004080;103264;Cidade de Davi;1
1004081;103264;Cidade de Saul;0
1004082;103264;Fortaleza de Judá;0
1004083;103264;Monte de Joabe;0
1004084;103265;Para fora;0
1004085;103265;Para o sul;0
1004086;103265;Para dentro;1
1004087;103265;Para o vale;0
1004088;103266;Contra ele;0
1004089;103266;Com ele;1
1004090;103266;Distante dele;0
1004091;103266;Oculto dele;0
1004092;103267;Sacerdotes;0
1004093;103267;Cantores;0
1004094;103267;Profetas;0
1004095;103267;Pedreiros;1
1004096;103268;Seu povo Israel;1
1004097;103268;Sua casa em Hebrom;0
1004098;103268;Seus soldados de Judá;0
1004099;103268;Seus filhos em Jerusalém;0
1004100;103269;Absalão;0
1004101;103269;Amnom;0
1004102;103269;Salomão;1
1004103;103269;Quileabe;0
1004104;103270;Sidim;0
1004105;103270;Refaim;1
1004106;103270;Jordão;0
1004107;103270;Escol;0
1004108;103271;Perez-Uzá;0
1004109;103271;Campo das Espadas;0
1004110;103271;En-Rogel;0
1004111;103271;Baal-Perazim;1
1004112;103272;Seus ídolos;1
1004113;103272;Seus carros;0
1004114;103272;Suas tendas;0
1004115;103272;Seus escudos;0
1004116;103273;Oliveiras;0
1004117;103273;Cedros;0
1004118;103273;Amoreiras;1
1004119;103273;Figueiras;0
1004120;103274;Um som de águas;0
1004121;103274;Um barulho de marcha;1
1004122;103274;Um canto de mulheres;0
1004123;103274;Um rugido de leões;0
1004124;103275;Gate;0
1004125;103275;Gibeão;0
1004126;103275;Gilgal;0
1004127;103275;Gezer;1
1004128;103276;Doze mil;0
1004129;103276;Trinta mil;1
1004130;103276;Quarenta mil;0
1004131;103276;Sete mil;0
1004132;103277;O altar de bronze;0
1004133;103277;A coroa de Saul;0
1004134;103277;A tenda de Joabe;0
1004135;103277;A arca de Deus;1
1004136;103278;Carroça nova;1
1004137;103278;Carro quebrado;0
1004138;103278;Carro de guerra;0
1004139;103278;Carro filisteu;0
1004140;103279;Palácio de Davi, em Sião;0
1004141;103279;Tenda de Moisés, em Gibeão;0
1004142;103279;Casa de Abinadabe, no colina;1
1004143;103279;Campo de Nacom, em Judá;0
1004144;103280;Trombetas, flautas, órgãos e sinos;0
1004145;103280;Harpas, saltérios, tamboris, pandeiros e címbalos;1
1004146;103280;Liras, gaitas, tambores e buzinas;0
1004147;103280;Saltérios, violas, chocalhos e cornetas;0
1004148;103281;Ajoelharam-se;0
1004149;103281;Fugiram para o campo;0
1004150;103281;Pararam diante de Davi;0
1004151;103281;Tropeçaram;1
1004152;103282;Sua irreverência;1
1004153;103282;Sua covardia;0
1004154;103282;Sua mentira;0
1004155;103282;Sua demora;0
1004156;103283;Baal-Perazim;0
1004157;103283;Campo das Espadas;0
1004158;103283;Perez-Uzá;1
1004159;103283;En-Rogel;0
1004160;103284;Natã, o profeta;0
1004161;103284;Obede-Edom, o geteu;1
1004162;103284;Zadoque, o sacerdote;0
1004163;103284;Hirão, o tírio;0
1004164;103285;Sete dias;0
1004165;103285;Quarenta dias;0
1004166;103285;Doze meses;0
1004167;103285;Três meses;1
1004168;103286;Um boi e um animal gordo;1
1004169;103286;Ovelhas e cabritos;0
1004170;103286;Pombas e rolas;0
1004171;103286;Cavalos e mulas;0
1004172;103287;Manto de púrpura;0
1004173;103287;Armadura de bronze;0
1004174;103287;Estola sacerdotal de linho;1
1004175;103287;Túnica rasgada;0
1004176;103288;Medo;0
1004177;103288;Desprezo;1
1004178;103288;Alegria;0
1004179;103288;Inveja;0
1004180;103289;Um templo de pedra;0
1004181;103289;Uma casa de cedro;0
1004182;103289;Uma caverna;0
1004183;103289;Uma tenda;1
1004184;103290;Passas;1
1004185;103290;Um odre de vinho;0
1004186;103290;Um cacho de uvas;0
1004187;103290;Um prato de lentilhas;0
1004188;103291;Joabe e seus irmãos;0
1004189;103291;Abner e seus homens;0
1004190;103291;O pai dela e toda a sua casa;1
1004191;103291;Saul e Jônatas juntos;0
1004192;103292;Pelos anciãos de Israel;0
1004193;103292;Pelas servas de quem Mical falara;1
1004194;103292;Pelos filhos de Zeruia;0
1004195;103292;Pelos sacerdotes de Gibeão;0
1004196;103293;Até a volta de Absalão;0
1004197;103293;Até a tomada de Jerusalém;0
1004198;103293;Até a morte de Joabe;0
1004199;103293;Até ao dia da sua morte;1
1004200;103294;Sobre um altar de pedra;0
1004201;103294;Numa tenda;1
1004202;103294;No palácio real;0
1004203;103294;No meio do deserto;0
1004204;103295;Na lei dos sacerdotes;0
1004205;103295;Nos planos de Joabe;0
1004206;103295;Na palavra dos anciãos;0
1004207;103295;No seu coração;1
1004208;103296;Para o Senhor;1
1004209;103296;Para Natã;0
1004210;103296;Para os levitas;0
1004211;103296;Para o povo;0
1004212;103297;Palácio e torre;0
1004213;103297;Monte e caverna;0
1004214;103297;Tenda e tabernáculo;1
1004215;103297;Templo e cidade;0
1004216;103298;Sacerdote em Gibeão;0
1004217;103298;Príncipe sobre Israel;1
1004218;103298;Juiz sobre Moabe;0
1004219;103298;Profeta em Hebrom;0
1004220;103299;Dos reis de Amom;0
1004221;103299;Dos sacerdotes de Siló;0
1004222;103299;Dos anciãos de Belém;0
1004223;103299;Dos grandes da terra;1
1004224;103300;Perturbado;1
1004225;103300;Esquecido;0
1004226;103300;Numerado;0
1004227;103300;Dividido;0
1004228;103301;Um altar;0
1004229;103301;Uma espada;0
1004230;103301;Uma casa;1
1004231;103301;Um carro;0
1004232;103302;Dos anciãos de Israel;0
1004233;103302;De você;1
1004234;103302;Da casa de Saul;0
1004235;103302;Dos filhos de Zeruia;0
1004236;103303;O altar de Gibeão;0
1004237;103303;As portas de Hebrom;0
1004238;103303;A tenda de Jerusalém;0
1004239;103303;O trono do seu reino;1
1004240;103304;Filho;1
1004241;103304;Servo;0
1004242;103304;Sacerdote;0
1004243;103304;Profeta;0
1004244;103305;Abner;0
1004245;103305;Isbosete;0
1004246;103305;Saul;1
1004247;103305;Doegue;0
1004248;103306;Lei;0
1004249;103306;Visão;1
1004250;103306;Genealogia;0
1004251;103306;Carta;0
1004252;103307;Até o trono de Saul;0
1004253;103307;Até o deserto;0
1004254;103307;Até a guerra;0
1004255;103307;Até ali;1
1004256;103308;Além dele;1
1004257;103308;Além de Israel;0
1004258;103308;Além de Jerusalém;0
1004259;103308;Além dos anjos;0
1004260;103309;Reis;0
1004261;103309;Profetas;0
1004262;103309;Deuses;1
1004263;103309;Exércitos;0
1004264;103310;Jurando pelos anciãos;0
1004265;103310;Falado;1
1004266;103310;Escrito por Joabe;0
1004267;103310;Ordenado a Saul;0
1004268;103311;Diante dos filisteus;0
1004269;103311;Diante de Hebrom;0
1004270;103311;Diante de Natã;0
1004271;103311;Diante do Senhor;1
1004272;103312;A arca da aliança;0
1004273;103312;O controle daquela região;1
1004274;103312;A coroa de Hadadezer;0
1004275;103312;O altar de Gate;0
1004276;103313;Dois cordéis inteiros;0
1004277;103313;Três cordéis inteiros;0
1004278;103313;Meio cordel;0
1004279;103313;Um cordel inteiro;1
1004280;103314;Eufrates;1
1004281;103314;Jordão;0
1004282;103314;Querite;0
1004283;103314;Arnom;0
1004284;103315;Doze mil;0
1004285;103315;Sete mil;0
1004286;103315;Vinte mil;1
1004287;103315;Quarenta mil;0
1004288;103316;Cinquenta;0
1004289;103316;Cem;1
1004290;103316;Duzentos;0
1004291;103316;Setenta;0
1004292;103317;Dezoito mil;0
1004293;103317;Quarenta mil;0
1004294;103317;Doze mil;0
1004295;103317;Vinte e dois mil;1
1004296;103318;Tributo;1
1004297;103318;Resgate;0
1004298;103318;Dízimo;0
1004299;103318;Aluguel;0
1004300;103319;Taças;0
1004301;103319;Braceletes;0
1004302;103319;Escudos;1
1004303;103319;Coroas;0
1004304;103320;Rabá;0
1004305;103320;Berotai;1
1004306;103320;Mispá;0
1004307;103320;Gibeá;0
1004308;103321;Hanum;0
1004309;103321;Seba;0
1004310;103321;Talmai;0
1004311;103321;Hadadezer;1
1004312;103322;Bronze;1
1004313;103322;Ferro;0
1004314;103322;Madeira;0
1004315;103322;Linho;0
1004316;103323;Isbosete;0
1004317;103323;Hirão;0
1004318;103323;Hadadezer;1
1004319;103323;Abner;0
1004320;103324;Vinte e dois mil;0
1004321;103324;Dezoito mil;1
1004322;103324;Quarenta mil;0
1004323;103324;Sete mil;0
1004324;103325;Aos sírios de Damasco;0
1004325;103325;Aos filhos de Amom;0
1004326;103325;Aos moabitas;0
1004327;103325;A todo o seu povo;1
1004328;103326;Abner;0
1004329;103326;Jônatas;1
1004330;103326;Isbosete;0
1004331;103326;Mical;0
1004332;103327;Davi;0
1004333;103327;Joabe;0
1004334;103327;Natã;0
1004335;103327;Saul;1
1004336;103328;Dos pés;1
1004337;103328;Das mãos;0
1004338;103328;Dos olhos;0
1004339;103328;Dos braços;0
1004340;103329;Ner;0
1004341;103329;Rimom;0
1004342;103329;Amiel;1
1004343;103329;Gera;0
1004344;103330;Fugiu;0
1004345;103330;Se inclinou;1
1004346;103330;Chorou alto;0
1004347;103330;Entregou uma coroa;0
1004348;103331;Jônatas, seu irmão;0
1004349;103331;Abner, seu comandante;0
1004350;103331;Quis, seu servo;0
1004351;103331;Saul, seu pai;1
1004352;103332;À mesa de Davi;1
1004353;103332;No campo de Lo-Debar;0
1004354;103332;Na casa de Ziba;0
1004355;103332;À porta de Hebrom;0
1004356;103333;Leão ferido;0
1004357;103333;Jumento perdido;0
1004358;103333;Cão morto;1
1004359;103333;Cordeiro sem mãe;0
1004360;103334;Prata para tributo;0
1004361;103334;Pão para comer;1
1004362;103334;Vinho para festas;0
1004363;103334;Armas para guerra;0
1004364;103335;Doze;0
1004365;103335;Trinta;0
1004366;103335;Quarenta;0
1004367;103335;Vinte;1
1004368;103336;Mica;1
1004369;103336;Ammiel;0
1004370;103336;Hanan;0
1004371;103336;Sadoque;0
1004372;103337;Uma das mãos;0
1004373;103337;Um dos olhos;0
1004374;103337;Ambos os pés;1
1004375;103337;Ambos os braços;0
1004376;103338;Naás, seu irmão;0
1004377;103338;Hanum, seu filho;1
1004378;103338;Hadadezer, seu servo;0
1004379;103338;Sobaque, seu capitão;0
1004380;103339;Guardara a arca em sua casa;0
1004381;103339;Vencera os filisteus por Davi;0
1004382;103339;Entregara Jerusalém a Israel;0
1004383;103339;Usara de bondade para com Davi;1
1004384;103340;Esquadrinhar, espiar e destruir a cidade;1
1004385;103340;Trazer tributo e fazer aliança;0
1004386;103340;Buscar madeira de cedro;0
1004387;103340;Ungir Hanum em Hebrom;0
1004388;103341;Até os joelhos;0
1004389;103341;Até os ombros;0
1004390;103341;Até às nádegas;1
1004391;103341;Até os tornozelos;0
1004392;103342;O cabelo;0
1004393;103342;A barba;1
1004394;103342;A força;0
1004395;103342;A coragem;0
1004396;103343;Damasco;0
1004397;103343;Gesur;0
1004398;103343;Tiro;0
1004399;103343;Zobá;1
1004400;103344;Tobe;1
1004401;103344;Moabe;0
1004402;103344;Edom;0
1004403;103344;Berseba;0
1004404;103345;Os amalequitas;0
1004405;103345;Os moabitas;0
1004406;103345;Os sírios;1
1004407;103345;Os jebuseus;0
1004408;103346;Os filisteus;0
1004409;103346;Os filhos de Amom;1
1004410;103346;Os homens de Judá;0
1004411;103346;Os servos de Davi;0
1004412;103347;Voltaria para Jerusalém;0
1004413;103347;Guardaria a arca;0
1004414;103347;Chamaria Hanum;0
1004415;103347;Viria em seu socorro;1
1004416;103348;Do nosso Deus;1
1004417;103348;Dos filhos de Saul;0
1004418;103348;Dos reis de Zobá;0
1004419;103348;Dos homens de Maaca;0
1004420;103349;Renderam tributo em paz;0
1004421;103349;Entradas e saídasam em Jerusalém;0
1004422;103349;Fugiram diante dele;1
1004423;103349;Cercaram Hebrom;0
1004424;103350;Do Jordão;0
1004425;103350;Do rio;1
1004426;103350;Do vale do Sal;0
1004427;103350;Do ribeiro de Cedrom;0
1004428;103351;Infantaria;0
1004429;103351;Judá;0
1004430;103351;Moabe;0
1004431;103351;Cavalaria;1
1004432;103352;Hebrom;0
1004433;103352;Jerusalém;1
1004434;103352;Ziclague;0
1004435;103352;Belém;0
1004436;103353;Tecendo linho;0
1004437;103353;Buscando água;0
1004438;103353;Preparando pão;0
1004439;103353;Banhando-se;1
1004440;103354;Urias, o heteu;1
1004441;103354;Amasa, filho de Abigail;0
1004442;103354;Ziba, servo de Saul;0
1004443;103354;Husai, o arquita;0
1004444;103355;Meu marido voltou;0
1004445;103355;A cidade caiu;0
1004446;103355;Estou grávida;1
1004447;103355;O rei me chamou;0
1004448;103356;Natã, o profeta;0
1004449;103356;Urias, o heteu;1
1004450;103356;Zadoque, o sacerdote;0
1004451;103356;Abisai, filho de Zeruia;0
1004452;103357;A arca;0
1004453;103357;A cidade de Hebrom;0
1004454;103357;A casa de Saul;0
1004455;103357;A guerra;1
1004456;103358;Os pés;1
1004457;103358;As mãos;0
1004458;103358;A cabeça;0
1004459;103358;As vestes;0
1004460;103359;Na casa de Joabe;0
1004461;103359;No campo de Rabá;0
1004462;103359;À porta da casa real;1
1004463;103359;Junto à arca;0
1004464;103360;Em Jerusalém;0
1004465;103360;No campo aberto;1
1004466;103360;Em Hebrom;0
1004467;103360;À beira do Jordão;0
1004468;103361;Na casa de sua mulher;0
1004469;103361;No palácio de Joabe;0
1004470;103361;Na tenda da arca;0
1004471;103361;Com os servos de seu senhor;1
1004472;103362;Urias;1
1004473;103362;Bate-Seba;0
1004474;103362;Natã;0
1004475;103362;Abisai;0
1004476;103363;Na retaguarda do arraial;0
1004477;103363;À porta de Jerusalém;0
1004478;103363;Na frente da maior força da peleja;1
1004479;103363;Na guarda da arca;0
1004480;103364;Sacerdotes armados;0
1004481;103364;Homens valentes;1
1004482;103364;Mulheres chorando;0
1004483;103364;Mensageiros de Davi;0
1004484;103365;Joabe, filho de Zeruia;0
1004485;103365;Abisai, irmão de Joabe;0
1004486;103365;Natã, o profeta;0
1004487;103365;Urias, o heteu;1
1004488;103366;Da peleja;1
1004489;103366;Do casamento;0
1004490;103366;Da colheita;0
1004491;103366;Do censo;0
1004492;103367;Do palácio;0
1004493;103367;Do templo;0
1004494;103367;Do muro;1
1004495;103367;Do campo;0
1004496;103368;Rei;0
1004497;103368;Outro;1
1004498;103368;Sacerdote;0
1004499;103368;Profeta;0
1004500;103369;Fugiu para Moabe;0
1004501;103369;Subiu a Hebrom;0
1004502;103369;Chamou Joabe;0
1004503;103369;Pranteou por seu marido;1
1004504;103370;Um filho;1
1004505;103370;Gêmeos;0
1004506;103370;Uma filha;0
1004507;103370;Um herdeiro de Saul;0
1004508;103371;De Joabe;0
1004509;103371;De Israel;0
1004510;103371;Do Senhor;1
1004511;103371;De Bate-Seba;0
1004512;103372;Gade;0
1004513;103372;Natã;1
1004514;103372;Samuel;0
1004515;103372;Aías;0
1004516;103373;Estrangeiro;0
1004517;103373;Sacerdote;0
1004518;103373;Cego;0
1004519;103373;Pobre;1
1004520;103374;Em grande número;1
1004521;103374;Apenas uma cordeirinha;0
1004522;103374;Sete cordeiros;0
1004523;103374;Dois bois;0
1004524;103375;Jumenta;0
1004525;103375;Pomba;0
1004526;103375;Cordeirinha;1
1004527;103375;Cabra;0
1004528;103376;No curral do rico;0
1004529;103376;No seu regaço;1
1004530;103376;À porta da cidade;0
1004531;103376;No campo de trigo;0
1004532;103377;Do próprio rebanho;0
1004533;103377;Do sacerdote;0
1004534;103377;Do estrangeiro;0
1004535;103377;Do homem pobre;1
1004536;103378;Aquele homem;1
1004537;103378;Natã;0
1004538;103378;O viajante;0
1004539;103378;O servo do rico;0
1004540;103379;Duas vezes;0
1004541;103379;Sete vezes;0
1004542;103379;Quatro vezes;1
1004543;103379;Dez vezes;0
1004544;103380;Vai em paz;0
1004545;103380;Tu és o homem;1
1004546;103380;Foge para o deserto;0
1004547;103380;Conta o povo;0
1004548;103381;Golias;0
1004549;103381;Abner;0
1004550;103381;Hanum;0
1004551;103381;Saul;1
1004552;103382;A mulher dele;1
1004553;103382;A coroa dele;0
1004554;103382;A casa dele;0
1004555;103382;O filho dele;0
1004556;103383;De Jerusalém;0
1004557;103383;Do altar;0
1004558;103383;Da sua casa;1
1004559;103383;Do exército;0
1004560;103384;Casa de Saul;0
1004561;103384;Sua própria casa;1
1004562;103384;Campo dos filisteus;0
1004563;103384;Palácio de Amom;0
1004564;103385;Urias apenas;0
1004565;103385;Joabe;0
1004566;103385;Israel;0
1004567;103385;O Senhor;1
1004568;103386;Do Senhor;1
1004569;103386;De Davi;0
1004570;103386;De Joabe;0
1004571;103386;De Judá;0
1004572;103387;No templo;0
1004573;103387;À porta de Rabá;0
1004574;103387;Em terra;1
1004575;103387;Sobre o leito real;0
1004576;103388;Terceiro dia;0
1004577;103388;Sétimo dia;1
1004578;103388;Quadragésimo dia;0
1004579;103388;Primeiro dia;0
1004580;103389;No campo de batalha;0
1004581;103389;Na casa de Joabe;0
1004582;103389;Na tenda de Urias;0
1004583;103389;Na Casa do Senhor;1
1004584;103390;Salomão;1
1004585;103390;Amnom;0
1004586;103390;Absalão;0
1004587;103390;Quileabe;0
1004588;103391;Emanuel;0
1004589;103391;Mefibosete;0
1004590;103391;Jedidias;1
1004591;103391;Adonias;0
1004592;103392;A fortaleza de Sião;0
1004593;103392;A cidade das águas;1
1004594;103392;O campo de lentilhas;0
1004595;103392;O vale do Sal;0
1004596;103393;Cinquenta siclos de prata;0
1004597;103393;Cem talentos de bronze;0
1004598;103393;Três minas de ouro;0
1004599;103393;Um talento de ouro;1
1004600;103394;Saul;0
1004601;103394;Davi;1
1004602;103394;Joabe;0
1004603;103394;Natã;0
1004604;103395;Viúva;0
1004605;103395;Estrangeira;0
1004606;103395;Coxa;0
1004607;103395;Virgem;1
1004608;103396;Davi;1
1004609;103396;Saul;0
1004610;103396;Abner;0
1004611;103396;Joabe;0
1004612;103397;Mui velho;0
1004613;103397;Mui forte;0
1004614;103397;Mui sagaz;1
1004615;103397;Mui pobre;0
1004616;103398;Estar dormindo;0
1004617;103398;Estar doente;1
1004618;103398;Estar ferido em guerra;0
1004619;103398;Estar jejuando;0
1004620;103399;Três;0
1004621;103399;Cinco;0
1004622;103399;Sete;0
1004623;103399;Dois;1
1004624;103400;Preparar-lhe comida;1
1004625;103400;Buscar sua espada;0
1004626;103400;Levar uma carta;0
1004627;103400;Chamar Absalão;0
1004628;103401;Beber;0
1004629;103401;Dormir;0
1004630;103401;Comer;1
1004631;103401;Falar;0
1004632;103402;Ao pátio;0
1004633;103402;À câmara;1
1004634;103402;À porta da cidade;0
1004635;103402;Ao campo;0
1004636;103403;Com Absalão;0
1004637;103403;Com o rei;0
1004638;103403;Com Jonadabe;0
1004639;103403;Com ele;1
1004640;103404;Em Israel;1
1004641;103404;Em Gesur;0
1004642;103404;Em Moabe;0
1004643;103404;Em Amom;0
1004644;103405;Valentes;0
1004645;103405;Príncipes;0
1004646;103405;Loucos;1
1004647;103405;Sacerdotes;0
1004648;103406;Despediu em paz;0
1004649;103406;Forçou;1
1004650;103406;Levou ao rei;0
1004651;103406;Chamou de irmã;0
1004652;103407;A inveja de Absalão;0
1004653;103407;O medo de Davi;0
1004654;103407;A tristeza de Jonadabe;0
1004655;103407;O amor com que a amara;1
1004656;103408;A porta;1
1004657;103408;A janela;0
1004658;103408;O portão da cidade;0
1004659;103408;A tenda;0
1004660;103409;Casadas;0
1004661;103409;Viúvas;0
1004662;103409;Virgens;1
1004663;103409;Estrangeiras;0
1004664;103410;Rindo;0
1004665;103410;Clamando;1
1004666;103410;Cantando;0
1004667;103410;Dançando;0
1004668;103411;Seu servo;0
1004669;103411;Seu inimigo;0
1004670;103411;Seu juiz;0
1004671;103411;Seu irmão;1
1004672;103412;Tamar, sua irmã;1
1004673;103412;Davi, seu pai;0
1004674;103412;Jonadabe, seu amigo;0
1004675;103412;Aos servos do rei;0
1004676;103413;Hebrom;0
1004677;103413;Jerusalém;0
1004678;103413;Efraim;1
1004679;103413;Berseba;0
1004680;103414;Mel;0
1004681;103414;Vinho;1
1004682;103414;Figos;0
1004683;103414;Água;0
1004684;103415;Somente Amnom;0
1004685;103415;Os servos de Joabe;0
1004686;103415;Os anciãos de Judá;0
1004687;103415;Todos os filhos do rei;1
1004688;103416;Amnom;1
1004689;103416;Absalão;0
1004690;103416;Quileabe;0
1004691;103416;Adonias;0
1004692;103417;Dois meses;0
1004693;103417;Sete anos;0
1004694;103417;Três anos;1
1004695;103417;Quarenta dias;0
1004696;103418;Amnom;0
1004697;103418;Absalão;1
1004698;103418;Amasa;0
1004699;103418;Mefibosete;0
1004700;103419;Rica;0
1004701;103419;Estrangeira;0
1004702;103419;Jovem;0
1004703;103419;Sábia;1
1004704;103420;Óleo;1
1004705;103420;Cinza;0
1004706;103420;Vinho;0
1004707;103420;Perfume;0
1004708;103421;Serva estrangeira;0
1004709;103421;Filha de sacerdote;0
1004710;103421;Viúva;1
1004711;103421;Rainha de Gesur;0
1004712;103422;O pai;0
1004713;103422;O outro;1
1004714;103422;O rei;0
1004715;103422;O servo;0
1004716;103423;A casa de Joabe;0
1004717;103423;O nome de Davi;0
1004718;103423;A cidade de Tecoa;0
1004719;103423;A brasa que lhe restava;1
1004720;103424;Dela;1
1004721;103424;Joabe;0
1004722;103424;Absalão;0
1004723;103424;Amnom;0
1004724;103425;Destruídos;0
1004725;103425;Exilados;0
1004726;103425;Inocentes;1
1004727;103425;Esquecidos;0
1004728;103426;Dente;0
1004729;103426;Cabelo;1
1004730;103426;Manto;0
1004731;103426;Sangue;0
1004732;103427;O sacerdote de Gibeão;0
1004733;103427;O mensageiro de Joabe;0
1004734;103427;O servo de Saul;0
1004735;103427;O seu desterrado;1
1004736;103428;Ajuntar;1
1004737;103428;Medir;0
1004738;103428;Comprar;0
1004739;103428;Esconder;0
1004740;103429;O deserto;0
1004741;103429;O portão;0
1004742;103429;A esquerda;1
1004743;103429;A cidade;0
1004744;103430;Amnom;0
1004745;103430;Absalão;1
1004746;103430;Amasa;0
1004747;103430;Mefibosete;0
1004748;103431;Hebrom;0
1004749;103431;Berseba;0
1004750;103431;Gibeão;0
1004751;103431;Jerusalém;1
1004752;103432;A face do rei;1
1004753;103432;A arca do Senhor;0
1004754;103432;O campo de Joabe;0
1004755;103432;A casa de Saul;0
1004756;103433;Sua força militar;0
1004757;103433;Sua sabedoria;0
1004758;103433;Sua beleza;1
1004759;103433;Sua riqueza;0
1004760;103434;Peso do santuário;0
1004761;103434;Peso real;1
1004762;103434;Peso de Moabe;0
1004763;103434;Peso dos filisteus;0
1004764;103435;Maaca;0
1004765;103435;Rispa;0
1004766;103435;Mical;0
1004767;103435;Tamar;1
1004768;103436;A face do rei;1
1004769;103436;O campo de Joabe;0
1004770;103436;A casa de Davi;0
1004771;103436;A porta de Hebrom;0
1004772;103437;Trigo;0
1004773;103437;Lentilhas;0
1004774;103437;Cevada;1
1004775;103437;Uvas;0
1004776;103438;Vinte;0
1004777;103438;Cinquenta;1
1004778;103438;Cem;0
1004779;103438;Doze;0
1004780;103439;Palácio;0
1004781;103439;Templo;0
1004782;103439;Rio;0
1004783;103439;Porta;1
1004784;103440;Do rei;1
1004785;103440;De Joabe;0
1004786;103440;De Husai;0
1004787;103440;De Zadoque;0
1004788;103441;Sacerdote;0
1004789;103441;Profeta;0
1004790;103441;Juiz;1
1004791;103441;Capitão;0
1004792;103442;Repreendia-o;0
1004793;103442;Beijava-o;1
1004794;103442;Prendia-o;0
1004795;103442;Enviava-o a Joabe;0
1004796;103443;O tesouro da casa real;0
1004797;103443;As armas dos valentes;0
1004798;103443;As vestes dos sacerdotes;0
1004799;103443;O coração dos homens de Israel;1
1004800;103444;Hebrom;1
1004801;103444;Jerusalém;0
1004802;103444;Gesur;0
1004803;103444;Maanaim;0
1004804;103445;Baurim, em Benjamim;0
1004805;103445;Lo-Debar, em Gileade;0
1004806;103445;Gesur, na Síria;1
1004807;103445;Rabá, em Amom;0
1004808;103446;Jerusalém;0
1004809;103446;Hebrom;1
1004810;103446;Gilgal;0
1004811;103446;Gibeão;0
1004812;103447;Levavam;0
1004813;103447;Temiam;0
1004814;103447;Comiam;0
1004815;103447;Sabiam;1
1004816;103448;Gilo;1
1004817;103448;Gate;0
1004818;103448;Gibeá;0
1004819;103448;Gibeão;0
1004820;103449;Joabe;0
1004821;103449;Aitofel;0
1004822;103449;Absalão;1
1004823;103449;Seba;0
1004824;103450;Lutar;0
1004825;103450;Fugir;1
1004826;103450;Jejuar;0
1004827;103450;Celebrar;0
1004828;103451;A arca;0
1004829;103451;A porta;0
1004830;103451;O tesouro;0
1004831;103451;A casa;1
1004832;103452;Seiscentos;1
1004833;103452;Duzentos;0
1004834;103452;Mil;0
1004835;103452;Cinquenta;0
1004836;103453;O sacerdote;0
1004837;103453;Joabe;0
1004838;103453;O rei;1
1004839;103453;Absalão;0
1004840;103454;Seu irmão;0
1004841;103454;Seu servo;1
1004842;103454;Seu sacerdote;0
1004843;103454;Seu filho;0
1004844;103455;Hebrom;0
1004845;103455;Gilgal;0
1004846;103455;Gibeão;0
1004847;103455;Deserto;1
1004848;103456;A arca da Aliança de Deus;1
1004849;103456;O altar de bronze;0
1004850;103456;A coroa real;0
1004851;103456;O livro de Joabe;0
1004852;103457;O deserto;0
1004853;103457;Hebrom;0
1004854;103457;A cidade;1
1004855;103457;Gibeão;0
1004856;103458;Armado;0
1004857;103458;Descalço;1
1004858;103458;Cantando;0
1004859;103458;Montado;0
1004860;103459;A força de Absalão;0
1004861;103459;A fala de Joabe;0
1004862;103459;A fuga de Itai;0
1004863;103459;O conselho de Aitofel;1
1004864;103460;A cabeça;1
1004865;103460;Os pés;0
1004866;103460;As mãos;0
1004867;103460;O peito;0
1004868;103461;Joabe;0
1004869;103461;Amasa;0
1004870;103461;Absalão;1
1004871;103461;Seba;0
1004872;103462;Azeite;0
1004873;103462;Vinho;1
1004874;103462;Água;0
1004875;103462;Leite;0
1004876;103463;Os sacerdotes;0
1004877;103463;Os filisteus;0
1004878;103463;Os guardas de Absalão;0
1004879;103463;Os moços;1
1004880;103464;Seu pai;1
1004881;103464;Davi;0
1004882;103464;Joabe;0
1004883;103464;Absalão;0
1004884;103465;Absalão;0
1004885;103465;Husai;0
1004886;103465;Ziba;1
1004887;103465;Aitofel;0
1004888;103466;Cantando;0
1004889;103466;Amaldiçoando;1
1004890;103466;Oferecendo sacrifícios;0
1004891;103466;Pedindo perdão;0
1004892;103467;À frente e atrás;0
1004893;103467;No monte e no vale;0
1004894;103467;Na cidade e no campo;0
1004895;103467;À direita e à esquerda;1
1004896;103468;Belial;1
1004897;103468;Judá;0
1004898;103468;Guerra;0
1004899;103468;Hebrom;0
1004900;103469;Prendê-lo em Hebrom;0
1004901;103469;Tomar-lhe as pedras;0
1004902;103469;Cortar-lhe a cabeça;1
1004903;103469;Levê-lo a Absalão;0
1004904;103470;Onde está Absalão?;0
1004905;103470;Por que assim fizeste?;1
1004906;103470;Quem te enviou?;0
1004907;103470;Por que fugiste?;0
1004908;103471;Homem;0
1004909;103471;Caminho;0
1004910;103471;Lugar;0
1004911;103471;Dia;1
1004912;103472;Poeira;1
1004913;103472;Fogo;0
1004914;103472;Água;0
1004915;103472;Ramos;0
1004916;103473;Jejuaram;0
1004917;103473;Lutaram;0
1004918;103473;Descansaram;1
1004919;103473;Voltaram;0
1004920;103474;Paz seja com Davi;0
1004921;103474;Viva o rei, viva o rei;1
1004922;103474;Volta para Hebrom;0
1004923;103474;Ouvi o conselho de Joabe;0
1004924;103475;Simei;0
1004925;103475;Ziba;0
1004926;103475;Hanum;0
1004927;103475;Seu pai;1
1004928;103476;As concubinas de seu pai;1
1004929;103476;As servas de Tamar;0
1004930;103476;As filhas de Barzilai;0
1004931;103476;As mulheres de Ziba;0
1004932;103477;Somente Husai;0
1004933;103477;Os servos de Joabe;0
1004934;103477;Todo o Israel;1
1004935;103477;Os homens de Gileade;0
1004936;103478;Um sacrifício;0
1004937;103478;Uma consulta;1
1004938;103478;Uma batalha;0
1004939;103478;Um censo;0
1004940;103479;Zadoque;0
1004941;103479;Itai;0
1004942;103479;Barzilai;0
1004943;103479;Davi;1
1004944;103480;Seiscentos;0
1004945;103480;Doze mil;1
1004946;103480;Vinte mil;0
1004947;103480;Sete mil;0
1004948;103481;Amarradas;0
1004949;103481;Limpas;0
1004950;103481;Erguidas;0
1004951;103481;Fracas;1
1004952;103482;Matar;1
1004953;103482;Prender;0
1004954;103482;Ungir;0
1004955;103482;Enviar;0
1004956;103483;Todos os filhos de Davi;0
1004957;103483;Todos os sacerdotes de Judá;0
1004958;103483;Todos os anciãos de Israel;1
1004959;103483;Todos os servos de Joabe;0
1004960;103484;Zadoque, o sacerdote;0
1004961;103484;Husai, o arquita;1
1004962;103484;Barzilai, o gileadita;0
1004963;103484;Amasa, o comandante;0
1004964;103485;Aitofel não conhecia o caminho;0
1004965;103485;O povo não tinha alimentos;0
1004966;103485;Joabe estava em Jerusalém;0
1004967;103485;Davi e seus homens eram valentes;1
1004968;103486;Ursa roubada dos filhos;1
1004969;103486;Leão dormindo na cova;0
1004970;103486;Cervo perseguido por caçadores;0
1004971;103486;Cavalo ferido na guerra;0
1004972;103487;Palácio;0
1004973;103487;Templo;0
1004974;103487;Lugar;1
1004975;103487;Barco;0
1004976;103488;No vale de Refaim;0
1004977;103488;Junto ao mar;1
1004978;103488;No deserto de Zife;0
1004979;103488;Na porta de Hebrom;0
1004980;103489;Silêncio;0
1004981;103489;Jejum;0
1004982;103489;Segredo;0
1004983;103489;Pessoa;1
1004984;103490;O orvalho;1
1004985;103490;O fogo;0
1004986;103490;A espada;0
1004987;103490;A pedra;0
1004988;103491;Ao monte;0
1004989;103491;A Jerusalém;0
1004990;103491;Ao ribeiro;1
1004991;103491;Ao deserto;0
1004992;103492;Davi;0
1004993;103492;Absalão;1
1004994;103492;Joabe;0
1004995;103492;Zadoque;0
1004996;103493;Absalão;0
1004997;103493;Husai;0
1004998;103493;Amasa;0
1004999;103493;Davi;1
1005000;103494;Um poço;1
1005001;103494;Uma cisterna seca;0
1005002;103494;Uma caverna;0
1005003;103494;Um celeiro;0
1005004;103495;Folhas de oliveira;0
1005005;103495;Cinza do altar;0
1005006;103495;Grãos pilados;1
1005007;103495;Pedras pequenas;0
1005008;103496;Com espada e fogo;0
1005009;103496;Assim e assim;1
1005010;103496;Por cartas seladas;0
1005011;103496;Em nome do rei;0
1005012;103497;Fugiu para Moabe;0
1005013;103497;Entrou em Jerusalém;0
1005014;103497;Buscou Davi;0
1005015;103497;Enforcou-se;1
1005016;103498;Todos os homens de Israel;1
1005017;103498;Somente Aitofel;0
1005018;103498;Os sacerdotes e levitas;0
1005019;103498;Os servos de Ziba;0
1005020;103499;Absalão e seus anciãos;0
1005021;103499;Aitofel e seus servos;0
1005022;103499;Davi e o povo com ele;1
1005023;103499;Simei e os benjamitas;0
1005024;103500;Cinquenta;0
1005025;103500;Cem;1
1005026;103500;Doze;0
1005027;103500;Dez;0
1005028;103501;Husai;0
1005029;103501;Ziba;0
1005030;103501;Simei;0
1005031;103501;Itai;1
1005032;103502;Dez mil;1
1005033;103502;Mil;0
1005034;103502;Cinquenta mil;0
1005035;103502;Sete mil;0
1005036;103503;Ribeiro;0
1005037;103503;Tenda;0
1005038;103503;Porta;1
1005039;103503;Monte;0
1005040;103504;O velho Barzilai;0
1005041;103504;O jovem Absalão;1
1005042;103504;O servo Ziba;0
1005043;103504;O benjamita Simei;0
1005044;103505;Judá;0
1005045;103505;Gileade;0
1005046;103505;Moabe;0
1005047;103505;Efraim;1
1005048;103506;Vinte mil;1
1005049;103506;Doze mil;0
1005050;103506;Trinta mil;0
1005051;103506;Cem mil;0
1005052;103507;A fome;0
1005053;103507;A peste;0
1005054;103507;A espada;1
1005055;103507;O rio;0
1005056;103508;Cedro;0
1005057;103508;Carvalho;1
1005058;103508;Oliveira;0
1005059;103508;Figueira;0
1005060;103509;Uma espada;0
1005061;103509;Uma túnica;0
1005062;103509;Um cavalo;0
1005063;103509;Um cinto;1
1005064;103510;O filho do rei;1
1005065;103510;O irmão de Joabe;0
1005066;103510;O sacerdote de Israel;0
1005067;103510;O mensageiro de Davi;0
1005068;103511;No portão de Jerusalém;0
1005069;103511;No campo de lentilhas;0
1005070;103511;No meio do carvalho;1
1005071;103511;Na tenda de Joabe;0
1005072;103512;Soltaram-no;0
1005073;103512;Mataram-no;1
1005074;103512;Levaram-no a Davi;0
1005075;103512;Enterraram-no em Hebrom;0
1005076;103513;Reuniu os sacerdotes;0
1005077;103513;Chamou Absalão;0
1005078;103513;Queimou a floresta;0
1005079;103513;Deteve o povo;1
1005080;103514;Um mui grande monte de pedras;1
1005081;103514;Uma tenda de linho;0
1005082;103514;Um altar de madeira;0
1005083;103514;Um manto real;0
1005084;103515;Seu reino;0
1005085;103515;Sua beleza;0
1005086;103515;Seu nome;1
1005087;103515;Sua casa;0
1005088;103516;Aimaás;0
1005089;103516;Etíope;1
1005090;103516;Jônatas;0
1005091;103516;Itai;0
1005092;103517;Joabe;0
1005093;103517;Abisai;0
1005094;103517;Itai;0
1005095;103517;Etíope;1
1005096;103518;Muro;1
1005097;103518;Carvalho;0
1005098;103518;Ribeiro;0
1005099;103518;Altar;0
1005100;103519;Abiatar;0
1005101;103519;Natã;0
1005102;103519;Zadoque;1
1005103;103519;Joabe;0
1005104;103520;Quem venceu;0
1005105;103520;O que era;1
1005106;103520;Onde estava Joabe;0
1005107;103520;Quem enviara o etíope;0
1005108;103521;Servir à mesa;0
1005109;103521;Trazer notícias;0
1005110;103521;Guardar a porta;0
1005111;103521;Fazer-lhe mal;1
1005112;103522;Absalão;1
1005113;103522;Amnom;0
1005114;103522;Salomão;0
1005115;103522;Adonias;0
1005116;103523;Joabe;0
1005117;103523;Aimaás;0
1005118;103523;Absalão;1
1005119;103523;O etíope;0
1005120;103524;Amasa;0
1005121;103524;Absalão;1
1005122;103524;Simei;0
1005123;103524;Barzilai;0
1005124;103525;Festa;0
1005125;103525;Medo;0
1005126;103525;Jejum;0
1005127;103525;Luto;1
1005128;103526;Da batalha;1
1005129;103526;Da fome;0
1005130;103526;Do rei;0
1005131;103526;Da peste;0
1005132;103527;Amnom;0
1005133;103527;Salomão;0
1005134;103527;Absalão;1
1005135;103527;Adonias;0
1005136;103528;Serviam à mesa;0
1005137;103528;Amavam;1
1005138;103528;Ungiam;0
1005139;103528;Aconselhavam;0
1005140;103529;Cidade;0
1005141;103529;Batalha;0
1005142;103529;Porta;0
1005143;103529;Noite;1
1005144;103530;À porta;1
1005145;103530;No terraço;0
1005146;103530;No templo;0
1005147;103530;Na floresta;0
1005148;103531;Moabitas;0
1005149;103531;Amalequitas;0
1005150;103531;Filisteus;1
1005151;103531;Amonitas;0
1005152;103532;Herança;0
1005153;103532;Carne;1
1005154;103532;Aliança;0
1005155;103532;Coragem;0
1005156;103533;Abisai;0
1005157;103533;Itai;0
1005158;103533;Benaia;0
1005159;103533;Joabe;1
1005160;103534;Um só homem;1
1005161;103534;Um sacerdote;0
1005162;103534;Um exército;0
1005163;103534;Um rei;0
1005164;103535;Absalão;0
1005165;103535;Amasa;0
1005166;103535;Davi;1
1005167;103535;Ziba;0
1005168;103536;Trinta;0
1005169;103536;Vinte;1
1005170;103536;Cinquenta;0
1005171;103536;Sete;0
1005172;103537;Hebrom;0
1005173;103537;Maanaim;0
1005174;103537;Baurim;0
1005175;103537;Jerusalém;1
1005176;103538;O ungido do Senhor;1
1005177;103538;O sacerdote Zadoque;0
1005178;103538;O filho do rei;0
1005179;103538;O comandante Amasa;0
1005180;103539;Fugir;0
1005181;103539;Reinar;0
1005182;103539;Morrer;1
1005183;103539;Pagar tributo;0
1005184;103540;Vitória;0
1005185;103540;Paz;1
1005186;103540;Silêncio;0
1005187;103540;Luto;0
1005188;103541;Ziba;0
1005189;103541;Simei;0
1005190;103541;Barzilai;0
1005191;103541;O rei;1
1005192;103542;As terras;1
1005193;103542;A prata;0
1005194;103542;Os servos;0
1005195;103542;Os jumentos;0
1005196;103543;Hebrom;0
1005197;103543;Maanaim;0
1005198;103543;Sua casa;1
1005199;103543;Lo-Debar;0
1005200;103544;Setenta;0
1005201;103544;Oitenta;1
1005202;103544;Noventa;0
1005203;103544;Cem;0
1005204;103545;Joabe;0
1005205;103545;Amasa;0
1005206;103545;Mefibosete;0
1005207;103545;Davi;1
1005208;103546;Olhos;1
1005209;103546;Servos;0
1005210;103546;Filhos;0
1005211;103546;Sacerdotes;0
1005212;103547;Duas;0
1005213;103547;Cinco;0
1005214;103547;Dez;1
1005215;103547;Doze;0
1005216;103548;Judá;0
1005217;103548;Belial;1
1005218;103548;Gileade;0
1005219;103548;Tiro;0
1005220;103549;Saul;0
1005221;103549;Zeruia;0
1005222;103549;Aitofel;0
1005223;103549;Jessé;1
1005224;103550;Seba;1
1005225;103550;Amasa;0
1005226;103550;Joabe;0
1005227;103550;Simei;0
1005228;103551;Tendas;0
1005229;103551;Cativeiro estrangeiro;0
1005230;103551;Reclusão;1
1005231;103551;Casas de Joabe;0
1005232;103552;Sete;0
1005233;103552;Três;1
1005234;103552;Doze;0
1005235;103552;Quarenta;0
1005236;103553;Da palavra de Joabe;0
1005237;103553;Da ordem de Absalão;0
1005238;103553;Da festa da colheita;0
1005239;103553;Do tempo determinado;1
1005240;103554;Absalão;1
1005241;103554;Aitofel;0
1005242;103554;Simei;0
1005243;103554;Ziba;0
1005244;103555;Davi;0
1005245;103555;Seba;0
1005246;103555;Eles;1
1005247;103555;Barzilai;0
1005248;103556;Esquerda;0
1005249;103556;Direita;1
1005250;103556;Ambas;0
1005251;103556;Mão ferida;0
1005252;103557;No ombro;0
1005253;103557;Na cabeça;0
1005254;103557;No peito;0
1005255;103557;No ventre;1
1005256;103558;O campo;1
1005257;103558;A cidade;0
1005258;103558;A tenda;0
1005259;103558;A floresta;0
1005260;103559;O prenderam;0
1005261;103559;O apedrejaram;0
1005262;103559;O seguiram;1
1005263;103559;O entregaram;0
1005264;103560;Torre;0
1005265;103560;Rampa;1
1005266;103560;Tenda;0
1005267;103560;Coluna;0
1005268;103561;Abrir os portões;0
1005269;103561;Trazer o rei;0
1005270;103561;Parar a trombeta;0
1005271;103561;Falar com ela;1
1005272;103562;Do Senhor;1
1005273;103562;De Davi;0
1005274;103562;De Joabe;0
1005275;103562;De Benjamim;0
1005276;103563;O sacerdote Zadoque;0
1005277;103563;O povo de Judá;0
1005278;103563;O rei Davi;1
1005279;103563;A casa de Saul;0
1005280;103564;Davi;0
1005281;103564;Joabe;1
1005282;103564;Abisai;0
1005283;103564;Amasa;0
1005284;103565;Sacerdotes e levitas;0
1005285;103565;Moabitas e amonitas;0
1005286;103565;Gibeonitas e jebuseus;0
1005287;103565;Quereteus e peleteus;1
1005288;103566;Dois anos;0
1005289;103566;Três anos;1
1005290;103566;Sete anos;0
1005291;103566;Quarenta anos;0
1005292;103567;Os filisteus;0
1005293;103567;Os moabitas;0
1005294;103567;Os amonitas;0
1005295;103567;Os gibeonitas;1
1005296;103568;Amorreus;1
1005297;103568;Jebuseus;0
1005298;103568;Edomitas;0
1005299;103568;Sírio-fenícios;0
1005300;103569;De Saul;0
1005301;103569;De Judá;0
1005302;103569;Do Senhor;1
1005303;103569;De Abner;0
1005304;103570;Judá;0
1005305;103570;Israel;1
1005306;103570;Moabe;0
1005307;103570;Filístia;0
1005308;103571;Hebrom de Davi;0
1005309;103571;Berseba de Judá;0
1005310;103571;Gilgal de Samuel;0
1005311;103571;Gibeá de Saul;1
1005312;103572;Jônatas;1
1005313;103572;Saul;0
1005314;103572;Abner;0
1005315;103572;Isbosete;0
1005316;103573;Ner;0
1005317;103573;Rimom;0
1005318;103573;Aiá;1
1005319;103573;Gera;0
1005320;103574;Trigo;0
1005321;103574;Cevada;1
1005322;103574;Lentilhas;0
1005323;103574;Milho;0
1005324;103575;Uma tenda;0
1005325;103575;Um altar;0
1005326;103575;Um carro;0
1005327;103575;Uma penha;1
1005328;103576;De noite;1
1005329;103576;De manhã;0
1005330;103576;Ao meio-dia;0
1005331;103576;Na ceifa;0
1005332;103577;Bete-Seã;0
1005333;103577;Gibeá;0
1005334;103577;Jabes-Gileade;1
1005335;103577;Zela;0
1005336;103578;Dos gibeonitas;0
1005337;103578;Dos enforcados;1
1005338;103578;Dos filisteus;0
1005339;103578;Dos filhos de Joabe;0
1005340;103579;Ner, pai de Abner;0
1005341;103579;Jessé, pai de Davi;0
1005342;103579;Rimom, pai de Baana;0
1005343;103579;Quis, pai de Saul;1
1005344;103580;Pelejar contra os filisteus;1
1005345;103580;Fugir de Absalão;0
1005346;103580;Contar o povo;0
1005347;103580;Trazer a arca;0
1005348;103581;Prata;0
1005349;103581;Ouro;0
1005350;103581;Bronze;1
1005351;103581;Ferro;0
1005352;103582;Safe;0
1005353;103582;Isbi-Benobe;1
1005354;103582;Golias;0
1005355;103582;Safi;0
1005356;103583;Vinte;0
1005357;103583;Doze;0
1005358;103583;Trinta;0
1005359;103583;Vinte e quatro;1
1005360;103584;Absalão;0
1005361;103584;Saul;1
1005362;103584;Joabe;0
1005363;103584;Simei;0
1005364;103585;Vingador;0
1005365;103585;Juiz;0
1005366;103585;Pastor;0
1005367;103585;Libertador;1
1005368;103586;Abrigo;1
1005369;103586;Altar;0
1005370;103586;Exército;0
1005371;103586;Rio;0
1005372;103587;Seus filhos;0
1005373;103587;Seus servos;0
1005374;103587;Seus inimigos;1
1005375;103587;Seus conselheiros;0
1005376;103588;Sono;0
1005377;103588;Pavor;1
1005378;103588;Sede;0
1005379;103588;Fome;0
1005380;103589;O curaram;0
1005381;103589;O ungiram;0
1005382;103589;O esconderam;0
1005383;103589;O surpreenderam;1
1005384;103590;Seu Deus;1
1005385;103590;Joabe;0
1005386;103590;Natã;0
1005387;103590;Israel;0
1005388;103591;Calou;0
1005389;103591;Escondeu;0
1005390;103591;Irou;1
1005391;103591;Aproximou;0
1005392;103592;Suas mãos;0
1005393;103592;Seus pés;1
1005394;103592;Seu trono;0
1005395;103592;Seu altar;0
1005396;103593;Fogo;0
1005397;103593;Água;0
1005398;103593;Nuvem;0
1005399;103593;Vento;1
1005400;103594;Voz;1
1005401;103594;Trombeta;0
1005402;103594;Espada;0
1005403;103594;Harpa;0
1005404;103595;Cidades;0
1005405;103595;Montanhas;0
1005406;103595;Águas;1
1005407;103595;Covas;0
1005408;103596;Israel;0
1005409;103596;Nele;1
1005410;103596;Jerusalém;0
1005411;103596;Joabe;0
1005412;103597;Palavras;0
1005413;103597;Vestes;0
1005414;103597;Cidades;0
1005415;103597;Mãos;1
1005416;103598;Benigno;1
1005417;103598;Severo;0
1005418;103598;Silencioso;0
1005419;103598;Distante;0
1005420;103599;Guerras;0
1005421;103599;Tendas;0
1005422;103599;Trevas;1
1005423;103599;Águas;0
1005424;103600;Madeira;0
1005425;103600;Bronze;1
1005426;103600;Prata;0
1005427;103600;Ferro;0
1005428;103601;Por sete anos;0
1005429;103601;Até Saul;0
1005430;103601;Durante a guerra;0
1005431;103601;Para sempre;1
1005432;103602;Saul;0
1005433;103602;Jessé;1
1005434;103602;Jonatã;0
1005435;103602;Boaz;0
1005436;103603;Judá;0
1005437;103603;Benjamim;0
1005438;103603;Levi;0
1005439;103603;Israel;1
1005440;103604;Na sua língua;1
1005441;103604;Em sua mão;0
1005442;103604;Em seu escudo;0
1005443;103604;Em sua casa;0
1005444;103605;Força;0
1005445;103605;Prata;0
1005446;103605;Justiça;1
1005447;103605;Astúcia;0
1005448;103606;A lua;0
1005449;103606;O sol;1
1005450;103606;A estrela;0
1005451;103606;O relâmpago;0
1005452;103607;Oculta;0
1005453;103607;Pesada;0
1005454;103607;Quebrada;0
1005455;103607;Segura;1
1005456;103608;As mãos;1
1005457;103608;A espada;0
1005458;103608;O cajado;0
1005459;103608;O manto;0
1005460;103609;Trezentos;0
1005461;103609;Setecentos;0
1005462;103609;Oitocentos;1
1005463;103609;Doze;0
1005464;103610;Os sírios;0
1005465;103610;Os filisteus;1
1005466;103610;Os moabitas;0
1005467;103610;Os amonitas;0
1005468;103611;Ao escudo;0
1005469;103611;À lança;0
1005470;103611;Ao arco;0
1005471;103611;À espada;1
1005472;103612;Lentilhas;1
1005473;103612;Cevada;0
1005474;103612;Uvas;0
1005475;103612;Figos;0
1005476;103613;En-Gedi;0
1005477;103613;Maanaim;0
1005478;103613;Adulão;1
1005479;103613;Baurim;0
1005480;103614;O altar;0
1005481;103614;A porta;1
1005482;103614;A torre;0
1005483;103614;A praça;0
1005484;103615;Joabe;0
1005485;103615;Os filisteus;0
1005486;103615;Os anciãos;0
1005487;103615;O Senhor;1
1005488;103616;Trezentos;1
1005489;103616;Oitocentos;0
1005490;103616;Cem;0
1005491;103616;Setenta;0
1005492;103617;Chuva;0
1005493;103617;Calor;0
1005494;103617;Neve;1
1005495;103617;Fome;0
1005496;103618;Espada;0
1005497;103618;Lança;1
1005498;103618;Flecha;0
1005499;103618;Pedra;0
1005500;103619;Trinta;0
1005501;103619;Quarenta;0
1005502;103619;Vinte e quatro;0
1005503;103619;Trinta e sete;1
1005504;103620;O altar de Gibeão;0
1005505;103620;O censo de Israel e de Judá;1
1005506;103620;A arca de Deus;0
1005507;103620;O exército de Absalão;0
1005508;103621;Hebrom;0
1005509;103621;Gibeão;0
1005510;103621;Maanaim;0
1005511;103621;Berseba;1
1005512;103622;Cem vezes;1
1005513;103622;Sete vezes;0
1005514;103622;Dez vezes;0
1005515;103622;Mil vezes;0
1005516;103623;Os sacerdotes de Gibeão;0
1005517;103623;Os anciãos de Belém;0
1005518;103623;Os chefes do exército;1
1005519;103623;Os servos de Araúna;0
1005520;103624;Judá;0
1005521;103624;Gade;1
1005522;103624;Benjamim;0
1005523;103624;Levi;0
1005524;103625;Tiro;0
1005525;103625;Jerusalém;0
1005526;103625;Hebrom;0
1005527;103625;Sidom;1
1005528;103626;Berseba;1
1005529;103626;Zela;0
1005530;103626;Gilgal;0
1005531;103626;Baurim;0
1005532;103627;Três meses e dez dias;0
1005533;103627;Sete anos;0
1005534;103627;Nove meses e vinte dias;1
1005535;103627;Quarenta dias;0
1005536;103628;Setecentos mil;0
1005537;103628;Quinhentos mil;1
1005538;103628;Trezentos mil;0
1005539;103628;Doze mil;0
1005540;103629;Secretamente;0
1005541;103629;Sem querer;0
1005542;103629;Pouco;0
1005543;103629;Gravemente;1
1005544;103630;Vidente;1
1005545;103630;Sacerdote;0
1005546;103630;Capitão;0
1005547;103630;Escriba;0
1005548;103631;Escuridão em Jerusalém;0
1005549;103631;Guerra contra Moabe;0
1005550;103631;Pestilência na terra;1
1005551;103631;Seca no Jordão;0
1005552;103632;Dos anjos;0
1005553;103632;Dos homens;1
1005554;103632;Dos filisteus;0
1005555;103632;Dos sacerdotes;0
1005556;103633;Vinte mil;0
1005557;103633;Cem mil;0
1005558;103633;Doze mil;0
1005559;103633;Setenta mil;1
1005560;103634;Araúna, o jebuseu;1
1005561;103634;Ziba, o servo;0
1005562;103634;Barzilai, o gileadita;0
1005563;103634;Maquir, filho de Amiel;0
1005564;103635;Tudo;0
1005565;103635;Rebelião;0
1005566;103635;Nada;1
1005567;103635;Aliança;0
1005568;103636;Zadoque, o sacerdote;0
1005569;103636;Araúna, o jebuseu;1
1005570;103636;Joabe, filho de Zeruia;0
1005571;103636;Simei, filho de Gera;0
1005572;103637;Uma casa real;0
1005573;103637;Uma torre de vigia;0
1005574;103637;Uma sepultura;0
1005575;103637;Um altar ao Senhor;1
1005576;103638;Cinquenta;1
1005577;103638;Cem;0
1005578;103638;Setenta;0
1005579;103638;Trinta;0
1005580;103639;Judá somente;0
1005581;103639;Jerusalém somente;0
1005582;103639;Israel;1
1005583;103639;A casa de Joabe;0
1005584;100813;Aos sacerdotes de Jerusalém;0
1005585;100813;Ao excelentíssimo Teófilo;1
1005586;100813;Ao governador da Judeia;0
1005587;100813;Aos discípulos reunidos na Galileia;0
1005588;100814;Para que aprendesse a língua dos romanos;0
1005589;100814;Para que organizasse o serviço sacerdotal;0
1005590;100814;Para que substituísse as testemunhas oculares;0
1005591;100814;Para que ele tivesse plena certeza das verdades em que havia sido instruído;1
1005592;100815;Ao turno de Abias;1
1005593;100815;Ao turno de Eleazar;0
1005594;100815;Ao turno de Arão;0
1005595;100815;Ao turno de Levi;0
1005596;100816;Ela era da casa de Davi;0
1005597;100816;Ela era da tribo de Aser;0
1005598;100816;Ela era das filhas de Arão;1
1005599;100816;Ela era descendente de Judá;0
1005600;100817;Ricos e influentes entre os sacerdotes;0
1005601;100817;Justos e irrepreensíveis nos preceitos e mandamentos do Senhor;1
1005602;100817;Profetas conhecidos em toda a Judeia;0
1005603;100817;Governantes respeitados pelo povo;0
1005604;100818;Porque Zacarias havia feito voto de não ter filhos;0
1005605;100818;Porque viviam separados durante o serviço sacerdotal;0
1005606;100818;Porque Herodes havia proibido novos nascimentos;0
1005607;100818;Porque Isabel era estéril;1
1005608;100819;Entrar no santuário do Senhor para queimar o incenso;1
1005609;100819;Ler publicamente o livro de Isaías;0
1005610;100819;Oferecer o cordeiro da Páscoa;0
1005611;100819;Guardar as portas exteriores do templo;0
1005612;100820;Preparava uma refeição;0
1005613;100820;Entoava cânticos de vitória;0
1005614;100820;Permanecia orando;1
1005615;100820;Esperava o rei Herodes;0
1005616;100821;Diante da arca da aliança;0
1005617;100821;À direita do altar do incenso;1
1005618;100821;À esquerda da entrada principal;0
1005619;100821;Junto ao altar do holocausto;0
1005620;100822;Ajoelhou-se e começou a cantar;0
1005621;100822;Saiu imediatamente do santuário;0
1005622;100822;Chamou a multidão para entrar;0
1005623;100822;Ficou assustado e tomado de temor;1
1005624;100823;João;1
1005625;100823;Elias;0
1005626;100823;Zacarias;0
1005627;100823;Gabriel;0
1005628;100824;Provocaria temor e dispersão entre o povo;0
1005629;100824;Levaria Zacarias a deixar o sacerdócio;0
1005630;100824;Traria alegria e felicidade, e muitos ficariam contentes;1
1005631;100824;Causaria tristeza aos parentes de Isabel;0
1005632;100825;Ele ofereceria vinho no templo;0
1005633;100825;Ele não beberia vinho nem bebida forte;1
1005634;100825;Ele beberia somente nas festas;0
1005635;100825;Ele transformaria água em vinho;0
1005636;100826;Depois de ser circuncidado;0
1005637;100826;Ao completar trinta anos;0
1005638;100826;Após começar a batizar no Jordão;0
1005639;100826;Desde o ventre materno;1
1005640;100827;Ao Senhor, seu Deus;1
1005641;100827;Ao rei da Judeia;0
1005642;100827;Aos sacerdotes do templo;0
1005643;100827;Ao governo romano;0
1005644;100828;De Moisés;0
1005645;100828;De Davi;0
1005646;100828;De Elias;1
1005647;100828;De Eliseu;0
1005648;100829;Organizar um exército contra Roma;0
1005649;100829;Preparar para o Senhor um povo habilitado;1
1005650;100829;Reconstruir o templo de Jerusalém;0
1005651;100829;Governar a Galileia em nome de Herodes;0
1005652;100830;Ele não conhecia o anjo que falava;0
1005653;100830;Ele estava longe de sua casa;0
1005654;100830;Ele não pertencia à linhagem sacerdotal;0
1005655;100830;Ele era velho, e sua mulher também tinha idade avançada;1
1005656;100831;Gabriel, que está a serviço de Deus;1
1005657;100831;Miguel, príncipe de Israel;0
1005658;100831;Elias, profeta do Altíssimo;0
1005659;100831;Simeão, servo do templo;0
1005660;100832;Porque revelou o anúncio antes da hora;0
1005661;100832;Porque abandonou o serviço sacerdotal;0
1005662;100832;Porque não acreditou nas palavras que se cumpririam no devido tempo;1
1005663;100832;Porque recusou dar o nome de João ao menino;0
1005664;100833;Que ele havia adoecido durante o serviço;0
1005665;100833;Que ele havia tido uma visão no santuário;1
1005666;100833;Que ele se recusava a abençoar o povo;0
1005667;100833;Que Herodes o havia ameaçado;0
1005668;100834;Três meses;0
1005669;100834;Sete meses;0
1005670;100834;Nove meses;0
1005671;100834;Cinco meses;1
1005672;100835;Acabado com a sua vergonha diante das pessoas;1
1005673;100835;Dado autoridade sobre as mulheres de Judá;0
1005674;100835;Tornado sua casa a mais rica da região;0
1005675;100835;Concedido a ela o serviço no templo;0
1005676;100836;Belém;0
1005677;100836;Cafarnaum;0
1005678;100836;Nazaré;1
1005679;100836;Naim;0
1005680;100837;Zacarias, sacerdote do turno de Abias;0
1005681;100837;José, homem da casa de Davi;1
1005682;100837;Simeão, homem justo de Jerusalém;0
1005683;100837;João, filho de Isabel;0
1005684;100838;Ordenou que ela viajasse imediatamente a Belém;0
1005685;100838;Disse que ela seria sacerdotisa do templo;0
1005686;100838;Pediu que ela guardasse silêncio por nove meses;0
1005687;100838;Chamou-a de agraciada e afirmou que o Senhor estava com ela;1
1005688;100839;Jesus;1
1005689;100839;João;0
1005690;100839;Emanuel;0
1005691;100839;José;0
1005692;100840;Profeta de Nazaré;0
1005693;100840;Sacerdote de Arão;0
1005694;100840;Filho do Altíssimo;1
1005695;100840;Governador da Galileia;0
1005696;100841;O trono de Herodes;0
1005697;100841;O trono de Davi, seu pai;1
1005698;100841;O trono de César Augusto;0
1005699;100841;O trono do sumo sacerdote;0
1005700;100842;Duraria somente durante sua vida terrena;0
1005701;100842;Seria restrito à cidade de Nazaré;0
1005702;100842;Terminaria com a queda de Jerusalém;0
1005703;100842;Reinaria para sempre, e seu reinado não teria fim;1
1005704;100843;O Espírito Santo viria sobre ela, e o poder do Altíssimo a envolveria;1
1005705;100843;José receberia uma revelação no templo;0
1005706;100843;Ela seria levada ao deserto durante quarenta dias;0
1005707;100843;Isabel entregaria a ela o próprio filho;0
1005708;100844;Ela havia sido curada de uma febre muito alta;0
1005709;100844;Ela havia se mudado para Nazaré;0
1005710;100844;Aquela que era chamada estéril já estava no sexto mês de gravidez;1
1005711;100844;Ela havia recebido uma função no templo;0
1005712;100845;Toda profecia depende da aprovação humana;0
1005713;100845;Para Deus não há nada impossível;1
1005714;100845;Somente os sacerdotes podem receber milagres;0
1005715;100845;Os sinais de Deus acontecem apenas em Jerusalém;0
1005716;100846;Pediu que o anjo falasse primeiro com José;0
1005717;100846;Recusou-se a sair de Nazaré;0
1005718;100846;Exigiu outro sinal antes de acreditar;0
1005719;100846;Apresentou-se como serva do Senhor e submeteu-se à palavra recebida;1
1005720;100847;À região montanhosa, a uma cidade de Judá, onde entrou na casa de Zacarias;1
1005721;100847;A Belém, para procurar uma hospedaria;0
1005722;100847;A Jerusalém, para oferecer um sacrifício;0
1005723;100847;Ao deserto, para encontrar João;0
1005724;100848;A criança ficou completamente imóvel;0
1005725;100848;A criança nasceu naquele momento;0
1005726;100848;A criança estremeceu no ventre;1
1005727;100848;A criança recebeu o nome de Jesus;0
1005728;100849;De temor diante de Herodes;0
1005729;100849;Do Espírito Santo;1
1005730;100849;De sabedoria sacerdotal;0
1005731;100849;De tristeza pela partida de Zacarias;0
1005732;100850;Porque Maria pertencia à tribo de Aser;0
1005733;100850;Porque Maria havia morado no templo;0
1005734;100850;Porque Maria era esposa de um sacerdote;0
1005735;100850;Porque Maria creu que seriam cumpridas as palavras ditas pelo Senhor;1
1005736;100851;Engrandecia ao Senhor;1
1005737;100851;Temia o rei Herodes;0
1005738;100851;Procurava sua parenta;0
1005739;100851;Anunciava a queda de Roma;0
1005740;100852;Exaltou os poderosos e dispersou os humildes;0
1005741;100852;Fez ambos governarem Israel;0
1005742;100852;Derrubou os poderosos de seus tronos e exaltou os humildes;1
1005743;100852;Retirou de ambos toda esperança;0
1005744;100853;Cerca de cinco meses;0
1005745;100853;Cerca de três meses;1
1005746;100853;Apenas oito dias;0
1005747;100853;Quase um ano;0
1005748;100854;Gabriel, como o anjo;0
1005749;100854;Elias, como o profeta;0
1005750;100854;José, como o parente;0
1005751;100854;Zacarias, como o pai;1
1005752;100855;O nome dele é João;1
1005753;100855;O nome dele será Zacarias;0
1005754;100855;Ele será chamado Elias;0
1005755;100855;Chamem o menino de Gabriel;0
1005756;100856;Ele saiu da região montanhosa;0
1005757;100856;Ele voltou a ficar mudo por mais oito dias;0
1005758;100856;Sua boca se abriu, sua língua se soltou e ele começou a louvar a Deus;1
1005759;100856;Ele levou o menino ao deserto;0
1005760;100857;Disse que o menino seria rei sobre a casa de Jacó;0
1005761;100857;Disse que o menino seria chamado profeta do Altíssimo e prepararia os caminhos do Senhor;1
1005762;100857;Disse que o menino governaria a Judeia;0
1005763;100857;Disse que o menino reconstruiria o templo;0
1005764;100858;No palácio de Herodes;0
1005765;100858;Na casa de José em Nazaré;0
1005766;100858;No templo de Jerusalém;0
1005767;100858;Nos desertos;1
1005768;100859;Quirino;0
1005769;100859;César Augusto;1
1005770;100859;Herodes;0
1005771;100859;Pôncio Pilatos;0
1005772;100860;Filipe;0
1005773;100860;Lisânias;0
1005774;100860;Anás;0
1005775;100860;Quirino;1
1005776;100861;Nazaré;1
1005777;100861;Cafarnaum;0
1005778;100861;Naim;0
1005779;100861;Caná;0
1005780;100862;Porque era sacerdote do turno de Abias;0
1005781;100862;Porque havia nascido na Síria;0
1005782;100862;Porque era da casa e família de Davi;1
1005783;100862;Porque trabalhava para César Augusto;0
1005784;100863;Com Isabel e o menino João;0
1005785;100863;Com Maria, sua esposa, que estava grávida;1
1005786;100863;Com seus irmãos vindos da Judeia;0
1005787;100863;Com os pastores daquela região;0
1005788;100864;Porque o templo estava fechado;0
1005789;100864;Porque os pastores pediram um sinal;0
1005790;100864;Porque Herodes havia tomado a casa de José;0
1005791;100864;Porque não havia lugar para eles na hospedaria;1
1005792;100865;Guardavam os seus rebanhos nos campos;1
1005793;100865;Viajavam para Jerusalém;0
1005794;100865;Ofereciam sacrifícios no templo;0
1005795;100865;Procuravam uma hospedaria;0
1005796;100866;Começaram imediatamente a cantar;0
1005797;100866;Voltaram para suas casas;0
1005798;100866;Ficaram tomados de grande temor;1
1005799;100866;Foram procurar os sacerdotes;0
1005800;100867;Somente para os pastores;0
1005801;100867;Para todo o povo;1
1005802;100867;Apenas para a família de Davi;0
1005803;100867;Exclusivamente para os sacerdotes;0
1005804;100868;Um novo sacerdote do turno de Abias;0
1005805;100868;O futuro governador da Síria;0
1005806;100868;Um profeta chamado Elias;0
1005807;100868;O Salvador, que é Cristo, o Senhor;1
1005808;100869;Ela estaria envolta em faixas e deitada em uma manjedoura;1
1005809;100869;Ela estaria no templo nos braços de Simeão;0
1005810;100869;Ela teria uma coroa sobre a cabeça;0
1005811;100869;Ela estaria cercada por soldados;0
1005812;100870;Os sacerdotes enviados de Jerusalém;0
1005813;100870;Uma caravana que vinha do Oriente;0
1005814;100870;Uma multidão do exército celestial louvando a Deus;1
1005815;100870;Os parentes de Maria e José;0
1005816;100871;Para Nazaré;0
1005817;100871;Para Belém;1
1005818;100871;Para Jerusalém;0
1005819;100871;Para Cafarnaum;0
1005820;100872;Simeão, Ana e a criança no templo;0
1005821;100872;Herodes e seus oficiais;0
1005822;100872;Zacarias, Isabel e João;0
1005823;100872;Maria, José e a criança deitada na manjedoura;1
1005824;100873;Divulgaram o que lhes havia sido dito a respeito do menino;1
1005825;100873;Guardaram segredo sobre o anúncio;0
1005826;100873;Levaram a criança para Jerusalém;0
1005827;100873;Pediram que José voltasse à Galileia;0
1005828;100874;Escreveu imediatamente uma carta a Isabel;0
1005829;100874;Pediu que os pastores não falassem;0
1005830;100874;Guardava as palavras e meditava nelas no coração;1
1005831;100874;Foi procurar o anjo no campo;0
1005832;100875;No momento em que nasceu;0
1005833;100875;Ao completar oito dias, quando foi circuncidado;1
1005834;100875;Ao ser apresentado no templo;0
1005835;100875;Quando completou doze anos;0
1005836;100876;Belém;0
1005837;100876;Nazaré;0
1005838;100876;Cafarnaum;0
1005839;100876;Jerusalém;1
1005840;100877;Um par de rolinhas ou dois pombinhos;1
1005841;100877;Um cordeiro e um novilho;0
1005842;100877;Doze pães e uma medida de vinho;0
1005843;100877;Ouro, incenso e mirra;0
1005844;100878;Sacerdote do turno de Abias e pai de João;0
1005845;100878;Governador de Jerusalém e amigo de Herodes;0
1005846;100878;Justo, piedoso e alguém que esperava a consolação de Israel;1
1005847;100878;Doutor da Lei vindo da Galileia;0
1005848;100879;Que se tornaria sumo sacerdote;0
1005849;100879;Que não morreria antes de ver o Cristo do Senhor;1
1005850;100879;Que viajaria para a Galileia;0
1005851;100879;Que encontraria João no deserto;0
1005852;100880;Chamou os sacerdotes para julgá-lo;0
1005853;100880;Entregou-o à profetisa Ana;0
1005854;100880;Levou-o para fora de Jerusalém;0
1005855;100880;Louvou a Deus;1
1005856;100881;Diante de todos os povos;1
1005857;100881;Somente diante dos moradores de Jerusalém;0
1005858;100881;Apenas para a casa de Levi;0
1005859;100881;Exclusivamente para os governantes;0
1005860;100882;Juízo para os gentios e vergonha para Israel;0
1005861;100882;Segredo para os gentios e poder para Roma;0
1005862;100882;Luz para revelação aos gentios e glória do povo de Israel;1
1005863;100882;Lei para os gentios e riqueza para Israel;0
1005864;100883;Uma flecha;0
1005865;100883;Uma espada;1
1005866;100883;Uma palavra de Herodes;0
1005867;100883;Uma enfermidade;0
1005868;100884;Isabel;0
1005869;100884;Maria;0
1005870;100884;Joana;0
1005871;100884;Ana;1
1005872;100885;Adorava noite e dia, com jejuns e orações;1
1005873;100885;Ensinava os soldados romanos;0
1005874;100885;Oferecia incenso no lugar dos sacerdotes;0
1005875;100885;Governava as viúvas de Jerusalém;0
1005876;100886;Para Belém, na Judeia;0
1005877;100886;Para o Egito;0
1005878;100886;Para Nazaré, na Galileia;1
1005879;100886;Para Cafarnaum;0
1005880;100887;Oito anos;0
1005881;100887;Doze anos;1
1005882;100887;Quinze anos;0
1005883;100887;Trinta anos;0
1005884;100888;Três dias;0
1005885;100888;Uma semana;0
1005886;100888;Apenas algumas horas;0
1005887;100888;Um dia inteiro;1
1005888;100889;No templo, sentado entre os doutores;1
1005889;100889;Na hospedaria em Belém;0
1005890;100889;Na casa de Simeão;0
1005891;100889;No deserto próximo ao Jordão;0
1005892;100890;Repreendia os sacerdotes;0
1005893;100890;Oferecia sacrifícios;0
1005894;100890;Ouvia-os e fazia-lhes perguntas;1
1005895;100890;Escrevia a Lei em uma tabuinha;0
1005896;100891;Porque ele conhecia os soldados romanos;0
1005897;100891;Por causa de sua inteligência e de suas respostas;1
1005898;100891;Porque ele havia viajado sozinho;0
1005899;100891;Porque falava várias línguas estrangeiras;0
1005900;100892;Disse que havia se perdido da caravana;0
1005901;100892;Disse que esperava os pastores;0
1005902;100892;Disse que procurava João Batista;0
1005903;100892;Disse que tinha de estar na casa de seu Pai;1
1005904;100893;Era submisso a eles;1
1005905;100893;Recusava-se a obedecer;0
1005906;100893;Passou a viver no templo;0
1005907;100893;Foi sozinho para o deserto;0
1005908;100894;No primeiro ano;0
1005909;100894;No décimo quinto ano;1
1005910;100894;No sétimo ano;0
1005911;100894;No trigésimo ano;0
1005912;100895;Herodes;0
1005913;100895;Filipe;0
1005914;100895;Lisânias;0
1005915;100895;Pôncio Pilatos;1
1005916;100896;A Galileia;1
1005917;100896;A Judeia;0
1005918;100896;A Síria;0
1005919;100896;A Abilene;0
1005920;100897;Itureia;0
1005921;100897;Traconites;0
1005922;100897;Abilene;1
1005923;100897;Samaria;0
1005924;100898;Zacarias e Simeão;0
1005925;100898;Anás e Caifás;1
1005926;100898;Herodes e Filipe;0
1005927;100898;Pilatos e Lisânias;0
1005928;100899;No templo;0
1005929;100899;Em Nazaré;0
1005930;100899;Em Belém;0
1005931;100899;No deserto;1
1005932;100900;Batismo de arrependimento para remissão de pecados;1
1005933;100900;Revolta contra o governo romano;0
1005934;100900;Reconstrução imediata do templo;0
1005935;100900;Jejum obrigatório para todos os viajantes;0
1005936;100901;O trono de Davi;0
1005937;100901;As muralhas de Jerusalém;0
1005938;100901;O caminho do Senhor;1
1005939;100901;O altar do incenso;0
1005940;100902;A queda do Império Romano;0
1005941;100902;A salvação que vem de Deus;1
1005942;100902;A reconstrução do palácio de Davi;0
1005943;100902;A glória do templo de Herodes;0
1005944;100903;Filhos do deserto;0
1005945;100903;Casa de sacerdotes;0
1005946;100903;Servos de César;0
1005947;100903;Raça de víboras;1
1005948;100904;Frutos dignos de arrependimento;1
1005949;100904;Frutos trazidos da Galileia;0
1005950;100904;Frutos reservados aos sacerdotes;0
1005951;100904;Frutos para pagar tributo a Roma;0
1005952;100905;Porque Abraão não era conhecido na Judeia;0
1005953;100905;Porque somente os sacerdotes eram descendentes de Abraão;0
1005954;100905;Porque Deus podia fazer surgir filhos a Abraão até de pedras;1
1005955;100905;Porque João negava a existência de Abraão;0
1005956;100906;Seria transplantada para o deserto;0
1005957;100906;Seria cortada e lançada ao fogo;1
1005958;100906;Seria entregue aos publicanos;0
1005959;100906;Seria usada na construção do templo;0
1005960;100907;Vender as duas e dar o dinheiro a Herodes;0
1005961;100907;Entregar uma ao sacerdote;0
1005962;100907;Guardar ambas para o inverno;0
1005963;100907;Repartir com quem não tinha;1
1005964;100908;Não cobrar mais do que o estipulado;1
1005965;100908;Abandonar imediatamente toda profissão;0
1005966;100908;Cobrar o dobro dos estrangeiros;0
1005967;100908;Entregar toda arrecadação aos sacerdotes;0
1005968;100909;Jejuar, deixar o exército e morar no deserto;0
1005969;100909;Cobrar impostos, prender publicanos e servir Herodes;0
1005970;100909;Não praticar extorsão, não fazer denúncias falsas e contentar-se com o salário;1
1005971;100909;Vender as armas, comprar túnicas e viajar para Jerusalém;0
1005972;100910;Se ele seria o novo governador;0
1005973;100910;Se ele seria o próprio Cristo;1
1005974;100910;Se ele era filho de Herodes;0
1005975;100910;Se ele substituiria o sumo sacerdote;0
1005976;100911;Mais jovem e pertencente ao turno de Abias;0
1005977;100911;Um rei que governaria de Roma;0
1005978;100911;Um sacerdote que viveria no templo;0
1005979;100911;Mais poderoso, e João não era digno de desamarrar suas sandálias;1
1005980;100912;"João batizava com água; o outro batizaria com o Espírito Santo e com fogo";1
1005981;100912;"João batizava com fogo; o outro, somente com água";0
1005982;100912;"João batizava com óleo; o outro, com vinho";0
1005983;100912;"João batizava no templo; o outro, em Nazaré";0
1005984;100913;O machado;0
1005985;100913;A foice;0
1005986;100913;A pá;1
1005987;100913;O cajado;0
1005988;100914;Porque Herodias havia deixado Jerusalém;0
1005989;100914;Porque Herodias era mulher do irmão de Herodes;1
1005990;100914;Porque Herodias se recusava a pagar tributos;0
1005991;100914;Porque Herodias era filha de Caifás;0
1005992;100915;Expulsou Pilatos da Judeia;0
1005993;100915;Fechou o templo;0
1005994;100915;Mandou destruir o rio Jordão;0
1005995;100915;Mandou prender João;1
1005996;100916;Orava;1
1005997;100916;Ensinava a multidão;0
1005998;100916;Jejuava no deserto;0
1005999;100916;Falava com Herodes;0
1006000;100917;Como uma coluna de fogo;0
1006001;100917;Como uma nuvem escura;0
1006002;100917;Em forma corpórea como pomba;1
1006003;100917;Como vento acompanhado de trovões;0
1006004;100918;Que ele seria sacerdote do turno de Abias;0
1006005;100918;Que ele era o Filho amado em quem Deus se agradava;1
1006006;100918;Que ele governaria a Síria;0
1006007;100918;Que ele deveria voltar imediatamente a Nazaré;0
1006008;100919;Cerca de doze anos;0
1006009;100919;Cerca de vinte anos;0
1006010;100919;Cerca de quarenta anos;0
1006011;100919;Cerca de trinta anos;1
1006012;100920;De José;1
1006013;100920;De Zacarias;0
1006014;100920;De Simeão;0
1006015;100920;De João;0
1006016;100921;Com Davi, filho de Jessé;0
1006017;100921;Com Abraão, filho de Tera;0
1006018;100921;Com Adão, filho de Deus;1
1006019;100921;Com Noé, filho de Lameque;0
1006020;100922;Por João Batista;0
1006021;100922;Pelo Espírito Santo;1
1006022;100922;Por um anjo de Herodes;0
1006023;100922;Pelos discípulos da Galileia;0
1006024;100923;Sete dias;0
1006025;100923;Doze dias;0
1006026;100923;Trinta dias;0
1006027;100923;Quarenta dias;1
1006028;100924;Mandar que a pedra se transformasse em pão;1
1006029;100924;Fazer a pedra produzir água;0
1006030;100924;Levar a pedra até Jerusalém;0
1006031;100924;Usar a pedra para construir um altar;0
1006032;100925;Disse que não tinha poder sobre as pedras;0
1006033;100925;Mandou o diabo procurar alimento;0
1006034;100925;Afirmou que o ser humano não viverá só de pão;1
1006035;100925;Transformou a pedra em pão e não comeu;0
1006036;100926;Todo o templo de Jerusalém;0
1006037;100926;Todos os reinos do mundo;1
1006038;100926;As cidades da Galileia;0
1006039;100926;Os exércitos de Herodes;0
1006040;100927;Que Jesus deixasse o deserto;0
1006041;100927;Que Jesus transformasse água em vinho;0
1006042;100927;Que Jesus se tornasse aliado de Herodes;0
1006043;100927;Que Jesus o adorasse;1
1006044;100928;Ao Senhor Deus;1
1006045;100928;Aos anjos do céu;0
1006046;100928;Aos reis estabelecidos;0
1006047;100928;Aos sacerdotes do templo;0
1006048;100929;Dentro do Santo dos Santos;0
1006049;100929;No palácio de Herodes;0
1006050;100929;Sobre o pináculo do templo;1
1006051;100929;À porta oriental da cidade;0
1006052;100930;Não entrar no templo em dia de sábado;0
1006053;100930;Não pôr à prova o Senhor Deus;1
1006054;100930;Não falar com anjos no deserto;0
1006055;100930;Não viajar para Jerusalém sem os discípulos;0
1006056;100931;Para sempre;0
1006057;100931;Até o fim daquele dia;0
1006058;100931;Até João sair da prisão;0
1006059;100931;Até momento oportuno;1
1006060;100932;No poder do Espírito;1
1006061;100932;Escoltado por soldados;0
1006062;100932;Acompanhado por João;0
1006063;100932;Em segredo, durante a noite;0
1006064;100933;No palácio de Herodes;0
1006065;100933;Somente nas casas dos discípulos;0
1006066;100933;Nas sinagogas;1
1006067;100933;Às margens do Jordão;0
1006068;100934;Belém;0
1006069;100934;Nazaré;1
1006070;100934;Naim;0
1006071;100934;Jericó;0
1006072;100935;O livro do profeta Jeremias;0
1006073;100935;O livro do profeta Daniel;0
1006074;100935;O livro do profeta Ezequiel;0
1006075;100935;O livro do profeta Isaías;1
1006076;100936;Para evangelizar os pobres;1
1006077;100936;Para governar a Judeia;0
1006078;100936;Para servir como sacerdote no templo;0
1006079;100936;Para organizar um exército;0
1006080;100937;Perdão dos impostos;0
1006081;100937;Entrada no templo;0
1006082;100937;Restauração da vista;1
1006083;100937;Mudança para a Galileia;0
1006084;100938;Que voltaria a ler a passagem no dia seguinte;0
1006085;100938;Que naquele dia a Escritura ouvida havia se cumprido;1
1006086;100938;Que Isaías havia escrito somente sobre João;0
1006087;100938;Que a profecia ainda demoraria muitos anos;0
1006088;100939;Não é este o filho de Zacarias?;0
1006089;100939;Não é este o sacerdote de Abias?;0
1006090;100939;Não é este o governador da Galileia?;0
1006091;100939;Não é este o filho de José?;1
1006092;100940;Médico, cure-se a si mesmo;1
1006093;100940;Quem tem ouvidos, ouça;0
1006094;100940;A fé remove montanhas;0
1006095;100940;O trabalhador merece seu salário;0
1006096;100941;Todo profeta é honrado somente por parentes;0
1006097;100941;Somente os sacerdotes reconhecem um profeta;0
1006098;100941;Nenhum profeta é bem recebido em sua própria terra;1
1006099;100941;Um profeta deve permanecer sempre no deserto;0
1006100;100942;Para uma viúva de Nazaré;0
1006101;100942;Para uma viúva de Sarepta de Sidom;1
1006102;100942;Para Ana, filha de Fanuel;0
1006103;100942;Para Isabel, esposa de Zacarias;0
1006104;100943;Lázaro, de Betânia;0
1006105;100943;Simão, de Cafarnaum;0
1006106;100943;Bartimeu, de Jericó;0
1006107;100943;Naamã, o sírio;1
1006108;100944;Encheram-se de ira e o expulsaram da cidade;1
1006109;100944;Pediram que ele continuasse ensinando;0
1006110;100944;Elegeram-no chefe da sinagoga;0
1006111;100944;Foram todos para Cafarnaum;0
1006112;100945;Foi resgatado por soldados romanos;0
1006113;100945;Escondeu-se dentro da sinagoga;0
1006114;100945;Passou pelo meio deles e foi embora;1
1006115;100945;Desceu por uma corda durante a noite;0
1006116;100946;Porque ensinava somente em latim;0
1006117;100946;Porque sua palavra era com autoridade;1
1006118;100946;Porque cobrava menos impostos;0
1006119;100946;Porque repetia as palavras de Herodes;0
1006120;100947;Como filho de Zacarias;0
1006121;100947;Como rei de Roma;0
1006122;100947;Como sacerdote de Jerusalém;0
1006123;100947;Como o Santo de Deus;1
1006124;100948;Que se calasse e saísse do homem;1
1006125;100948;Que fosse para o deserto;0
1006126;100948;Que revelasse seu nome;0
1006127;100948;Que se apresentasse aos sacerdotes;0
1006128;100949;Lepra;0
1006129;100949;Cegueira;0
1006130;100949;Uma febre muito alta;1
1006131;100949;Paralisia;0
1006132;100950;Foi ao templo oferecer um sacrifício;0
1006133;100950;Levantou-se e passou a servi-los;1
1006134;100950;Saiu para chamar a multidão;0
1006135;100950;Acompanhou Jesus ao deserto;0
1006136;100951;Porque falavam em língua estrangeira;0
1006137;100951;Porque assustavam os soldados;0
1006138;100951;Porque não conheciam seu nome;0
1006139;100951;Porque sabiam que ele era o Cristo;1
1006140;100952;Porque para isso havia sido enviado;1
1006141;100952;Porque Nazaré estava sem sinagoga;0
1006142;100952;Porque Herodes o havia contratado;0
1006143;100952;Porque os discípulos haviam deixado a Galileia;0
1006144;100953;No mar Morto;0
1006145;100953;No lago de Genesaré;1
1006146;100953;No tanque de Siloé;0
1006147;100953;No rio Jordão;0
1006148;100954;Vendiam os peixes;0
1006149;100954;Consertavam os barcos;0
1006150;100954;Preparavam uma refeição;0
1006151;100954;Lavavam as redes;1
1006152;100955;De Simão;1
1006153;100955;De Tiago;0
1006154;100955;De João;0
1006155;100955;De Levi;0
1006156;100956;Voltar imediatamente para a praia;0
1006157;100956;Entregar as redes aos companheiros;0
1006158;100956;Levar o barco ao lugar mais fundo e lançar as redes;1
1006159;100956;Viajar até a outra margem do lago;0
1006160;100957;Havia enchido um barco;0
1006161;100957;Não havia apanhado nada;1
1006162;100957;Havia perdido todas as redes;0
1006163;100957;Havia pescado somente um peixe;0
1006164;100958;Ficaram presas no fundo do lago;0
1006165;100958;Foram levadas pela tempestade;0
1006166;100958;Voltaram vazias para o barco;0
1006167;100958;Começaram a se romper por causa da grande quantidade de peixes;1
1006168;100959;Porque os dois barcos ficaram tão cheios que quase afundavam;1
1006169;100959;Porque Simão havia caído na água;0
1006170;100959;Porque uma tempestade começou;0
1006171;100959;Porque Jesus desejava atravessar o lago;0
1006172;100960;Pediu para tornar-se chefe dos pescadores;0
1006173;100960;Perguntou onde deveria vender os peixes;0
1006174;100960;Pediu que Jesus se afastasse dele, pois era pecador;1
1006175;100960;Prometeu voltar a pescar na noite seguinte;0
1006176;100961;Filipe e Bartolomeu;0
1006177;100961;Tiago e João;1
1006178;100961;André e Mateus;0
1006179;100961;Tomé e Judas;0
1006180;100962;Ser chefe da sinagoga;0
1006181;100962;Ser cobrador de impostos;0
1006182;100962;Ser sacerdote em Jerusalém;0
1006183;100962;Ser pescador de gente;1
1006184;100963;Deixaram tudo e seguiram Jesus;1
1006185;100963;Voltaram a pescar;0
1006186;100963;Foram vender os peixes;0
1006187;100963;Viajaram para Jerusalém;0
1006188;100964;Ficou à distância e pediu aos discípulos que o curassem;0
1006189;100964;Entrou na sinagoga e exigiu um sinal;0
1006190;100964;Prostrou-se com o rosto em terra e afirmou que Jesus podia purificá-lo;1
1006191;100964;Tocou em Jesus sem dizer nada;0
1006192;100965;Mandou-o mergulhar no Jordão;0
1006193;100965;Estendeu a mão e tocou nele;1
1006194;100965;Enviou-o primeiro ao sacerdote;0
1006195;100965;Pediu que ele jejuasse sete dias;0
1006196;100966;Voltar para casa e não procurar ninguém;0
1006197;100966;Seguir Jesus até Jerusalém;0
1006198;100966;Entregar seus bens aos pobres;0
1006199;100966;Apresentar-se ao sacerdote e oferecer o sacrifício ordenado por Moisés;1
1006200;100967;Para lugares solitários, onde orava;1
1006201;100967;Para o palácio de Herodes;0
1006202;100967;Para a casa de Simão;0
1006203;100967;Para o templo de Jerusalém;0
1006204;100968;Somente de Nazaré;0
1006205;100968;De Roma e da Síria;0
1006206;100968;Da Galileia, da Judeia e de Jerusalém;1
1006207;100968;Apenas de Cafarnaum;0
1006208;100969;Abriram caminho com soldados;0
1006209;100969;Desceram-no pelo telhado, entre as telhas;1
1006210;100969;Levaram-no pela porta dos fundos;0
1006211;100969;Esperaram a multidão ir embora;0
1006212;100970;Que deveria levantar-se imediatamente;0
1006213;100970;Que sua enfermidade era incurável;0
1006214;100970;Que fosse ao sacerdote;0
1006215;100970;Que os pecados dele estavam perdoados;1
1006216;100971;Porque entendiam que somente Deus pode perdoar pecados;1
1006217;100971;Porque o homem não era judeu;0
1006218;100971;Porque era sábado;0
1006219;100971;Porque Jesus não havia tocado no doente;0
1006220;100972;Ir ao Jordão e lavar-se;0
1006221;100972;Entregar o leito aos fariseus;0
1006222;100972;Levantar-se, pegar o leito e ir para casa;1
1006223;100972;Permanecer deitado até o dia seguinte;0
1006224;100973;Seguiu os fariseus;0
1006225;100973;Voltou para casa glorificando a Deus;1
1006226;100973;Foi trabalhar na coletoria;0
1006227;100973;Ficou em silêncio no local;0
1006228;100974;Pescador no lago;0
1006229;100974;Sacerdote no templo;0
1006230;100974;Soldado de Herodes;0
1006231;100974;Publicano, sentado na coletoria;1
1006232;100975;Levantou-se, deixou tudo e o seguiu;1
1006233;100975;Pediu três dias para pensar;0
1006234;100975;Chamou os fariseus;0
1006235;100975;Continuou sentado na coletoria;0
1006236;100976;Uma reunião de oração;0
1006237;100976;Uma cerimônia de casamento;0
1006238;100976;Um grande banquete;1
1006239;100976;Um julgamento público;0
1006240;100977;Os publicanos eram mais justos que os fariseus;0
1006241;100977;Os doentes precisam de médico, e ele veio chamar pecadores ao arrependimento;1
1006242;100977;Os discípulos não podiam comer sozinhos;0
1006243;100977;A Lei obrigava todos a participar do banquete;0
1006244;100978;Enquanto o noivo estivesse presente;0
1006245;100978;Somente aos sábados;0
1006246;100978;Depois de uma pesca abundante;0
1006247;100978;Quando o noivo lhes fosse tirado;1
1006248;100979;Porque o vinho novo rompe os odres velhos e ambos se perdem;1
1006249;100979;Porque o vinho velho muda de cor;0
1006250;100979;Porque os odres novos não podem ser transportados;0
1006251;100979;Porque a Lei proibia vinho em odres de couro;0
1006252;100980;Plantavam novas sementes;0
1006253;100980;Colhiam, debulhavam e comiam espigas;1
1006254;100980;Queimavam a palha;0
1006255;100980;Vendiam trigo aos fariseus;0
1006256;100981;Davi venceu Golias com uma pedra;0
1006257;100981;Davi poupou Saul numa caverna;0
1006258;100981;Davi transportou a arca para Jerusalém;0
1006259;100981;Davi comeu os pães da proposição e deu aos companheiros;1
1006260;100982;O Filho do Homem é senhor do sábado;1
1006261;100982;O Filho do Homem aboliu todos os sábados;0
1006262;100982;O Filho do Homem serve aos fariseus no sábado;0
1006263;100982;O Filho do Homem só ensina fora do sábado;0
1006264;100983;A mão esquerda;0
1006265;100983;As duas mãos;0
1006266;100983;A mão direita;1
1006267;100983;A mão que segurava o cajado;0
1006268;100984;Queriam aprender a curar;0
1006269;100984;Procuravam motivo para acusá-lo caso curasse;1
1006270;100984;Esperavam ser escolhidos apóstolos;0
1006271;100984;Desejavam convidá-lo para um banquete;0
1006272;100985;Se o homem pagava os impostos;0
1006273;100985;Se os fariseus conheciam Moisés;0
1006274;100985;Se a sinagoga estava aberta todos os dias;0
1006275;100985;Se era lícito fazer o bem ou o mal e salvar ou deixar perder uma vida no sábado;1
1006276;100986;A mão foi restaurada;1
1006277;100986;A mão começou a sangrar;0
1006278;100986;Ele caiu no chão;0
1006279;100986;Ele perdeu os movimentos da outra mão;0
1006280;100987;Glorificaram a Deus;0
1006281;100987;Pediram outra cura;0
1006282;100987;Encheram-se de furor e discutiam o que fariam contra Jesus;1
1006283;100987;Seguiram Jesus para o monte;0
1006284;100988;Dormiu no barco de Simão;0
1006285;100988;Passou a noite orando a Deus no monte;1
1006286;100988;Ensinou no templo;0
1006287;100988;Visitou a casa de Levi;0
1006288;100989;Sete;0
1006289;100989;Dez;0
1006290;100989;Setenta;0
1006291;100989;Doze;1
1006292;100990;Pedro;1
1006293;100990;Zelote;0
1006294;100990;Levi;0
1006295;100990;Boanerges;0
1006296;100991;Judas, filho de Tiago;0
1006297;100991;Simão, o Zelote;0
1006298;100991;Judas Iscariotes;1
1006299;100991;Tiago, filho de Alfeu;0
1006300;100992;Somente de Nazaré;0
1006301;100992;Da Judeia, de Jerusalém e do litoral de Tiro e Sidom;1
1006302;100992;Da Babilônia e da Pérsia;0
1006303;100992;Apenas de Cafarnaum e Naim;0
1006304;100993;Porque desejavam prendê-lo;0
1006305;100993;Porque ele distribuía alimentos;0
1006306;100993;Porque queriam levá-lo ao templo;0
1006307;100993;Porque dele saía poder e curava todos;1
1006308;100994;Aos pobres;1
1006309;100994;Aos ricos;0
1006310;100994;Aos que estão fartos;0
1006311;100994;Aos que são elogiados;0
1006312;100995;Receberiam um reino terreno;0
1006313;100995;Nunca mais trabalhariam;0
1006314;100995;Seriam saciados;1
1006315;100995;Seriam elogiados por todos;0
1006316;100996;Responder com insultos;0
1006317;100996;Alegrar-se e exultar, pois grande é a recompensa no céu;1
1006318;100996;Esconder a fé;0
1006319;100996;Procurar vingança imediata;0
1006320;100997;Porque todos eram publicanos;0
1006321;100997;Porque não podiam entrar na sinagoga;0
1006322;100997;Porque seriam presos por Herodes;0
1006323;100997;Porque já haviam recebido sua consolação;1
1006324;100998;Passariam fome;1
1006325;100998;Receberiam mais alimentos;0
1006326;100998;Seriam escolhidos apóstolos;0
1006327;100998;Governariam a Galileia;0
1006328;100999;Ignorá-los completamente;0
1006329;100999;Denunciá-los aos soldados;0
1006330;100999;Amá-los e fazer o bem aos que odeiam;1
1006331;100999;Expulsá-los das cidades;0
1006332;101000;Amaldiçoar em resposta;0
1006333;101000;Abençoar e orar por eles;1
1006334;101000;Recusar todo contato;0
1006335;101000;Levá-los aos fariseus;0
1006336;101001;Exigir dos outros mais do que se oferece;0
1006337;101001;Tratar bem somente os amigos;0
1006338;101001;Recompensar apenas quem pode retribuir;0
1006339;101001;Fazer aos outros o que desejam que os outros lhes façam;1
1006340;101002;Sem esperar nada em troca;1
1006341;101002;Cobrando juros dos estrangeiros;0
1006342;101002;Somente aos parentes;0
1006343;101002;Exigindo garantia dobrada;0
1006344;101003;Ser severos como os juízes;0
1006345;101003;Ser ricos como os governantes;0
1006346;101003;Ser misericordiosos como o Pai é misericordioso;1
1006347;101003;Ser conhecidos como os profetas;0
1006348;101004;Receberão autoridade política;0
1006349;101004;Não serão julgados nem condenados;1
1006350;101004;Nunca enfrentarão oposição;0
1006351;101004;Serão isentos de toda correção;0
1006352;101005;Somente com a medida dos sacerdotes;0
1006353;101005;Com uma medida sempre menor;0
1006354;101005;Com a medida definida por Herodes;0
1006355;101005;Com a mesma medida que usarem;1
1006356;101006;Ambos caem num buraco;1
1006357;101006;Ambos encontram o caminho;0
1006358;101006;O primeiro recupera a visão;0
1006359;101006;O segundo torna-se mestre;0
1006360;101007;A capa do irmão;0
1006361;101007;A poeira da estrada;0
1006362;101007;A trave do próprio olho;1
1006363;101007;O véu da sinagoga;0
1006364;101008;Pela altura do tronco;0
1006365;101008;Pelos frutos que produz;1
1006366;101008;Pelo lugar onde foi plantada;0
1006367;101008;Pelo número de folhas;0
1006368;101009;Da aprovação dos outros;0
1006369;101009;Do conhecimento dos impostos;0
1006370;101009;Da riqueza acumulada;0
1006371;101009;Do bom tesouro do coração;1
1006372;101010;Ao homem que construiu sobre a rocha com alicerce profundo;1
1006373;101010;Ao homem que construiu sem alicerce;0
1006374;101010;Ao cego que guia outro cego;0
1006375;101010;Ao agricultor que não colhe frutos;0
1006376;101011;Permaneceu firme;0
1006377;101011;Foi transferida para a rocha;0
1006378;101011;Desabou, e foi grande a sua ruína;1
1006379;101011;Foi protegida pelos vizinhos;0
1006380;101012;Naim;0
1006381;101012;Cafarnaum;1
1006382;101012;Nazaré;0
1006383;101012;Jerusalém;0
1006384;101013;Estava preso por Herodes;0
1006385;101013;Havia desaparecido;0
1006386;101013;Estava leproso no deserto;0
1006387;101013;Estava doente e quase à morte;1
1006388;101014;Alguns anciãos dos judeus;1
1006389;101014;Dois soldados romanos;0
1006390;101014;Os doze apóstolos;0
1006391;101014;Os parentes do servo;0
1006392;101015;Era descendente de Abraão;0
1006393;101015;Era sacerdote em Jerusalém;0
1006394;101015;Era amigo do povo e havia construído a sinagoga;1
1006395;101015;Havia libertado João da prisão;0
1006396;101016;Porque o servo já estava curado;0
1006397;101016;Porque não se considerava digno de recebê-lo;1
1006398;101016;Porque a casa estava fechada;0
1006399;101016;Porque temia os anciãos;0
1006400;101017;O servo tocar na roupa de Jesus;0
1006401;101017;Os anciãos oferecerem um sacrifício;0
1006402;101017;Um médico visitar a casa;0
1006403;101017;Jesus dizer uma palavra;1
1006404;101018;Nem mesmo em Israel havia encontrado fé como aquela;1
1006405;101018;Era menor que a fé dos fariseus;0
1006406;101018;Dependia da presença física de Jesus;0
1006407;101018;Era semelhante à incredulidade de Nazaré;0
1006408;101019;Morto;0
1006409;101019;Ainda pior;0
1006410;101019;Curado;1
1006411;101019;Ausente;0
1006412;101020;Belém;0
1006413;101020;Naim;1
1006414;101020;Jericó;0
1006415;101020;Betânia;0
1006416;101021;Era seu marido;0
1006417;101021;Era seu irmão;0
1006418;101021;Era seu pai;0
1006419;101021;Era seu filho único;1
1006420;101022;Compadeceu-se dela;1
1006421;101022;Indignou-se com ela;0
1006422;101022;Temeu a multidão;0
1006423;101022;Admirou-se de sua riqueza;0
1006424;101023;Que saísse da cidade;0
1006425;101023;Que fosse ao sacerdote;0
1006426;101023;Que se levantasse;1
1006427;101023;Que chamasse sua mãe;0
1006428;101024;Levantou-se e saiu correndo;0
1006429;101024;Sentou-se e começou a falar;1
1006430;101024;Permaneceu imóvel;0
1006431;101024;Começou a cantar um salmo;0
1006432;101025;Afirmou que o centurião havia feito o milagre;0
1006433;101025;Concluiu que João era o Cristo;0
1006434;101025;Disse que a viúva havia fingido o enterro;0
1006435;101025;Disse que um grande profeta havia surgido e que Deus visitara seu povo;1
1006436;101026;Se ele era aquele que estava para vir ou se deveriam esperar outro;1
1006437;101026;Se Jesus iria libertá-lo da prisão naquele dia;0
1006438;101026;Se os discípulos deveriam jejuar;0
1006439;101026;Se Herodes perderia o governo;0
1006440;101027;A construção de novas sinagogas;0
1006441;101027;A prisão dos fariseus;0
1006442;101027;Curas, ressurreições e a pregação do evangelho aos pobres;1
1006443;101027;A derrota dos soldados romanos;0
1006444;101028;Menos do que um mestre da Lei;0
1006445;101028;Muito mais do que um profeta;1
1006446;101028;Apenas um sacerdote;0
1006447;101028;Um governante da Judeia;0
1006448;101029;Construiria um palácio;0
1006449;101029;Organizaria o exército;0
1006450;101029;Escreveria uma nova lei;0
1006451;101029;Prepararia o caminho diante dele;1
1006452;101030;O povo e até os publicanos;1
1006453;101030;Somente os fariseus;0
1006454;101030;Apenas os sacerdotes;0
1006455;101030;Os governantes romanos;0
1006456;101031;Os publicanos e soldados;0
1006457;101031;Os pescadores da Galileia;0
1006458;101031;Os fariseus e intérpretes da Lei;1
1006459;101031;As viúvas de Naim;0
1006460;101032;Com pescadores que rasgaram as redes;0
1006461;101032;Com meninos sentados na praça que reclamavam dos companheiros;1
1006462;101032;Com soldados sem salário;0
1006463;101032;Com construtores sem pedras;0
1006464;101033;Diziam que ambos eram sacerdotes;0
1006465;101033;Diziam que João era rico e Jesus era soldado;0
1006466;101033;Diziam que ambos se recusavam a falar ao povo;0
1006467;101033;Diziam que João tinha demônio e que Jesus era glutão, bebedor e amigo de pecadores;1
1006468;101034;Um frasco de alabastro cheio de perfume;1
1006469;101034;Um cesto de pães;0
1006470;101034;Uma jarra de água;0
1006471;101034;Uma oferta de duas moedas;0
1006472;101035;Com uma toalha do fariseu;0
1006473;101035;Com a sua capa;0
1006474;101035;Com os próprios cabelos;1
1006475;101035;Com folhas de palmeira;0
1006476;101036;Jairo;0
1006477;101036;Simão;1
1006478;101036;Levi;0
1006479;101036;Zacarias;0
1006480;101037;Cem e duzentos denários;0
1006481;101037;Dez e vinte talentos;0
1006482;101037;Mil e dois mil denários;0
1006483;101037;Quinhentos e cinquenta denários;1
1006484;101038;Aquele a quem foi perdoada a dívida maior;1
1006485;101038;Aquele que devia menos;0
1006486;101038;Aquele que era mais rico;0
1006487;101038;Aquele que não pediu perdão;0
1006488;101039;Pão, vinho e lugar à mesa;0
1006489;101039;Uma túnica, uma capa e sandálias;0
1006490;101039;Água para os pés, beijo de recepção e óleo para a cabeça;1
1006491;101039;Incenso, oferta e sacrifício;0
1006492;101040;Quem recebe perdão deve evitar todo contato;0
1006493;101040;Quem recebe muito perdão demonstra muito amor;1
1006494;101040;Somente quem pouco peca pode amar;0
1006495;101040;O amor substitui completamente o perdão;0
1006496;101041;Volte para sua cidade;0
1006497;101041;Siga os fariseus;0
1006498;101041;Não conte a ninguém;0
1006499;101041;Vá em paz;1
1006500;101042;A cobrança dos impostos do templo;0
1006501;101042;O evangelho do Reino de Deus;1
1006502;101042;A reconstrução de Jerusalém;0
1006503;101042;A libertação militar da Galileia;0
1006504;101043;Dois;0
1006505;101043;Doze;0
1006506;101043;Quarenta;0
1006507;101043;Sete;1
1006508;101044;Cuza, procurador de Herodes;1
1006509;101044;Jairo, chefe da sinagoga;0
1006510;101044;Levi, publicano;0
1006511;101044;Simão, o pescador;0
1006512;101045;Produziu cem por um;0
1006513;101045;Secou por falta de umidade;0
1006514;101045;Foi pisada e comida pelas aves;1
1006515;101045;Foi sufocada pelos espinhos;0
1006516;101046;Porque foi pisada;0
1006517;101046;Por falta de umidade;1
1006518;101046;Porque as aves a comeram;0
1006519;101046;Porque o semeador a recolheu;0
1006520;101047;Foi sufocada pelos espinhos;0
1006521;101047;Não chegou a germinar;0
1006522;101047;Foi levada pela água;0
1006523;101047;Cresceu e produziu a cem por um;1
1006524;101048;A palavra de Deus;1
1006525;101048;A riqueza;0
1006526;101048;A Lei de Moisés;0
1006527;101048;A multidão;0
1006528;101049;Os publicanos;0
1006529;101049;Os soldados;0
1006530;101049;O diabo;1
1006531;101049;Os familiares;0
1006532;101050;Alegria;0
1006533;101050;Raiz;1
1006534;101050;Conhecimento;0
1006535;101050;Riqueza;0
1006536;101051;Perseguição, fome e prisão;0
1006537;101051;Doenças, viagens e trabalho;0
1006538;101051;Jejuns, orações e ofertas;0
1006539;101051;Preocupações, riquezas e prazeres desta vida;1
1006540;101052;Com perseverança, depois de reterem a palavra em coração bom e reto;1
1006541;101052;Rapidamente, sem ouvir a palavra;0
1006542;101052;Somente quando não enfrentam provações;0
1006543;101052;Por meio de riquezas e prestígio;0
1006544;101053;Debaixo da cama;0
1006545;101053;Coberta por um vaso;0
1006546;101053;Num lugar em que ilumine bem;1
1006547;101053;Dentro de um armário;0
1006548;101054;Somente seus parentes de Nazaré;0
1006549;101054;Os que ouvem a palavra de Deus e a praticam;1
1006550;101054;Os doze apóstolos apenas;0
1006551;101054;Todos os moradores da Galileia;0
1006552;101055;Uma grande pesca encheu os barcos;0
1006553;101055;O lago secou;0
1006554;101055;Os discípulos desembarcaram em Jerusalém;0
1006555;101055;Sobreveio uma tempestade, e o barco começou a encher-se de água;1
1006556;101056;Repreendeu o vento e a fúria da água;1
1006557;101056;Mandou os discípulos nadarem;0
1006558;101056;Lançou as redes no lago;0
1006559;101056;Pediu ajuda aos pescadores da margem;0
1006560;101057;Para a região de Tiro;0
1006561;101057;Para a cidade de Naim;0
1006562;101057;Para a terra dos gerasenos;1
1006563;101057;Para a Judeia;0
1006564;101058;Na sinagoga;0
1006565;101058;Nos túmulos;1
1006566;101058;No palácio;0
1006567;101058;Em um barco;0
1006568;101059;Abismo;0
1006569;101059;Belzebu;0
1006570;101059;César;0
1006571;101059;Legião;1
1006572;101060;Numa manada de porcos;1
1006573;101060;Num rebanho de ovelhas;0
1006574;101060;Nos barcos dos discípulos;0
1006575;101060;Na cidade dos gerasenos;0
1006576;101061;Ainda preso por cadeias;0
1006577;101061;Escondido nos túmulos;0
1006578;101061;Vestido, em perfeito juízo e sentado aos pés de Jesus;1
1006579;101061;Conduzindo a manada de porcos;0
1006580;101062;Que permanecesse e governasse a cidade;0
1006581;101062;Que se retirasse daquela região;1
1006582;101062;Que ressuscitasse os porcos;0
1006583;101062;Que prendesse o homem curado;0
1006584;101063;Segui-lo no barco;0
1006585;101063;Tornar-se chefe da sinagoga;0
1006586;101063;Morar no deserto;0
1006587;101063;Voltar para casa e contar tudo o que Deus havia feito;1
1006588;101064;Chefe da sinagoga;1
1006589;101064;Centurião;0
1006590;101064;Publicano;0
1006591;101064;Sacerdote do turno de Abias;0
1006592;101065;Sete anos;0
1006593;101065;Dezoito anos;0
1006594;101065;Doze anos;1
1006595;101065;Trinta anos;0
1006596;101066;Cinco anos;0
1006597;101066;Doze anos;1
1006598;101066;Dezoito anos;0
1006599;101066;Quarenta anos;0
1006600;101067;Ela caiu desacordada;0
1006601;101067;Jesus deixou de caminhar por causa da doença;0
1006602;101067;A multidão se dispersou;0
1006603;101067;A hemorragia estancou imediatamente;1
1006604;101068;Sentiu que dele havia saído poder;1
1006605;101068;Pedro apontou a mulher;0
1006606;101068;Jairo lhe contou;0
1006607;101068;A mulher gritou antes de tocar;0
1006608;101069;Que oferecesse um sacrifício;0
1006609;101069;Que não contasse a ninguém;0
1006610;101069;Que sua fé a havia salvado e que fosse em paz;1
1006611;101069;Que acompanhasse Jairo;0
1006612;101070;A filha havia sido curada;0
1006613;101070;A filha havia morrido;1
1006614;101070;A casa estava vazia;0
1006615;101070;A mãe da menina havia chegado;0
1006616;101071;Todos os doze apóstolos;0
1006617;101071;Somente Jairo;0
1006618;101071;A multidão inteira;0
1006619;101071;Pedro, João, Tiago e os pais da menina;1
1006620;101072;Menina, levante-se;1
1006621;101072;Menina, saia da casa;0
1006622;101072;Menina, conte o que viu;0
1006623;101072;Menina, siga-me;0
1006624;101073;Levá-la ao templo;0
1006625;101073;Chamar a multidão;0
1006626;101073;Dar-lhe de comer;1
1006627;101073;Preparar um sacrifício;0
1006628;101074;Autoridade para cobrar impostos;0
1006629;101074;Poder sobre os demônios e para curar doenças;1
1006630;101074;Poder para governar cidades;0
1006631;101074;Autoridade sobre os sacerdotes;0
1006632;101075;A queda de Roma;0
1006633;101075;A construção do templo;0
1006634;101075;O recenseamento da Judeia;0
1006635;101075;O Reino de Deus;1
1006636;101076;Bordão, sacola, pão, dinheiro e duas túnicas;1
1006637;101076;Água, sandálias e uma túnica;0
1006638;101076;Somente dinheiro e alimentos;0
1006639;101076;Livros, redes e barcos;0
1006640;101077;Permanecer até serem aceitos;0
1006641;101077;Chamar soldados;0
1006642;101077;Sacudir o pó dos pés em testemunho contra ela;1
1006643;101077;Voltar imediatamente a Jerusalém;0
1006644;101078;Porque Jesus cobrava impostos;0
1006645;101078;Porque havia opiniões de que João, Elias ou um profeta antigo havia aparecido;1
1006646;101078;Porque os apóstolos haviam tomado Betsaida;0
1006647;101078;Porque o templo havia sido fechado;0
1006648;101079;Naim;0
1006649;101079;Nazaré;0
1006650;101079;Jericó;0
1006651;101079;Betsaida;1
1006652;101080;Cinco pães e dois peixes;1
1006653;101080;Sete pães e três peixes;0
1006654;101080;Doze pães e um peixe;0
1006655;101080;Três pães e cinco peixes;0
1006656;101081;Dois mil;0
1006657;101081;Sete mil;0
1006658;101081;Cinco mil;1
1006659;101081;Dez mil;0
1006660;101082;Doze;0
1006661;101082;Cinquenta;1
1006662;101082;Cem;0
1006663;101082;Vinte;0
1006664;101083;Sete;0
1006665;101083;Cinco;0
1006666;101083;Quarenta;0
1006667;101083;Doze;1
1006668;101084;O Cristo de Deus;1
1006669;101084;João Batista ressuscitado;0
1006670;101084;Elias;0
1006671;101084;Um dos antigos profetas;0
1006672;101085;Seria coroado rei em Betsaida;0
1006673;101085;Venceria Herodes por força militar;0
1006674;101085;Sofreria, seria rejeitado, morto e ressuscitaria no terceiro dia;1
1006675;101085;Permaneceria para sempre na Galileia;0
1006676;101086;Jejuar sem interrupção;0
1006677;101086;Negar a si mesmo e tomar sua cruz;1
1006678;101086;Morar no deserto;0
1006679;101086;Abandonar toda cidade;0
1006680;101087;Quanto dinheiro seria necessário;0
1006681;101087;Qual reino seria o maior;0
1006682;101087;Quem governaria todas as nações;0
1006683;101087;Que vantagem haveria se a pessoa se perdesse ou causasse dano a si mesma;1
1006684;101088;Pedro, João e Tiago;1
1006685;101088;André, Filipe e Tomé;0
1006686;101088;Mateus, Bartolomeu e Judas;0
1006687;101088;Simão, Levi e João;0
1006688;101089;Abraão e Davi;0
1006689;101089;Isaías e Jeremias;0
1006690;101089;Moisés e Elias;1
1006691;101089;João e Zacarias;0
1006692;101090;Sobre a escolha dos doze;0
1006693;101090;Sobre a morte que ele cumpriria em Jerusalém;1
1006694;101090;Sobre a prisão de João;0
1006695;101090;Sobre a destruição de Cafarnaum;0
1006696;101091;Descer imediatamente do monte;0
1006697;101091;Chamar a multidão;0
1006698;101091;Oferecer três sacrifícios;0
1006699;101091;Construir três tendas;1
1006700;101092;Que o escutassem;1
1006701;101092;Que o coroassem;0
1006702;101092;Que o levassem a Nazaré;0
1006703;101092;Que não o seguissem;0
1006704;101093;Porque João estava preso;0
1006705;101093;Porque os sacerdotes recusaram o menino;0
1006706;101093;Porque os discípulos não conseguiram expulsar o espírito;1
1006707;101093;Porque Herodes havia proibido curas;0
1006708;101094;Mandou-o ao templo;0
1006709;101094;Curou o menino e o entregou ao pai;1
1006710;101094;Enviou-o para o deserto;0
1006711;101094;Chamou os fariseus;0
1006712;101095;Quem compraria alimento;0
1006713;101095;Quem iria a Jerusalém;0
1006714;101095;Quem substituiria João;0
1006715;101095;Qual deles seria o maior;1
1006716;101096;Uma criança;1
1006717;101096;Um centurião;0
1006718;101096;Um sacerdote;0
1006719;101096;Um publicano;0
1006720;101097;Porque era samaritano;0
1006721;101097;Porque cobrava dinheiro;0
1006722;101097;Porque ele não seguia com o grupo;1
1006723;101097;Porque trabalhava para Herodes;0
1006724;101098;Autorizou o pedido;0
1006725;101098;Repreendeu-os e seguiu para outra aldeia;1
1006726;101098;Mandou-os voltar à Galileia;0
1006727;101098;Pediu ajuda a Elias;0
1006728;101099;Os discípulos possuíam muitas casas;0
1006729;101099;Jerusalém estava cheia de hospedarias;0
1006730;101099;Os animais não tinham abrigo;0
1006731;101099;O Filho do Homem não tinha onde reclinar a cabeça;1
1006732;101100;Ir e anunciar o Reino de Deus;1
1006733;101100;Voltar a pescar;0
1006734;101100;Construir uma sinagoga;0
1006735;101100;Servir no templo;0
1006736;101101;Quem trabalha no campo;0
1006737;101101;Quem semeia em boa terra;0
1006738;101101;Quem põe a mão no arado e olha para trás;1
1006739;101101;Quem recolhe a colheita;0
1006740;101102;Doze;0
1006741;101102;Setenta;1
1006742;101102;Quarenta;0
1006743;101102;Cento e vinte;0
1006744;101103;A seara é pequena e há muitos trabalhadores;0
1006745;101103;A seara já terminou;0
1006746;101103;Os trabalhadores não precisam ser enviados;0
1006747;101103;A seara é grande, mas os trabalhadores são poucos;1
1006748;101104;Como cordeiros no meio de lobos;1
1006749;101104;Como leões entre ovelhas;0
1006750;101104;Como soldados entre inimigos;0
1006751;101104;Como pescadores no lago;0
1006752;101105;O Reino terminou;0
1006753;101105;Preparem uma refeição;0
1006754;101105;Paz seja nesta casa;1
1006755;101105;Chamem os sacerdotes;0
1006756;101106;Porque era proibido andar pelas ruas;0
1006757;101106;Porque o trabalhador é digno do seu salário;1
1006758;101106;Porque precisavam comprar a casa;0
1006759;101106;Porque deveriam evitar os doentes;0
1006760;101107;Herodes perdeu o governo;0
1006761;101107;O templo seria reconstruído;0
1006762;101107;João havia sido libertado;0
1006763;101107;O Reino de Deus se aproximou;1
1006764;101108;Sodoma;1
1006765;101108;Nazaré;0
1006766;101108;Belém;0
1006767;101108;Jerusalém;0
1006768;101109;Naim e Nazaré;0
1006769;101109;Jericó e Betânia;0
1006770;101109;Corazim e Betsaida;1
1006771;101109;Samaria e Jerusalém;0
1006772;101110;Somente os discípulos;0
1006773;101110;Jesus e aquele que o enviou;1
1006774;101110;Os sacerdotes;0
1006775;101110;O povo de Israel;0
1006776;101111;Que todas as cidades lhes deram riquezas;0
1006777;101111;Que Herodes os recebeu;0
1006778;101111;Que haviam construído sinagogas;0
1006779;101111;Que os demônios se submetiam no nome de Jesus;1
1006780;101112;Como um relâmpago caindo do céu;1
1006781;101112;Como uma árvore cortada;0
1006782;101112;Como uma pedra no mar;0
1006783;101112;Como uma estrela escondida;0
1006784;101113;Receber dinheiro das cidades;0
1006785;101113;Ser elogiado pelas multidões;0
1006786;101113;Ter os nomes registrados no céu;1
1006787;101113;Ter autoridade política;0
1006788;101114;Aos governantes;0
1006789;101114;Aos pequeninos;1
1006790;101114;Aos ricos;0
1006791;101114;Aos soldados;0
1006792;101115;Um centurião;0
1006793;101115;Um publicano;0
1006794;101115;Um pescador;0
1006795;101115;Um intérprete da Lei;1
1006796;101116;Amar a Deus integralmente e amar o próximo como a si mesmo;1
1006797;101116;Jejuar e oferecer sacrifícios;0
1006798;101116;Guardar o sábado e pagar impostos;0
1006799;101116;Honrar Herodes e os sacerdotes;0
1006800;101117;Quem é o maior?;0
1006801;101117;Onde está o Reino?;0
1006802;101117;Quem é o meu próximo?;1
1006803;101117;Quando virá Elias?;0
1006804;101118;De Nazaré para Belém;0
1006805;101118;De Jerusalém para Jericó;1
1006806;101118;De Cafarnaum para Naim;0
1006807;101118;De Tiro para Sidom;0
1006808;101119;Um publicano e um soldado;0
1006809;101119;Marta e Maria;0
1006810;101119;Dois samaritanos;0
1006811;101119;Um sacerdote e um levita;1
1006812;101120;Um samaritano;1
1006813;101120;Um sacerdote;0
1006814;101120;Um levita;0
1006815;101120;Um intérprete da Lei;0
1006816;101121;Água e sal;0
1006817;101121;Perfume e incenso;0
1006818;101121;Óleo e vinho;1
1006819;101121;Mel e leite;0
1006820;101122;Cinco;0
1006821;101122;Dois;1
1006822;101122;Dez;0
1006823;101122;Cinquenta;0
1006824;101123;O sacerdote;0
1006825;101123;O levita;0
1006826;101123;O ladrão arrependido;0
1006827;101123;Aquele que usou de misericórdia;1
1006828;101124;Marta;1
1006829;101124;Maria Madalena;0
1006830;101124;Joana;0
1006831;101124;Ana;0
1006832;101125;À porta da casa;0
1006833;101125;Na sinagoga;0
1006834;101125;Aos pés do Senhor;1
1006835;101125;Junto ao poço;0
1006836;101126;Porque Maria queria sair da casa;0
1006837;101126;Porque estava ocupada e agitada com muitos serviços;1
1006838;101126;Porque faltava alimento;0
1006839;101126;Porque os discípulos haviam ido embora;0
1006840;101127;Ela deveria abandonar o ensino;0
1006841;101127;Ela precisava servir mais;0
1006842;101127;Ela havia escolhido uma tarefa inferior;0
1006843;101127;Ela escolheu a boa parte, que não lhe seria tirada;1
1006844;101128;Que Jesus multiplicasse pães;0
1006845;101128;Que Jesus os ensinasse a orar;1
1006846;101128;Que Jesus escolhesse novos apóstolos;0
1006847;101128;Que Jesus fosse a Jerusalém;0
1006848;101129;Que o nome dos discípulos seja conhecido;0
1006849;101129;Que o nome de Herodes seja esquecido;0
1006850;101129;Que o nome de João seja exaltado;0
1006851;101129;Que o nome do Pai seja santificado;1
1006852;101130;Diariamente;1
1006853;101130;Uma vez por semana;0
1006854;101130;Somente aos sábados;0
1006855;101130;Uma vez por ano;0
1006856;101131;Cobrar toda dívida;0
1006857;101131;Evitar os pecadores;0
1006858;101131;Perdoar a todo aquele que nos deve;1
1006859;101131;Oferecer três pães;0
1006860;101132;Ao meio-dia;0
1006861;101132;À meia-noite;1
1006862;101132;Ao amanhecer;0
1006863;101132;Ao pôr do sol;0
1006864;101133;Cinco;0
1006865;101133;Sete;0
1006866;101133;Doze;0
1006867;101133;Três;1
1006868;101134;Por causa da insistência incômoda;1
1006869;101134;Porque receberia dinheiro;0
1006870;101134;Porque os filhos mandaram;0
1006871;101134;Porque era dia de festa;0
1006872;101135;Jejuar, viajar e trabalhar;0
1006873;101135;Semear, colher e guardar;0
1006874;101135;Pedir, buscar e bater;1
1006875;101135;Ler, escrever e ensinar;0
1006876;101136;Riquezas ilimitadas;0
1006877;101136;O Espírito Santo;1
1006878;101136;Autoridade sobre Roma;0
1006879;101136;Ausência de provações;0
1006880;101137;Era surdo;0
1006881;101137;Era cego;0
1006882;101137;Era paralítico;0
1006883;101137;Era mudo;1
1006884;101138;A Belzebu;1
1006885;101138;A Herodes;0
1006886;101138;A João Batista;0
1006887;101138;Aos fariseus;0
1006888;101139;Torna-se mais forte;0
1006889;101139;Domina outros reinos;0
1006890;101139;Fica deserto;1
1006891;101139;Recebe mais soldados;0
1006892;101140;Que Belzebu o ajudava;0
1006893;101140;Que o Reino de Deus havia chegado sobre eles;1
1006894;101140;Que os fariseus estavam corretos;0
1006895;101140;Que o templo seria destruído;0
1006896;101141;Quem não pertence aos doze;0
1006897;101141;Quem mora na Judeia;0
1006898;101141;Quem não conhece João;0
1006899;101141;Quem não é por ele;1
1006900;101142;Sete;1
1006901;101142;Dois;0
1006902;101142;Doze;0
1006903;101142;Quarenta;0
1006904;101143;Os que possuem muitos bens;0
1006905;101143;Os que vivem nos palácios;0
1006906;101143;Os que ouvem a palavra de Deus e a guardam;1
1006907;101143;Os que recebem elogios;0
1006908;101144;O sinal de Moisés;0
1006909;101144;O sinal de Jonas;1
1006910;101144;O sinal de Elias;0
1006911;101144;O sinal de Davi;0
1006912;101145;Porque governou Jerusalém;0
1006913;101145;Porque recebeu João;0
1006914;101145;Porque construiu uma sinagoga;0
1006915;101145;Porque veio de longe para ouvir a sabedoria de Salomão;1
1006916;101146;Porque se arrependeram com a pregação de Jonas;1
1006917;101146;Porque derrotaram Roma;0
1006918;101146;Porque rejeitaram Jonas;0
1006919;101146;Porque ofereceram riquezas a Salomão;0
1006920;101147;As mãos;0
1006921;101147;A boca;0
1006922;101147;Os olhos;1
1006923;101147;Os pés;0
1006924;101148;Jesus recusou sentar-se;0
1006925;101148;Jesus não se lavou antes de comer;1
1006926;101148;Jesus trouxe publicanos;0
1006927;101148;Jesus não levou alimento;0
1006928;101149;As paredes da sinagoga;0
1006929;101149;As roupas dos discípulos;0
1006930;101149;Os túmulos dos profetas;0
1006931;101149;O exterior do copo e do prato;1
1006932;101150;A justiça e o amor de Deus;1
1006933;101150;A coragem e a riqueza;0
1006934;101150;O jejum e a oração;0
1006935;101150;A leitura e a escrita;0
1006936;101151;Os lugares desertos;0
1006937;101151;Os barcos dos pescadores;0
1006938;101151;As primeiras cadeiras nas sinagogas e saudações nas praças;1
1006939;101151;As casas dos publicanos;0
1006940;101152;Carregavam todos os fardos do povo;0
1006941;101152;Sobrecarregavam outros e não tocavam nos fardos nem com um dedo;1
1006942;101152;Aliviavam as exigências da Lei;0
1006943;101152;Distribuíam alimentos aos pobres;0
1006944;101153;Do sangue de Moisés ao de Elias;0
1006945;101153;Do sangue de Davi ao de João;0
1006946;101153;Do sangue de Abraão ao de Isaías;0
1006947;101153;Do sangue de Abel ao sangue de Zacarias;1
1006948;101154;Não entraram e impediram os que estavam entrando;1
1006949;101154;Entregaram-na aos discípulos;0
1006950;101154;Abriram o templo ao povo;0
1006951;101154;Esconderam-na no deserto;0
1006952;101155;Aprender a oração;0
1006953;101155;Receber curas;0
1006954;101155;Encontrar em suas palavras motivo para acusá-lo;1
1006955;101155;Escolhê-lo como mestre;0
1006956;101156;A avareza;0
1006957;101156;A hipocrisia;1
1006958;101156;A incredulidade;0
1006959;101156;A perseguição;0
1006960;101157;Permanecerá escondido;0
1006961;101157;Será esquecido;0
1006962;101157;Será destruído;0
1006963;101157;Será revelado e conhecido;1
1006964;101158;Aos que matam o corpo e nada mais podem fazer;1
1006965;101158;Àquele que tem poder para lançar no inferno;0
1006966;101158;Ao Pai celeste;0
1006967;101158;Ao Espírito Santo;0
1006968;101159;A pomba;0
1006969;101159;O corvo;0
1006970;101159;O pardal;1
1006971;101159;A águia;0
1006972;101160;Somente as palavras públicas;0
1006973;101160;Até os cabelos da cabeça estão contados;1
1006974;101160;Apenas as ofertas;0
1006975;101160;O número de viagens;0
1006976;101161;Dará riquezas imediatas;0
1006977;101161;Livrará de toda perseguição;0
1006978;101161;Nomeará como apóstolo;0
1006979;101161;Também o confessará diante dos anjos de Deus;1
1006980;101162;O Espírito Santo;1
1006981;101162;Os intérpretes da Lei;0
1006982;101162;Os governadores;0
1006983;101162;Os anciãos;0
1006984;101163;Que o curasse;0
1006985;101163;Que o tornasse discípulo;0
1006986;101163;Que repartisse a herança com ele;1
1006987;101163;Que pagasse seus impostos;0
1006988;101164;Contra o trabalho no campo;0
1006989;101164;Contra todo tipo de avareza;1
1006990;101164;Contra a construção de celeiros;0
1006991;101164;Contra receber herança;0
1006992;101165;Porque os celeiros haviam sido roubados;0
1006993;101165;Porque queria hospedar viajantes;0
1006994;101165;Porque os discípulos pediram;0
1006995;101165;Porque sua colheita foi abundante e não tinha onde armazená-la;1
1006996;101166;Descansar, comer, beber e aproveitar a vida;1
1006997;101166;Distribuir tudo imediatamente;0
1006998;101166;Viajar para Jerusalém;0
1006999;101166;Tornar-se discípulo;0
1007000;101167;A sua colheita;0
1007001;101167;O pagamento de impostos;0
1007002;101167;A sua alma;1
1007003;101167;A sua casa;0
1007004;101168;Como mordomo fiel;0
1007005;101168;Como semelhante ao rico tolo;1
1007006;101168;Como servo vigilante;0
1007007;101168;Como pequenino rebanho;0
1007008;101169;Os pardais;0
1007009;101169;As pombas;0
1007010;101169;As águias;0
1007011;101169;Os corvos;1
1007012;101170;Os lírios;1
1007013;101170;As rosas;0
1007014;101170;As oliveiras;0
1007015;101170;As figueiras;0
1007016;101171;A abundância de bens;0
1007017;101171;A aprovação dos fariseus;0
1007018;101171;O Reino de Deus;1
1007019;101171;A segurança política;0
1007020;101172;Porque possuía muitos bens;0
1007021;101172;Porque o Pai se agradou em dar-lhes o Reino;1
1007022;101172;Porque Herodes os protegeria;0
1007023;101172;Porque nunca enfrentaria oposição;0
1007024;101173;Onde estiver sua casa;0
1007025;101173;Onde estiver sua família;0
1007026;101173;Onde estiver sua profissão;0
1007027;101173;Onde estiver o seu tesouro;1
1007028;101174;Preparados, com lamparinas acesas;1
1007029;101174;Dormindo sem preocupação;0
1007030;101174;Longe da casa;0
1007031;101174;Sem alimento;0
1007032;101175;Porque sabiam a hora exata;0
1007033;101175;Porque Herodes chegaria;0
1007034;101175;Porque o Filho do Homem virá quando menos esperarem;1
1007035;101175;Porque o templo fecharia;0
1007036;101176;Guardar os tesouros para si;0
1007037;101176;Dar sustento aos servos no devido tempo;1
1007038;101176;Expulsar os demais servos;0
1007039;101176;Construir novos celeiros;0
1007040;101177;Seria demitido;0
1007041;101177;Receberia poucos açoites;0
1007042;101177;Seria entregue aos infiéis;0
1007043;101177;Seria colocado sobre todos os bens do senhor;1
1007044;101178;A quem muito foi dado, muito será exigido;1
1007045;101178;Quem sabe menos recebe mais cobrança;0
1007046;101178;Todos recebem a mesma exigência;0
1007047;101178;Somente os ricos prestam contas;0
1007048;101179;Água;0
1007049;101179;Riqueza;0
1007050;101179;Fogo;1
1007051;101179;Silêncio;0
1007052;101180;Todos unidos sem conflito;0
1007053;101180;Três contra dois e dois contra três, inclusive entre familiares;1
1007054;101180;Somente irmãos divididos;0
1007055;101180;Apenas empregados contra patrões;0
1007056;101181;Eclipses e terremotos;0
1007057;101181;Cheias do Jordão e neve;0
1007058;101181;Movimento das estrelas;0
1007059;101181;Nuvem no oeste e vento sul;1
1007060;101182;Não discernirem aquela época;1
1007061;101182;Não conhecerem agricultura;0
1007062;101182;Não viajarem a Jerusalém;0
1007063;101182;Não pagarem impostos;0
1007064;101183;Aumentar a acusação;0
1007065;101183;Fugir da cidade;0
1007066;101183;Chegar a um acordo no caminho;1
1007067;101183;Chamar testemunhas falsas;0
1007068;101184;César Augusto;0
1007069;101184;Pilatos;1
1007070;101184;Quirino;0
1007071;101184;Félix;0
1007072;101185;Que não pertenciam à Galileia;0
1007073;101185;Que eram discípulos de João;0
1007074;101185;Que haviam atacado o templo;0
1007075;101185;Que eram mais pecadores do que os demais galileus;1
1007076;101186;Dezoito;1
1007077;101186;Doze;0
1007078;101186;Sete;0
1007079;101186;Quarenta;0
1007080;101187;Todo sofrimento prova maior culpa;0
1007081;101187;Somente os galileus precisavam arrepender-se;0
1007082;101187;Sem arrependimento, todos também perecerão;1
1007083;101187;A torre seria reconstruída;0
1007084;101188;Um ano;0
1007085;101188;Três anos;1
1007086;101188;Sete anos;0
1007087;101188;Doze anos;0
1007088;101189;Transplantá-la para o deserto;0
1007089;101189;Cortar todos os ramos;0
1007090;101189;Regá-la com vinho;0
1007091;101189;Cavar ao redor e colocar estrume;1
1007092;101190;Dezoito anos;1
1007093;101190;Doze anos;0
1007094;101190;Três anos;0
1007095;101190;Quarenta anos;0
1007096;101191;Ela caiu no chão;0
1007097;101191;Ela foi levada ao sacerdote;0
1007098;101191;Ela se endireitou imediatamente e glorificou a Deus;1
1007099;101191;Ela permaneceu encurvada;0
1007100;101192;Porque a mulher entrou sem convite;0
1007101;101192;Porque Jesus curou no sábado;1
1007102;101192;Porque os discípulos colheram espigas;0
1007103;101192;Porque a multidão deixou a sinagoga;0
1007104;101193;Alimentar aves nos telhados;0
1007105;101193;Procurar uma ovelha perdida;0
1007106;101193;Pescar no lago;0
1007107;101193;Soltar o boi ou o jumento para levá-lo a beber;1
1007108;101194;Filha de Abraão;1
1007109;101194;Filha de Arão;0
1007110;101194;Filha de Davi;0
1007111;101194;Filha de Aser;0
1007112;101195;Todos se indignaram;0
1007113;101195;O povo foi embora;0
1007114;101195;Os adversários ficaram envergonhados e o povo se alegrou;1
1007115;101195;Os adversários o elogiaram;0
1007116;101196;A um grão de trigo;0
1007117;101196;A um grão de mostarda;1
1007118;101196;A uma semente de figueira;0
1007119;101196;A uma semente de oliveira;0
1007120;101197;Duas;0
1007121;101197;Cinco;0
1007122;101197;Doze;0
1007123;101197;Três;1
1007124;101198;Jerusalém;1
1007125;101198;Nazaré;0
1007126;101198;Cafarnaum;0
1007127;101198;Belém;0
1007128;101199;Pela porta oriental;0
1007129;101199;Pela porta do templo;0
1007130;101199;Pela porta estreita;1
1007131;101199;Pela porta da cidade;0
1007132;101200;Herodes e seus oficiais;0
1007133;101200;Abraão, Isaque, Jacó e todos os profetas;1
1007134;101200;Pilatos e os soldados;0
1007135;101200;Somente os doze apóstolos;0
1007136;101201;Somente do Oriente;0
1007137;101201;Da Galileia e Judeia apenas;0
1007138;101201;De Roma e da Síria;0
1007139;101201;Do Oriente, Ocidente, Norte e Sul;1
1007140;101202;Raposa;1
1007141;101202;Lobo;0
1007142;101202;Leão;0
1007143;101202;Serpente;0
1007144;101203;Em Nazaré;0
1007145;101203;No deserto;0
1007146;101203;Em Jerusalém;1
1007147;101203;Em Cafarnaum;0
1007148;101204;Com a águia que leva os filhotes;0
1007149;101204;Com a galinha que ajunta os filhotes sob as asas;1
1007150;101204;Com a pomba sobre o ninho;0
1007151;101204;Com o corvo que busca alimento;0
1007152;101205;Glória a César;0
1007153;101205;Elias já veio;0
1007154;101205;O templo está concluído;0
1007155;101205;Bendito o que vem em nome do Senhor;1
1007156;101206;Numa sexta-feira;0
1007157;101206;Num sábado;1
1007158;101206;No primeiro dia da semana;0
1007159;101206;Durante a Páscoa;0
1007160;101207;Lepra;0
1007161;101207;Cegueira;0
1007162;101207;Paralisia;0
1007163;101207;Hidropisia;1
1007164;101208;Se era lícito curar no sábado;1
1007165;101208;Se o homem havia pecado;0
1007166;101208;Se eles pagavam o dízimo;0
1007167;101208;Se conheciam o homem;0
1007168;101209;Autorizaram a cura;0
1007169;101209;Proibiram a cura;0
1007170;101209;Ficaram em silêncio;1
1007171;101209;Saíram da casa;0
1007172;101210;Uma ovelha perder-se no deserto;0
1007173;101210;Um filho ou um boi cair num poço;1
1007174;101210;Um barco quase afundar;0
1007175;101210;Uma casa pegar fogo;0
1007176;101211;Recusavam-se a sentar;0
1007177;101211;Não queriam comer;0
1007178;101211;Convidavam os pobres;0
1007179;101211;Escolhiam os primeiros lugares;1
1007180;101212;No último lugar;1
1007181;101212;No primeiro lugar;0
1007182;101212;Ao lado do anfitrião;0
1007183;101212;Fora da sala;0
1007184;101213;Quem se exalta sempre será honrado;0
1007185;101213;A humildade impede toda honra;0
1007186;101213;Quem se exalta será humilhado e quem se humilha será exaltado;1
1007187;101213;Os convidados devem disputar lugares;0
1007188;101214;Somente amigos e parentes;0
1007189;101214;Pobres, aleijados, coxos e cegos;1
1007190;101214;Vizinhos ricos;0
1007191;101214;Sacerdotes e governantes;0
1007192;101215;No dia seguinte;0
1007193;101215;Durante a própria ceia;0
1007194;101215;Quando Herodes chegasse;0
1007195;101215;Na ressurreição dos justos;1
1007196;101216;Uma grande ceia;1
1007197;101216;Um casamento real;0
1007198;101216;Uma colheita;0
1007199;101216;Um julgamento;0
1007200;101217;Havia perdido uma ovelha;0
1007201;101217;Precisava ir ao templo;0
1007202;101217;Havia comprado um campo e precisava vê-lo;1
1007203;101217;Estava doente;0
1007204;101218;Duas;0
1007205;101218;Cinco;1
1007206;101218;Dez;0
1007207;101218;Doze;0
1007208;101219;Estava viajando;0
1007209;101219;Havia comprado uma casa;0
1007210;101219;Precisava trabalhar;0
1007211;101219;Tinha se casado;1
1007212;101220;Pobres, aleijados, cegos e coxos;1
1007213;101220;Somente parentes;0
1007214;101220;Soldados e publicanos;0
1007215;101220;Sacerdotes e levitas;0
1007216;101221;Para anunciar que a ceia havia terminado;0
1007217;101221;Para cobrar dos convidados;0
1007218;101221;Para que a casa ficasse cheia;1
1007219;101221;Para buscar os bois;0
1007220;101222;Somente as riquezas;0
1007221;101222;A própria família e até a própria vida;1
1007222;101222;A cidade natal;0
1007223;101222;O trabalho diário;0
1007224;101223;Uma espada;0
1007225;101223;Uma sacola;0
1007226;101223;Um bordão;0
1007227;101223;A sua cruz;1
1007228;101224;A despesa e se possui meios para concluir;1
1007229;101224;O número de convidados;0
1007230;101224;A distância de Jerusalém;0
1007231;101224;A quantidade de trabalhadores no templo;0
1007232;101225;Cinco mil contra dez mil;0
1007233;101225;Doze mil contra quarenta mil;0
1007234;101225;Dez mil contra vinte mil;1
1007235;101225;Cem contra duzentos;0
1007236;101226;Renunciar apenas ao trabalho;0
1007237;101226;Renunciar a tudo o que possui;1
1007238;101226;Renunciar à oração;0
1007239;101226;Renunciar à família;0
1007240;101227;Recupera o sabor sozinho;0
1007241;101227;É usado na construção;0
1007242;101227;É guardado no templo;0
1007243;101227;É lançado fora, pois não serve nem para a terra nem para o estrume;1
1007244;101228;Somente sacerdotes;0
1007245;101228;Publicanos e pecadores;1
1007246;101228;Soldados romanos;0
1007247;101228;Governadores;0
1007248;101229;Curar somente em Nazaré;0
1007249;101229;Não ensinar nas sinagogas;0
1007250;101229;Recusar-se a falar com publicanos;0
1007251;101229;Receber pecadores e comer com eles;1
1007252;101230;Cem;1
1007253;101230;Cinquenta;0
1007254;101230;Doze;0
1007255;101230;Mil;0
1007256;101231;Setenta;0
1007257;101231;Doze;0
1007258;101231;Noventa e nove;1
1007259;101231;Cinquenta;0
1007260;101232;Num carro;0
1007261;101232;Sobre os ombros;1
1007262;101232;Nos braços;0
1007263;101232;Amarrada ao cajado;0
1007264;101233;Há mais alegria por quem acumula bens;0
1007265;101233;Há alegria apenas por reis;0
1007266;101233;A alegria depende de noventa e nove perdas;0
1007267;101233;Há mais alegria por um pecador que se arrepende;1
1007268;101234;Dez;1
1007269;101234;Cinco;0
1007270;101234;Doze;0
1007271;101234;Cem;0
1007272;101235;Chamou os vizinhos e saiu da cidade;0
1007273;101235;Quebrou o piso e procurou no campo;0
1007274;101235;Acendeu a lamparina, varreu a casa e procurou com empenho;1
1007275;101235;Foi ao templo pedir outra moeda;0
1007276;101236;Diante de Herodes;0
1007277;101236;Diante dos anjos de Deus;1
1007278;101236;Diante dos fariseus;0
1007279;101236;Diante dos soldados;0
1007280;101237;Três;0
1007281;101237;Sete;0
1007282;101237;Doze;0
1007283;101237;Dois;1
1007284;101238;A parte dos bens que lhe cabia;1
1007285;101238;Uma casa na cidade;0
1007286;101238;Cinco juntas de bois;0
1007287;101238;Um cargo na administração;0
1007288;101239;Multiplicou sua herança;0
1007289;101239;Construiu uma sinagoga;0
1007290;101239;Desperdiçou seus bens vivendo de forma desenfreada;1
1007291;101239;Trabalhou como administrador fiel;0
1007292;101240;Uma guerra;0
1007293;101240;Uma grande fome;1
1007294;101240;Uma inundação;0
1007295;101240;Uma epidemia;0
1007296;101241;Cuidar de ovelhas;0
1007297;101241;Cobrar impostos;0
1007298;101241;Trabalhar numa hospedaria;0
1007299;101241;Cuidar de porcos;1
1007300;101242;Alfarrobas;1
1007301;101242;Trigo;0
1007302;101242;Pães;0
1007303;101242;Figos;0
1007304;101243;Permanecer cuidando dos porcos;0
1007305;101243;Procurar o irmão mais velho;0
1007306;101243;Voltar ao pai, confessar o pecado e pedir lugar como trabalhador;1
1007307;101243;Voltar apenas para pedir mais bens;0
1007308;101244;Esperou-o do lado de fora;0
1007309;101244;Compadeceu-se, correu, abraçou-o e beijou-o;1
1007310;101244;Mandou-o embora;0
1007311;101244;Chamou os empregados para prendê-lo;0
1007312;101245;Uma coroa, uma espada e uma capa;0
1007313;101245;Uma túnica sacerdotal;0
1007314;101245;Algemas e uma roupa de trabalhador;0
1007315;101245;A melhor roupa, um anel e sandálias;1
1007316;101246;Porque o filho estava morto e reviveu, perdido e foi achado;1
1007317;101246;Porque o filho trouxe riquezas;0
1007318;101246;Porque o mais velho se casou;0
1007319;101246;Porque a fome terminou;0
1007320;101247;Na cidade;0
1007321;101247;Na hospedaria;0
1007322;101247;No campo;1
1007323;101247;No templo;0
1007324;101248;Alegrou-se e entrou correndo;0
1007325;101248;Indignou-se e não queria entrar;1
1007326;101248;Saiu para procurá-lo;0
1007327;101248;Mandou matar outro bezerro;0
1007328;101249;Uma ovelha;0
1007329;101249;Um bezerro gordo;0
1007330;101249;Uma dracma;0
1007331;101249;Nem sequer um cabrito;1
1007332;101250;Ele sempre estava com o pai e tudo o que o pai tinha era dele;1
1007333;101250;Ele receberia outra herança;0
1007334;101250;Ele seria despedido;0
1007335;101250;Ele deveria sair da casa;0
1007336;101251;Porque a colheita foi grande;0
1007337;101251;Porque os amigos chegaram;0
1007338;101251;Porque o irmão morto reviveu e o perdido foi achado;1
1007339;101251;Porque o filho mais velho obedeceu;0
1007340;101252;Havia roubado um campo;0
1007341;101252;Estava desperdiçando os bens do patrão;1
1007342;101252;Recusava-se a cobrar dívidas;0
1007343;101252;Havia abandonado a casa;0
1007344;101253;Que pagasse toda a dívida;0
1007345;101253;Que vendesse os celeiros;0
1007346;101253;Que chamasse os fariseus;0
1007347;101253;Que prestasse contas da administração;1
1007348;101254;Tinha vergonha;1
1007349;101254;Era proibido por lei;0
1007350;101254;Possuía muitos bens;0
1007351;101254;Não conhecia a cidade;0
1007352;101255;Oitenta;0
1007353;101255;Vinte;0
1007354;101255;Cinquenta;1
1007355;101255;Cem;0
1007356;101256;Cinquenta;0
1007357;101256;Oitenta;1
1007358;101256;Quarenta;0
1007359;101256;Dez;0
1007360;101257;Por devolver todos os bens;0
1007361;101257;Por sua honestidade;0
1007362;101257;Por recusar ajuda;0
1007363;101257;Por sua esperteza;1
1007364;101258;Para fazer amigos com vista aos tabernáculos eternos;1
1007365;101258;Para acumular celeiros;0
1007366;101258;Para comprar cargos;0
1007367;101258;Para evitar os pobres;0
1007368;101259;Quem é fiel no pouco será injusto no muito;0
1007369;101259;A fidelidade depende da riqueza;0
1007370;101259;Quem é fiel no pouco também é fiel no muito;1
1007371;101259;Somente o muito revela caráter;0
1007372;101260;Moisés e os profetas;0
1007373;101260;Deus e a riqueza;1
1007374;101260;Herodes e Pilatos;0
1007375;101260;O rico e Lázaro;0
1007376;101261;Porque eram pobres;0
1007377;101261;Porque eram administradores;0
1007378;101261;Porque não conheciam a Lei;0
1007379;101261;Porque eram avarentos;1
1007380;101262;Deus;1
1007381;101262;Os fariseus;0
1007382;101262;Os publicanos;0
1007383;101262;Os anjos;0
1007384;101263;Até Moisés;0
1007385;101263;Até Davi;0
1007386;101263;Até João;1
1007387;101263;Até Herodes;0
1007388;101264;Um rico entrar no Reino;0
1007389;101264;Passar o céu e a terra;1
1007390;101264;Um administrador ser fiel;0
1007391;101264;Lázaro sair da porta;0
1007392;101265;Pano de saco;0
1007393;101265;Couro e pelos;0
1007394;101265;Uma túnica simples;0
1007395;101265;Púrpura e linho finíssimo;1
1007396;101266;Lázaro;1
1007397;101266;Simão;0
1007398;101266;Levi;0
1007399;101266;Jairo;0
1007400;101267;O bezerro gordo;0
1007401;101267;Três pães;0
1007402;101267;As migalhas que caíam da mesa do rico;1
1007403;101267;As alfarrobas dos porcos;0
1007404;101268;Para a casa do rico;0
1007405;101268;Para junto de Abraão;1
1007406;101268;Para Jerusalém;0
1007407;101268;Para o templo;0
1007408;101269;Trouxesse pão;0
1007409;101269;Buscasse seus irmãos;0
1007410;101269;Levasse-o para casa;0
1007411;101269;Molhasse a ponta do dedo e refrescasse sua língua;1
1007412;101270;Um grande abismo;1
1007413;101270;Uma porta fechada;0
1007414;101270;Uma muralha;0
1007415;101270;Um rio;0
1007416;101271;Dois;0
1007417;101271;Sete;0
1007418;101271;Cinco;1
1007419;101271;Doze;0
1007420;101272;Aos fariseus;0
1007421;101272;A Moisés e aos Profetas;1
1007422;101272;A Herodes;0
1007423;101272;Aos administradores;0
1007424;101273;Crerá ao ver qualquer sinal;0
1007425;101273;Será convencido por riquezas;0
1007426;101273;Ouvirá somente um anjo;0
1007427;101273;Não se convencerá nem se alguém ressuscitar;1
1007428;101274;Perseguições romanas;0
1007429;101274;Pedras de tropeço;1
1007430;101274;Escassez de alimentos;0
1007431;101274;Discussões sobre impostos;0
1007432;101275;Ser expulso da cidade por sete dias;0
1007433;101275;Perder todos os seus bens;0
1007434;101275;Ser entregue aos sacerdotes;0
1007435;101275;Ter uma pedra de moinho pendurada ao pescoço e ser lançado no mar;1
1007436;101276;Repreendê-lo e perdoá-lo;1
1007437;101276;Ignorá-lo completamente;0
1007438;101276;Denunciá-lo aos romanos;0
1007439;101276;Exigir uma oferta antes do perdão;0
1007440;101277;Três vezes;0
1007441;101277;Doze vezes;0
1007442;101277;Sete vezes;1
1007443;101277;Uma única vez;0
1007444;101278;Que lhes ensinasse a jejuar;0
1007445;101278;Que lhes aumentasse a fé;1
1007446;101278;Que lhes desse autoridade política;0
1007447;101278;Que os levasse imediatamente a Jerusalém;0
1007448;101279;A uma moeda de prata;0
1007449;101279;A um grão de trigo;0
1007450;101279;A uma pedra de moinho;0
1007451;101279;A um grão de mostarda;1
1007452;101280;Que prepare o jantar e o sirva;1
1007453;101280;Que se sente imediatamente à mesa;0
1007454;101280;Que chame os vizinhos;0
1007455;101280;Que entregue o rebanho a outro servo;0
1007456;101281;Governantes dignos de recompensa;0
1007457;101281;Profetas superiores aos demais;0
1007458;101281;Servos inúteis que fizeram apenas o que deviam;1
1007459;101281;Homens que já não precisavam servir;0
1007460;101282;Pela costa de Tiro e Sidom;0
1007461;101282;Pelo meio de Samaria e da Galileia;1
1007462;101282;Pelo deserto da Judeia;0
1007463;101282;Pela região de Decápolis;0
1007464;101283;Doze;0
1007465;101283;Sete;0
1007466;101283;Cinco;0
1007467;101283;Dez;1
1007468;101284;Porque eram leprosos e o abordaram à distância;1
1007469;101284;Porque temiam os soldados romanos;0
1007470;101284;Porque a multidão os impediu de chegar perto;0
1007471;101284;Porque Jesus estava dentro do templo;0
1007472;101285;Filho de Zacarias;0
1007473;101285;Rei de Roma;0
1007474;101285;Mestre;1
1007475;101285;Sumo sacerdote;0
1007476;101286;Aos fariseus;0
1007477;101286;Aos sacerdotes;1
1007478;101286;A Herodes;0
1007479;101286;Aos anciãos de Samaria;0
1007480;101287;Antes de saírem da aldeia;0
1007481;101287;Depois de oferecerem sacrifícios;0
1007482;101287;Quando tocaram nas roupas de Jesus;0
1007483;101287;Enquanto iam apresentar-se aos sacerdotes;1
1007484;101288;Voltou, glorificou a Deus em alta voz e agradeceu aos pés de Jesus;1
1007485;101288;Foi diretamente para Jerusalém e não voltou;0
1007486;101288;Reuniu os outros nove e fez uma festa;0
1007487;101288;Procurou os fariseus para discutir a cura;0
1007488;101289;Era galileu;0
1007489;101289;Era romano;0
1007490;101289;Era samaritano;1
1007491;101289;Era de Belém;0
1007492;101290;Por que todos eram samaritanos;0
1007493;101290;Onde estavam os outros nove;1
1007494;101290;Quem os havia enviado;0
1007495;101290;Por que não levaram ofertas;0
1007496;101291;Como sacerdote;0
1007497;101291;Como discípulo;0
1007498;101291;Como filho de Davi;0
1007499;101291;Como estrangeiro;1
1007500;101292;A sua fé salvou você;1
1007501;101292;O sacerdote salvou você;0
1007502;101292;A sua oferta purificou você;0
1007503;101292;Os outros nove voltarão depois;0
1007504;101293;Com justiça;0
1007505;101293;Com poder;0
1007506;101293;Com visível aparência;1
1007507;101293;Com misericórdia;0
1007508;101294;Somente em Jerusalém;0
1007509;101294;Entre eles;1
1007510;101294;No palácio de Herodes;0
1007511;101294;Além do rio Jordão;0
1007512;101295;À chuva que cai lentamente;0
1007513;101295;À lua que aparece de noite;0
1007514;101295;Ao vento que sopra no deserto;0
1007515;101295;Ao relâmpago que brilha de uma extremidade do céu à outra;1
1007516;101296;Padecer muitas coisas e ser rejeitado por aquela geração;1
1007517;101296;Ser coroado pelos governantes;0
1007518;101296;Reunir um exército em Jerusalém;0
1007519;101296;Construir um novo templo;0
1007520;101297;Jejuar, orar e oferecer sacrifícios;0
1007521;101297;Fugir para os montes e abandonar as casas;0
1007522;101297;Comer, beber, casar e dar-se em casamento;1
1007523;101297;Construir cidades e coroar reis;0
1007524;101298;Granizo e neve;0
1007525;101298;Fogo e enxofre;1
1007526;101298;Água e lama;0
1007527;101298;Pedras e areia;0
1007528;101299;A viúva de Sarepta;0
1007529;101299;A rainha do Sul;0
1007530;101299;A mãe de João Batista;0
1007531;101299;A mulher de Ló;1
1007532;101300;Perderá a vida;1
1007533;101300;Receberá uma coroa;0
1007534;101300;Será levado ao templo;0
1007535;101300;Governará dez cidades;0
1007536;101301;Onde estiver o templo, ali se reunirão os sacerdotes;0
1007537;101301;Onde estiver a vinha, ali estarão os lavradores;0
1007538;101301;Onde estiver o corpo, ali se ajuntarão os abutres;1
1007539;101301;Onde estiver o rebanho, ali estará o pastor;0
1007540;101302;Ensinar como escolher governantes;0
1007541;101302;Mostrar que os discípulos deviam orar sempre e nunca desanimar;1
1007542;101302;Explicar como cobrar impostos;0
1007543;101302;Mostrar que toda causa deve ser levada ao templo;0
1007544;101303;Era justo e piedoso;0
1007545;101303;Temia o povo e respeitava os sacerdotes;0
1007546;101303;Era pobre e dependia da viúva;0
1007547;101303;Não temia a Deus nem respeitava ninguém;1
1007548;101304;Que julgasse sua causa contra o adversário;1
1007549;101304;Que lhe desse uma herança;0
1007550;101304;Que condenasse um publicano;0
1007551;101304;Que a deixasse entrar no templo;0
1007552;101305;Porque passou a temer a Deus;0
1007553;101305;Porque recebeu dinheiro dela;0
1007554;101305;Porque ela o incomodava e poderia continuar importunando-o;1
1007555;101305;Porque os anciãos ordenaram;0
1007556;101306;Aos ricos que dão grandes ofertas;0
1007557;101306;Aos seus escolhidos que clamam a ele dia e noite;1
1007558;101306;Aos governantes que aplicam a lei;0
1007559;101306;Aos escribas que fazem longas orações;0
1007560;101307;Se todos conhecerão a Lei;0
1007561;101307;Se Jerusalém terá um novo rei;0
1007562;101307;Se os gentios estarão no templo;0
1007563;101307;Se ainda encontrará fé sobre a terra;1
1007564;101308;Para os que confiavam em si mesmos, consideravam-se justos e desprezavam os outros;1
1007565;101308;Para os que duvidavam da ressurreição;0
1007566;101308;Para os que pediam sinais do céu;0
1007567;101308;Para os que queriam seguir Jesus pelo caminho;0
1007568;101309;Um sacerdote e um levita;0
1007569;101309;Um juiz e uma viúva;0
1007570;101309;Um fariseu e um publicano;1
1007571;101309;Um rico e um mendigo;0
1007572;101310;Leprosos, cegos e paralíticos;0
1007573;101310;Roubadores, injustos, adúlteros e o publicano;1
1007574;101310;Romanos, samaritanos e galileus;0
1007575;101310;Sacerdotes, levitas e escribas;0
1007576;101311;Uma vez por mês;0
1007577;101311;Sete vezes por dia;0
1007578;101311;Somente na Páscoa;0
1007579;101311;Duas vezes por semana;1
1007580;101312;De longe, sem levantar os olhos, batendo no peito e pedindo misericórdia;1
1007581;101312;Na primeira cadeira, agradecendo por sua justiça;0
1007582;101312;Em voz alta, enumerando suas obras;0
1007583;101312;Ao lado do fariseu, criticando-o;0
1007584;101313;O fariseu;0
1007585;101313;Ambos igualmente;0
1007586;101313;O publicano;1
1007587;101313;Nenhum deles;0
1007588;101314;Quem jejua será sempre exaltado;0
1007589;101314;Quem se exalta será humilhado, e quem se humilha será exaltado;1
1007590;101314;Quem dá dízimos não será julgado;0
1007591;101314;Quem ora no templo nunca erra;0
1007592;101315;Para que fossem circuncidadas;0
1007593;101315;Para que aprendessem a cobrar impostos;0
1007594;101315;Para que servissem os discípulos;0
1007595;101315;Para que ele as abençoasse;1
1007596;101316;Repreenderam as pessoas;1
1007597;101316;Chamaram-nas para perto;0
1007598;101316;Deram-lhes alimento;0
1007599;101316;Levaram-nas ao templo;0
1007600;101317;Somente dos fariseus;0
1007601;101317;Dos governantes de Israel;0
1007602;101317;Dos que são como os pequeninos;1
1007603;101317;Dos que possuem muitas riquezas;0
1007604;101318;Como um juiz;0
1007605;101318;Como uma criança;1
1007606;101318;Como um rico;0
1007607;101318;Como um soldado;0
1007608;101319;Como poderia tornar-se governador;0
1007609;101319;Onde deveria celebrar a Páscoa;0
1007610;101319;Quem seria o maior entre os discípulos;0
1007611;101319;O que deveria fazer para herdar a vida eterna;1
1007612;101320;Deus;1
1007613;101320;Moisés;0
1007614;101320;O fariseu;0
1007615;101320;O homem de destaque;0
1007616;101321;Guardar o sábado, oferecer incenso e peregrinar três vezes;0
1007617;101321;Jejuar, dar esmolas e pagar tributos;0
1007618;101321;Não adulterar, não matar, não furtar, não dar falso testemunho e honrar pai e mãe;1
1007619;101321;Não plantar, não negociar e não viajar;0
1007620;101322;Desde a infância;0
1007621;101322;Desde a juventude;1
1007622;101322;Desde que se tornou rico;0
1007623;101322;Desde o último ano;0
1007624;101323;Oferecer um animal no templo;0
1007625;101323;Tornar-se publicano;0
1007626;101323;Mudar-se para Jerusalém;0
1007627;101323;Vender tudo, dar aos pobres, ter tesouro nos céus e seguir Jesus;1
1007628;101324;Porque era riquíssimo;1
1007629;101324;Porque era muito jovem;0
1007630;101324;Porque não conhecia os mandamentos;0
1007631;101324;Porque os discípulos o repreenderam;0
1007632;101325;É mais fácil uma figueira crescer no mar;0
1007633;101325;É mais fácil uma pedra transformar-se em pão;0
1007634;101325;É mais fácil um camelo passar pelo fundo de uma agulha;1
1007635;101325;É mais fácil um cego guiar outro cego;0
1007636;101326;Somente os ricos podem ser salvos;0
1007637;101326;O impossível para o ser humano é possível para Deus;1
1007638;101326;A salvação depende de guardar riquezas;0
1007639;101326;Ninguém pode ser salvo;0
1007640;101327;Receber imediatamente um reino terreno;0
1007641;101327;Não sofrer qualquer oposição;0
1007642;101327;Ser reconhecido pelos governantes;0
1007643;101327;Receber muitas vezes mais no presente e, no mundo por vir, a vida eterna;1
1007644;101328;Jerusalém;1
1007645;101328;Jericó;0
1007646;101328;Nazaré;0
1007647;101328;Cafarnaum;0
1007648;101329;Seria coroado e libertado por Pilatos;0
1007649;101329;Seria levado a Roma e depois voltaria;0
1007650;101329;Seria zombado, insultado, cuspido, açoitado e morto, mas ressuscitaria no terceiro dia;1
1007651;101329;Seria escondido pelos discípulos;0
1007652;101330;Trabalhando na coletoria;0
1007653;101330;Sentado à beira do caminho, pedindo esmolas;1
1007654;101330;Orando dentro do templo;0
1007655;101330;Cuidando de um rebanho;0
1007656;101331;Filho de Arão;0
1007657;101331;Rei dos romanos;0
1007658;101331;Profeta de Samaria;0
1007659;101331;Filho de Davi;1
1007660;101332;Que pudesse ver de novo;1
1007661;101332;Que recebesse dinheiro;0
1007662;101332;Que seu adversário fosse julgado;0
1007663;101332;Que se tornasse discípulo;0
1007664;101333;Ele voltou para casa em silêncio;0
1007665;101333;O povo discutiu com Jesus;0
1007666;101333;Ele seguiu Jesus glorificando a Deus, e o povo deu louvores a Deus;1
1007667;101333;Ele foi apresentar-se a Herodes;0
1007668;101334;Belém;0
1007669;101334;Jericó;1
1007670;101334;Nazaré;0
1007671;101334;Samaria;0
1007672;101335;Era sacerdote e pobre;0
1007673;101335;Era fariseu e cego;0
1007674;101335;Era soldado e samaritano;0
1007675;101335;Era chefe dos publicanos e rico;1
1007676;101336;Porque era de pequena estatura;1
1007677;101336;Porque era cego;0
1007678;101336;Porque estava preso;0
1007679;101336;Porque os discípulos o expulsaram;0
1007680;101337;Numa figueira;0
1007681;101337;Numa oliveira;0
1007682;101337;Num sicômoro;1
1007683;101337;Numa palmeira;0
1007684;101338;Receber dele um imposto;0
1007685;101338;Ficar naquele dia na casa dele;1
1007686;101338;Pedir-lhe um jumentinho;0
1007687;101338;Levado por ele ao templo;0
1007688;101339;Com temor e silêncio;0
1007689;101339;Com indignação;0
1007690;101339;Com desconfiança;0
1007691;101339;Com alegria;1
1007692;101340;Porque Jesus se hospedara com um homem pecador;1
1007693;101340;Porque Zaqueu era samaritano;0
1007694;101340;Porque Jesus não foi ao templo;0
1007695;101340;Porque a casa era pequena;0
1007696;101341;Um décimo;0
1007697;101341;Um quarto;0
1007698;101341;A metade;1
1007699;101341;Tudo;0
1007700;101342;Duas vezes mais;0
1007701;101342;Quatro vezes mais;1
1007702;101342;Dez vezes mais;0
1007703;101342;Somente o valor original;0
1007704;101343;A casa seria transformada em sinagoga;0
1007705;101343;A casa deveria ser vendida;0
1007706;101343;A casa seria entregue aos pobres;0
1007707;101343;Naquele dia havia chegado salvação àquela casa;1
1007708;101344;Buscar e salvar o perdido;1
1007709;101344;Julgar imediatamente os publicanos;0
1007710;101344;Tomar posse de Jerusalém;0
1007711;101344;Cobrar tributos dos ricos;0
1007712;101345;Porque queriam saber como investir dinheiro;0
1007713;101345;Porque Zaqueu havia distribuído seus bens;0
1007714;101345;Porque pensavam que o Reino de Deus se manifestaria imediatamente;1
1007715;101345;Porque os discípulos pediram uma parábola sobre árvores;0
1007716;101346;Para fugir dos seus servos;0
1007717;101346;Para tomar posse de um reino e voltar;1
1007718;101346;Para comprar uma vinha;0
1007719;101346;Para vender dez cidades;0
1007720;101347;Doze servos e cinco minas;0
1007721;101347;Cinco servos e dez minas;0
1007722;101347;Três servos e três talentos;0
1007723;101347;Dez servos e dez minas;1
1007724;101348;Que negociassem até ele voltar;1
1007725;101348;Que enterrassem o dinheiro;0
1007726;101348;Que distribuíssem tudo aos pobres;0
1007727;101348;Que construíssem cidades;0
1007728;101349;Celebraram e prepararam um banquete;0
1007729;101349;Entregaram-lhe mais dinheiro;0
1007730;101349;Odiaram-no e enviaram uma embaixada rejeitando seu governo;1
1007731;101349;Pediram que não viajasse;0
1007732;101350;Cinco minas;0
1007733;101350;Dez minas;1
1007734;101350;Duas minas;0
1007735;101350;Nenhuma mina;0
1007736;101351;Sobre cinco cidades;0
1007737;101351;Sobre toda a vinha;0
1007738;101351;Sobre o templo;0
1007739;101351;Sobre dez cidades;1
1007740;101352;Cinco minas;1
1007741;101352;Dez minas;0
1007742;101352;Uma mina;0
1007743;101352;Cem minas;0
1007744;101353;Enterrada num campo;0
1007745;101353;Depositada no banco;0
1007746;101353;Embrulhada num lenço;1
1007747;101353;Dentro de uma jarra;0
1007748;101354;Porque não sabia contar;0
1007749;101354;Porque teve medo do senhor, a quem considerava rigoroso;1
1007750;101354;Porque os outros servos a tomaram;0
1007751;101354;Porque estava doente;0
1007752;101355;Comprar uma vinha;0
1007753;101355;Emprestar aos concidadãos;0
1007754;101355;Esconder numa casa;0
1007755;101355;Colocar o dinheiro no banco;1
1007756;101356;Ao servo que tinha dez minas;1
1007757;101356;Ao servo que tinha cinco minas;0
1007758;101356;Aos concidadãos;0
1007759;101356;Ao homem que não quis o reino;0
1007760;101357;Todos receberão a mesma recompensa;0
1007761;101357;Somente os servos ricos serão julgados;0
1007762;101357;A quem tem será dado mais, e ao que não tem até o que tem será tirado;1
1007763;101357;As minas devem permanecer guardadas;0
1007764;101358;Três;0
1007765;101358;Dois;1
1007766;101358;Sete;0
1007767;101358;Doze;0
1007768;101359;Era o mais velho da aldeia;0
1007769;101359;Pertencia aos sacerdotes;0
1007770;101359;Estava solto no campo;0
1007771;101359;Nunca havia sido montado por ninguém;1
1007772;101360;O Senhor precisa dele;1
1007773;101360;O dono o ofereceu;0
1007774;101360;Será levado a Jerusalém para venda;0
1007775;101360;Os discípulos pagarão depois;0
1007776;101361;Ramos de cedro;0
1007777;101361;Moedas de prata;0
1007778;101361;Suas capas;1
1007779;101361;Pães sem fermento;0
1007780;101362;Porque receberia dinheiro;0
1007781;101362;Por todos os milagres que tinha visto;1
1007782;101362;Porque o templo seria destruído;0
1007783;101362;Porque Herodes os havia libertado;0
1007784;101363;Os sacerdotes louvariam;0
1007785;101363;O jumentinho falaria;0
1007786;101363;As árvores se moveriam;0
1007787;101363;As próprias pedras clamariam;1
1007788;101364;Porque a cidade não reconheceu o que conduzia à paz nem o tempo da visita de Deus;1
1007789;101364;Porque o templo estava fechado;0
1007790;101364;Porque os discípulos o abandonaram;0
1007791;101364;Porque Zaqueu voltou para Jericó;0
1007792;101365;Casa de comércio;0
1007793;101365;Casa dos governantes;0
1007794;101365;Casa de oração;1
1007795;101365;Casa de festas;0
1007796;101366;Porque Jesus se escondia à noite;0
1007797;101366;Porque todo o povo era cativado ao ouvi-lo;1
1007798;101366;Porque Pilatos os proibiu;0
1007799;101366;Porque os discípulos estavam armados;0
1007800;101367;Preparava a Páscoa;0
1007801;101367;Ensinava o povo e evangelizava;1
1007802;101367;Contava as ofertas;0
1007803;101367;Escolhia novos apóstolos;0
1007804;101368;Quanto imposto deveria ser pago;0
1007805;101368;Quando o templo seria reconstruído;0
1007806;101368;Por que João estava no deserto;0
1007807;101368;Com que autoridade fazia aquelas coisas e quem lhe dera tal autoridade;1
1007808;101369;Se o batismo de João era do céu ou dos homens;1
1007809;101369;Se César era rei ou sacerdote;0
1007810;101369;Se Moisés havia escrito a Lei;0
1007811;101369;Se a ressurreição existia;0
1007812;101370;Porque seriam presos por Pilatos;0
1007813;101370;Porque João estava presente;0
1007814;101370;Porque o povo poderia apedrejá-los, pois considerava João profeta;1
1007815;101370;Porque perderiam o templo;0
1007816;101371;Disseram que era do céu;0
1007817;101371;Disseram que não sabiam;1
1007818;101371;Disseram que era dos homens;0
1007819;101371;Recusaram-se a ouvir Jesus;0
1007820;101372;Vendeu-a aos sacerdotes;0
1007821;101372;Deu-a ao filho;0
1007822;101372;Deixou-a abandonada;0
1007823;101372;Arrendou-a a lavradores;1
1007824;101373;Espancaram-no e o despediram de mãos vazias;1
1007825;101373;Pagaram tudo o que deviam;0
1007826;101373;Prenderam-no na vinha;0
1007827;101373;Entregaram-lhe o filho do dono;0
1007828;101374;Receberam-no com respeito;0
1007829;101374;Deram-lhe metade dos frutos;0
1007830;101374;Espancaram-no, insultaram-no e o despediram sem nada;1
1007831;101374;Mandaram-no chamar o dono;0
1007832;101375;Foi feito administrador;0
1007833;101375;Foi ferido e expulso;1
1007834;101375;Recebeu a herança;0
1007835;101375;Foi enviado ao banco;0
1007836;101376;Seu administrador;0
1007837;101376;Um soldado;0
1007838;101376;O primeiro servo novamente;0
1007839;101376;Seu filho amado;1
1007840;101377;Porque era o herdeiro e queriam ficar com a herança;1
1007841;101377;Porque não trouxe frutos;0
1007842;101377;Porque não conhecia a vinha;0
1007843;101377;Porque queria vender a propriedade;0
1007844;101378;Perdoaria todos sem consequência;0
1007845;101378;Dividiria a vinha entre eles;0
1007846;101378;Exterminaria aqueles lavradores e entregaria a vinha a outros;1
1007847;101378;Abandonaria a propriedade;0
1007848;101379;Foi lançada no mar;0
1007849;101379;Tornou-se a pedra angular;1
1007850;101379;Virou um altar;0
1007851;101379;Foi usada para fechar o túmulo;0
1007852;101380;Porque ele não pagara imposto;0
1007853;101380;Porque curara no sábado;0
1007854;101380;Porque expulsara os discípulos;0
1007855;101380;Porque entenderam que a parábola fora contada contra eles;1
1007856;101381;Para apanhar Jesus em alguma palavra e entregá-lo ao governador;1
1007857;101381;Para aprender com Jesus;0
1007858;101381;Para pedir cura;0
1007859;101381;Para acompanhar os discípulos;0
1007860;101382;Uma mina;0
1007861;101382;Uma dracma perdida;0
1007862;101382;Um denário;1
1007863;101382;Um siclo do templo;0
1007864;101383;De Herodes;0
1007865;101383;De César;1
1007866;101383;De Moisés;0
1007867;101383;Do sumo sacerdote;0
1007868;101384;Não deem nada a César;0
1007869;101384;Deem tudo ao templo;0
1007870;101384;Somente os gentios devem pagar;0
1007871;101384;Deem a César o que é de César e a Deus o que é de Deus;1
1007872;101385;A ressurreição;1
1007873;101385;O pagamento de impostos;0
1007874;101385;A existência do templo;0
1007875;101385;A autoridade de Moisés;0
1007876;101386;Doze;0
1007877;101386;Cinco;0
1007878;101386;Sete;1
1007879;101386;Três;0
1007880;101387;Todos tiveram muitos filhos;0
1007881;101387;Todos morreram sem deixar filhos, depois de se casarem sucessivamente com a mesma mulher;1
1007882;101387;Somente o primeiro morreu;0
1007883;101387;Foram expulsos de Jerusalém;0
1007884;101388;Casam-se novamente com o primeiro cônjuge;0
1007885;101388;Cada um terá sete cônjuges;0
1007886;101388;Somente os homens poderão casar;0
1007887;101388;Não casam nem se dão em casamento;1
1007888;101389;Porque são iguais aos anjos e filhos de Deus, sendo filhos da ressurreição;1
1007889;101389;Porque conhecem todos os mandamentos;0
1007890;101389;Porque vivem no templo;0
1007891;101389;Porque receberam riquezas;0
1007892;101390;No relato do dilúvio;0
1007893;101390;Na entrega das tábuas;0
1007894;101390;No relato da sarça;1
1007895;101390;Na travessia do Jordão;0
1007896;101391;Deus apenas dos mortos;0
1007897;101391;Deus de vivos, porque para ele todos vivem;1
1007898;101391;Deus somente dos sacerdotes;0
1007899;101391;Deus dos governantes romanos;0
1007900;101392;Tentaram apedrejá-lo;0
1007901;101392;Saíram para chamar Pilatos;0
1007902;101392;Pediriam outro sinal;0
1007903;101392;Disseram: ‘Boa resposta, Mestre!’;1
1007904;101393;Como o Cristo pode ser filho de Davi se Davi o chama de Senhor;1
1007905;101393;Como Davi poderia ser sacerdote;0
1007906;101393;Por que Davi não pagou imposto;0
1007907;101393;Quem escreveu os Salmos;0
1007908;101394;No trono de César;0
1007909;101394;No templo entre os escribas;0
1007910;101394;À direita do Senhor, até que os inimigos fossem postos como estrado;1
1007911;101394;À porta de Jerusalém;0
1007912;101395;Trabalho no campo e cuidado de rebanhos;0
1007913;101395;Vestes talares, saudações, primeiras cadeiras e primeiros lugares;1
1007914;101395;Viagens e comércio de minas;0
1007915;101395;Jejum secreto e oração particular;0
1007916;101396;Recusavam-se a pagar impostos;0
1007917;101396;Abandonavam as sinagogas;0
1007918;101396;Destruíam as vinhas;0
1007919;101396;Devoravam as casas das viúvas;1
1007920;101397;A entrada da cidade;0
1007921;101397;A caixa de ofertas;1
1007922;101397;O pátio de Pilatos;0
1007923;101397;O mercado de animais;0
1007924;101398;Uma;0
1007925;101398;Cinco;0
1007926;101398;Dez;0
1007927;101398;Duas;1
1007928;101399;Porque, da pobreza, deu tudo o que possuía para viver;1
1007929;101399;Porque suas moedas eram de ouro;0
1007930;101399;Porque foi a primeira a ofertar;0
1007931;101399;Porque prometeu dar mais depois;0
1007932;101400;Os exércitos que o guardavam;0
1007933;101400;As árvores plantadas ao redor;0
1007934;101400;As belas pedras e as dádivas que o ornamentavam;1
1007935;101400;As casas dos sacerdotes;0
1007936;101401;Seriam cobertas de ouro;0
1007937;101401;Não ficaria pedra sobre pedra que não fosse derrubada;1
1007938;101401;Seriam levadas para Roma;0
1007939;101401;Permaneceriam intactas para sempre;0
1007940;101402;Quem reconstruiria e quanto custaria;0
1007941;101402;Por que os sacerdotes permitiriam e quem governaria;0
1007942;101402;Onde ficaria o novo templo e quem o visitaria;0
1007943;101402;Quando ocorreria e qual sinal indicaria sua proximidade;1
1007944;101403;Não se deixarem enganar nem seguirem os que dissessem ‘Sou eu’ ou ‘Chegou a hora’;1
1007945;101403;Receberem todos como profetas;0
1007946;101403;Pedirem-lhes sinais;0
1007947;101403;Levarem-nos ao templo;0
1007948;101404;Fugir imediatamente para Roma;0
1007949;101404;Abandonar Jerusalém naquele mesmo dia;0
1007950;101404;Não ficar assustados, pois essas coisas ocorreriam primeiro, mas o fim não seria imediato;1
1007951;101404;Formar um exército;0
1007952;101405;Sacerdotes contra levitas;0
1007953;101405;Nação contra nação e reino contra reino;1
1007954;101405;Galileus contra samaritanos apenas;0
1007955;101405;Pais contra filhos somente;0
1007956;101406;Somente secas e ventos;0
1007957;101406;Apenas guerras marítimas;0
1007958;101406;Chuvas de moedas e abundância;0
1007959;101406;Grandes terremotos, epidemias, fome, coisas espantosas e sinais do céu;1
1007960;101407;Por causa do nome de Jesus;1
1007961;101407;Por falta de pagamento de impostos;0
1007962;101407;Por destruírem o templo;0
1007963;101407;Por se recusarem a viajar;0
1007964;101408;Receber cargos públicos;0
1007965;101408;Acumular riquezas;0
1007966;101408;Dar testemunho;1
1007967;101408;Construir novas sinagogas;0
1007968;101409;Porque ninguém os interrogaria;0
1007969;101409;Porque Jesus lhes daria palavras e sabedoria irresistíveis aos opositores;1
1007970;101409;Porque os sacerdotes falariam por eles;0
1007971;101409;Porque seriam libertados antes do julgamento;0
1007972;101410;Somente por soldados estrangeiros;0
1007973;101410;Somente pelos fariseus;0
1007974;101410;Pelos próprios filhos apenas;0
1007975;101410;Por pais, irmãos, parentes e amigos;1
1007976;101411;Por causa do nome de Jesus;1
1007977;101411;Porque seriam ricos;0
1007978;101411;Porque cobrariam impostos;0
1007979;101411;Por serem galileus;0
1007980;101412;Da fuga;0
1007981;101412;Da riqueza;0
1007982;101412;Da perseverança;1
1007983;101412;Da popularidade;0
1007984;101413;O templo receber novas dádivas;0
1007985;101413;A cidade estar sitiada por exércitos;1
1007986;101413;O povo deixar de ofertar;0
1007987;101413;A figueira secar;0
1007988;101414;Entrar na cidade;0
1007989;101414;Permanecer nas casas;0
1007990;101414;Ir ao palácio de Herodes;0
1007991;101414;Fugir para os montes;1
1007992;101415;Até que os tempos dos gentios se completassem;1
1007993;101415;Até o fim daquela semana;0
1007994;101415;Até a morte de Pilatos;0
1007995;101415;Até a próxima Páscoa;0
1007996;101416;Somente no sol;0
1007997;101416;Apenas na lua;0
1007998;101416;No sol, na lua e nas estrelas;1
1007999;101416;Na terra e no mar, mas não no céu;0
1008000;101417;Num jumentinho, em silêncio;0
1008001;101417;Numa nuvem, com poder e grande glória;1
1008002;101417;Num navio, com soldados;0
1008003;101417;No templo, sem ser percebido;0
1008004;101418;Esconder-se e baixar os olhos;0
1008005;101418;Abandonar toda oração;0
1008006;101418;Guardar suas riquezas;0
1008007;101418;Levantar-se e erguer a cabeça, porque a redenção se aproximava;1
1008008;101419;Que o verão está próximo;1
1008009;101419;Que o inverno terminou há muito;0
1008010;101419;Que a colheita já acabou;0
1008011;101419;Que Jerusalém foi sitiada;0
1008012;101420;Que o templo seria reconstruído naquele dia;0
1008013;101420;Que os gentios seriam expulsos imediatamente;0
1008014;101420;Que o Reino de Deus está próximo;1
1008015;101420;Que não haveria mais perseguições;0
1008016;101421;Somente Jerusalém;0
1008017;101421;O céu e a terra;1
1008018;101421;A Lei e os Profetas;0
1008019;101421;As nações e os mares;0
1008020;101422;Jejum, oração e misericórdia;0
1008021;101422;Trabalho, estudo e viagens;0
1008022;101422;Fome, sede e cansaço;0
1008023;101422;Orgia, embriaguez e preocupações deste mundo;1
1008024;101423;Vigiar continuamente e orar;1
1008025;101423;Negociar e economizar;0
1008026;101423;Viajar e ensinar;0
1008027;101423;Jejuar e esconder-se;0
1008028;101424;Ficava sempre em Betânia e só ia ao templo à noite;0
1008029;101424;Ensinava no palácio e dormia no templo;0
1008030;101424;Ensinava de dia no templo, passava a noite no monte das Oliveiras, e o povo madrugava para ouvi-lo;1
1008031;101424;Viajava diariamente para Jericó;0
1008032;101425;A Festa das Cabanas;0
1008033;101425;A Festa dos Pães sem Fermento, chamada Páscoa;1
1008034;101425;A Festa da Dedicação;0
1008035;101425;A Festa das Semanas;0
1008036;101426;Porque Pilatos os proibira;0
1008037;101426;Porque Judas se recusava a ajudar;0
1008038;101426;Porque Jesus estava fora do país;0
1008039;101426;Porque temiam o povo;1
1008040;101427;Judas, chamado Iscariotes;1
1008041;101427;Simão Pedro;0
1008042;101427;João;0
1008043;101427;Tiago;0
1008044;101428;Com Herodes e Pilatos;0
1008045;101428;Com os publicanos e soldados;0
1008046;101428;Com os principais sacerdotes e os capitães;1
1008047;101428;Com os fariseus e saduceus apenas;0
1008048;101429;Uma casa em Jerusalém;0
1008049;101429;Dinheiro;1
1008050;101429;Um cargo no Sinédrio;0
1008051;101429;Dez minas;0
1008052;101430;Um momento diante de todo o povo;0
1008053;101430;A hora da oferta no templo;0
1008054;101430;O retorno de Jesus à Galileia;0
1008055;101430;Uma boa ocasião longe da multidão;1
1008056;101431;Pedro e João;1
1008057;101431;Pedro e André;0
1008058;101431;Tiago e João;0
1008059;101431;Filipe e Bartolomeu;0
1008060;101432;Uma mulher com duas moedas;0
1008061;101432;Um sacerdote com um cordeiro;0
1008062;101432;Um homem carregando um cântaro de água;1
1008063;101432;Um menino montado num jumentinho;0
1008064;101433;Uma sala pequena e vazia;0
1008065;101433;Um cenáculo espaçoso e mobiliado;1
1008066;101433;Um pátio junto ao templo;0
1008067;101433;Uma tenda fora da cidade;0
1008068;101434;O aposento ocupado;0
1008069;101434;O homem do cântaro ausente;0
1008070;101434;Os sacerdotes impedindo a preparação;0
1008071;101434;Tudo conforme Jesus lhes havia dito;1
1008072;101435;Comer aquela Páscoa com os apóstolos;1
1008073;101435;Entrar no templo sozinho;0
1008074;101435;Voltar para a Galileia;0
1008075;101435;Encontrar-se com Herodes;0
1008076;101436;Até o dia seguinte;0
1008077;101436;Até voltar à Galileia;0
1008078;101436;Até que ela se cumprisse no Reino de Deus;1
1008079;101436;Até o templo ser reconstruído;0
1008080;101437;Derramá-lo no chão;0
1008081;101437;Reparti-lo entre eles;1
1008082;101437;Entregá-lo a Judas;0
1008083;101437;Levá-lo ao templo;0
1008084;101438;Era a Lei dada por Moisés;0
1008085;101438;Era apenas o alimento da festa;0
1008086;101438;Era símbolo do templo;0
1008087;101438;Era o seu corpo dado por eles e deveria ser feito em memória dele;1
1008088;101439;A nova aliança em seu sangue, derramado por eles;1
1008089;101439;A antiga aliança de Abraão;0
1008090;101439;O vinho reservado aos sacerdotes;0
1008091;101439;A recompensa dos apóstolos;0
1008092;101440;Do lado de fora da casa;0
1008093;101440;No pátio do templo;0
1008094;101440;À mesa com Jesus;1
1008095;101440;Com os principais sacerdotes;0
1008096;101441;Quem pagaria o imposto;0
1008097;101441;Qual deles parecia ser o maior;1
1008098;101441;Quem buscaria o jumentinho;0
1008099;101441;Quem guardaria as espadas;0
1008100;101442;Como um rei que domina;0
1008101;101442;Como um juiz que exige honra;0
1008102;101442;Como um rico que distribui cargos;0
1008103;101442;Como o menor, e o que dirige como quem serve;1
1008104;101443;Como quem serve;1
1008105;101443;Como um governante romano;0
1008106;101443;Como quem busca ser servido;0
1008107;101443;Como um escriba nas primeiras cadeiras;0
1008108;101444;Cobrar impostos delas;0
1008109;101444;Reconstruir suas cidades;0
1008110;101444;Assentar-se em tronos para julgá-las;1
1008111;101444;Escolher seus sacerdotes;0
1008112;101445;Lançá-los no mar;0
1008113;101445;Peneirá-los como trigo;1
1008114;101445;Prendê-los no templo;0
1008115;101445;Tomar-lhes as espadas;0
1008116;101446;Para que ele se tornasse rico;0
1008117;101446;Para que não fosse preso;0
1008118;101446;Para que não voltasse à Galileia;0
1008119;101446;Para que sua fé não desfalecesse;1
1008120;101447;Fortalecer os irmãos;1
1008121;101447;Preparar outra Páscoa;0
1008122;101447;Julgar Pilatos;0
1008123;101447;Guardar o templo;0
1008124;101448;Duas vezes;0
1008125;101448;Sete vezes;0
1008126;101448;Três vezes;1
1008127;101448;Uma vez;0
1008128;101449;Alimento;0
1008129;101449;Nada;1
1008130;101449;Dinheiro;0
1008131;101449;Hospedagem;0
1008132;101450;Uma;0
1008133;101450;Cinco;0
1008134;101450;Doze;0
1008135;101450;Duas;1
1008136;101451;Para o monte das Oliveiras;1
1008137;101451;Para Jericó;0
1008138;101451;Para o palácio de Herodes;0
1008139;101451;Para o deserto;0
1008140;101452;Dormir até amanhecer;0
1008141;101452;Preparar as espadas;0
1008142;101452;Orar para não caírem em tentação;1
1008143;101452;Voltar ao cenáculo;0
1008144;101453;Uma jornada de sábado;0
1008145;101453;Cerca de um tiro de pedra;1
1008146;101453;Dez quilômetros;0
1008147;101453;Uma milha romana;0
1008148;101454;Que os discípulos decidissem;0
1008149;101454;Que a multidão escolhesse;0
1008150;101454;Que os sacerdotes o libertassem;0
1008151;101454;Que não se fizesse a vontade dele, mas a do Pai;1
1008152;101455;Um anjo do céu;1
1008153;101455;Moisés;0
1008154;101455;Pedro;0
1008155;101455;Um sacerdote;0
1008156;101456;Discutindo sobre o maior;0
1008157;101456;Preparando alimento;0
1008158;101456;Dormindo de tristeza;1
1008159;101456;Fugindo para Jerusalém;0
1008160;101457;Pedro;0
1008161;101457;Judas;1
1008162;101457;Pilatos;0
1008163;101457;Herodes;0
1008164;101458;Um aperto de mão;0
1008165;101458;Um grito;0
1008166;101458;Uma entrega de dinheiro;0
1008167;101458;Um beijo;1
1008168;101459;A orelha direita;1
1008169;101459;A mão esquerda;0
1008170;101459;O pé direito;0
1008171;101459;O nariz;0
1008172;101460;Mandou levá-lo ao sacerdote;0
1008173;101460;Ignorou o ferimento;0
1008174;101460;Tocou na orelha e o curou;1
1008175;101460;Ordenou que Pedro o tratasse;0
1008176;101461;A um sacerdote;0
1008177;101461;A um salteador;1
1008178;101461;A um rei;0
1008179;101461;A um publicano;0
1008180;101462;Ao lado dele;0
1008181;101462;À frente da multidão;0
1008182;101462;De dentro do templo;0
1008183;101462;De longe;1
1008184;101463;Uma empregada;1
1008185;101463;Um soldado;0
1008186;101463;O sumo sacerdote;0
1008187;101463;Judas;0
1008188;101464;Ele carregava uma espada;0
1008189;101464;Ele tinha preparado a Páscoa;0
1008190;101464;Ele também era galileu;1
1008191;101464;Ele era publicano;0
1008192;101465;O sol escureceu;0
1008193;101465;O galo cantou e Jesus olhou para Pedro;1
1008194;101465;Judas voltou;0
1008195;101465;Os guardas abriram as portas;0
1008196;101466;Voltou e atacou os guardas;0
1008197;101466;Negou uma quarta vez;0
1008198;101466;Foi até Pilatos;0
1008199;101466;Saiu e chorou amargamente;1
1008200;101467;Deram-lhe pancadas, vendaram seus olhos e mandaram que profetizasse;1
1008201;101467;Vestiram-no de rei e o soltaram;0
1008202;101467;Levaram-no para o templo;0
1008203;101467;Ofereceram-lhe alimento;0
1008204;101468;Ao cenáculo;0
1008205;101468;À casa de Zaqueu;0
1008206;101468;Ao Sinédrio;1
1008207;101468;Ao monte das Oliveiras;0
1008208;101469;No trono de Herodes;0
1008209;101469;Sentado à direita do Deus Todo-Poderoso;1
1008210;101469;Escondido na Galileia;0
1008211;101469;À porta do templo;0
1008212;101470;Porque Judas havia confessado;0
1008213;101470;Porque Pedro voltou;0
1008214;101470;Porque Pilatos já o condenara;0
1008215;101470;Porque eles mesmos ouviram o que Jesus falou;1
1008216;101471;A César;0
1008217;101471;A Pilatos;1
1008218;101471;A João Batista;0
1008219;101471;A Zaqueu;0
1008220;101472;Destruir o templo e roubar ofertas;0
1008221;101472;Organizar uma revolta em Roma;0
1008222;101472;Recusar-se a celebrar a Páscoa;0
1008223;101472;Perverter a nação, impedir o pagamento de imposto a César e afirmar ser o Cristo, o Rei;1
1008224;101473;Se ele era o rei dos judeus;1
1008225;101473;Se era filho de Herodes;0
1008226;101473;Se pagava impostos;0
1008227;101473;Se havia curado no sábado;0
1008228;101474;Condenou-o imediatamente;0
1008229;101474;Mandou açoitá-lo sem julgamento;0
1008230;101474;Não encontrou crime algum nele;1
1008231;101474;Entregou-o aos sacerdotes;0
1008232;101475;De Roma;0
1008233;101475;Da Galileia;1
1008234;101475;De Belém;0
1008235;101475;De Samaria;0
1008236;101476;Porque Herodes era sumo sacerdote;0
1008237;101476;Porque Jesus pediu para vê-lo;0
1008238;101476;Porque Pilatos não estava em Jerusalém;0
1008239;101476;Porque Jesus era galileu e pertencia à jurisdição de Herodes;1
1008240;101477;Há muito queria vê-lo e esperava presenciar algum sinal;1
1008241;101477;Queria torná-lo governador;0
1008242;101477;Pretendia segui-lo;0
1008243;101477;Esperava receber impostos;0
1008244;101478;Contou uma parábola;0
1008245;101478;Pediu para voltar a Pilatos;0
1008246;101478;Não respondeu nada;1
1008247;101478;Fez um sinal;0
1008248;101479;Com honra e uma coroa real;0
1008249;101479;Com desprezo, vestindo-o com um manto luxuoso para zombar;1
1008250;101479;Com silêncio e respeito;0
1008251;101479;Com liberdade para voltar à Galileia;0
1008252;101480;Tornaram-se inimigos;0
1008253;101480;Deixaram de governar;0
1008254;101480;Passaram a acusar um ao outro;0
1008255;101480;Reconciliaram-se, pois antes eram inimigos;1
1008256;101481;Jesus não fizera nada que merecesse a morte;1
1008257;101481;Jesus era culpado de revolta;0
1008258;101481;Herodes exigia a crucificação;0
1008259;101481;O Sinédrio deveria soltá-lo;0
1008260;101482;Simão Cireneu;0
1008261;101482;José de Arimateia;0
1008262;101482;Barrabás;1
1008263;101482;Judas;0
1008264;101483;Furto no templo e falso testemunho;0
1008265;101483;Revolta na cidade e homicídio;1
1008266;101483;Sonegação de impostos;0
1008267;101483;Blasfêmia e adultério;0
1008268;101484;Duas vezes;0
1008269;101484;Uma vez;0
1008270;101484;Sete vezes;0
1008271;101484;Três vezes;1
1008272;101485;O clamor da multidão pela crucificação;1
1008273;101485;O pedido dos discípulos;0
1008274;101485;A vontade de Herodes de libertá-lo;0
1008275;101485;A decisão de Barrabás;0
1008276;101486;Aos discípulos;0
1008277;101486;A Herodes novamente;0
1008278;101486;À vontade da multidão;1
1008279;101486;A José de Arimateia;0
1008280;101487;Pedro, um galileu;0
1008281;101487;Simão, um cireneu que vinha do campo;1
1008282;101487;Judas Iscariotes;0
1008283;101487;José de Arimateia;0
1008284;101488;Filhas de Samaria;0
1008285;101488;Mulheres da Galileia;0
1008286;101488;Servas do templo;0
1008287;101488;Filhas de Jerusalém;1
1008288;101489;Por elas mesmas e por seus filhos;1
1008289;101489;Por Pilatos;0
1008290;101489;Por Barrabás;0
1008291;101489;Pelos soldados;0
1008292;101490;Três;0
1008293;101490;Cinco;0
1008294;101490;Dois;1
1008295;101490;Sete;0
1008296;101491;No monte das Oliveiras;0
1008297;101491;No lugar chamado Calvário;1
1008298;101491;No pátio do templo;0
1008299;101491;Em Betânia;0
1008300;101492;Ambos à direita;0
1008301;101492;Ambos atrás dele;0
1008302;101492;Um acima e outro abaixo;0
1008303;101492;Um à direita e outro à esquerda;1
1008304;101493;Lançaram sortes;1
1008305;101493;Venderam-nas;0
1008306;101493;Entregaram-nas a Pilatos;0
1008307;101493;Deram-nas a Simão;0
1008308;101494;Água;0
1008309;101494;Leite;0
1008310;101494;Vinagre;1
1008311;101494;Vinho novo;0
1008312;101495;Este é o Filho de Herodes;0
1008313;101495;Este é o Rei dos Judeus;1
1008314;101495;Este é o Profeta da Galileia;0
1008315;101495;Este é o Rei de Roma;0
1008316;101496;Defendeu sua inocência;0
1008317;101496;Pediu perdão pelos soldados;0
1008318;101496;Permaneceu em silêncio;0
1008319;101496;Blasfemou e pediu que salvasse a si mesmo e a eles;1
1008320;101497;Sua punição era justa, mas Jesus não fizera mal algum;1
1008321;101497;Ambos eram igualmente inocentes;0
1008322;101497;Jesus merecia pena menor;0
1008323;101497;Pilatos era o único culpado;0
1008324;101498;Que o descesse da cruz;0
1008325;101498;Que chamasse seus discípulos;0
1008326;101498;Que se lembrasse dele quando viesse no seu Reino;1
1008327;101498;Que pedisse a Pilatos sua liberdade;0
1008328;101499;Seria solto antes do anoitecer;0
1008329;101499;Naquele dia estaria com Jesus no paraíso;1
1008330;101499;Voltaria para sua casa;0
1008331;101499;Receberia autoridade sobre cidades;0
1008332;101500;Da madrugada até o meio-dia;0
1008333;101500;Do pôr do sol até meia-noite;0
1008334;101500;Por sete dias;0
1008335;101500;Do meio-dia até as três horas da tarde;1
1008336;101501;Rasgou-se pelo meio;1
1008337;101501;Foi queimado;0
1008338;101501;Foi retirado pelos sacerdotes;0
1008339;101501;Caiu sobre o altar;0
1008340;101502;Está consumado;0
1008341;101502;Tenho sede;0
1008342;101502;Pai, nas tuas mãos entrego o meu espírito;1
1008343;101502;Meu Deus, por que me abandonaste;0
1008344;101503;Era culpado de revolta;0
1008345;101503;Verdadeiramente este homem era justo;1
1008346;101503;Era apenas um profeta;0
1008347;101503;Era um soldado corajoso;0
1008348;101504;Celebrando;0
1008349;101504;Cantando no templo;0
1008350;101504;Carregando as roupas;0
1008351;101504;Batendo no peito;1
1008352;101505;José de Arimateia, membro bom e justo do Sinédrio;1
1008353;101505;Simão Cireneu;0
1008354;101505;Pedro;0
1008355;101505;Herodes;0
1008356;101506;Foi o principal organizador;0
1008357;101506;Permaneceu indiferente;0
1008358;101506;Não concordou com eles;1
1008359;101506;Pediu a morte de Barrabás;0
1008360;101507;Construído de madeira e já usado;0
1008361;101507;Aberto numa rocha e ainda não usado;1
1008362;101507;Localizado dentro do templo;0
1008363;101507;Preparado por Herodes;0
1008364;101508;Voltaram imediatamente à Galileia;0
1008365;101508;Pediram o corpo a Pilatos;0
1008366;101508;Vigiaram o túmulo durante todo o sábado;0
1008367;101508;Prepararam óleos aromáticos e perfumes e descansaram no sábado;1
1008368;101509;No sábado ao meio-dia;0
1008369;101509;No primeiro dia da semana, alta madrugada;1
1008370;101509;Na noite da crucificação;0
1008371;101509;Três dias antes da Páscoa;0
1008372;101510;Soldados fechando a entrada;0
1008373;101510;José de Arimateia esperando;0
1008374;101510;O corpo fora do túmulo;0
1008375;101510;A pedra removida;1
1008376;101511;O corpo do Senhor Jesus;1
1008377;101511;Os lençóis de linho;0
1008378;101511;Os óleos aromáticos;0
1008379;101511;A pedra;0
1008380;101512;Um;0
1008381;101512;Três;0
1008382;101512;Dois;1
1008383;101512;Doze;0
1008384;101513;Por que não trouxeram os discípulos;0
1008385;101513;Por que procuravam entre os mortos aquele que vive;1
1008386;101513;Quem havia removido a pedra;0
1008387;101513;Onde estavam os soldados;0
1008388;101514;Seu corpo fora levado à Galileia;0
1008389;101514;Ele ainda estava morto;0
1008390;101514;José o transferira para outro túmulo;0
1008391;101514;Ele não estava ali, mas havia ressuscitado;1
1008392;101515;Ser entregue a pecadores, ser crucificado e ressuscitar no terceiro dia;1
1008393;101515;Ser coroado, reinar e viajar a Roma;0
1008394;101515;Ser preso, libertado e voltar a Nazaré;0
1008395;101515;Construir o templo e reunir um exército;0
1008396;101516;Somente a Pedro;0
1008397;101516;A Pilatos e Herodes;0
1008398;101516;Aos onze e a todos os outros;1
1008399;101516;Aos principais sacerdotes;0
1008400;101517;Maria, Marta e Isabel;0
1008401;101517;Maria Madalena, Joana e Maria, mãe de Tiago;1
1008402;101517;Ana, Susana e Salomé;0
1008403;101517;Joana, Marta e a viúva de Naim;0
1008404;101518;Aceitaram imediatamente;0
1008405;101518;Consideraram uma ordem de Pilatos;0
1008406;101518;Pensaram que fosse uma parábola;0
1008407;101518;Pareciam um delírio, e eles não acreditaram;1
1008408;101519;Somente os lençóis de linho;1
1008409;101519;Dois anjos e o corpo;0
1008410;101519;A pedra dentro do túmulo;0
1008411;101519;Os soldados dormindo;0
1008412;101520;Betânia;0
1008413;101520;Jericó;0
1008414;101520;Emaús;1
1008415;101520;Nazaré;0
1008416;101521;Um quilômetro;0
1008417;101521;Uns dez quilômetros;1
1008418;101521;Quarenta quilômetros;0
1008419;101521;Cem quilômetros;0
1008420;101522;Cantavam salmos sem conversar;0
1008421;101522;Carregavam o corpo de Jesus;0
1008422;101522;Fugiam de soldados romanos;0
1008423;101522;Conversavam e discutiam sobre os acontecimentos enquanto Jesus se aproximou;1
1008424;101523;Seus olhos estavam como que impedidos de reconhecê-lo;1
1008425;101523;Jesus estava com o rosto coberto;0
1008426;101523;Era noite escura;0
1008427;101523;Nunca o tinham visto antes;0
1008428;101524;Bartimeu;0
1008429;101524;Zaqueu;0
1008430;101524;Cleopas;1
1008431;101524;Jairo;0
1008432;101525;Sacerdote do turno de Abias;0
1008433;101525;Profeta poderoso em obras e palavras diante de Deus e do povo;1
1008434;101525;Governador da Galileia;0
1008435;101525;Escriba do Sinédrio;0
1008436;101526;Assumisse o governo romano;0
1008437;101526;Reconstruísse Jericó;0
1008438;101526;Substituísse o sumo sacerdote;0
1008439;101526;Redimisse Israel;1
1008440;101527;Que Jesus vive;1
1008441;101527;Que o corpo estava em Betânia;0
1008442;101527;Que os discípulos deveriam fugir;0
1008443;101527;Que Pilatos o libertaria;0
1008444;101528;Disse que não conheciam a Lei;0
1008445;101528;Acusou-os de traição;0
1008446;101528;Chamou-os de insensatos e tardios de coração para crer nos profetas;1
1008447;101528;Mandou que voltassem em silêncio;0
1008448;101529;Pelos escritos romanos;0
1008449;101529;Por Moisés e todos os Profetas;1
1008450;101529;Somente pelos Salmos;0
1008451;101529;Pelas tradições dos fariseus;0
1008452;101530;Que voltasse sozinho a Jerusalém;0
1008453;101530;Que lhes mostrasse um sinal;0
1008454;101530;Que preparasse a Páscoa;0
1008455;101530;Que Jesus ficasse com eles, pois era tarde;1
1008456;101531;Quando ele abençoou, partiu e lhes deu o pão;1
1008457;101531;Quando pediu peixe;0
1008458;101531;Quando mostrou as mãos;0
1008459;101531;Quando falou sobre Pilatos;0
1008460;101532;Ele adormeceu;0
1008461;101532;Ele voltou ao túmulo;0
1008462;101532;Ele desapareceu da presença deles;1
1008463;101532;Ele chamou os onze;0
1008464;101533;Sentiram grande medo;0
1008465;101533;O coração ardia quando ele falava e explicava as Escrituras;1
1008466;101533;Ficaram confusos e sonolentos;0
1008467;101533;Não entenderam coisa alguma;0
1008468;101534;Permaneceram em Emaús;0
1008469;101534;Foram para a Galileia;0
1008470;101534;Procuraram Pilatos;0
1008471;101534;Voltaram para Jerusalém;1
1008472;101535;A Simão;1
1008473;101535;A João;0
1008474;101535;A Cleopas;0
1008475;101535;A José de Arimateia;0
1008476;101536;Ao ouvir seu nome;0
1008477;101536;Por causa das roupas;0
1008478;101536;No partir do pão;1
1008479;101536;Quando ele fez um milagre;0
1008480;101537;Não tenham medo de Herodes;0
1008481;101537;Que a paz esteja com vocês;1
1008482;101537;Sigam-me até a Galileia;0
1008483;101537;Preparem outra Páscoa;0
1008484;101538;Um anjo;0
1008485;101538;Um soldado;0
1008486;101538;João Batista;0
1008487;101538;Um espírito;1
1008488;101539;Mostrou mãos e pés e convidou-os a tocar nele, pois tinha carne e ossos;1
1008489;101539;Mostrou apenas suas roupas;0
1008490;101539;Fez a pedra mover-se;0
1008491;101539;Chamou dois anjos;0
1008492;101540;Pão e vinho;0
1008493;101540;Mel e leite;0
1008494;101540;Um pedaço de peixe assado;1
1008495;101540;Um cordeiro pascal;0
1008496;101541;Gênesis, Êxodo e Levítico;0
1008497;101541;A Lei de Moisés, os Profetas e os Salmos;1
1008498;101541;Os escritos de Herodes, Pilatos e César;0
1008499;101541;A Lei oral, o templo e as tradições;0
1008500;101542;Entregou-lhes um novo livro;0
1008501;101542;Chamou os escribas;0
1008502;101542;Mandou-os estudar sozinhos;0
1008503;101542;Abriu-lhes o entendimento;1
1008504;101543;Arrependimento para remissão de pecados;1
1008505;101543;A reconstrução do templo;0
1008506;101543;A cobrança de impostos;0
1008507;101543;A coroação de um rei terreno;0
1008508;101544;Roma;0
1008509;101544;Nazaré;0
1008510;101544;Jerusalém;1
1008511;101544;Emaús;0
1008512;101545;Voltar para Emaús;0
1008513;101545;Permanecer na cidade;1
1008514;101545;Viajar imediatamente às nações;0
1008515;101545;Esconder-se no túmulo;0
1008516;101546;Jericó;0
1008517;101546;Belém;0
1008518;101546;Cafarnaum;0
1008519;101546;Betânia;1
1008520;101547;Adoraram-no, voltaram alegres a Jerusalém e permaneciam no templo louvando a Deus;1
1008521;101547;Voltaram tristes para a Galileia;0
1008522;101547;Esconderam-se em Emaús;0
1008523;101547;Foram pedir proteção a Pilatos;0
1008524;101548;O Verbo foi criado depois dos anjos.;0
1008525;101548;O Verbo estava com Deus e era Deus.;1
1008526;101548;O Verbo era apenas um mensageiro de Deus.;0
1008527;101548;O Verbo passou a existir quando veio ao mundo.;0
1008528;101549;Por meio de João Batista.;0
1008529;101549;Por meio de Moisés.;0
1008530;101549;Por meio dos profetas.;0
1008531;101549;Por meio do Verbo.;1
1008532;101550;A luz dos homens.;1
1008533;101550;A sabedoria dos sacerdotes.;0
1008534;101550;A esperança dos anjos.;0
1008535;101550;A força dos reis.;0
1008536;101551;As trevas esconderam a luz completamente.;0
1008537;101551;A luz deixou de resplandecer.;0
1008538;101551;As trevas não prevaleceram contra ela.;1
1008539;101551;As trevas e a luz se tornaram iguais.;0
1008540;101552;André.;0
1008541;101552;João.;1
1008542;101552;Filipe.;0
1008543;101552;Natanael.;0
1008544;101553;Para que todos o reconhecessem como o Cristo.;0
1008545;101553;Para reunir um exército em Jerusalém.;0
1008546;101553;Para substituir a Lei de Moisés.;0
1008547;101553;Para que todos viessem a crer por meio dele.;1
1008548;101554;Ela ilumina toda a humanidade.;1
1008549;101554;Ela ilumina somente os sacerdotes.;0
1008550;101554;Ela permanece escondida dos gentios.;0
1008551;101554;Ela resplandece apenas no templo.;0
1008552;101555;O mundo o proclamou rei imediatamente.;0
1008553;101555;O mundo o recebeu com alegria.;0
1008554;101555;O mundo não o conheceu.;1
1008555;101555;O mundo o seguiu até Jerusalém.;0
1008556;101556;Os seus o coroaram rei.;0
1008557;101556;Os seus não o receberam.;1
1008558;101556;Os seus o levaram ao templo.;0
1008559;101556;Os seus reconheceram todos os seus sinais.;0
1008560;101557;O poder de governar todas as nações.;0
1008561;101557;O poder de não enfrentar dificuldades.;0
1008562;101557;O poder de ocupar o sacerdócio.;0
1008563;101557;O poder de serem feitos filhos de Deus.;1
1008564;101558;De Deus.;1
1008565;101558;Da vontade da carne.;0
1008566;101558;Da vontade do homem.;0
1008567;101558;Do sangue de Abraão.;0
1008568;101559;De poder e de riquezas.;0
1008569;101559;De juízo e de vingança.;0
1008570;101559;De graça e de verdade.;1
1008571;101559;De sinais e de mistérios.;0
1008572;101560;Porque era mais velho do que ele.;0
1008573;101560;Porque já existia antes dele.;1
1008574;101560;Porque havia estudado em Jerusalém.;0
1008575;101560;Porque pertencia à família sacerdotal.;0
1008576;101561;Por meio de João Batista.;0
1008577;101561;Por meio de Elias.;0
1008578;101561;Por meio de Nicodemos.;0
1008579;101561;Por meio de Jesus Cristo.;1
1008580;101562;O Deus unigênito, que está junto do Pai.;1
1008581;101562;João Batista, que veio do deserto.;0
1008582;101562;Moisés, que recebeu a Lei.;0
1008583;101562;O profeta Isaías, que teve visões.;0
1008584;101563;Soldados e publicanos.;0
1008585;101563;Escribas e saduceus.;0
1008586;101563;Sacerdotes e levitas.;1
1008587;101563;Pescadores e pastores.;0
1008588;101564;Que era Elias.;0
1008589;101564;Que não era o Cristo.;1
1008590;101564;Que era o profeta prometido.;0
1008591;101564;Que era o Filho de Deus.;0
1008592;101565;Moisés e Abraão.;0
1008593;101565;Davi e Salomão.;0
1008594;101565;Isaías e Jeremias.;0
1008595;101565;Elias e o profeta.;1
1008596;101566;Como a voz do que clama no deserto para endireitar o caminho do Senhor.;1
1008597;101566;Como o rei que prepararia Jerusalém.;0
1008598;101566;Como o sacerdote que restauraria o templo.;0
1008599;101566;Como o profeta que faria descer fogo do céu.;0
1008600;101567;Dos saduceus.;0
1008601;101567;Dos zelotes.;0
1008602;101567;Dos fariseus.;1
1008603;101567;Dos herodianos.;0
1008604;101568;Com óleo.;0
1008605;101568;Com água.;1
1008606;101568;Com fogo.;0
1008607;101568;Com vinho.;0
1008608;101569;Carregar o seu manto.;0
1008609;101569;Preparar-lhe uma refeição.;0
1008610;101569;Batizá-lo no Jordão.;0
1008611;101569;Desamarrar as correias de suas sandálias.;1
1008612;101570;Em Betânia, do outro lado do Jordão.;1
1008613;101570;Em Caná da Galileia.;0
1008614;101570;Em Jerusalém, junto ao templo.;0
1008615;101570;Em Cafarnaum, à margem do mar.;0
1008616;101571;Como o rei que expulsaria os romanos.;0
1008617;101571;Como o sacerdote que substituiria Arão.;0
1008618;101571;Como o Cordeiro de Deus, que tira o pecado do mundo.;1
1008619;101571;Como o profeta que reconstruiria o templo.;0
1008620;101572;Para purificar o templo de Jerusalém.;0
1008621;101572;Para que Jesus fosse manifestado a Israel.;1
1008622;101572;Para formar um grupo de soldados.;0
1008623;101572;Para ser reconhecido como o Messias.;0
1008624;101573;Como fogo.;0
1008625;101573;Como nuvem.;0
1008626;101573;Como vento forte.;0
1008627;101573;Como pomba.;1
1008628;101574;Ver o Espírito descer e pousar sobre ele.;1
1008629;101574;Vê-lo transformar água em vinho.;0
1008630;101574;Ouvi-lo ensinar no templo.;0
1008631;101574;Vê-lo caminhar sobre o mar.;0
1008632;101575;Que ele é Elias que voltou.;0
1008633;101575;Que ele é apenas um mestre da Lei.;0
1008634;101575;Que ele é o Filho de Deus.;1
1008635;101575;Que ele é um sacerdote levita.;0
1008636;101576;Voltaram para casa.;0
1008637;101576;Seguiram Jesus.;1
1008638;101576;Foram chamar os fariseus.;0
1008639;101576;Permaneceram com João.;0
1008640;101577;Profeta.;0
1008641;101577;Sacerdote.;0
1008642;101577;Rei.;0
1008643;101577;Mestre.;1
1008644;101578;Quatro horas da tarde.;1
1008645;101578;Meio-dia.;0
1008646;101578;Nove horas da manhã.;0
1008647;101578;Seis horas da tarde.;0
1008648;101579;Era seu pai.;0
1008649;101579;Era seu primo.;0
1008650;101579;Era seu irmão.;1
1008651;101579;Era seu sogro.;0
1008652;101580;Que João era o Cristo.;0
1008653;101580;Que haviam encontrado o Messias.;1
1008654;101580;Que Elias havia voltado.;0
1008655;101580;Que o templo seria destruído.;0
1008656;101581;Boanerges, que quer dizer trovão.;0
1008657;101581;Dídimo, que quer dizer gêmeo.;0
1008658;101581;Barnabé, que quer dizer consolação.;0
1008659;101581;Cefas, que quer dizer Pedro.;1
1008660;101582;Betsaida.;1
1008661;101582;Betânia.;0
1008662;101582;Nazaré.;0
1008663;101582;Sicar.;0
1008664;101583;Como um sacerdote de Jerusalém, filho de Zacarias.;0
1008665;101583;Como um mestre de Belém, filho de Davi.;0
1008666;101583;Como Jesus, o Nazareno, filho de José, de quem Moisés e os profetas escreveram.;1
1008667;101583;Como um profeta de Samaria, filho de João.;0
1008668;101584;Junto ao poço de Jacó.;0
1008669;101584;Debaixo da figueira.;1
1008670;101584;Dentro da sinagoga.;0
1008671;101584;À margem do Jordão.;0
1008672;101585;Que Jesus era João Batista ressuscitado.;0
1008673;101585;Que Jesus era Elias e o profeta.;0
1008674;101585;Que Jesus seria o sumo sacerdote de Jerusalém.;0
1008675;101585;Que Jesus era o Filho de Deus e o Rei de Israel.;1
1008676;101586;Sete dias depois.;0
1008677;101586;Três dias depois.;1
1008678;101586;Quarenta dias depois.;0
1008679;101586;No mesmo dia.;0
1008680;101587;Os principais sacerdotes.;0
1008681;101587;Os fariseus de Jerusalém.;0
1008682;101587;Os samaritanos de Sicar.;0
1008683;101587;Os seus discípulos.;1
1008684;101588;O vinho havia acabado.;1
1008685;101588;Os convidados não tinham pão.;0
1008686;101588;O noivo havia desaparecido.;0
1008687;101588;Os potes estavam quebrados.;0
1008688;101589;A Páscoa.;0
1008689;101589;O sábado.;0
1008690;101589;A sua hora.;1
1008691;101589;A colheita.;0
1008692;101590;Que procurassem vinho em Cafarnaum.;0
1008693;101590;Que fizessem tudo o que Jesus dissesse.;1
1008694;101590;Que encerrassem imediatamente a festa.;0
1008695;101590;Que chamassem os sacerdotes.;0
1008696;101591;Quatro potes.;0
1008697;101591;Sete potes.;0
1008698;101591;Doze potes.;0
1008699;101591;Seis potes.;1
1008700;101592;Encheram totalmente.;1
1008701;101592;Encheram pela metade.;0
1008702;101592;Encheram somente dois potes.;0
1008703;101592;Encheram até um terço.;0
1008704;101593;Ao noivo.;0
1008705;101593;À mãe de Jesus.;0
1008706;101593;Ao responsável pela festa.;1
1008707;101593;A André.;0
1008708;101594;Somente o noivo.;0
1008709;101594;Os serventes que haviam tirado a água.;1
1008710;101594;Todos os convidados.;0
1008711;101594;Os cambistas de Jerusalém.;0
1008712;101595;O pão mais fresco.;0
1008713;101595;A melhor carne.;0
1008714;101595;O azeite mais puro.;0
1008715;101595;O melhor vinho.;1
1008716;101596;A sua glória.;1
1008717;101596;A riqueza de sua família.;0
1008718;101596;A autoridade de João Batista.;0
1008719;101596;A força dos discípulos.;0
1008720;101597;Para Sicar.;0
1008721;101597;Para Betânia.;0
1008722;101597;Para Cafarnaum.;1
1008723;101597;Para Jericó.;0
1008724;101598;A Festa dos Tabernáculos.;0
1008725;101598;A Páscoa dos judeus.;1
1008726;101598;A Festa da Dedicação.;0
1008727;101598;A Festa das Semanas.;0
1008728;101599;Pães, peixes e azeite.;0
1008729;101599;Madeira, tecidos e perfumes.;0
1008730;101599;Trigo, cevada e vinho.;0
1008731;101599;Bois, ovelhas e pombas.;1
1008732;101600;Um chicote de cordas.;1
1008733;101600;Uma vara de ferro.;0
1008734;101600;Uma espada curta.;0
1008735;101600;Um cajado de madeira.;0
1008736;101601;Em fortaleza militar.;0
1008737;101601;Em escola de escribas.;0
1008738;101601;Em casa de negócio.;1
1008739;101601;Em residência de sacerdotes.;0
1008740;101602;“A minha casa será chamada casa de oração.”;0
1008741;101602;“O zelo da tua casa me consumirá.”;1
1008742;101602;“O justo viverá pela fé.”;0
1008743;101602;“Preparai o caminho do Senhor.”;0
1008744;101603;Uma carta do sumo sacerdote.;0
1008745;101603;Uma genealogia.;0
1008746;101603;Uma oferta.;0
1008747;101603;Um sinal.;1
1008748;101604;Em três dias.;1
1008749;101604;Em sete dias.;0
1008750;101604;Em quarenta dias.;0
1008751;101604;Em quarenta e seis dias.;0
1008752;101605;Trinta e oito anos.;0
1008753;101605;Setenta anos.;0
1008754;101605;Quarenta e seis anos.;1
1008755;101605;Doze anos.;0
1008756;101606;Ao templo de Salomão.;0
1008757;101606;Ao santuário do seu corpo.;1
1008758;101606;Ao tabernáculo de Moisés.;0
1008759;101606;À sinagoga de Cafarnaum.;0
1008760;101607;Quando Jesus transformou água em vinho.;0
1008761;101607;Durante a multiplicação dos pães.;0
1008762;101607;Quando João Batista foi preso.;0
1008763;101607;Depois que Jesus ressuscitou dentre os mortos.;1
1008764;101608;Porque viram os sinais que ele fazia.;1
1008765;101608;Porque ouviram João condenar Herodes.;0
1008766;101608;Porque ele distribuiu alimentos no templo.;0
1008767;101608;Porque os sacerdotes o recomendaram.;0
1008768;101609;Porque não conhecia Jerusalém.;0
1008769;101609;Porque todos eram estrangeiros.;0
1008770;101609;Porque conhecia a todos.;1
1008771;101609;Porque os discípulos o impediram.;0
1008772;101610;Porque João Batista relatava tudo a ele.;0
1008773;101610;Porque ele mesmo sabia o que era a natureza humana.;1
1008774;101610;Porque os fariseus lhe entregavam relatórios.;0
1008775;101610;Porque os discípulos interrogavam cada pessoa.;0
1008776;101611;Natanael.;0
1008777;101611;Nicodemos.;1
1008778;101611;José de Arimateia.;0
1008779;101611;Gamaliel.;0
1008780;101612;Ao meio-dia.;0
1008781;101612;Ao amanhecer.;0
1008782;101612;No fim do sábado.;0
1008783;101612;À noite.;1
1008784;101613;Porque ninguém poderia fazer aqueles sinais se Deus não estivesse com ele.;1
1008785;101613;Porque Jesus pertencia à família sacerdotal.;0
1008786;101613;Porque João Batista o havia nomeado mestre.;0
1008787;101613;Porque os principais sacerdotes o aprovaram.;0
1008788;101614;Morar em Jerusalém.;0
1008789;101614;Guardar uma festa anual.;0
1008790;101614;Nascer de novo.;1
1008791;101614;Pertencer ao grupo dos fariseus.;0
1008792;101615;Como alguém poderia subir ao céu.;0
1008793;101615;Como um homem poderia nascer sendo velho.;1
1008794;101615;Como um gentio poderia guardar a Lei.;0
1008795;101615;Como o templo poderia ser reconstruído.;0
1008796;101616;Da Lei e dos profetas.;0
1008797;101616;Do templo e do sacrifício.;0
1008798;101616;Da carne e do sangue.;0
1008799;101616;Da água e do Espírito.;1
1008800;101617;O nascido da carne é carne, e o nascido do Espírito é espírito.;1
1008801;101617;O nascido da carne é espírito, e o nascido do Espírito é carne.;0
1008802;101617;Ambos são apenas carne.;0
1008803;101617;Ambos dependem da descendência de Abraão.;0
1008804;101618;À água que corre para o mar.;0
1008805;101618;Ao fogo que consome a palha.;0
1008806;101618;Ao vento que sopra onde quer.;1
1008807;101618;À semente que cai na terra.;0
1008808;101619;Sacerdote do templo.;0
1008809;101619;Mestre em Israel.;1
1008810;101619;Governador da Judeia.;0
1008811;101619;Profeta da Galileia.;0
1008812;101620;Todos criam imediatamente.;0
1008813;101620;Somente os romanos o aceitavam.;0
1008814;101620;Os sacerdotes o registravam no templo.;0
1008815;101620;As pessoas não aceitavam o testemunho.;1
1008816;101621;O Filho do Homem.;1
1008817;101621;Nicodemos.;0
1008818;101621;João Batista.;0
1008819;101621;Moisés.;0
1008820;101622;Moisés ferir a rocha.;0
1008821;101622;O maná cair do céu.;0
1008822;101622;Moisés levantar a serpente.;1
1008823;101622;Josué atravessar o Jordão.;0
1008824;101623;Receber riquezas terrenas.;0
1008825;101623;Ter a vida eterna.;1
1008826;101623;Não enfrentar perseguição.;0
1008827;101623;Governar Jerusalém.;0
1008828;101624;Porque Israel exigiu um novo rei.;0
1008829;101624;Porque os anjos pediram um sinal.;0
1008830;101624;Porque a Lei havia sido esquecida.;0
1008831;101624;Porque amou o mundo de tal maneira.;1
1008832;101625;Para que o mundo fosse salvo por ele.;1
1008833;101625;Para condenar imediatamente todas as nações.;0
1008834;101625;Para reconstruir politicamente Israel.;0
1008835;101625;Para substituir os governadores romanos.;0
1008836;101626;Porque não nasceu em Israel.;0
1008837;101626;Porque não conhece os sacerdotes.;0
1008838;101626;Porque não crê no nome do unigênito Filho de Deus.;1
1008839;101626;Porque não visitou Jerusalém.;0
1008840;101627;Porque a luz era fraca.;0
1008841;101627;Porque as suas obras eram más.;1
1008842;101627;Porque desconheciam a existência do sol.;0
1008843;101627;Porque viviam fora da Judeia.;0
1008844;101628;Para não ser reconhecido pelos romanos.;0
1008845;101628;Para não encontrar os discípulos.;0
1008846;101628;Para não ter de ir ao templo.;0
1008847;101628;Para que suas obras não sejam reprovadas.;1
1008848;101629;Para que suas obras sejam manifestas como feitas em Deus.;1
1008849;101629;Para receber elogios dos fariseus.;0
1008850;101629;Para obter autoridade política.;0
1008851;101629;Para ser visto pelos sacerdotes.;0
1008852;101630;Para a região de Tiro.;0
1008853;101630;Para a Decápolis.;0
1008854;101630;Para a terra da Judeia.;1
1008855;101630;Para o Egito.;0
1008856;101631;Em Caná, perto de Nazaré.;0
1008857;101631;Em Enom, perto de Salim.;1
1008858;101631;Em Betesda, perto de Jerusalém.;0
1008859;101631;Em Siloé, perto do templo.;0
1008860;101632;Ele já havia sido morto.;0
1008861;101632;Ele tinha ido para a Galileia.;0
1008862;101632;Ele havia deixado de batizar.;0
1008863;101632;Ele ainda não havia sido preso.;1
1008864;101633;A purificação.;1
1008865;101633;A cobrança de impostos.;0
1008866;101633;A sucessão do sumo sacerdote.;0
1008867;101633;A reconstrução do templo.;0
1008868;101634;Todo mestre deve reunir mais discípulos que os demais.;0
1008869;101634;A autoridade vem somente do templo.;0
1008870;101634;Ninguém pode receber coisa alguma se não lhe for dada do céu.;1
1008871;101634;O batismo deveria ser encerrado imediatamente.;0
1008872;101635;Foi enviado para substituí-lo.;0
1008873;101635;Foi enviado como seu precursor.;1
1008874;101635;Foi escolhido para governá-lo.;0
1008875;101635;Foi enviado para julgá-lo.;0
1008876;101636;O amigo do noivo.;0
1008877;101636;O sacerdote.;0
1008878;101636;O convidado principal.;0
1008879;101636;O noivo.;1
1008880;101637;Convém que ele cresça e que eu diminua.;1
1008881;101637;Convém que ambos cresçam da mesma forma.;0
1008882;101637;Convém que eu cresça antes dele.;0
1008883;101637;Convém que ele se retire e eu permaneça.;0
1008884;101638;Quem vem da terra.;0
1008885;101638;Quem pertence aos fariseus.;0
1008886;101638;Quem vem do céu.;1
1008887;101638;Quem ensina no templo.;0
1008888;101639;Porque estudou com os principais sacerdotes.;0
1008889;101639;Porque Deus não dá o Espírito por medida.;1
1008890;101639;Porque recebeu cartas de Jerusalém.;0
1008891;101639;Porque foi escolhido pelos discípulos de João.;0
1008892;101640;Somente o templo.;0
1008893;101640;Apenas os discípulos.;0
1008894;101640;Somente a Judeia.;0
1008895;101640;Todas as coisas.;1
1008896;101641;Quem crê tem a vida eterna, mas sobre o rebelde permanece a ira de Deus.;1
1008897;101641;Quem crê recebe poder político, mas o rebelde perde os bens.;0
1008898;101641;Quem crê nunca morrerá fisicamente, mas o rebelde morrerá no mesmo dia.;0
1008899;101641;Quem crê precisa guardar festas, mas o rebelde deve oferecer sacrifícios.;0
1008900;101642;O próprio Jesus sozinho.;0
1008901;101642;Os discípulos de Jesus.;1
1008902;101642;Os fariseus.;0
1008903;101642;Os sacerdotes de Jerusalém.;0
1008904;101643;Da Samaria.;0
1008905;101643;Da Pereia.;0
1008906;101643;Da Decápolis.;0
1008907;101643;Da Judeia.;1
1008908;101644;Pela Samaria.;1
1008909;101644;Pelo Egito.;0
1008910;101644;Por Tiro e Sidom.;0
1008911;101644;Pela Idumeia.;0
1008912;101645;Salim.;0
1008913;101645;Naim.;0
1008914;101645;Sicar.;1
1008915;101645;Betânia.;0
1008916;101646;Por volta da meia-noite.;0
1008917;101646;Por volta do meio-dia.;1
1008918;101646;Por volta das nove da manhã.;0
1008919;101646;Por volta das seis da tarde.;0
1008920;101647;Um pedaço de pão.;0
1008921;101647;Uma moeda.;0
1008922;101647;Um lugar para dormir.;0
1008923;101647;Um pouco de água.;1
1008924;101648;Tinham ido à cidade comprar alimentos.;1
1008925;101648;Tinham voltado à Judeia.;0
1008926;101648;Estavam batizando no Jordão.;0
1008927;101648;Tinham ido chamar os fariseus.;0
1008928;101649;Porque ele não possuía moedas.;0
1008929;101649;Porque o poço pertencia aos romanos.;0
1008930;101649;Porque ele era judeu e ela era samaritana.;1
1008931;101649;Porque era proibido beber ao meio-dia.;0
1008932;101650;Vinho novo.;0
1008933;101650;Água viva.;1
1008934;101650;Pão do céu.;0
1008935;101650;Óleo de unção.;0
1008936;101651;O poço estava completamente seco.;0
1008937;101651;A cidade havia fechado o acesso ao poço.;0
1008938;101651;Os discípulos haviam levado toda a água.;0
1008939;101651;Jesus não tinha balde e o poço era fundo.;1
1008940;101652;Jacó.;1
1008941;101652;Abraão.;0
1008942;101652;Moisés.;0
1008943;101652;Davi.;0
1008944;101653;Nunca mais teria sede.;0
1008945;101653;Receberia vida eterna imediatamente.;0
1008946;101653;Voltaria a ter sede.;1
1008947;101653;Seria curado de qualquer enfermidade.;0
1008948;101654;Num rio que correria até Jerusalém.;0
1008949;101654;Numa fonte a jorrar para a vida eterna.;1
1008950;101654;Num sinal visível para os fariseus.;0
1008951;101654;Numa reserva para os dias de seca.;0
1008952;101655;Para vendê-la na cidade.;0
1008953;101655;Para oferecê-la aos sacerdotes.;0
1008954;101655;Para encher os potes do casamento.;0
1008955;101655;Para não ter mais sede nem precisar voltar ao poço.;1
1008956;101656;O marido dela.;1
1008957;101656;O pai dela.;0
1008958;101656;O chefe da cidade.;0
1008959;101656;O sacerdote samaritano.;0
1008960;101657;Dois.;0
1008961;101657;Quatro.;0
1008962;101657;Cinco.;1
1008963;101657;Sete.;0
1008964;101658;Como sacerdote.;0
1008965;101658;Como profeta.;1
1008966;101658;Como rei romano.;0
1008967;101658;Como escriba.;0
1008968;101659;Os samaritanos adoravam em Jerusalém, e os judeus no monte Carmelo.;0
1008969;101659;Os samaritanos adoravam no Egito, e os judeus na Galileia.;0
1008970;101659;Os samaritanos não adoravam, e os judeus adoravam somente em casas.;0
1008971;101659;Os samaritanos adoravam naquele monte, e os judeus diziam que o lugar era Jerusalém.;1
1008972;101660;Chegaria a hora em que não seria nem naquele monte nem em Jerusalém.;1
1008973;101660;Somente Jerusalém permaneceria válida para sempre.;0
1008974;101660;Somente o monte samaritano seria aceito.;0
1008975;101660;A adoração seria proibida fora do templo.;0
1008976;101661;Dos samaritanos.;0
1008977;101661;Dos romanos.;0
1008978;101661;Dos judeus.;1
1008979;101661;Dos gregos.;0
1008980;101662;Somente com sacrifícios no templo.;0
1008981;101662;Em espírito e em verdade.;1
1008982;101662;Apenas em silêncio e jejum.;0
1008983;101662;Com instrumentos e vestes especiais.;0
1008984;101663;Porque Deus habita somente no monte.;0
1008985;101663;Porque os judeus assim determinaram.;0
1008986;101663;Porque a água do poço era sagrada.;0
1008987;101663;Porque Deus é espírito.;1
1008988;101664;O Messias, chamado Cristo.;1
1008989;101664;Elias, chamado profeta.;0
1008990;101664;Moisés, chamado legislador.;0
1008991;101664;Davi, chamado rei.;0
1008992;101665;Como um discípulo de João.;0
1008993;101665;Como um sacerdote da Judeia.;0
1008994;101665;Como o Messias que falava com ela.;1
1008995;101665;Como um peregrino de Nazaré.;0
1008996;101666;Ficaram indignados e o repreenderam.;0
1008997;101666;Ficaram admirados.;1
1008998;101666;Foram embora sem dizer nada.;0
1008999;101666;Chamaram os líderes da cidade.;0
1009000;101667;O seu manto.;0
1009001;101667;As suas moedas.;0
1009002;101667;O seu alimento.;0
1009003;101667;O seu cântaro.;1
1009004;101668;Que fossem ver um homem que lhe dissera tudo o que ela já havia feito.;1
1009005;101668;Que fossem prender um judeu junto ao poço.;0
1009006;101668;Que levassem água e alimentos aos discípulos.;0
1009007;101668;Que abandonassem a cidade imediatamente.;0
1009008;101669;Pães trazidos de Jerusalém.;0
1009009;101669;Peixes comprados em Cafarnaum.;0
1009010;101669;Uma comida que eles não conheciam.;1
1009011;101669;Frutos colhidos em Samaria.;0
1009012;101670;Em jejuar durante toda a viagem.;0
1009013;101670;Em fazer a vontade daquele que o enviou e realizar a sua obra.;1
1009014;101670;Em receber ofertas dos samaritanos.;0
1009015;101670;Em comer somente pão e água.;0
1009016;101671;Secos e improdutivos.;0
1009017;101671;Recém-semeados.;0
1009018;101671;Cobertos pela noite.;0
1009019;101671;Maduros para a colheita.;1
1009020;101672;Porque o fruto é ajuntado para a vida eterna.;1
1009021;101672;Porque receberiam terras em Samaria.;0
1009022;101672;Porque venderiam a colheita em Jerusalém.;0
1009023;101672;Porque não precisariam mais trabalhar.;0
1009024;101673;Quem semeia pouco nunca colhe.;0
1009025;101673;Todo trabalhador merece dois salários.;0
1009026;101673;Um é o que semeia, outro é o que colhe.;1
1009027;101673;A colheita pertence apenas ao proprietário.;0
1009028;101674;Por causa da cura do filho do oficial.;0
1009029;101674;Por causa do testemunho da mulher.;1
1009030;101674;Por causa da transformação da água em vinho.;0
1009031;101674;Por causa do testemunho dos fariseus.;0
1009032;101675;Um dia.;0
1009033;101675;Sete dias.;0
1009034;101675;Quarenta dias.;0
1009035;101675;Dois dias.;1
1009036;101676;Por causa da palavra de Jesus.;1
1009037;101676;Por causa de uma carta de João.;0
1009038;101676;Por causa dos sinais feitos no templo.;0
1009039;101676;Por causa das ordens do chefe da cidade.;0
1009040;101677;Rei da Samaria.;0
1009041;101677;Sumo sacerdote.;0
1009042;101677;Salvador do mundo.;1
1009043;101677;Governador da Galileia.;0
1009044;101678;Em Jerusalém.;0
1009045;101678;Em Cafarnaum.;1
1009046;101678;Em Betânia.;0
1009047;101678;Em Sicar.;0
1009048;101679;Que o levasse a Jerusalém.;0
1009049;101679;Que o batizasse no Jordão.;0
1009050;101679;Que o apresentasse aos discípulos.;0
1009051;101679;Que fosse curá-lo, porque estava morrendo.;1
1009052;101680;“Vá, o seu filho vai viver.”;1
1009053;101680;“Traga o menino até aqui.”;0
1009054;101680;“Espere dois dias em Caná.”;0
1009055;101680;“Procure João no Jordão.”;0
1009056;101681;Às seis horas da manhã.;0
1009057;101681;Ao meio-dia.;0
1009058;101681;À uma hora da tarde.;1
1009059;101681;À meia-noite.;0
1009060;101682;Somente os servos.;0
1009061;101682;Ele e toda a sua casa.;1
1009062;101682;Apenas o filho curado.;0
1009063;101682;Todos os galileus presentes em Caná.;0
1009064;101683;Como o primeiro sinal.;0
1009065;101683;Como o sétimo sinal.;0
1009066;101683;Como um ensino sem sinal.;0
1009067;101683;Como o segundo sinal.;1
1009068;101684;Cafarnaum.;0
1009069;101684;Jerusalém.;1
1009070;101684;Caná.;0
1009071;101684;Sicar.;0
1009072;101685;Siloé.;0
1009073;101685;Enom.;0
1009074;101685;Cedrom.;0
1009075;101685;Betesda.;1
1009076;101686;Cinco.;1
1009077;101686;Três.;0
1009078;101686;Seis.;0
1009079;101686;Doze.;0
1009080;101687;Leprosos, surdos e mudos.;0
1009081;101687;Endemoninhados, febris e feridos.;0
1009082;101687;Cegos, coxos e paralíticos.;1
1009083;101687;Somente pessoas cegas.;0
1009084;101688;Doze anos.;0
1009085;101688;Trinta e oito anos.;1
1009086;101688;Quarenta anos.;0
1009087;101688;Sete anos.;0
1009088;101689;“Quem pecou contra você?”;0
1009089;101689;“Onde está a sua família?”;0
1009090;101689;“Por que veio ao templo?”;0
1009091;101689;“Você quer ser curado?”;1
1009092;101690;Não tinha ninguém que o colocasse no tanque.;1
1009093;101690;Não conseguia encontrar o tanque.;0
1009094;101690;Os sacerdotes o impediam de entrar.;0
1009095;101690;A água nunca se movia.;0
1009096;101691;Que esperasse a água ser agitada.;0
1009097;101691;Que oferecesse um sacrifício.;0
1009098;101691;Que se levantasse, pegasse o leito e andasse.;1
1009099;101691;Que chamasse os discípulos.;0
1009100;101692;Na Páscoa.;0
1009101;101692;No sábado.;1
1009102;101692;No primeiro dia da semana.;0
1009103;101692;No Dia da Expiação.;0
1009104;101693;Caminhar até o templo.;0
1009105;101693;Conversar com Jesus.;0
1009106;101693;Beber água do tanque.;0
1009107;101693;Carregar o seu leito.;1
1009108;101694;Porque Jesus tinha se retirado em meio à multidão.;1
1009109;101694;Porque ele nunca havia visto Jesus.;0
1009110;101694;Porque ficou sem poder falar.;0
1009111;101694;Porque os discípulos esconderam a identidade de Jesus.;0
1009112;101695;Que nunca mais voltasse ao tanque.;0
1009113;101695;Que deixasse Jerusalém naquele dia.;0
1009114;101695;Que não pecasse mais, para que não lhe acontecesse coisa pior.;1
1009115;101695;Que guardasse silêncio sobre a cura.;0
1009116;101696;Aos samaritanos.;0
1009117;101696;Aos judeus.;1
1009118;101696;Aos discípulos de João.;0
1009119;101696;Aos soldados romanos.;0
1009120;101697;Porque havia saído da Galileia.;0
1009121;101697;Porque falava com samaritanos.;0
1009122;101697;Porque se recusava a entrar no templo.;0
1009123;101697;Porque fazia essas coisas no sábado.;1
1009124;101698;“Meu Pai trabalha até agora, e eu trabalho também.”;1
1009125;101698;“Meu Pai descansou, e eu também descansarei.”;0
1009126;101698;“Somente eu posso trabalhar no sábado.”;0
1009127;101698;“O trabalho do Pai terminou com Moisés.”;0
1009128;101699;Porque queria assumir o cargo de sumo sacerdote.;0
1009129;101699;Porque recusava toda a Lei de Moisés.;0
1009130;101699;Porque dizia que Deus era seu próprio Pai, fazendo-se igual a Deus.;1
1009131;101699;Porque havia deixado de realizar sinais.;0
1009132;101700;Age sem considerar o Pai.;0
1009133;101700;Faz aquilo que vê o Pai fazer.;1
1009134;101700;Faz somente o que os discípulos pedem.;0
1009135;101700;Imita exclusivamente as obras de Moisés.;0
1009136;101701;Porque teme o Filho.;0
1009137;101701;Porque os judeus exigiram sinais.;0
1009138;101701;Porque João Batista pediu.;0
1009139;101701;Porque ama o Filho.;1
1009140;101702;Àqueles a quem quer.;1
1009141;101702;Somente aos sacerdotes.;0
1009142;101702;Apenas aos descendentes de Levi.;0
1009143;101702;A todos sem qualquer distinção de resposta.;0
1009144;101703;A Moisés.;0
1009145;101703;A João Batista.;0
1009146;101703;Ao Filho.;1
1009147;101703;Ao sumo sacerdote.;0
1009148;101704;Uma honra menor que a de Moisés.;0
1009149;101704;A mesma honra dada ao Pai.;1
1009150;101704;A honra reservada aos profetas.;0
1009151;101704;Somente a honra de um mestre.;0
1009152;101705;Recebe autoridade sobre o templo.;0
1009153;101705;Nunca enfrentará a morte física.;0
1009154;101705;Será imediatamente levado ao céu.;0
1009155;101705;Tem a vida eterna e passou da morte para a vida.;1
1009156;101706;Os mortos que a ouvirem.;1
1009157;101706;Somente os discípulos presentes.;0
1009158;101706;Apenas os sacerdotes do templo.;0
1009159;101706;Somente os profetas antigos.;0
1009160;101707;Porque estudou a Lei.;0
1009161;101707;Porque nasceu em Belém.;0
1009162;101707;Porque é o Filho do Homem.;1
1009163;101707;Porque João o batizou.;0
1009164;101708;Voltarão todos para suas casas.;0
1009165;101708;Sairão para a ressurreição da vida ou para a ressurreição do juízo.;1
1009166;101708;Serão conduzidos ao templo para julgamento humano.;0
1009167;101708;Receberão a mesma recompensa independentemente de suas obras.;0
1009168;101709;Porque se baseia na opinião da multidão.;0
1009169;101709;Porque segue somente decisões romanas.;0
1009170;101709;Porque consulta os principais sacerdotes.;0
1009171;101709;Porque busca a vontade daquele que o enviou, e não a própria vontade.;1
1009172;101710;João.;1
1009173;101710;Nicodemos.;0
1009174;101710;Filipe.;0
1009175;101710;Pedro.;0
1009176;101711;Como a verdadeira luz do mundo.;0
1009177;101711;Como o sol que nunca se põe.;0
1009178;101711;Como a lâmpada que estava acesa e iluminava.;1
1009179;101711;Como uma estrela que guiava os magos.;0
1009180;101712;A aprovação dos fariseus.;0
1009181;101712;As obras que o Pai lhe confiou para realizar.;1
1009182;101712;A genealogia dos sacerdotes.;0
1009183;101712;A autoridade dos romanos.;0
1009184;101713;Porque não sabiam ler.;0
1009185;101713;Porque não tinham visitado o templo.;0
1009186;101713;Porque eram todos estrangeiros.;0
1009187;101713;Porque não criam naquele que o Pai enviou.;1
1009188;101714;De Jesus.;1
1009189;101714;Dos fariseus.;0
1009190;101714;Do império romano.;0
1009191;101714;De João como o Cristo.;0
1009192;101715;Voltar para a Galileia.;0
1009193;101715;Ouvir os sacerdotes.;0
1009194;101715;Ir a Jesus para ter vida.;1
1009195;101715;Celebrar a Páscoa.;0
1009196;101716;Do Pai.;0
1009197;101716;Das pessoas.;1
1009198;101716;Dos anjos.;0
1009199;101716;Das Escrituras.;0
1009200;101717;João Batista.;0
1009201;101717;Nicodemos.;0
1009202;101717;O homem curado em Betesda.;0
1009203;101717;Moisés, em quem haviam posto a esperança.;1
1009204;101718;Porque Moisés escreveu a respeito de Jesus.;1
1009205;101718;Porque Moisés batizou Jesus.;0
1009206;101718;Porque Moisés viu Jesus em Jerusalém.;0
1009207;101718;Porque Moisés era discípulo de Jesus.;0
1009208;101719;Mar Morto.;0
1009209;101719;Mar de Tiberíades.;1
1009210;101719;Mar de Sal.;0
1009211;101719;Mar de Jope.;0
1009212;101720;Porque ele distribuía moedas.;0
1009213;101720;Porque os sacerdotes o haviam enviado.;0
1009214;101720;Porque ele prometera assumir o reino.;0
1009215;101720;Porque tinha visto os sinais que ele fazia na cura dos enfermos.;1
1009216;101721;No monte.;1
1009217;101721;Na sinagoga.;0
1009218;101721;Dentro de um barco.;0
1009219;101721;No templo.;0
1009220;101722;A Dedicação.;0
1009221;101722;Os Tabernáculos.;0
1009222;101722;A Páscoa.;1
1009223;101722;O Pentecostes.;0
1009224;101723;André.;0
1009225;101723;Filipe.;1
1009226;101723;Pedro.;0
1009227;101723;Tomé.;0
1009228;101724;Porque não sabia onde havia alimento.;0
1009229;101724;Porque desejava enviá-lo a Jerusalém.;0
1009230;101724;Porque Filipe era o responsável pela bolsa.;0
1009231;101724;Para testá-lo, pois sabia o que estava para fazer.;1
1009232;101725;Duzentos denários.;1
1009233;101725;Cem denários.;0
1009234;101725;Trezentos denários.;0
1009235;101725;Trinta moedas de prata.;0
1009236;101726;Filipe, irmão de Natanael.;0
1009237;101726;Tomé, chamado Dídimo.;0
1009238;101726;André, irmão de Simão Pedro.;1
1009239;101726;Judas, irmão de Tiago.;0
1009240;101727;Sete pães de trigo e três peixes.;0
1009241;101727;Cinco pães de cevada e dois peixinhos.;1
1009242;101727;Doze pães e um peixe.;0
1009243;101727;Cinco pães de trigo e cinco peixes.;0
1009244;101728;Quase dois mil.;0
1009245;101728;Quase quatro mil.;0
1009246;101728;Quase dez mil.;0
1009247;101728;Quase cinco mil.;1
1009248;101729;Deu graças.;1
1009249;101729;Chamou os sacerdotes.;0
1009250;101729;Mandou todos jejuarem.;0
1009251;101729;Fez os discípulos comprarem vinho.;0
1009252;101730;Para vendê-los em Cafarnaum.;0
1009253;101730;Para entregá-los aos fariseus.;0
1009254;101730;Para que nada se perdesse.;1
1009255;101730;Para contar quantas pessoas haviam comido.;0
1009256;101731;Sete cestos.;0
1009257;101731;Doze cestos.;1
1009258;101731;Cinco cestos.;0
1009259;101731;Quarenta cestos.;0
1009260;101732;Como o novo sumo sacerdote.;0
1009261;101732;Como João Batista ressuscitado.;0
1009262;101732;Como o governador da Galileia.;0
1009263;101732;Como o profeta que devia vir ao mundo.;1
1009264;101733;Fazê-lo rei.;1
1009265;101733;Levá-lo ao templo.;0
1009266;101733;Obrigá-lo a batizar.;0
1009267;101733;Entregá-lo aos romanos.;0
1009268;101734;Para Jerusalém.;0
1009269;101734;Para Betânia.;0
1009270;101734;Para Cafarnaum.;1
1009271;101734;Para Sicar.;0
1009272;101735;Porque começou uma grande chuva.;0
1009273;101735;Porque soprava um vento forte.;1
1009274;101735;Porque muitos barcos se aproximaram.;0
1009275;101735;Porque houve um terremoto.;0
1009276;101736;Uns dois quilômetros.;0
1009277;101736;Uns dez ou doze quilômetros.;0
1009278;101736;Menos de quinhentos metros.;0
1009279;101736;Uns cinco ou seis quilômetros.;1
1009280;101737;“Sou eu. Não tenham medo!”;1
1009281;101737;“Voltem imediatamente para a praia!”;0
1009282;101737;“Lancem as redes à direita!”;0
1009283;101737;“Por que vocês dormem?”;0
1009284;101738;O barco voltou para Tiberíades.;0
1009285;101738;O barco começou a afundar.;0
1009286;101738;O barco chegou ao seu destino.;1
1009287;101738;A multidão entrou no barco.;0
1009288;101739;Doze barcos.;0
1009289;101739;Apenas um pequeno barco.;1
1009290;101739;Sete barcos.;0
1009291;101739;Nenhum barco.;0
1009292;101740;Nazaré.;0
1009293;101740;Jerusalém.;0
1009294;101740;Betsaida.;0
1009295;101740;Tiberíades.;1
1009296;101741;Para Cafarnaum.;1
1009297;101741;Para Caná.;0
1009298;101741;Para Betânia.;0
1009299;101741;Para Enom.;0
1009300;101742;Porque compreenderam plenamente o sinal.;0
1009301;101742;Porque queriam tornar-se discípulos de João.;0
1009302;101742;Porque comeram os pães e ficaram satisfeitos.;1
1009303;101742;Porque desejavam abandonar a Galileia.;0
1009304;101743;Pelo maná guardado no templo.;0
1009305;101743;Pelo alimento que permanece para a vida eterna.;1
1009306;101743;Pelo alimento vendido em Jerusalém.;0
1009307;101743;Pelo pão que se estraga rapidamente.;0
1009308;101744;Construir uma nova sinagoga.;0
1009309;101744;Guardar alimentos para a Páscoa.;0
1009310;101744;Realizar sinais diante do povo.;0
1009311;101744;Crer naquele que Deus enviou.;1
1009312;101745;O maná.;1
1009313;101745;Pães de cevada.;0
1009314;101745;Peixes assados.;0
1009315;101745;Frutos de palmeira.;0
1009316;101746;Moisés.;0
1009317;101746;João Batista.;0
1009318;101746;O Pai.;1
1009319;101746;O sumo sacerdote.;0
1009320;101747;Dá riqueza a Israel.;0
1009321;101747;Dá vida ao mundo.;1
1009322;101747;Dá poder aos sacerdotes.;0
1009323;101747;Dá alimento somente aos judeus.;0
1009324;101748;Como a porta das ovelhas.;0
1009325;101748;Como a videira verdadeira.;0
1009326;101748;Como a luz do templo.;0
1009327;101748;Como o pão da vida.;1
1009328;101749;De modo nenhum o lançaria fora.;1
1009329;101749;O enviaria de volta ao deserto.;0
1009330;101749;O obrigaria a guardar silêncio.;0
1009331;101749;O entregaria aos fariseus.;0
1009332;101750;Para cumprir a vontade da multidão.;0
1009333;101750;Para ser feito rei à força.;0
1009334;101750;Para fazer a vontade daquele que o enviou.;1
1009335;101750;Para substituir Moisés na Lei.;0
1009336;101751;Que todos se tornem reis em Israel.;0
1009337;101751;Que nenhum se perca e seja ressuscitado no último dia.;1
1009338;101751;Que permaneçam para sempre na Galileia.;0
1009339;101751;Que nunca sofram morte física.;0
1009340;101752;Porque recusou multiplicar pão novamente.;0
1009341;101752;Porque entrou na sinagoga no sábado.;0
1009342;101752;Porque chamou Filipe para testá-lo.;0
1009343;101752;Porque ele disse ser o pão que desceu do céu.;1
1009344;101753;Como Jesus, filho de José, cujo pai e mãe conheciam.;1
1009345;101753;Como Jesus, filho de Zacarias, sacerdote.;0
1009346;101753;Como Jesus, irmão de João Batista.;0
1009347;101753;Como Jesus, filho de Nicodemos.;0
1009348;101754;Os fariseus.;0
1009349;101754;Moisés.;0
1009350;101754;O Pai que enviou Jesus.;1
1009351;101754;A multidão.;0
1009352;101755;Todos verão sinais no templo.;0
1009353;101755;Todos serão ensinados por Deus.;1
1009354;101755;Todos receberão maná do céu.;0
1009355;101755;Todos serão reis em Jerusalém.;0
1009356;101756;Autoridade sobre Roma.;0
1009357;101756;Imunidade contra a morte física.;0
1009358;101756;O direito de governar a Galileia.;0
1009359;101756;A vida eterna.;1
1009360;101757;Morreram.;1
1009361;101757;Viveram eternamente.;0
1009362;101757;Foram levados ao céu.;0
1009363;101757;Nunca mais tiveram fome.;0
1009364;101758;O maná do deserto.;0
1009365;101758;Os doze cestos de pão.;0
1009366;101758;A sua carne.;1
1009367;101758;Uma oferta de ouro.;0
1009368;101759;Jamais sofrerá perseguição.;0
1009369;101759;Tem a vida eterna e será ressuscitado no último dia.;1
1009370;101759;Receberá imediatamente um reino terreno.;0
1009371;101759;Nunca mais enfrentará fome física.;0
1009372;101760;Torna-se superior aos demais discípulos.;0
1009373;101760;Passa a viver somente em Jerusalém.;0
1009374;101760;Recebe o lugar de João Batista.;0
1009375;101760;Permanece em Jesus, e Jesus permanece nele.;1
1009376;101761;Na sinagoga de Cafarnaum.;1
1009377;101761;No templo de Jerusalém.;0
1009378;101761;No monte das Oliveiras.;0
1009379;101761;Junto ao poço de Jacó.;0
1009380;101762;Pediram que ele o repetisse no templo.;0
1009381;101762;Celebraram e fizeram uma festa.;0
1009382;101762;Disseram que o discurso era duro e difícil de suportar.;1
1009383;101762;Foram buscar os fariseus para ouvi-lo.;0
1009384;101763;A Lei.;0
1009385;101763;O Espírito.;1
1009386;101763;O pão material.;0
1009387;101763;A tradição.;0
1009388;101764;Forçaram Jesus a tornar-se rei.;0
1009389;101764;Voltaram a seguir João Batista.;0
1009390;101764;Foram presos pelos fariseus.;0
1009391;101764;Abandonaram Jesus e já não andavam com ele.;1
1009392;101765;Porque Jesus tem as palavras da vida eterna e é o Santo de Deus.;1
1009393;101765;Porque o barco estava longe da margem.;0
1009394;101765;Porque os fariseus fecharam a sinagoga.;0
1009395;101765;Porque Jesus possuía todos os alimentos.;0
1009396;101766;A Simão Pedro.;0
1009397;101766;A Filipe de Betsaida.;0
1009398;101766;A Judas, filho de Simão Iscariotes.;1
1009399;101766;A Tomé, chamado Dídimo.;0
1009400;101767;Porque a festa havia terminado.;0
1009401;101767;Porque os judeus queriam matá-lo.;1
1009402;101767;Porque os discípulos o proibiram.;0
1009403;101767;Porque não conhecia a região.;0
1009404;101768;A Páscoa.;0
1009405;101768;A Festa da Dedicação.;0
1009406;101768;A Festa das Semanas.;0
1009407;101768;A Festa dos Tabernáculos.;1
1009408;101769;Ir para a Judeia e manifestar suas obras ao mundo.;1
1009409;101769;Permanecer escondido para sempre na Galileia.;0
1009410;101769;Voltar ao Jordão para batizar.;0
1009411;101769;Ir a Roma falar com o governador.;0
1009412;101770;Todos já o adoravam como Filho de Deus.;0
1009413;101770;Tinham abandonado a família para segui-lo.;0
1009414;101770;Nem mesmo eles criam nele.;1
1009415;101770;Eram os líderes dos doze.;0
1009416;101771;O tempo dos irmãos havia terminado.;0
1009417;101771;O tempo dele ainda não havia chegado, mas para eles qualquer tempo era oportuno.;1
1009418;101771;Ambos tinham o mesmo tempo determinado.;0
1009419;101771;Somente os irmãos conheciam o tempo da festa.;0
1009420;101772;Porque ele se recusava a realizar sinais.;0
1009421;101772;Porque ele não participava das festas.;0
1009422;101772;Porque havia deixado a Judeia.;0
1009423;101772;Porque ele testemunhava que as obras do mundo eram más.;1
1009424;101773;Em segredo, não publicamente.;1
1009425;101773;À frente de uma grande multidão.;0
1009426;101773;Escoltado por soldados.;0
1009427;101773;Junto com os principais sacerdotes.;0
1009428;101774;“Quem é o pai dele?”;0
1009429;101774;“Quando foi batizado?”;0
1009430;101774;“Onde estará ele?”;1
1009431;101774;“Quantos discípulos possui?”;0
1009432;101775;Uns diziam que era romano, e outros que era grego.;0
1009433;101775;Uns diziam que era bom, e outros que enganava o povo.;1
1009434;101775;Uns diziam que era sacerdote, e outros que era levita.;0
1009435;101775;Uns diziam que era rico, e outros que era pobre.;0
1009436;101776;Porque ninguém o conhecia.;0
1009437;101776;Porque a festa proibia conversas.;0
1009438;101776;Porque Jesus havia deixado a cidade.;0
1009439;101776;Por medo dos judeus.;1
1009440;101777;Quando a festa já estava na metade.;1
1009441;101777;No primeiro dia da festa.;0
1009442;101777;Depois que a festa terminou.;0
1009443;101777;Na véspera da festa.;0
1009444;101778;Ele falava somente em grego.;0
1009445;101778;Ele conhecia todos pelo nome.;0
1009446;101778;Ele era letrado sem ter estudado.;1
1009447;101778;Ele ensinava sem usar palavras.;0
1009448;101779;De Moisés apenas.;0
1009449;101779;Daquele que o enviou.;1
1009450;101779;Dos fariseus.;0
1009451;101779;De João Batista.;0
1009452;101780;Estudando com os fariseus.;0
1009453;101780;Visitando todas as sinagogas.;0
1009454;101780;Oferecendo sacrifícios diariamente.;0
1009455;101780;Querendo fazer a vontade de Deus.;1
1009456;101781;Aquele que busca a glória de quem o enviou.;1
1009457;101781;Aquele que fala por si mesmo.;0
1009458;101781;Aquele que recebe glória da multidão.;0
1009459;101781;Aquele que esconde suas obras.;0
1009460;101782;Todos haviam abandonado Jerusalém.;0
1009461;101782;Eles recusavam realizar circuncisão.;0
1009462;101782;Nenhum deles cumpria a Lei e queriam matá-lo.;1
1009463;101782;Eles nunca tinham ouvido falar de Moisés.;0
1009464;101783;Confessou que planejava prendê-lo.;0
1009465;101783;Disse que ele tinha demônio.;1
1009466;101783;Pediu perdão imediatamente.;0
1009467;101783;Permaneceu totalmente em silêncio.;0
1009468;101784;A compra de animais no templo.;0
1009469;101784;A travessia do mar.;0
1009470;101784;A colheita dos campos.;0
1009471;101784;A circuncisão de um menino.;1
1009472;101785;Pela reta justiça, e não segundo a aparência.;1
1009473;101785;Segundo a opinião da maioria.;0
1009474;101785;Somente de acordo com os fariseus.;0
1009475;101785;Pela posição social da pessoa.;0
1009476;101786;Se Jesus havia se tornado sacerdote.;0
1009477;101786;Se a festa seria encerrada antes do tempo.;0
1009478;101786;Se as autoridades teriam reconhecido que ele era o Cristo.;1
1009479;101786;Se os romanos haviam deixado a cidade.;0
1009480;101787;Sabiam que Jesus vinha de Roma.;0
1009481;101787;Sabiam de onde Jesus vinha, mas diziam que ninguém saberia de onde o Cristo viria.;1
1009482;101787;Sabiam que Jesus era filho de um sacerdote.;0
1009483;101787;Sabiam que o Cristo deveria vir do Egito.;0
1009484;101788;Porque ele saiu correndo do templo.;0
1009485;101788;Porque os discípulos atacaram os guardas.;0
1009486;101788;Porque Pilatos proibiu qualquer prisão.;0
1009487;101788;Porque a sua hora ainda não havia chegado.;1
1009488;101789;Perguntavam se o Cristo faria sinais maiores do que os feitos por Jesus.;1
1009489;101789;Todos conheciam sua genealogia completa.;0
1009490;101789;Os sacerdotes haviam anunciado que ele era o Cristo.;0
1009491;101789;Ele prometera livrar Israel de Roma naquele dia.;0
1009492;101790;Os discípulos de João.;0
1009493;101790;Os samaritanos.;0
1009494;101790;Os fariseus e os principais sacerdotes.;1
1009495;101790;Os irmãos de Jesus.;0
1009496;101791;Voltaria definitivamente para Nazaré.;0
1009497;101791;Iria para junto daquele que o enviou.;1
1009498;101791;Assumiria o trono em Jerusalém.;0
1009499;101791;Viajaria para a diáspora grega.;0
1009500;101792;Para o Egito, a fim de ensinar os romanos.;0
1009501;101792;Para Samaria, a fim de governar a cidade.;0
1009502;101792;Para Belém, a fim de construir um templo.;0
1009503;101792;Para a diáspora entre os gregos, a fim de ensinar os gregos.;1
1009504;101793;No último e grande dia da festa.;1
1009505;101793;No primeiro dia da festa.;0
1009506;101793;Na metade da festa.;0
1009507;101793;No dia seguinte ao encerramento.;0
1009508;101794;Fogo consumidor.;0
1009509;101794;Pão do céu.;0
1009510;101794;Rios de água viva.;1
1009511;101794;Vinho novo.;0
1009512;101795;De João Batista.;0
1009513;101795;Do Espírito que os que nele cressem receberiam.;1
1009514;101795;De Moisés.;0
1009515;101795;Do profeta Elias.;0
1009516;101796;Alguns disseram que era romano, e outros que era samaritano.;0
1009517;101796;Alguns disseram que era sacerdote, e outros que era escriba.;0
1009518;101796;Alguns disseram que era Elias, e outros que era Moisés.;0
1009519;101796;Alguns disseram que era o profeta, e outros que era o Cristo.;1
1009520;101797;Da descendência de Davi e da aldeia de Belém.;1
1009521;101797;Da descendência de Levi e da cidade de Jericó.;0
1009522;101797;Da descendência de José e da cidade de Nazaré.;0
1009523;101797;Da descendência de Arão e da aldeia de Betânia.;0
1009524;101798;Todos concordaram que ele era o Cristo.;0
1009525;101798;A festa terminou imediatamente.;0
1009526;101798;Houve divisão entre o povo.;1
1009527;101798;Os guardas prenderam todos os presentes.;0
1009528;101799;Porque não conseguiram encontrá-lo.;0
1009529;101799;Porque jamais alguém havia falado como ele.;1
1009530;101799;Porque foram subornados pelos discípulos.;0
1009531;101799;Porque Pilatos revogou a ordem.;0
1009532;101800;Se Jesus poderia assumir o sacerdócio.;0
1009533;101800;Se os guardas tinham autoridade romana.;0
1009534;101800;Se a festa deveria durar mais dias.;0
1009535;101800;Se a Lei condenava alguém sem primeiro ouvi-lo e saber o que havia feito.;1
1009536;101801;Perguntaram se ele também era da Galileia e disseram que dali não se levantava profeta.;1
1009537;101801;Reconheceram que ele estava certo e libertaram Jesus.;0
1009538;101801;Disseram que ele deveria ir falar com Pilatos.;0
1009539;101801;Declararam que Nicodemos era o Cristo.;0
1009540;101802;Foi ao templo procurar Jesus.;0
1009541;101802;Partiu para a Galileia.;0
1009542;101802;Foi para a sua casa.;1
1009543;101802;Permaneceu no conselho durante a noite.;0
1009544;101803;Para a Galileia.;0
1009545;101803;Para o monte das Oliveiras.;1
1009546;101803;Para Betânia além do Jordão.;0
1009547;101803;Para Cafarnaum.;0
1009548;101804;Na sinagoga de Cafarnaum.;0
1009549;101804;No monte das Oliveiras.;0
1009550;101804;Junto ao poço de Jacó.;0
1009551;101804;No templo.;1
1009552;101805;Os escribas e fariseus.;1
1009553;101805;Os discípulos.;0
1009554;101805;Os saduceus e romanos.;0
1009555;101805;Os irmãos de Jesus.;0
1009556;101806;Expulsá-las da cidade.;0
1009557;101806;Prendê-las por sete dias.;0
1009558;101806;Apedrejá-las.;1
1009559;101806;Enviá-las ao sumo sacerdote.;0
1009560;101807;Para receber uma explicação sincera da Lei.;0
1009561;101807;Para experimentá-lo e ter de que acusá-lo.;1
1009562;101807;Para pedir que ele a curasse.;0
1009563;101807;Para torná-lo juiz oficial de Jerusalém.;0
1009564;101808;Lia um rolo da Lei.;0
1009565;101808;Orava de joelhos.;0
1009566;101808;Conversava com os discípulos.;0
1009567;101808;Escrevia no chão com o dedo.;1
1009568;101809;Aquele que estivesse sem pecado.;1
1009569;101809;O mais velho entre os acusadores.;0
1009570;101809;O sumo sacerdote.;0
1009571;101809;O marido da mulher.;0
1009572;101810;Dos mais jovens aos mais velhos.;0
1009573;101810;Primeiro os sacerdotes e depois os romanos.;0
1009574;101810;Dos mais velhos aos mais jovens.;1
1009575;101810;Todos saíram ao mesmo tempo.;0
1009576;101811;Que permanecesse no templo.;0
1009577;101811;Que fosse e não pecasse mais.;1
1009578;101811;Que procurasse os fariseus.;0
1009579;101811;Que saísse de Jerusalém para sempre.;0
1009580;101812;Como o pão do céu.;0
1009581;101812;Como a porta das ovelhas.;0
1009582;101812;Como a videira verdadeira.;0
1009583;101812;Como a luz do mundo.;1
1009584;101813;A luz da vida.;1
1009585;101813;A glória dos homens.;0
1009586;101813;O governo de Israel.;0
1009587;101813;A riqueza do templo.;0
1009588;101814;Porque ele não havia realizado sinais.;0
1009589;101814;Porque era noite.;0
1009590;101814;Porque ele dava testemunho de si mesmo.;1
1009591;101814;Porque os discípulos não estavam presentes.;0
1009592;101815;Porque possuía uma carta do sumo sacerdote.;0
1009593;101815;Porque sabia de onde tinha vindo e para onde ia.;1
1009594;101815;Porque todos os fariseus o conheciam.;0
1009595;101815;Porque havia estudado em Jerusalém.;0
1009596;101816;Segundo a reta justiça.;0
1009597;101816;Segundo o Espírito.;0
1009598;101816;Segundo os profetas.;0
1009599;101816;Segundo a carne.;1
1009600;101817;O Pai que o enviou.;1
1009601;101817;João Batista.;0
1009602;101817;Moisés.;0
1009603;101817;Nicodemos.;0
1009604;101818;Moisés e Elias.;0
1009605;101818;Pedro e João.;0
1009606;101818;Ele mesmo e o Pai que o enviou.;1
1009607;101818;Nicodemos e José.;0
1009608;101819;Que o Pai estava na Galileia.;0
1009609;101819;Que não conheciam nem a ele nem ao Pai.;1
1009610;101819;Que João Batista era seu pai.;0
1009611;101819;Que o Pai se encontrava no templo.;0
1009612;101820;Porque os guardas não estavam na cidade.;0
1009613;101820;Porque os fariseus mudaram de opinião.;0
1009614;101820;Porque ele se escondeu entre os discípulos.;0
1009615;101820;Porque a sua hora ainda não havia chegado.;1
1009616;101821;Não poderiam ir para onde ele ia.;1
1009617;101821;Seriam recebidos imediatamente no templo.;0
1009618;101821;Voltariam para a Galileia.;0
1009619;101821;Se tornariam discípulos depois da morte.;0
1009620;101822;Pensaram que ele viajaria a Roma.;0
1009621;101822;Concluíram que ele seria coroado rei.;0
1009622;101822;Perguntaram se ele pretendia matar-se.;1
1009623;101822;Disseram que ele se tornaria sacerdote.;0
1009624;101823;Eles eram da Galileia e ele da Judeia.;0
1009625;101823;"Eles eram de baixo e deste mundo; ele era de cima e não deste mundo.";1
1009626;101823;Eles eram judeus e ele samaritano.;0
1009627;101823;Eles eram sacerdotes e ele romano.;0
1009628;101824;Que Moisés era o Cristo.;0
1009629;101824;Que Jerusalém jamais seria destruída.;0
1009630;101824;Que João Batista era Elias.;0
1009631;101824;Que Jesus é quem afirma ser.;1
1009632;101825;Quando levantassem o Filho do Homem.;1
1009633;101825;Quando ele fosse feito rei.;0
1009634;101825;Quando João voltasse à vida.;0
1009635;101825;Quando o templo fosse ampliado.;0
1009636;101826;Porque os discípulos permaneciam com ele.;0
1009637;101826;Porque os fariseus o protegiam.;0
1009638;101826;Porque Jesus fazia sempre o que lhe agradava.;1
1009639;101826;Porque ele evitava Jerusalém.;0
1009640;101827;Tentaram apedrejá-lo imediatamente.;0
1009641;101827;Creram nele.;1
1009642;101827;Saíram do templo.;0
1009643;101827;Chamaram os romanos.;0
1009644;101828;Mudando-se para Jerusalém.;0
1009645;101828;Guardando silêncio diante dos fariseus.;0
1009646;101828;Realizando sinais maiores.;0
1009647;101828;Permanecendo na palavra de Jesus.;1
1009648;101829;A verdade os libertaria.;1
1009649;101829;A verdade lhes daria riquezas.;0
1009650;101829;A verdade os faria governadores.;0
1009651;101829;A verdade eliminaria toda oposição.;0
1009652;101830;Da escravidão romana.;0
1009653;101830;Da escravidão no Egito.;0
1009654;101830;Da escravidão do pecado.;1
1009655;101830;Da escravidão por dívidas.;0
1009656;101831;O escravo permanece, mas o filho precisa sair.;0
1009657;101831;O escravo não fica para sempre, mas o filho permanece para sempre.;1
1009658;101831;Ambos permanecem somente por sete anos.;0
1009659;101831;Nenhum deles pode permanecer.;0
1009660;101832;Moisés.;0
1009661;101832;Abraão.;0
1009662;101832;O sumo sacerdote.;0
1009663;101832;O Filho.;1
1009664;101833;Porque não acolhiam sua palavra.;1
1009665;101833;Porque não entendiam o idioma.;0
1009666;101833;Porque nunca haviam ouvido a Lei.;0
1009667;101833;Porque eram todos samaritanos.;0
1009668;101834;Tentariam matar quem dizia a verdade.;0
1009669;101834;Recusariam ouvir qualquer profeta.;0
1009670;101834;Fariam as obras de Abraão.;1
1009671;101834;Buscariam somente glória humana.;0
1009672;101835;Porque não eram descendentes de Abraão.;0
1009673;101835;Porque, se Deus fosse o Pai deles, amariam Jesus.;1
1009674;101835;Porque viviam fora de Jerusalém.;0
1009675;101835;Porque não conheciam João Batista.;0
1009676;101836;Abraão.;0
1009677;101836;Moisés.;0
1009678;101836;César.;0
1009679;101836;O diabo.;1
1009680;101837;Não há verdade nele, e ele é mentiroso e pai da mentira.;1
1009681;101837;Ele conhece a verdade, mas nunca fala.;0
1009682;101837;Ele é apenas um acusador humano.;0
1009683;101837;Ele ensina a Lei de maneira incompleta.;0
1009684;101838;Perguntou quem o faria rei.;0
1009685;101838;Perguntou quem conhecia sua mãe.;0
1009686;101838;Perguntou quem o convenceria de pecado.;1
1009687;101838;Perguntou quem o tinha batizado.;0
1009688;101839;Porque eram surdos fisicamente.;0
1009689;101839;Porque não eram de Deus.;1
1009690;101839;Porque a multidão fazia barulho.;0
1009691;101839;Porque Jesus falava em parábolas.;0
1009692;101840;Disseram que era romano e publicano.;0
1009693;101840;Disseram que era saduceu e cobrador de impostos.;0
1009694;101840;Disseram que era sacerdote e escriba.;0
1009695;101840;Disseram que era samaritano e tinha demônio.;1
1009696;101841;Jamais verá a morte.;1
1009697;101841;Nunca sofrerá perseguição.;0
1009698;101841;Receberá um reino terreno.;0
1009699;101841;Será feito sacerdote.;0
1009700;101842;Recusou-se a ouvi-lo.;0
1009701;101842;Previu que Jesus seria rei de Roma.;0
1009702;101842;Alegrou-se por vê-lo, viu-o e ficou contente.;1
1009703;101842;Foi batizado por João.;0
1009704;101843;“Eu sou o pão da vida.”;0
1009705;101843;“Antes que Abraão existisse, Eu Sou.”;1
1009706;101843;“Eu sou a porta.”;0
1009707;101843;“Eu sou o bom pastor.”;0
1009708;101844;Era paralítico.;0
1009709;101844;Era cego.;1
1009710;101844;Era surdo.;0
1009711;101844;Era leproso.;0
1009712;101845;Uma doença adquirida ou um acidente.;0
1009713;101845;A pobreza ou a falta de alimento.;0
1009714;101845;A ação dos romanos ou dos samaritanos.;0
1009715;101845;O pecado dele ou o pecado dos pais.;1
1009716;101846;Para que as obras de Deus se manifestassem nele.;1
1009717;101846;Porque seus pais tinham pecado.;0
1009718;101846;Porque ele havia pecado antes de nascer.;0
1009719;101846;Para que fosse castigado pelos fariseus.;0
1009720;101847;As obras dos fariseus.;0
1009721;101847;As obras dos sacerdotes.;0
1009722;101847;As obras daquele que o enviou.;1
1009723;101847;As obras de Moisés somente.;0
1009724;101848;Como o pão da vida.;0
1009725;101848;Como a luz do mundo.;1
1009726;101848;Como a porta das ovelhas.;0
1009727;101848;Como a videira verdadeira.;0
1009728;101849;Com água e óleo.;0
1009729;101849;Com vinho e pó.;0
1009730;101849;Com água do Jordão e barro.;0
1009731;101849;Com saliva e terra.;1
1009732;101850;Siloé.;1
1009733;101850;Betesda.;0
1009734;101850;Enom.;0
1009735;101850;Cedrom.;0
1009736;101851;Curado.;0
1009737;101851;Purificado.;0
1009738;101851;Enviado.;1
1009739;101851;Prometido.;0
1009740;101852;Se Jesus havia nascido em Jerusalém.;0
1009741;101852;Se aquele era o mesmo homem que se sentava para pedir esmolas.;1
1009742;101852;Se o tanque possuía poder próprio.;0
1009743;101852;Se os discípulos haviam levado outro homem.;0
1009744;101853;João o batizou no Jordão.;0
1009745;101853;Os fariseus oraram por ele no templo.;0
1009746;101853;Ele entrou primeiro no tanque de Betesda.;0
1009747;101853;Jesus fez lama, colocou em seus olhos e mandou-o lavar-se em Siloé.;1
1009748;101854;Aos fariseus.;1
1009749;101854;A Pilatos.;0
1009750;101854;Aos samaritanos.;0
1009751;101854;A João Batista.;0
1009752;101855;No primeiro dia da semana.;0
1009753;101855;Na Páscoa.;0
1009754;101855;No sábado.;1
1009755;101855;Na Festa da Dedicação.;0
1009756;101856;Porque não conhecia Moisés.;0
1009757;101856;Porque não guardava o sábado.;1
1009758;101856;Porque era samaritano.;0
1009759;101856;Porque recusava realizar sinais.;0
1009760;101857;Os romanos o haviam aprovado.;0
1009761;101857;Ele pertencia à família sacerdotal.;0
1009762;101857;João Batista havia voltado à vida.;0
1009763;101857;Um pecador não poderia fazer sinais como aqueles.;1
1009764;101858;Como profeta.;1
1009765;101858;Como sacerdote.;0
1009766;101858;Como governador.;0
1009767;101858;Como escriba.;0
1009768;101859;Porque queriam que eles pagassem uma multa.;0
1009769;101859;Porque desejavam prendê-los.;0
1009770;101859;Porque não acreditavam que ele tinha sido cego e agora via.;1
1009771;101859;Porque os pais eram discípulos de Jesus.;0
1009772;101860;Que havia perdido a visão recentemente.;0
1009773;101860;Que era filho deles e havia nascido cego.;1
1009774;101860;Que não conheciam aquele homem.;0
1009775;101860;Que ele nunca tinha sido cego.;0
1009776;101861;Porque não sabiam falar.;0
1009777;101861;Porque estavam fora da cidade.;0
1009778;101861;Porque apoiavam os fariseus.;0
1009779;101861;Porque temiam ser expulsos da sinagoga.;1
1009780;101862;Seria expulso da sinagoga.;1
1009781;101862;Seria preso pelos romanos.;0
1009782;101862;Perderia todos os bens.;0
1009783;101862;Seria levado ao deserto.;0
1009784;101863;Que voltasse ao tanque.;0
1009785;101863;Que negasse ter sido curado.;0
1009786;101863;Que desse glória a Deus.;1
1009787;101863;Que acusasse os próprios pais.;0
1009788;101864;Era paralítico e agora andava.;0
1009789;101864;Era cego e agora via.;1
1009790;101864;Era surdo e agora ouvia.;0
1009791;101864;Era leproso e estava limpo.;0
1009792;101865;Disse que nunca havia visto Jesus.;0
1009793;101865;Pediu que chamassem seus pais novamente.;0
1009794;101865;Negou ter ido ao tanque.;0
1009795;101865;Perguntou se eles também queriam tornar-se discípulos de Jesus.;1
1009796;101866;De Moisés.;1
1009797;101866;De Jesus.;0
1009798;101866;De João Batista.;0
1009799;101866;De Nicodemos.;0
1009800;101867;Quem era sua mãe.;0
1009801;101867;Quantos discípulos possuía.;0
1009802;101867;De onde ele era.;1
1009803;101867;Onde havia estudado.;0
1009804;101868;Deus atende somente sacerdotes.;0
1009805;101868;Deus não atende pecadores, mas atende quem o teme e faz sua vontade.;1
1009806;101868;Deus atende apenas em Jerusalém.;0
1009807;101868;Deus atende todos sem considerar sua atitude.;0
1009808;101869;Ele deveria ser feito rei imediatamente.;0
1009809;101869;Ele era apenas um discípulo de João.;0
1009810;101869;Ele possuía poder do tanque de Siloé.;0
1009811;101869;Se ele não fosse de Deus, nada poderia fazer.;1
1009812;101870;Expulsaram-no.;1
1009813;101870;Prenderam-no.;0
1009814;101870;Levaram-no a Pilatos.;0
1009815;101870;Fizeram-no sacerdote.;0
1009816;101871;Se desejava voltar a ser curado.;0
1009817;101871;Se conhecia os fariseus.;0
1009818;101871;Se ele cria no Filho do Homem.;1
1009819;101871;Se queria ir à Galileia.;0
1009820;101872;Voltou aos fariseus.;0
1009821;101872;Creu e adorou Jesus.;1
1009822;101872;Saiu correndo do templo.;0
1009823;101872;Pediu outro sinal.;0
1009824;101873;Eles estavam sem pecado.;0
1009825;101873;Eles haviam sido curados.;0
1009826;101873;Eles receberiam a visão de um profeta.;0
1009827;101873;O pecado deles permanecia.;1
1009828;101874;Pela porta principal.;0
1009829;101874;Por outra parte, e não pela porta.;1
1009830;101874;Pelo caminho indicado pelo porteiro.;0
1009831;101874;Junto com o pastor.;0
1009832;101875;O ladrão.;0
1009833;101875;O mercenário.;0
1009834;101875;O lobo.;0
1009835;101875;O pastor das ovelhas.;1
1009836;101876;Ouvem sua voz, e ele as chama pelo nome.;1
1009837;101876;Fogem imediatamente.;0
1009838;101876;Não reconhecem sua voz.;0
1009839;101876;Atacam o porteiro.;0
1009840;101877;Porque temem o lobo.;0
1009841;101877;Porque o mercenário as obriga.;0
1009842;101877;Porque reconhecem a sua voz.;1
1009843;101877;Porque recebem alimento dos estranhos.;0
1009844;101878;Seguem-no sem hesitar.;0
1009845;101878;Fogem dele, porque não reconhecem a voz de estranhos.;1
1009846;101878;Permanecem imóveis.;0
1009847;101878;Entregam-se ao lobo.;0
1009848;101879;Como o porteiro.;0
1009849;101879;Como o mercenário.;0
1009850;101879;Como o aprisco.;0
1009851;101879;Como a porta das ovelhas.;1
1009852;101880;Não foram ouvidos pelas ovelhas.;1
1009853;101880;Foram reconhecidos como pastores.;0
1009854;101880;Deram a vida pelas ovelhas.;0
1009855;101880;Abriram a porta do aprisco.;0
1009856;101881;Nunca sairá do aprisco.;0
1009857;101881;Será feito pastor de todas as nações.;0
1009858;101881;Será salvo, entrará, sairá e achará pastagem.;1
1009859;101881;Receberá riquezas do templo.;0
1009860;101882;Salvar e conduzir.;0
1009861;101882;Roubar, matar e destruir.;1
1009862;101882;Dar a vida pelas ovelhas.;0
1009863;101882;Abrir a porta e proteger.;0
1009864;101883;Para que todos se tornem reis.;0
1009865;101883;Para reconstruir o templo.;0
1009866;101883;Para abolir toda atividade pastoral.;0
1009867;101883;Para que tenham vida e a tenham em abundância.;1
1009868;101884;Como o bom pastor.;1
1009869;101884;Como o porteiro.;0
1009870;101884;Como o dono do aprisco.;0
1009871;101884;Como uma das ovelhas.;0
1009872;101885;Foge ao ver o lobo.;0
1009873;101885;Entrega-as ao mercenário.;0
1009874;101885;Dá a vida por elas.;1
1009875;101885;Vende-as ao ladrão.;0
1009876;101886;Porque não consegue abrir a porta.;0
1009877;101886;Porque não é pastor, não é dono delas e não se importa com elas.;1
1009878;101886;Porque as ovelhas não ouvem sua voz.;0
1009879;101886;Porque o pastor lhe ordena fugir.;0
1009880;101887;Somente ele conhece as ovelhas.;0
1009881;101887;Somente as ovelhas conhecem o pastor.;0
1009882;101887;Nenhuma delas conhece a outra.;0
1009883;101887;Ele conhece as suas ovelhas, e elas o conhecem.;1
1009884;101888;Ao conhecimento entre o Pai e o Filho.;1
1009885;101888;Ao relacionamento entre Moisés e Israel.;0
1009886;101888;Ao conhecimento entre o sacerdote e o templo.;0
1009887;101888;À relação entre o lobo e o mercenário.;0
1009888;101889;Elas permaneceriam para sempre separadas.;0
1009889;101889;Elas seriam entregues ao mercenário.;0
1009890;101889;Ele precisava conduzi-las, e haveria um rebanho e um pastor.;1
1009891;101889;Elas não reconheceriam sua voz.;0
1009892;101890;Porque ele evita todos os perigos.;0
1009893;101890;Porque ele dá a vida para recebê-la novamente.;1
1009894;101890;Porque ele se tornou rei de Israel.;0
1009895;101890;Porque ele não possui outras ovelhas.;0
1009896;101891;Os discípulos.;0
1009897;101891;O Pai contra sua vontade.;0
1009898;101891;O mercenário.;0
1009899;101891;"Ninguém; ele a dava espontaneamente.";1
1009900;101892;Autoridade para dá-la e para retomá-la.;1
1009901;101892;Autoridade apenas para conservá-la.;0
1009902;101892;Autoridade para entregá-la aos discípulos.;0
1009903;101892;Autoridade somente para falar sobre ela.;0
1009904;101893;Todos creram imediatamente.;0
1009905;101893;Todos abandonaram o templo.;0
1009906;101893;Houve novamente divisão entre eles.;1
1009907;101893;Ninguém reagiu.;0
1009908;101894;Diziam que ele era o Cristo.;0
1009909;101894;Diziam que ele tinha demônio e estava louco.;1
1009910;101894;Diziam que ele era Elias.;0
1009911;101894;Diziam que ele era um sacerdote.;0
1009912;101895;Um demônio não poderia falar em parábolas.;0
1009913;101895;Um demônio não entraria no templo.;0
1009914;101895;Um demônio não conheceria Moisés.;0
1009915;101895;Um demônio não poderia abrir os olhos dos cegos.;1
1009916;101896;A Festa da Dedicação.;1
1009917;101896;A Páscoa.;0
1009918;101896;A Festa dos Tabernáculos.;0
1009919;101896;A Festa das Semanas.;0
1009920;101897;O verão.;0
1009921;101897;A primavera.;0
1009922;101897;O inverno.;1
1009923;101897;O outono.;0
1009924;101898;No Pátio dos Gentios.;0
1009925;101898;No Pórtico de Salomão.;1
1009926;101898;Junto ao altar de incenso.;0
1009927;101898;Na entrada do Santo dos Santos.;0
1009928;101899;Porque nunca haviam visto sinais.;0
1009929;101899;Porque não conheciam a Lei.;0
1009930;101899;Porque viviam fora de Jerusalém.;0
1009931;101899;Porque não eram das suas ovelhas.;1
1009932;101900;Jamais perecerão, e ninguém as arrancará de sua mão.;1
1009933;101900;Nunca enfrentarão qualquer dificuldade.;0
1009934;101900;Serão feitas governantes das nações.;0
1009935;101900;Jamais sofrerão morte física.;0
1009936;101901;“Eu sou menor que o Pai em tudo.”;0
1009937;101901;“O Pai e eu nunca trabalhamos juntos.”;0
1009938;101901;“Eu e o Pai somos um.”;1
1009939;101901;“Somente Moisés conhece o Pai.”;0
1009940;101902;A cura de um homem no sábado apenas.;0
1009941;101902;Alguma das muitas boas obras vindas do Pai.;1
1009942;101902;A multiplicação dos pães.;0
1009943;101902;A expulsão dos vendedores do templo.;0
1009944;101903;Porque havia roubado o templo.;0
1009945;101903;Porque se recusava a falar do Pai.;0
1009946;101903;Porque era samaritano.;0
1009947;101903;Por blasfêmia, porque sendo homem se fazia Deus.;1
1009948;101904;Que cressem nas obras.;1
1009949;101904;Que consultassem apenas os fariseus.;0
1009950;101904;Que aguardassem outro profeta.;0
1009951;101904;Que fossem até João Batista.;0
1009952;101905;Para Nazaré.;0
1009953;101905;Para o Egito.;0
1009954;101905;Para o outro lado do Jordão, onde João batizava no princípio.;1
1009955;101905;Para o monte das Oliveiras.;0
1009956;101906;Betsaida.;0
1009957;101906;Betânia.;1
1009958;101906;Caná.;0
1009959;101906;Naim.;0
1009960;101907;Marta.;0
1009961;101907;Salomé.;0
1009962;101907;Joana.;0
1009963;101907;Maria.;1
1009964;101908;Como aquele a quem Jesus amava.;1
1009965;101908;Como o principal da sinagoga.;0
1009966;101908;Como um discípulo desconhecido.;0
1009967;101908;Como o servo do sumo sacerdote.;0
1009968;101909;Terminaria sem qualquer sinal.;0
1009969;101909;Levaria Jesus a abandonar a Judeia.;0
1009970;101909;Serviria para a glória de Deus e para a glorificação do Filho.;1
1009971;101909;Faria Lázaro tornar-se sacerdote.;0
1009972;101910;Um dia.;0
1009973;101910;Dois dias.;1
1009974;101910;Quatro dias.;0
1009975;101910;Sete dias.;0
1009976;101911;Para a Galileia.;0
1009977;101911;Para Samaria.;0
1009978;101911;Para o Egito.;0
1009979;101911;Para a Judeia.;1
1009980;101912;Os judeus haviam tentado apedrejá-lo.;1
1009981;101912;Os romanos haviam fechado as estradas.;0
1009982;101912;Herodes havia prendido os discípulos.;0
1009983;101912;O templo havia sido destruído.;0
1009984;101913;Às quatro vigílias da noite.;0
1009985;101913;Aos sete dias da semana.;0
1009986;101913;Às doze horas do dia.;1
1009987;101913;Aos quarenta dias do deserto.;0
1009988;101914;Disse que Lázaro havia viajado.;0
1009989;101914;Disse que Lázaro havia adormecido.;1
1009990;101914;Disse que Lázaro estava escondido.;0
1009991;101914;Disse que Lázaro havia sido preso.;0
1009992;101915;Entenderam imediatamente que ele estava morto.;0
1009993;101915;Pensaram que ele havia fugido.;0
1009994;101915;Concluíram que ele estava orando.;0
1009995;101915;Pensaram que o sono o ajudaria a recuperar-se.;1
1009996;101916;Lázaro estava morto.;1
1009997;101916;Lázaro estava curado.;0
1009998;101916;Lázaro havia partido para Jerusalém.;0
1009999;101916;Lázaro tinha ido encontrar João.;0
1010000;101917;Para evitar os judeus.;0
1010001;101917;Para permanecer mais tempo na Galileia.;0
1010002;101917;Para que os discípulos cressem.;1
1010003;101917;Para que Marta fosse buscá-lo.;0
1010004;101918;Cefas.;0
1010005;101918;Dídimo.;1
1010006;101918;Boanerges.;0
1010007;101918;Iscariotes.;0
1010008;101919;Ficar escondido na Galileia.;0
1010009;101919;Voltar sozinho para Cafarnaum.;0
1010010;101919;Pedir proteção aos fariseus.;0
1010011;101919;Ir com Jesus para morrer com ele.;1
1010012;101920;Quatro dias.;1
1010013;101920;Dois dias.;0
1010014;101920;Três dias.;0
1010015;101920;Sete dias.;0
1010016;101921;Cinco estádios.;0
1010017;101921;Trinta estádios.;0
1010018;101921;Quinze estádios.;1
1010019;101921;Cem estádios.;0
1010020;101922;Para celebrar uma festa.;0
1010021;101922;Para consolá-las pela morte do irmão.;1
1010022;101922;Para pedir uma cura a Jesus.;0
1010023;101922;Para levá-las a Jerusalém.;0
1010024;101923;Maria.;0
1010025;101923;Salomé.;0
1010026;101923;Joana.;0
1010027;101923;Marta.;1
1010028;101924;Seu irmão não teria morrido.;1
1010029;101924;Os judeus não teriam chegado.;0
1010030;101924;Maria não teria ficado em casa.;0
1010031;101924;Betânia não teria sido visitada.;0
1010032;101925;Naquele mesmo instante, antes de Jesus falar.;0
1010033;101925;Depois de sete anos.;0
1010034;101925;Na ressurreição, no último dia.;1
1010035;101925;Na próxima Páscoa.;0
1010036;101926;Como a luz do templo.;0
1010037;101926;Como a ressurreição e a vida.;1
1010038;101926;Como o profeta da Galileia.;0
1010039;101926;Como o rei terreno de Israel.;0
1010040;101927;Nunca sofrerá morte física.;0
1010041;101927;Será governante em Jerusalém.;0
1010042;101927;Não enfrentará tristeza.;0
1010043;101927;Não morrerá eternamente.;1
1010044;101928;Que ele é o Cristo, o Filho de Deus que devia vir ao mundo.;1
1010045;101928;Que ele é Elias que voltou.;0
1010046;101928;Que ele é apenas um profeta poderoso.;0
1010047;101928;Que ele é o novo sumo sacerdote.;0
1010048;101929;Falou em voz alta diante de todos.;0
1010049;101929;Enviou um servo até Jerusalém.;0
1010050;101929;Disse em particular que o Mestre havia chegado e a chamava.;1
1010051;101929;Pediu aos judeus que a levassem.;0
1010052;101930;Ficou à distância.;0
1010053;101930;Caiu aos pés dele.;1
1010054;101930;Começou a discutir com Marta.;0
1010055;101930;Voltou imediatamente para casa.;0
1010056;101931;Repreendeu todos por chorarem.;0
1010057;101931;Saiu de Betânia sem falar.;0
1010058;101931;Mandou os discípulos dispersarem a multidão.;0
1010059;101931;Agitou-se no espírito e ficou muito comovido.;1
1010060;101932;Jesus chorou.;1
1010061;101932;Jesus sorriu.;0
1010062;101932;Jesus permaneceu indiferente.;0
1010063;101932;Jesus cantou um salmo.;0
1010064;101933;Disseram que ele temia os fariseus.;0
1010065;101933;Disseram que ele desconhecia a família.;0
1010066;101933;Disseram que ele amava muito Lázaro.;1
1010067;101933;Disseram que ele não podia realizar sinais.;0
1010068;101934;Um sepulcro aberto no templo.;0
1010069;101934;Uma gruta com uma pedra colocada na entrada.;1
1010070;101934;Uma cova no meio da cidade.;0
1010071;101934;Uma torre fechada por madeira.;0
1010072;101935;O túmulo pertencia a outra família.;0
1010073;101935;Os judeus não permitiriam abrir a gruta.;0
1010074;101935;A pedra era pequena demais.;0
1010075;101935;Já haveria mau cheiro, pois Lázaro estava morto havia quatro dias.;1
1010076;101936;A glória de Deus.;1
1010077;101936;O exército dos anjos.;0
1010078;101936;O templo reconstruído.;0
1010079;101936;A volta de João Batista.;0
1010080;101937;Porque os discípulos haviam retirado a pedra.;0
1010081;101937;Porque Marta havia preparado uma refeição.;0
1010082;101937;Porque o Pai sempre o ouvia, e ele queria que o povo cresse que o Pai o enviara.;1
1010083;101937;Porque os judeus decidiram crer nele.;0
1010084;101938;“Retirem todas as faixas!”;0
1010085;101938;“Lázaro, venha para fora!”;1
1010086;101938;“Abram o túmulo agora!”;0
1010087;101938;“Marta, entre na gruta!”;0
1010088;101939;Vestido com roupas novas.;0
1010089;101939;Carregando a pedra da entrada.;0
1010090;101939;Acompanhado pelos discípulos.;0
1010091;101939;Com mãos e pés atados por faixas e o rosto envolto num pano.;1
1010092;101940;Que o desatassem e o deixassem ir.;1
1010093;101940;Que o levassem ao templo.;0
1010094;101940;Que o escondessem dos judeus.;0
1010095;101940;Que o batizassem no Jordão.;0
1010096;101941;Voltaram para Jerusalém sem reagir.;0
1010097;101941;Tentaram apedrejá-lo.;0
1010098;101941;Creram nele.;1
1010099;101941;Prenderam Lázaro.;0
1010100;101942;Que Jesus deixasse de realizar sinais.;0
1010101;101942;Que todos cressem em Jesus e os romanos tomassem o lugar e a nação.;1
1010102;101942;Que Lázaro se tornasse sumo sacerdote.;0
1010103;101942;Que a multidão fosse para a Galileia.;0
1010104;101943;Que deveriam coroar Jesus como rei.;0
1010105;101943;Que Lázaro deveria substituir Jesus.;0
1010106;101943;Que o conselho deveria abandonar Jerusalém.;0
1010107;101943;Que convinha morrer um homem pelo povo, profetizando que Jesus morreria pela nação e reuniria os filhos de Deus.;1
1010108;101944;Efraim.;1
1010109;101944;Nazaré.;0
1010110;101944;Caná.;0
1010111;101944;Sicar.;0
1010112;101945;Três dias.;0
1010113;101945;Seis dias.;1
1010114;101945;Quatro dias.;0
1010115;101945;Sete dias.;0
1010116;101946;Nicodemos.;0
1010117;101946;José de Arimateia.;0
1010118;101946;Caifás.;0
1010119;101946;Lázaro.;1
1010120;101947;Servia.;1
1010121;101947;Ungia Jesus.;0
1010122;101947;Falava à multidão.;0
1010123;101947;Guardava a porta.;0
1010124;101948;Um frasco de azeite comum.;0
1010125;101948;Duas libras de mirra.;0
1010126;101948;Uma libra de nardo puro e muito precioso.;1
1010127;101948;Trezentos denários de incenso.;0
1010128;101949;Com uma toalha.;0
1010129;101949;Com os seus cabelos.;1
1010130;101949;Com o seu manto.;0
1010131;101949;Com faixas de linho.;0
1010132;101950;Simão Pedro.;0
1010133;101950;Tomé.;0
1010134;101950;Filipe.;0
1010135;101950;Judas Iscariotes.;1
1010136;101951;Trezentos denários.;1
1010137;101951;Duzentos denários.;0
1010138;101951;Cem denários.;0
1010139;101951;Trinta moedas de prata.;0
1010140;101952;Porque era responsável por todos os pobres de Betânia.;0
1010141;101952;Porque havia vendido seus bens.;0
1010142;101952;Porque era ladrão e tirava o que era colocado na bolsa.;1
1010143;101952;Porque Jesus lhe dera essa ordem.;0
1010144;101953;Para a coroação de Jesus.;0
1010145;101953;Para o dia de seu sepultamento.;1
1010146;101953;Para a próxima Páscoa.;0
1010147;101953;Para a cura de Lázaro.;0
1010148;101954;Nem os pobres nem Jesus permaneceriam.;0
1010149;101954;Somente Jesus permaneceria para sempre fisicamente.;0
1010150;101954;Os pobres deixariam de existir depois da Páscoa.;0
1010151;101954;Os pobres estariam sempre com eles, mas Jesus nem sempre estaria.;1
1010152;101955;Lázaro, a quem Jesus ressuscitara.;1
1010153;101955;O homem curado em Betesda.;0
1010154;101955;Nicodemos.;0
1010155;101955;João Batista.;0
1010156;101956;Porque Lázaro havia entrado no templo.;0
1010157;101956;Porque ele se declarava rei.;0
1010158;101956;Porque muitos judeus, por causa dele, criam em Jesus.;1
1010159;101956;Porque havia escondido Jesus.;0
1010160;101957;Ramos de oliveira.;0
1010161;101957;Ramos de palmeiras.;1
1010162;101957;Ramos de figueira.;0
1010163;101957;Flores do campo.;0
1010164;101958;Sumo sacerdote.;0
1010165;101958;Governador da Judeia.;0
1010166;101958;Chefe dos fariseus.;0
1010167;101958;Rei de Israel.;1
1010168;101959;Um jumentinho.;1
1010169;101959;Um cavalo branco.;0
1010170;101959;Um camelo.;0
1010171;101959;Uma mula de guerra.;0
1010172;101960;Antes de ele entrar em Jerusalém.;0
1010173;101960;Quando João Batista o batizou.;0
1010174;101960;Depois que Jesus foi glorificado.;1
1010175;101960;Durante a multiplicação dos pães.;0
1010176;101961;Que Jesus havia reconstruído o templo.;0
1010177;101961;Que Jesus chamara Lázaro do túmulo e o ressuscitara.;1
1010178;101961;Que Jesus fora coroado em Betânia.;0
1010179;101961;Que Lázaro havia curado enfermos.;0
1010180;101962;Disseram que somente os galileus o seguiam.;0
1010181;101962;Disseram que ninguém cria nele.;0
1010182;101962;Disseram que a cidade estava vazia.;0
1010183;101962;Disseram que o mundo inteiro ia atrás dele.;1
1010184;101963;Filipe, de Betsaida da Galileia.;1
1010185;101963;Pedro, de Cafarnaum.;0
1010186;101963;Tomé, chamado Dídimo.;0
1010187;101963;Judas Iscariotes.;0
1010188;101964;A Pedro.;0
1010189;101964;A Natanael.;0
1010190;101964;A André.;1
1010191;101964;A Judas.;0
1010192;101965;A hora de assumir um reino terreno.;0
1010193;101965;A hora de o Filho do Homem ser glorificado.;1
1010194;101965;A hora de voltar para a Galileia.;0
1010195;101965;A hora de reconstruir o templo.;0
1010196;101966;Ser guardado num celeiro.;0
1010197;101966;Ser levado ao templo.;0
1010198;101966;Permanecer seco e intacto.;0
1010199;101966;Cair na terra e morrer.;1
1010200;101967;Irá preservá-la para a vida eterna.;1
1010201;101967;Perderá toda esperança.;0
1010202;101967;Será rejeitado pelo Pai.;0
1010203;101967;Nunca poderá servir a Jesus.;0
1010204;101968;Somente no templo.;0
1010205;101968;Sempre em Betânia.;0
1010206;101968;Onde Jesus estiver.;1
1010207;101968;Junto aos fariseus.;0
1010208;101969;Que o livrasse de Jerusalém.;0
1010209;101969;Que glorificasse o seu nome.;1
1010210;101969;Que destruísse os opositores.;0
1010211;101969;Que enviasse Lázaro à multidão.;0
1010212;101970;Todos entenderam claramente cada palavra.;0
1010213;101970;Disseram que era a voz de Moisés.;0
1010214;101970;Pensaram que os romanos haviam chegado.;0
1010215;101970;Uns disseram que trovejou, e outros que um anjo falou.;1
1010216;101971;Para a multidão, e não por causa dele.;1
1010217;101971;Somente para Jesus.;0
1010218;101971;Somente para os discípulos.;0
1010219;101971;Para os fariseus no conselho.;0
1010220;101972;Seria coroado.;0
1010221;101972;Receberia o templo.;0
1010222;101972;Seria expulso.;1
1010223;101972;Governaria Israel.;0
1010224;101973;Destruiria Jerusalém.;0
1010225;101973;Atrairia todos a si.;1
1010226;101973;Chamaria somente os judeus.;0
1010227;101973;Se esconderia da multidão.;0
1010228;101974;Porque não conhecia a expressão Filho do Homem.;0
1010229;101974;Porque acreditava que Jesus iria à Galileia.;0
1010230;101974;Porque os sacerdotes proibiam falar da morte.;0
1010231;101974;Porque tinha ouvido na Lei que o Cristo permanece para sempre.;1
1010232;101975;Que cressem na luz para se tornarem filhos da luz.;1
1010233;101975;Que esperassem a luz se apagar.;0
1010234;101975;Que procurassem a luz no templo.;0
1010235;101975;Que escondessem a luz dos gentios.;0
1010236;101976;Todos se tornaram discípulos.;0
1010237;101976;Elegeram-no rei.;0
1010238;101976;Não creram nele.;1
1010239;101976;Abandonaram Jerusalém.;0
1010240;101977;Porque desconheciam seus sinais.;0
1010241;101977;Porque temiam ser expulsos da sinagoga e amavam mais a glória humana.;1
1010242;101977;Porque estavam fora de Jerusalém.;0
1010243;101977;Porque Jesus lhes proibiu falar.;0
1010244;101978;Condenar imediatamente todas as pessoas.;0
1010245;101978;Assumir o governo romano.;0
1010246;101978;Substituir os sacerdotes no templo.;0
1010247;101978;Salvar o mundo, e não julgá-lo naquele momento.;1
1010248;101979;Que os discípulos o abandonariam naquele instante.;0
1010249;101979;Que havia chegado a hora de passar deste mundo para o Pai.;1
1010250;101979;Que Lázaro seria preso.;0
1010251;101979;Que a festa seria cancelada.;0
1010252;101980;Amou-os somente durante a festa.;0
1010253;101980;Amou-os enquanto permaneciam na Galileia.;0
1010254;101980;Amou-os apenas quando criam sem dúvidas.;0
1010255;101980;Amou-os até o fim.;1
1010256;101981;Judas Iscariotes, filho de Simão.;1
1010257;101981;Simão Pedro.;0
1010258;101981;Tomé, chamado Dídimo.;0
1010259;101981;Filipe de Betsaida.;0
1010260;101982;Somente os doze discípulos.;0
1010261;101982;A bolsa de dinheiro.;0
1010262;101982;Todas as coisas.;1
1010263;101982;O governo de Jerusalém.;0
1010264;101983;Vestiu um manto sacerdotal.;0
1010265;101983;Tirou a roupa de cima e amarrou uma toalha na cintura.;1
1010266;101983;Entregou-a a Pedro.;0
1010267;101983;Rasgou-a em duas partes.;0
1010268;101984;Numa talha de pedra.;0
1010269;101984;Num cântaro.;0
1010270;101984;Num copo de prata.;0
1010271;101984;Numa bacia.;1
1010272;101985;Perguntou se o Senhor lavaria os pés dele.;1
1010273;101985;Ofereceu-se para lavar os pés de Jesus.;0
1010274;101985;Saiu imediatamente da sala.;0
1010275;101985;Chamou os outros discípulos.;0
1010276;101986;Antes da ceia terminar.;0
1010277;101986;Somente depois de voltar à Galileia.;0
1010278;101986;Mais tarde.;1
1010279;101986;Nunca compreenderia.;0
1010280;101987;Lugar à mesa.;0
1010281;101987;Parte com Jesus.;1
1010282;101987;Autoridade sobre os doze.;0
1010283;101987;Permissão para voltar à Galileia.;0
1010284;101988;Os braços e o rosto.;0
1010285;101988;Os joelhos e os ombros.;0
1010286;101988;Os olhos e os ouvidos.;0
1010287;101988;As mãos e a cabeça.;1
1010288;101989;Lavar apenas os pés.;1
1010289;101989;Banhar-se novamente por inteiro.;0
1010290;101989;Trocar todas as roupas.;0
1010291;101989;Ser batizado no Jordão.;0
1010292;101990;Porque alguns não haviam tomado banho.;0
1010293;101990;Porque os discípulos tinham caminhado pela cidade.;0
1010294;101990;Porque sabia quem iria traí-lo.;1
1010295;101990;Porque Pedro se recusara a lavar as mãos.;0
1010296;101991;Profeta e sacerdote.;0
1010297;101991;Mestre e Senhor.;1
1010298;101991;Rei e governador.;0
1010299;101991;Escriba e fariseu.;0
1010300;101992;Que escolhessem um servo permanente.;0
1010301;101992;Que evitassem servir pessoas inferiores.;0
1010302;101992;Que somente Pedro lavasse os demais.;0
1010303;101992;Que eles também lavassem os pés uns dos outros.;1
1010304;101993;O servo não é maior que o senhor.;1
1010305;101993;O servo é sempre maior que o senhor.;0
1010306;101993;O servo e o senhor não possuem relação.;0
1010307;101993;O servo deve substituir o senhor.;0
1010308;101994;Se apenas as memorizassem.;0
1010309;101994;Se as ensinassem sem praticá-las.;0
1010310;101994;Se soubessem essas coisas e as praticassem.;1
1010311;101994;Se nunca servissem uns aos outros.;0
1010312;101995;Aquele que o seguia construiria um reino.;0
1010313;101995;Aquele que comia do seu pão levantou contra ele o calcanhar.;1
1010314;101995;Aquele que o servia receberia uma coroa.;0
1010315;101995;Aquele que o negava seria sacerdote.;0
1010316;101996;Para que Judas desistisse obrigatoriamente.;0
1010317;101996;Para que os discípulos prendessem o traidor.;0
1010318;101996;Para que a ceia fosse encerrada.;0
1010319;101996;Para que, quando acontecesse, cressem que ele é quem afirma ser.;1
1010320;101997;A Jesus e aquele que o enviou.;1
1010321;101997;Somente aos discípulos.;0
1010322;101997;A Moisés e a Lei.;0
1010323;101997;Aos fariseus e sacerdotes.;0
1010324;101998;Dois deles.;0
1010325;101998;Três deles.;0
1010326;101998;Um deles.;1
1010327;101998;Todos eles.;0
1010328;101999;Junto à porta.;0
1010329;101999;Reclinado junto a Jesus.;1
1010330;101999;Em outra sala.;0
1010331;101999;Ao lado de Judas, longe de Jesus.;0
1010332;102000;André.;0
1010333;102000;Filipe.;0
1010334;102000;Tomé.;0
1010335;102000;Simão Pedro.;1
1010336;102001;Daria o pedaço de pão molhado àquele que o trairia.;1
1010337;102001;Lavaria os pés do traidor por último.;0
1010338;102001;Entregaria a bolsa a Pedro.;0
1010339;102001;Chamaria o traidor pelo novo nome.;0
1010340;102002;A Simão Pedro.;0
1010341;102002;A Tomé.;0
1010342;102002;A Judas, filho de Simão Iscariotes.;1
1010343;102002;A Filipe.;0
1010344;102003;Ele confessou publicamente a traição.;0
1010345;102003;Satanás entrou nele.;1
1010346;102003;Ele caiu adormecido.;0
1010347;102003;Ele devolveu imediatamente a bolsa.;0
1010348;102004;Que permanecesse até o fim da ceia.;0
1010349;102004;Que lavasse os pés dos discípulos.;0
1010350;102004;Que entregasse a bolsa a Pedro.;0
1010351;102004;Que fizesse depressa o que pretendia fazer.;1
1010352;102005;Era noite.;1
1010353;102005;Era meio-dia.;0
1010354;102005;Era o amanhecer.;0
1010355;102005;Era a hora terceira.;0
1010356;102006;Que guardassem segredo sobre todos os sinais.;0
1010357;102006;Que se separassem dos demais discípulos.;0
1010358;102006;Que amassem uns aos outros como ele os amou.;1
1010359;102006;Que nunca entrassem em Jerusalém.;0
1010360;102007;Pelas roupas que usassem.;0
1010361;102007;Pelo amor que tivessem uns pelos outros.;1
1010362;102007;Pelo número de sinais que realizassem.;0
1010363;102007;Pela origem galileia.;0
1010364;102008;Que Pedro o trairia por dinheiro.;0
1010365;102008;Que Pedro deixaria de segui-lo para sempre.;0
1010366;102008;Que Pedro seria preso antes da ceia.;0
1010367;102008;Que Pedro o negaria três vezes.;1
1010368;102009;Que deixassem Jerusalém imediatamente.;0
1010369;102009;Que cressem em Deus e também nele.;1
1010370;102009;Que procurassem os fariseus.;0
1010371;102009;Que escondessem a fé.;0
1010372;102010;Um único aposento.;0
1010373;102010;Somente um trono.;0
1010374;102010;Doze tendas.;0
1010375;102010;Muitas moradas.;1
1010376;102011;Para voltar e receber os discípulos para si mesmo.;1
1010377;102011;Para permanecer distante para sempre.;0
1010378;102011;Para enviar somente Pedro ao Pai.;0
1010379;102011;Para construir um templo terreno.;0
1010380;102012;Filipe.;0
1010381;102012;André.;0
1010382;102012;Tomé.;1
1010383;102012;Judas Iscariotes.;0
1010384;102013;Como a ressurreição, o rei e o sacerdote.;0
1010385;102013;Como o caminho, a verdade e a vida.;1
1010386;102013;Como o pão, a água e o vinho.;0
1010387;102013;Como a luz, a porta e o pastor.;0
1010388;102014;Por meio de Moisés.;0
1010389;102014;Por meio do templo.;0
1010390;102014;Por meio dos fariseus.;0
1010391;102014;Por meio de Jesus.;1
1010392;102015;O Pai.;1
1010393;102015;Todos os anjos.;0
1010394;102015;O futuro político de Israel.;0
1010395;102015;Os segredos dos romanos.;0
1010396;102016;Que lhes mostrasse o caminho para Betânia.;0
1010397;102016;Que lhes desse outro sinal no templo.;0
1010398;102016;Que lhes mostrasse o Pai.;1
1010399;102016;Que lhes revelasse o traidor.;0
1010400;102017;Quem o viu, viu apenas um profeta.;0
1010401;102017;Quem o viu, viu o Pai.;1
1010402;102017;Quem o viu ainda não conhecia nada sobre Deus.;0
1010403;102017;Quem o viu precisava procurar João.;0
1010404;102018;Os discípulos de João.;0
1010405;102018;Os anjos sem relação com o Pai.;0
1010406;102018;A multidão que o seguia.;0
1010407;102018;O Pai que permanecia nele.;1
1010408;102019;Que cressem por causa das próprias obras.;1
1010409;102019;Que consultassem os fariseus.;0
1010410;102019;Que esperassem outro Messias.;0
1010411;102019;Que lessem apenas a genealogia.;0
1010412;102020;Porque receberia mais autoridade que o Pai.;0
1010413;102020;Porque não enfrentaria oposição.;0
1010414;102020;Porque Jesus iria para o Pai.;1
1010415;102020;Porque substituiria Jesus no céu.;0
1010416;102021;Para que os discípulos recebessem glória humana.;0
1010417;102021;Para que o Pai fosse glorificado no Filho.;1
1010418;102021;Para que Jerusalém dominasse Roma.;0
1010419;102021;Para que os fariseus cressem sem escolha.;0
1010420;102022;Permanecendo sempre em silêncio.;0
1010421;102022;Evitando qualquer contato com o mundo.;0
1010422;102022;Oferecendo animais no templo.;0
1010423;102022;Guardando os seus mandamentos.;1
1010424;102023;Outro Consolador.;1
1010425;102023;Outro Messias.;0
1010426;102023;Um novo sacerdote.;0
1010427;102023;Um rei terreno.;0
1010428;102024;O espírito de Moisés.;0
1010429;102024;O anjo da aliança.;0
1010430;102024;O Espírito da verdade.;1
1010431;102024;O profeta da verdade.;0
1010432;102025;Porque ele fala somente hebraico.;0
1010433;102025;Porque não o vê nem o conhece.;1
1010434;102025;Porque o Espírito permanece no templo.;0
1010435;102025;Porque os discípulos o escondem.;0
1010436;102026;Sem alimento.;0
1010437;102026;Sem uma cidade.;0
1010438;102026;Sem líderes humanos.;0
1010439;102026;Órfãos.;1
1010440;102027;Porque Jesus vive.;1
1010441;102027;Porque Pedro os protegeria.;0
1010442;102027;Porque o templo permaneceria.;0
1010443;102027;Porque nunca enfrentariam a morte.;0
1010444;102028;Que cada um deveria viver separado.;0
1010445;102028;Que somente o Pai estaria com eles.;0
1010446;102028;Que Jesus está no Pai, eles em Jesus e Jesus neles.;1
1010447;102028;Que Jesus não tinha relação com o Pai.;0
1010448;102029;Quem apenas conhece seu nome.;0
1010449;102029;Quem tem e guarda os seus mandamentos.;1
1010450;102029;Quem vive em Jerusalém.;0
1010451;102029;Quem realiza sinais diante da multidão.;0
1010452;102030;Pedro.;0
1010453;102030;Tomé.;0
1010454;102030;Filipe.;0
1010455;102030;Judas.;1
1010456;102031;Viriam a ele e fariam nele morada.;1
1010457;102031;Levariam-no imediatamente ao céu.;0
1010458;102031;Fariam dele rei em Israel.;0
1010459;102031;O enviariam ao deserto.;0
1010460;102032;De João Batista.;0
1010461;102032;De Moisés somente.;0
1010462;102032;Do Pai que o enviou.;1
1010463;102032;Dos discípulos.;0
1010464;102033;Somente a forma de realizar sinais.;0
1010465;102033;Todas as coisas e os faria lembrar do que Jesus havia dito.;1
1010466;102033;A data do fim de Jerusalém.;0
1010467;102033;Os planos dos romanos.;0
1010468;102034;A paz oferecida pelos romanos.;0
1010469;102034;Uma paz limitada à Galileia.;0
1010470;102034;Uma paz baseada em riquezas.;0
1010471;102034;A sua paz, diferente da paz dada pelo mundo.;1
1010472;102035;Porque o Pai é maior do que Jesus.;1
1010473;102035;Porque nunca mais o veriam.;0
1010474;102035;Porque receberiam o governo de Jerusalém.;0
1010475;102035;Porque os opositores deixariam de existir.;0
1010476;102036;Autoridade total.;0
1010477;102036;Direito de julgamento.;0
1010478;102036;Nada.;1
1010479;102036;Poder sobre suas palavras.;0
1010480;102037;Como o agricultor.;0
1010481;102037;Como a videira verdadeira.;1
1010482;102037;Como um ramo.;0
1010483;102037;Como o fruto.;0
1010484;102038;Pedro.;0
1010485;102038;João Batista.;0
1010486;102038;Moisés.;0
1010487;102038;O Pai.;1
1010488;102039;Limpa-o para que produza mais fruto.;1
1010489;102039;Corta-o e lança fora.;0
1010490;102039;Deixa-o sem cuidado.;0
1010491;102039;Entrega-o ao mercenário.;0
1010492;102040;Da água do tanque de Siloé.;0
1010493;102040;Do sangue de animais.;0
1010494;102040;Da palavra que Jesus lhes tinha falado.;1
1010495;102040;Da tradição dos fariseus.;0
1010496;102041;Ser podado pelo agricultor.;0
1010497;102041;Produzir fruto por si mesmo.;1
1010498;102041;Receber luz do sol.;0
1010499;102041;Ser visto pelos outros ramos.;0
1010500;102042;Os fariseus.;0
1010501;102042;Os anjos.;0
1010502;102042;Os sacerdotes.;0
1010503;102042;Os discípulos.;1
1010504;102043;Nada.;1
1010505;102043;Obras maiores.;0
1010506;102043;Somente sinais pequenos.;0
1010507;102043;Tudo por suas próprias forças.;0
1010508;102044;Produz mais fruto.;0
1010509;102044;Torna-se agricultor.;0
1010510;102044;É lançado fora, seca e é lançado no fogo.;1
1010511;102044;Permanece ligado à videira.;0
1010512;102045;Nunca sofreriam perseguição.;0
1010513;102045;Poderiam pedir o que quisessem, e lhes seria feito.;1
1010514;102045;Seriam reis em Israel.;0
1010515;102045;Não precisariam obedecer a mandamentos.;0
1010516;102046;Quando recebem glória humana.;0
1010517;102046;Quando evitam qualquer contato com pessoas.;0
1010518;102046;Quando guardam seus frutos para si.;0
1010519;102046;Quando produzem muito fruto e se tornam discípulos de Jesus.;1
1010520;102047;Como o Pai o amou.;1
1010521;102047;Como um mercenário ama as ovelhas.;0
1010522;102047;Como os fariseus amavam a Lei.;0
1010523;102047;Como a multidão amava os sinais.;0
1010524;102048;Realizando sinais maiores.;0
1010525;102048;Mudando-se para Betânia.;0
1010526;102048;Guardando os seus mandamentos.;1
1010527;102048;Evitando todos os sofrimentos.;0
1010528;102049;Para que sentissem medo do mundo.;0
1010529;102049;Para que a alegria dele estivesse neles e fosse completa.;1
1010530;102049;Para que se separassem uns dos outros.;0
1010531;102049;Para que recebessem riquezas.;0
1010532;102050;Que lavassem os pés diariamente.;0
1010533;102050;Que permanecessem sempre em Jerusalém.;0
1010534;102050;Que não falassem com estrangeiros.;0
1010535;102050;Que amassem uns aos outros como ele os amou.;1
1010536;102051;Dar alguém a própria vida pelos seus amigos.;1
1010537;102051;Dar todos os bens ao templo.;0
1010538;102051;Realizar sinais diante da multidão.;0
1010539;102051;Jejuar durante quarenta dias.;0
1010540;102052;Se conhecessem todos os mistérios.;0
1010541;102052;Se nunca cometessem erros.;0
1010542;102052;Se fizessem o que ele ordenava.;1
1010543;102052;Se fossem descendentes de Levi.;0
1010544;102053;Porque eles eram seus parentes.;0
1010545;102053;Porque lhes deu a conhecer tudo o que ouviu do Pai.;1
1010546;102053;Porque haviam se tornado sacerdotes.;0
1010547;102053;Porque não precisavam mais obedecer.;0
1010548;102054;Os discípulos escolheram Jesus primeiro.;0
1010549;102054;João Batista escolheu todos eles.;0
1010550;102054;Os fariseus os indicaram.;0
1010551;102054;Jesus os escolheu.;1
1010552;102055;Para que fossem, dessem fruto e o fruto permanecesse.;1
1010553;102055;Para que governassem Jerusalém.;0
1010554;102055;Para que vivessem isolados.;0
1010555;102055;Para que substituíssem os sacerdotes.;0
1010556;102056;Porque pertenciam aos fariseus.;0
1010557;102056;Porque nunca haviam conhecido Jesus.;0
1010558;102056;Porque Jesus os escolheu e retirou do mundo.;1
1010559;102056;Porque eram todos da Judeia.;0
1010560;102057;O servo sempre supera o senhor.;0
1010561;102057;O servo não é maior do que o seu senhor.;1
1010562;102057;O servo deve abandonar o senhor.;0
1010563;102057;O senhor não possui relação com o servo.;0
1010564;102058;Porque conheciam plenamente o Pai.;0
1010565;102058;Porque os discípulos não realizavam sinais.;0
1010566;102058;Porque Jesus os havia enviado a Roma.;0
1010567;102058;Porque não conheciam aquele que enviou Jesus.;1
1010568;102059;Também odiava o Pai.;1
1010569;102059;Amava o Pai de outra maneira.;0
1010570;102059;Tornava-se discípulo de Moisés.;0
1010571;102059;Recebia perdão automaticamente.;0
1010572;102060;“O justo viverá pela fé.”;0
1010573;102060;“Preparai o caminho do Senhor.”;0
1010574;102060;“Odiaram-me sem motivo.”;1
1010575;102060;“O zelo da tua casa me consumirá.”;0
1010576;102061;Um novo profeta vindo da Galileia.;0
1010577;102061;O Consolador, o Espírito da verdade que procede do Pai.;1
1010578;102061;Os principais sacerdotes.;0
1010579;102061;O governador romano.;0
1010580;102062;Para que deixassem de segui-lo.;0
1010581;102062;Para que não se escandalizassem.;1
1010582;102062;Para que se escondessem dos judeus.;0
1010583;102062;Para que abandonassem Jerusalém imediatamente.;0
1010584;102063;Uma oferta de paz.;0
1010585;102063;Um sinal de arrependimento.;0
1010586;102063;Uma prova de hospitalidade.;0
1010587;102063;Um serviço.;1
1010588;102064;Porque não conheciam o Pai nem Jesus.;1
1010589;102064;Porque conheciam plenamente a verdade.;0
1010590;102064;Porque eram todos romanos.;0
1010591;102064;Porque os discípulos não realizavam sinais.;0
1010592;102065;Porque ainda não conhecia os opositores.;0
1010593;102065;Porque João Batista o havia proibido.;0
1010594;102065;Porque estava com os discípulos.;1
1010595;102065;Porque os discípulos estavam na Galileia.;0
1010596;102066;Para o deserto.;0
1010597;102066;Para aquele que o enviou.;1
1010598;102066;Para Roma.;0
1010599;102066;Para a casa de Lázaro.;0
1010600;102067;Orgulho.;0
1010601;102067;Indiferença.;0
1010602;102067;Alegria completa.;0
1010603;102067;Tristeza.;1
1010604;102068;Porque, se ele fosse, enviaria o Consolador.;1
1010605;102068;Porque não haveria mais perseguição.;0
1010606;102068;Porque eles assumiriam o reino.;0
1010607;102068;Porque os fariseus se tornariam discípulos.;0
1010608;102069;Da fé, da esperança e do amor.;0
1010609;102069;Da Lei, do templo e dos sacrifícios.;0
1010610;102069;Do pecado, da justiça e do juízo.;1
1010611;102069;Da criação, da queda e do dilúvio.;0
1010612;102070;Não celebrar a Páscoa.;0
1010613;102070;Não crer nele.;1
1010614;102070;Não conhecer os discípulos.;0
1010615;102070;Não morar em Jerusalém.;0
1010616;102071;Porque os fariseus guardavam a Lei.;0
1010617;102071;Porque Pilatos julgaria corretamente.;0
1010618;102071;Porque os discípulos seriam feitos juízes.;0
1010619;102071;Porque Jesus iria para o Pai e não seria mais visto.;1
1010620;102072;Porque o príncipe deste mundo já está julgado.;1
1010621;102072;Porque Jerusalém seria destruída naquele dia.;0
1010622;102072;Porque todos os romanos seriam expulsos.;0
1010623;102072;Porque os discípulos julgariam os fariseus.;0
1010624;102073;Porque havia esquecido os ensinamentos.;0
1010625;102073;Porque os fariseus estavam ouvindo.;0
1010626;102073;Porque os discípulos ainda não podiam suportá-las.;1
1010627;102073;Porque o Consolador já havia ensinado tudo.;0
1010628;102074;Falaria somente de si mesmo.;0
1010629;102074;Guiaria os discípulos em toda a verdade.;1
1010630;102074;Revelaria apenas acontecimentos passados.;0
1010631;102074;Substituiria completamente as palavras de Jesus.;0
1010632;102075;Daria glória humana aos discípulos.;0
1010633;102075;Faria Jesus rei terreno.;0
1010634;102075;Construiria um novo templo.;0
1010635;102075;Receberia do que é de Jesus e anunciaria aos discípulos.;1
1010636;102076;Porque tudo o que o Pai tem pertence a Jesus.;1
1010637;102076;Porque os discípulos entregariam tudo ao Espírito.;0
1010638;102076;Porque o Espírito não conhecia o Pai.;0
1010639;102076;Porque Jesus possuía somente bens terrenos.;0
1010640;102077;Nunca mais o veriam.;0
1010641;102077;Ele permaneceria visível para sempre.;0
1010642;102077;Eles não o veriam e, depois de outro pouco, voltariam a vê-lo.;1
1010643;102077;Somente Pedro o veria novamente.;0
1010644;102078;Não sabiam quem era o Pai.;0
1010645;102078;Não compreenderam o significado de “um pouco” e da ida ao Pai.;1
1010646;102078;Não entenderam a língua usada por Jesus.;0
1010647;102078;Não sabiam o que era tristeza.;0
1010648;102079;Todos chorariam para sempre.;0
1010649;102079;O mundo ficaria triste e os discípulos nunca sofreriam.;0
1010650;102079;Todos se alegrariam imediatamente.;0
1010651;102079;O mundo se alegraria enquanto eles chorariam, mas a tristeza se transformaria em alegria.;1
1010652;102080;À mulher que sofre no parto e depois se alegra pelo nascimento.;1
1010653;102080;Ao agricultor que perde toda a colheita.;0
1010654;102080;Ao pastor que abandona o rebanho.;0
1010655;102080;Ao viajante que nunca chega ao destino.;0
1010656;102081;Os bens deles.;0
1010657;102081;A autoridade política.;0
1010658;102081;A alegria deles.;1
1010659;102081;A posição no templo.;0
1010660;102082;Aos anjos.;0
1010661;102082;Ao Pai.;1
1010662;102082;A Pedro.;0
1010663;102082;A João Batista.;0
1010664;102083;A riqueza seria ilimitada.;0
1010665;102083;A perseguição terminaria.;0
1010666;102083;O mundo se tornaria discípulo.;0
1010667;102083;A alegria seria completa.;1
1010668;102084;Falaria claramente.;1
1010669;102084;Falaria somente por parábolas.;0
1010670;102084;Deixaria de falar sobre o Pai.;0
1010671;102084;Falaria apenas aos fariseus.;0
1010672;102085;Porque eram todos galileus.;0
1010673;102085;Porque nunca cometeram erros.;0
1010674;102085;Porque amaram Jesus e creram que ele veio da parte de Deus.;1
1010675;102085;Porque possuíam a bolsa de dinheiro.;0
1010676;102086;Saiu da Galileia, foi ao Egito e voltaria a Nazaré.;0
1010677;102086;Saiu do Pai, veio ao mundo, deixaria o mundo e iria para o Pai.;1
1010678;102086;Saiu do templo, veio à Judeia e iria a Roma.;0
1010679;102086;Saiu de Betânia, veio a Jerusalém e ficaria ali.;0
1010680;102087;Porque os fariseus o haviam confirmado.;0
1010681;102087;Porque Pilatos lhe dera autoridade.;0
1010682;102087;Porque ele evitava responder perguntas.;0
1010683;102087;Porque ele falava claramente e sabia todas as coisas.;1
1010684;102088;Seriam dispersos, cada um para sua casa, e deixariam Jesus sozinho.;1
1010685;102088;Permaneceriam todos juntos sem medo.;0
1010686;102088;Seriam feitos governadores.;0
1010687;102088;Prenderiam os opositores de Jesus.;0
1010688;102089;Porque Pedro nunca o deixaria.;0
1010689;102089;Porque os guardas o protegeriam.;0
1010690;102089;Porque o Pai estava com ele.;1
1010691;102089;Porque a multidão permaneceria.;0
1010692;102090;No mundo.;0
1010693;102090;Em Jesus.;1
1010694;102090;No governo romano.;0
1010695;102090;Na riqueza do templo.;0
1010696;102091;Porque nunca seriam perseguidos.;0
1010697;102091;Porque o mundo já os amava.;0
1010698;102091;Porque possuíam um exército.;0
1010699;102091;Porque Jesus venceu o mundo.;1
1010700;102092;Que destruísse imediatamente o mundo.;0
1010701;102092;Que glorificasse o Filho, para que o Filho glorificasse o Pai.;1
1010702;102092;Que fizesse os discípulos reis.;0
1010703;102092;Que prolongasse sua permanência na Galileia.;0
1010704;102093;Somente sobre os doze.;0
1010705;102093;Somente sobre Israel.;0
1010706;102093;Apenas sobre os anjos.;0
1010707;102093;Sobre toda a humanidade.;1
1010708;102094;Conhecer o único Deus verdadeiro e Jesus Cristo, a quem ele enviou.;1
1010709;102094;Viver fisicamente para sempre na terra.;0
1010710;102094;Conhecer todos os segredos da Lei.;0
1010711;102094;Ser descendente de Abraão.;0
1010712;102095;Tornando-se rei em Jerusalém.;0
1010713;102095;Evitando todos os sofrimentos.;0
1010714;102095;Concluindo a obra que o Pai lhe deu para fazer.;1
1010715;102095;Construindo uma nova sinagoga.;0
1010716;102096;Uma glória concedida pelos homens.;0
1010717;102096;A glória que tinha com o Pai antes que o mundo existisse.;1
1010718;102096;A glória do templo de Salomão.;0
1010719;102096;A glória recebida depois do batismo apenas.;0
1010720;102097;A todos os romanos.;0
1010721;102097;Somente aos principais sacerdotes.;0
1010722;102097;Aos fariseus que o perseguiam.;0
1010723;102097;Àqueles que o Pai lhe deu do mundo.;1
1010724;102098;Que todas vinham do Pai.;1
1010725;102098;Que vinham dos discípulos.;0
1010726;102098;Que pertenciam ao templo.;0
1010727;102098;Que eram invenções humanas.;0
1010728;102099;Rejeitaram todas as palavras.;0
1010729;102099;Entregaram-nas aos fariseus.;0
1010730;102099;Receberam-nas e creram que o Pai o enviou.;1
1010731;102099;Consideraram-nas apenas provérbios.;0
1010732;102100;Somente pelos governantes romanos.;0
1010733;102100;Pelos que o Pai lhe havia dado, e não pelo mundo.;1
1010734;102100;Pelos fariseus incrédulos apenas.;0
1010735;102100;Por ninguém além de si mesmo.;0
1010736;102101;Os bens do Pai não tinham relação com ele.;0
1010737;102101;Somente os discípulos pertenciam ao Pai.;0
1010738;102101;O templo pertencia exclusivamente aos homens.;0
1010739;102101;Tudo o que era dele pertencia ao Pai, e o que era do Pai pertencia a ele.;1
1010740;102102;Que os guardasse em seu nome, para que fossem um.;1
1010741;102102;Que os retirasse imediatamente do mundo.;0
1010742;102102;Que os tornasse superiores a todos.;0
1010743;102102;Que nunca enfrentassem perseguição.;0
1010744;102103;Simão Pedro.;0
1010745;102103;Tomé.;0
1010746;102103;O filho da perdição.;1
1010747;102103;Filipe.;0
1010748;102104;A glória do mundo.;0
1010749;102104;A alegria dele.;1
1010750;102104;O poder político.;0
1010751;102104;A riqueza de Jerusalém.;0
1010752;102105;Porque eles pertenciam aos fariseus.;0
1010753;102105;Porque nunca haviam ouvido a palavra.;0
1010754;102105;Porque eram todos estrangeiros.;0
1010755;102105;Porque eles não eram do mundo, assim como Jesus não era.;1
1010756;102106;Que os guardasse do Maligno.;1
1010757;102106;Que os fizesse invisíveis.;0
1010758;102106;Que os enviasse ao deserto.;0
1010759;102106;Que os livrasse de qualquer trabalho.;0
1010760;102107;Da água do Jordão.;0
1010761;102107;Do templo.;0
1010762;102107;Da verdade, que é a palavra do Pai.;1
1010763;102107;Da aprovação dos sacerdotes.;0
1010764;102108;Sem qualquer missão definida.;0
1010765;102108;Assim como o Pai o enviou ao mundo.;1
1010766;102108;Somente para a Galileia.;0
1010767;102108;Com autoridade recebida dos romanos.;0
1010768;102109;Para não precisar do Pai.;0
1010769;102109;Para receber glória humana.;0
1010770;102109;Para evitar a cruz.;0
1010771;102109;Para que os discípulos também fossem santificados na verdade.;1
1010772;102110;Pelos que viessem a crer nele por meio da palavra deles.;1
1010773;102110;Somente pelos sacerdotes.;0
1010774;102110;Apenas pelos parentes dos discípulos.;0
1010775;102110;Pelos soldados romanos.;0
1010776;102111;O mundo deixaria de existir.;0
1010777;102111;Os discípulos governariam Roma.;0
1010778;102111;O mundo creria que o Pai enviou Jesus.;1
1010779;102111;Todos teriam a mesma função.;0
1010780;102112;Para que recebessem louvor humano.;0
1010781;102112;Para que fossem um, assim como o Pai e o Filho são um.;1
1010782;102112;Para que construíssem um templo.;0
1010783;102112;Para que se tornassem reis.;0
1010784;102113;Que os discípulos eram superiores aos anjos.;0
1010785;102113;Que Jerusalém dominaria as nações.;0
1010786;102113;Que o templo jamais seria destruído.;0
1010787;102113;Que o Pai enviou Jesus e os amou como amou o Filho.;1
1010788;102114;A sua glória.;1
1010789;102114;A riqueza do templo.;0
1010790;102114;A queda de Roma.;0
1010791;102114;A glória dos fariseus.;0
1010792;102115;Desde o batismo no Jordão.;0
1010793;102115;Desde o nascimento em Belém.;0
1010794;102115;Antes da fundação do mundo.;1
1010795;102115;Desde a ressurreição de Lázaro.;0
1010796;102116;Para que fossem admirados pelo mundo.;0
1010797;102116;Para que o amor do Pai estivesse neles e Jesus também estivesse neles.;1
1010798;102116;Para que deixassem de precisar uns dos outros.;0
1010799;102116;Para que se tornassem sacerdotes.;0
1010800;102117;Para a sinagoga de Cafarnaum.;0
1010801;102117;Para um jardim do outro lado do ribeiro Cedrom.;1
1010802;102117;Para o deserto da Judeia.;0
1010803;102117;Para a casa de Pilatos.;0
1010804;102118;Porque Judas morava naquele jardim.;0
1010805;102118;Porque os fariseus lhe mostraram o lugar.;0
1010806;102118;Porque Jesus havia anunciado publicamente o endereço.;0
1010807;102118;Porque Jesus costumava reunir-se ali com os discípulos.;1
1010808;102119;Uma escolta e guardas com lanternas, tochas e armas.;1
1010809;102119;Uma multidão com ramos de palmeiras.;0
1010810;102119;Somente os principais sacerdotes.;0
1010811;102119;Os discípulos de João com alimentos.;0
1010812;102120;Lázaro de Betânia.;0
1010813;102120;Simão Pedro.;0
1010814;102120;Jesus, o Nazareno.;1
1010815;102120;João Batista.;0
1010816;102121;Prenderam-no imediatamente.;0
1010817;102121;Eles recuaram e caíram por terra.;1
1010818;102121;Judas fugiu sozinho.;0
1010819;102121;Os discípulos atacaram os guardas.;0
1010820;102122;Que prendessem apenas Pedro.;0
1010821;102122;Que levassem todos ao templo.;0
1010822;102122;Que esperassem até o amanhecer.;0
1010823;102122;Que deixassem os discípulos ir embora.;1
1010824;102123;Que não perdeu nenhum dos que o Pai lhe deu.;1
1010825;102123;Que todos os discípulos seriam presos.;0
1010826;102123;Que Judas seria libertado.;0
1010827;102123;Que os guardas cairiam novamente.;0
1010828;102124;André.;0
1010829;102124;Tomé.;0
1010830;102124;Simão Pedro.;1
1010831;102124;Filipe.;0
1010832;102125;Barrabás.;0
1010833;102125;Malco.;1
1010834;102125;Anás.;0
1010835;102125;Clopas.;0
1010836;102126;A esquerda.;0
1010837;102126;As duas orelhas.;0
1010838;102126;O texto não menciona o lado.;0
1010839;102126;A direita.;1
1010840;102127;Ao cálice que o Pai lhe deu.;1
1010841;102127;A uma espada entregue por Pedro.;0
1010842;102127;A um fardo dos fariseus.;0
1010843;102127;A uma viagem para a Galileia.;0
1010844;102128;A Caifás.;0
1010845;102128;A Pilatos.;0
1010846;102128;A Anás.;1
1010847;102128;A Herodes.;0
1010848;102129;Era filho de Caifás.;0
1010849;102129;Era sogro de Caifás.;1
1010850;102129;Era irmão de Caifás.;0
1010851;102129;Era primo de Caifás.;0
1010852;102130;Que Jesus deveria ser libertado.;0
1010853;102130;Que Lázaro seria feito sacerdote.;0
1010854;102130;Que os discípulos deveriam governar.;0
1010855;102130;Que convinha morrer um homem pelo povo.;1
1010856;102131;Era conhecido do sumo sacerdote.;1
1010857;102131;Subornou os guardas.;0
1010858;102131;Era irmão de Caifás.;0
1010859;102131;Entrou escondido atrás de Pedro.;0
1010860;102132;A esposa de Pilatos.;0
1010861;102132;Maria Madalena.;0
1010862;102132;A serva que cuidava da porta.;1
1010863;102132;A irmã de Malco.;0
1010864;102133;Porque queriam cozinhar o cordeiro.;0
1010865;102133;Porque fazia frio.;1
1010866;102133;Porque estava escuro no templo.;0
1010867;102133;Porque pretendiam queimar as roupas de Jesus.;0
1010868;102134;Sobre a ressurreição de Lázaro apenas.;0
1010869;102134;Sobre os impostos romanos.;0
1010870;102134;Sobre a família de Pedro.;0
1010871;102134;Sobre os discípulos e o ensino de Jesus.;1
1010872;102135;Nas sinagogas e no templo.;1
1010873;102135;Somente em casas secretas.;0
1010874;102135;Apenas no deserto.;0
1010875;102135;No palácio de Pilatos.;0
1010876;102136;A Judas.;0
1010877;102136;Aos soldados romanos.;0
1010878;102136;Aos que o ouviram.;1
1010879;102136;Aos parentes de Jesus.;0
1010880;102137;Libertou-o.;0
1010881;102137;Deu-lhe uma bofetada.;1
1010882;102137;Cortou-lhe a roupa.;0
1010883;102137;Chamou Pedro.;0
1010884;102138;Ordenou aos discípulos que atacassem.;0
1010885;102138;Permaneceu sem dizer qualquer palavra.;0
1010886;102138;Pediu que Anás o libertasse.;0
1010887;102138;Pediu que mostrasse o erro, ou explicasse por que o agredia se falou corretamente.;1
1010888;102139;Para Caifás, o sumo sacerdote.;1
1010889;102139;Para Pilatos.;0
1010890;102139;Para Herodes.;0
1010891;102139;Para Nicodemos.;0
1010892;102140;Anás.;0
1010893;102140;Pilatos.;0
1010894;102140;Um parente de Malco.;1
1010895;102140;Judas.;0
1010896;102141;Jesus foi libertado.;0
1010897;102141;O galo cantou.;1
1010898;102141;A multidão dispersou-se.;0
1010899;102141;O sol nasceu.;0
1010900;102142;Porque Pilatos estava ausente.;0
1010901;102142;Porque os romanos os proibiam de entrar.;0
1010902;102142;Porque era sábado.;0
1010903;102142;Para não se contaminarem e poderem comer a Páscoa.;1
1010904;102143;Qual acusação apresentavam contra aquele homem.;1
1010905;102143;Quantos discípulos Jesus possuía.;0
1010906;102143;Onde Jesus havia nascido.;0
1010907;102143;Quem era o pai de Jesus.;0
1010908;102144;Disseram que ele era romano.;0
1010909;102144;Disseram que ele havia fugido do templo.;0
1010910;102144;Afirmaram que ele era malfeitor.;1
1010911;102144;Afirmaram que ele era discípulo de João.;0
1010912;102145;Não conheciam a Lei de Moisés.;0
1010913;102145;Não lhes era permitido matar ninguém.;1
1010914;102145;Não podiam entrar em Jerusalém.;0
1010915;102145;Não tinham testemunhas.;0
1010916;102146;Se ele era o sumo sacerdote.;0
1010917;102146;Se ele havia curado Lázaro.;0
1010918;102146;Se ele era discípulo de João.;0
1010919;102146;Se ele era o rei dos judeus.;1
1010920;102147;Seu reino não era deste mundo.;1
1010921;102147;Seu reino era exclusivamente da Judeia.;0
1010922;102147;Seu reino pertencia a Roma.;0
1010923;102147;Seu reino começaria com um exército.;0
1010924;102148;Abandonariam Jerusalém.;0
1010925;102148;Pediriam ajuda a Pilatos.;0
1010926;102148;Lutariam para impedir que ele fosse entregue.;1
1010927;102148;Esconderiam todas as armas.;0
1010928;102149;Para organizar um exército.;0
1010929;102149;Para dar testemunho da verdade.;1
1010930;102149;Para assumir o sacerdócio.;0
1010931;102149;Para julgar Pilatos.;0
1010932;102150;“Onde está o seu reino?”;0
1010933;102150;“Quem é o seu Pai?”;0
1010934;102150;“Quantos seguidores você tem?”;0
1010935;102150;“O que é a verdade?”;1
1010936;102151;Não encontrava nele crime algum.;1
1010937;102151;Ele merecia a morte.;0
1010938;102151;Ele era culpado de rebelião.;0
1010939;102151;Ele deveria ser enviado a Roma.;0
1010940;102152;Malco, servo do sumo sacerdote.;0
1010941;102152;Lázaro de Betânia.;0
1010942;102152;Barrabás, que era salteador.;1
1010943;102152;Judas Iscariotes.;0
1010944;102153;Mandou libertá-lo.;0
1010945;102153;Mandou açoitá-lo.;1
1010946;102153;Mandou coroá-lo oficialmente.;0
1010947;102153;Mandou enviá-lo à Galileia.;0
1010948;102154;Uma coroa de ouro.;0
1010949;102154;Uma coroa de oliveira.;0
1010950;102154;Uma coroa de prata.;0
1010951;102154;Uma coroa de espinhos.;1
1010952;102155;Um manto de púrpura.;1
1010953;102155;Uma túnica branca sacerdotal.;0
1010954;102155;Uma capa de pele.;0
1010955;102155;Um uniforme romano.;0
1010956;102156;Pediam que multiplicasse pães.;0
1010957;102156;Chamavam-no de João Batista.;0
1010958;102156;Diziam “Salve, rei dos judeus!” e lhe davam bofetadas.;1
1010959;102156;Obrigavam-no a ensinar a Lei.;0
1010960;102157;Jesus era culpado de rebelião.;0
1010961;102157;Não encontrava nele crime algum.;1
1010962;102157;Jesus deveria ser exilado.;0
1010963;102157;Jesus era um salteador.;0
1010964;102158;“Eis o profeta!”;0
1010965;102158;“Eis o sacerdote!”;0
1010966;102158;“Eis o condenado!”;0
1010967;102158;“Eis o homem!”;1
1010968;102159;“Crucifique! Crucifique!”;1
1010969;102159;“Solte-o imediatamente!”;0
1010970;102159;“Leve-o à Galileia!”;0
1010971;102159;“Faça-o nosso rei!”;0
1010972;102160;Porque entrou no templo.;0
1010973;102160;Porque era galileu.;0
1010974;102160;Porque se fez Filho de Deus.;1
1010975;102160;Porque curou Lázaro.;0
1010976;102161;Começou a rir.;0
1010977;102161;Ficou ainda mais atemorizado.;1
1010978;102161;Libertou-o imediatamente.;0
1010979;102161;Saiu de Jerusalém.;0
1010980;102162;“Você é o rei dos judeus?”;0
1010981;102162;“O que é a verdade?”;0
1010982;102162;“Quem o entregou?”;0
1010983;102162;“De onde você é?”;1
1010984;102163;Do alto.;1
1010985;102163;Do sumo sacerdote.;0
1010986;102163;Da multidão.;0
1010987;102163;Dos discípulos.;0
1010988;102164;Pilatos, sem comparação com ninguém.;0
1010989;102164;O soldado que fez a coroa.;0
1010990;102164;Aquele que o entregou a Pilatos.;1
1010991;102164;Simão Pedro.;0
1010992;102165;Jesus havia roubado o templo.;0
1010993;102165;Quem se faz rei é contra César.;1
1010994;102165;Jesus havia atacado soldados.;0
1010995;102165;Jesus recusava pagar qualquer imposto.;0
1010996;102166;Gólgota.;0
1010997;102166;Betesda.;0
1010998;102166;Siloé.;0
1010999;102166;Gabata.;1
1011000;102167;Era a preparação da Páscoa, por volta do meio-dia.;1
1011001;102167;Era o sábado, ao amanhecer.;0
1011002;102167;Era o primeiro dia da festa, à meia-noite.;0
1011003;102167;Era a Dedicação, às três da tarde.;0
1011004;102168;César deveria libertar Jesus.;0
1011005;102168;Jesus e César governariam juntos.;0
1011006;102168;Não tinham rei senão César.;1
1011007;102168;César era inferior ao sumo sacerdote.;0
1011008;102169;Simão Pedro.;0
1011009;102169;Jesus.;1
1011010;102169;José de Arimateia.;0
1011011;102169;Nicodemos.;0
1011012;102170;Gabata.;0
1011013;102170;Cedrom.;0
1011014;102170;Betânia.;0
1011015;102170;Gólgota.;1
1011016;102171;Ficou no meio de outros dois.;1
1011017;102171;Ficou sozinho.;0
1011018;102171;Ficou à esquerda dos três.;0
1011019;102171;Ficou à direita de um único condenado.;0
1011020;102172;“Jesus Galileu, o Profeta.”;0
1011021;102172;“Jesus de Betânia, o Filho de José.”;0
1011022;102172;“Jesus Nazareno, o Rei dos Judeus.”;1
1011023;102172;“Jesus, o Sacerdote dos Judeus.”;0
1011024;102173;Hebraico, aramaico e egípcio.;0
1011025;102173;Hebraico, latim e grego.;1
1011026;102173;Latim, persa e grego.;0
1011027;102173;Grego, árabe e hebraico.;0
1011028;102174;“Mudem como desejarem.”;0
1011029;102174;“Apaguem o título.”;0
1011030;102174;“Consultem César primeiro.”;0
1011031;102174;“O que escrevi, escrevi.”;1
1011032;102175;Em quatro partes.;1
1011033;102175;Em duas partes.;0
1011034;102175;Em cinco partes.;0
1011035;102175;Em doze partes.;0
1011036;102176;Era de púrpura e ouro.;0
1011037;102176;Estava rasgada em quatro partes.;0
1011038;102176;Era sem costura, tecida de alto a baixo.;1
1011039;102176;Tinha inscrições em três línguas.;0
1011040;102177;Porque Pilatos assim ordenou.;0
1011041;102177;Para que se cumprisse a Escritura sobre repartir as roupas e lançar sortes.;1
1011042;102177;Porque a túnica pertencia ao templo.;0
1011043;102177;Porque nenhum soldado queria ficar com ela.;0
1011044;102178;Marta, Maria de Betânia, Salomé e Joana.;0
1011045;102178;A mãe de Pilatos, Isabel, Ana e Maria Madalena.;0
1011046;102178;Somente a mãe de Jesus e Maria Madalena.;0
1011047;102178;A mãe de Jesus, a irmã dela, Maria mulher de Clopas e Maria Madalena.;1
1011048;102179;À sua mãe.;1
1011049;102179;A Maria Madalena.;0
1011050;102179;À mulher de Clopas.;0
1011051;102179;À irmã de sua mãe.;0
1011052;102180;Levou-a para a Galileia naquele instante.;0
1011053;102180;Entregou-a aos irmãos de Jesus.;0
1011054;102180;Recebeu-a em sua casa.;1
1011055;102180;Deixou-a junto à cruz.;0
1011056;102181;“Meu Deus, por quê?”;0
1011057;102181;“Tenho sede.”;1
1011058;102181;“Pai, perdoa-lhes.”;0
1011059;102181;“Hoje estarás comigo.”;0
1011060;102182;Água pura.;0
1011061;102182;Azeite.;0
1011062;102182;Leite.;0
1011063;102182;Vinho azedo.;1
1011064;102183;“Está consumado!”;1
1011065;102183;“Voltarei em três dias!”;0
1011066;102183;“Não encontrei culpa!”;0
1011067;102183;“O reino começou!”;0
1011068;102184;Porque Pilatos sairia da cidade.;0
1011069;102184;Porque começaria uma tempestade.;0
1011070;102184;Porque era dia de preparação e não queriam corpos na cruz durante o sábado.;1
1011071;102184;Porque os discípulos pediram os corpos.;0
1011072;102185;Porque Pilatos os impediu.;0
1011073;102185;Porque viram que ele já estava morto.;1
1011074;102185;Porque não encontraram Jesus.;0
1011075;102185;Porque a multidão os atacou.;0
1011076;102186;Somente sangue.;0
1011077;102186;Água e óleo.;0
1011078;102186;Vinho e água.;0
1011079;102186;Sangue e água.;1
1011080;102187;Nenhum dos seus ossos será quebrado.;1
1011081;102187;Repartiram entre si suas roupas.;0
1011082;102187;Odiaram-me sem motivo.;0
1011083;102187;Preparai o caminho do Senhor.;0
1011084;102188;Nicodemos.;0
1011085;102188;Simão Pedro.;0
1011086;102188;José de Arimateia.;1
1011087;102188;Lázaro.;0
1011088;102189;Porque morava longe.;0
1011089;102189;Por medo dos judeus.;1
1011090;102189;Porque era soldado romano.;0
1011091;102189;Porque nunca havia visto Jesus.;0
1011092;102190;Trezentos denários de nardo.;0
1011093;102190;Vinho e azeite.;0
1011094;102190;Incenso e sal.;0
1011095;102190;Cerca de cem libras de mirra e aloés.;1
1011096;102191;Num túmulo novo situado num jardim.;1
1011097;102191;No túmulo de Lázaro.;0
1011098;102191;Numa gruta em Betânia.;0
1011099;102191;Dentro do templo.;0
1011100;102192;No sábado.;0
1011101;102192;No primeiro dia da semana.;1
1011102;102192;No dia da Páscoa antes da crucificação.;0
1011103;102192;No terceiro dia da festa dos Tabernáculos.;0
1011104;102193;Jesus sentado do lado de fora.;0
1011105;102193;Os discípulos dentro do túmulo.;0
1011106;102193;Os soldados fechando a entrada.;0
1011107;102193;A pedra removida da entrada.;1
1011108;102194;A Simão Pedro e ao discípulo a quem Jesus amava.;1
1011109;102194;A Marta e Maria de Betânia.;0
1011110;102194;A Nicodemos e José de Arimateia.;0
1011111;102194;A Tomé e Filipe.;0
1011112;102195;Simão Pedro.;0
1011113;102195;Maria Madalena.;0
1011114;102195;O outro discípulo, a quem Jesus amava.;1
1011115;102195;Tomé.;0
1011116;102196;Entrou e retirou os lençóis.;0
1011117;102196;Abaixou-se, viu os lençóis, mas não entrou.;1
1011118;102196;Voltou sem olhar o túmulo.;0
1011119;102196;Chamou os guardas.;0
1011120;102197;Ficou do lado de fora.;0
1011121;102197;Voltou para casa imediatamente.;0
1011122;102197;Fechou novamente a entrada.;0
1011123;102197;Entrou no túmulo e viu os lençóis.;1
1011124;102198;Enrolado num lugar à parte.;1
1011125;102198;Misturado com os lençóis.;0
1011126;102198;Fora do túmulo.;0
1011127;102198;Nas mãos de Maria.;0
1011128;102199;Viu e permaneceu incrédulo.;0
1011129;102199;Viu e acusou Maria.;0
1011130;102199;Viu e creu.;1
1011131;102199;Viu e chamou Pilatos.;0
1011132;102200;Que Jesus deveria ir para a Galileia.;0
1011133;102200;Que era necessário Jesus ressuscitar dentre os mortos.;1
1011134;102200;Que o templo seria destruído.;0
1011135;102200;Que Lázaro seria ressuscitado.;0
1011136;102201;Permaneceram no jardim durante sete dias.;0
1011137;102201;Foram ao palácio de Pilatos.;0
1011138;102201;Viajaram imediatamente à Galileia.;0
1011139;102201;Voltaram para casa.;1
1011140;102202;Do lado de fora, junto ao túmulo.;1
1011141;102202;Na casa de Pedro.;0
1011142;102202;No templo.;0
1011143;102202;Em Betânia.;0
1011144;102203;Um.;0
1011145;102203;Três.;0
1011146;102203;Dois.;1
1011147;102203;Doze.;0
1011148;102204;Ambos na entrada do túmulo.;0
1011149;102204;Um à cabeceira e outro aos pés do lugar onde o corpo estivera.;1
1011150;102204;Um fora do túmulo e outro no jardim.;0
1011151;102204;Ambos junto aos lençóis, no mesmo lado.;0
1011152;102205;Porque os discípulos haviam ido embora.;0
1011153;102205;Porque os soldados a ameaçaram.;0
1011154;102205;Porque o túmulo estava fechado.;0
1011155;102205;Porque levaram o Senhor e ela não sabia onde o colocaram.;1
1011156;102206;O jardineiro.;1
1011157;102206;Um soldado.;0
1011158;102206;José de Arimateia.;0
1011159;102206;Simão Pedro.;0
1011160;102207;A pergunta sobre o túmulo.;0
1011161;102207;A saudação de paz.;0
1011162;102207;O chamado pelo nome: “Maria”.;1
1011163;102207;A ordem de ir à Galileia.;0
1011164;102208;Senhor.;0
1011165;102208;Mestre.;1
1011166;102208;Rei.;0
1011167;102208;Profeta.;0
1011168;102209;Porque precisava voltar ao túmulo.;0
1011169;102209;Porque os discípulos estavam chegando.;0
1011170;102209;Porque Maria deveria ir ao templo.;0
1011171;102209;Porque ainda não havia subido para o Pai.;1
1011172;102210;Que ele subia para seu Pai e Pai deles, seu Deus e Deus deles.;1
1011173;102210;Que ele permaneceria para sempre no jardim.;0
1011174;102210;Que eles deveriam procurar Pilatos.;0
1011175;102210;Que ele voltaria ao túmulo à noite.;0
1011176;102211;Que o corpo continuava perdido.;0
1011177;102211;Que os anjos levaram Jesus.;0
1011178;102211;Que tinha visto o Senhor e recebeu uma mensagem dele.;1
1011179;102211;Que o jardineiro fechou o túmulo.;0
1011180;102212;Por causa de uma tempestade.;0
1011181;102212;Por medo dos judeus.;1
1011182;102212;Porque era sábado.;0
1011183;102212;Porque Pilatos havia ordenado.;0
1011184;102213;“Não tenham alimento?”;0
1011185;102213;“Por que me abandonaram?”;0
1011186;102213;“Vão imediatamente à Galileia!”;0
1011187;102213;“Que a paz esteja com vocês!”;1
1011188;102214;As mãos e o lado.;1
1011189;102214;A coroa e o manto.;0
1011190;102214;Os lençóis e o pano.;0
1011191;102214;A espada de Pedro.;0
1011192;102215;Fugiram com medo.;0
1011193;102215;Permaneceram incrédulos.;0
1011194;102215;Ficaram alegres.;1
1011195;102215;Chamaram os guardas.;0
1011196;102216;Eles deveriam permanecer sem missão.;0
1011197;102216;Assim como o Pai o enviou, ele também os enviava.;1
1011198;102216;Somente Pedro seria enviado.;0
1011199;102216;O envio dependeria dos fariseus.;0
1011200;102217;Colocou água sobre suas cabeças.;0
1011201;102217;Deu-lhes pedaços de pão.;0
1011202;102217;Impôs uma coroa.;0
1011203;102217;Soprou sobre eles.;1
1011204;102218;Tomé, chamado Dídimo.;1
1011205;102218;Simão Pedro.;0
1011206;102218;Filipe.;0
1011207;102218;André.;0
1011208;102219;Ver Jesus transformar água em vinho.;0
1011209;102219;Receber uma visão de anjos.;0
1011210;102219;Ver as marcas dos pregos e tocar as feridas de Jesus.;1
1011211;102219;Visitar o túmulo sozinho.;0
1011212;102220;“Mestre, onde o senhor mora?”;0
1011213;102220;“Senhor meu e Deus meu!”;1
1011214;102220;“O senhor é um profeta.”;0
1011215;102220;“O senhor é João Batista.”;0
1011216;102221;Para registrar todos os sinais que Jesus fez.;0
1011217;102221;Para provar que os discípulos eram superiores.;0
1011218;102221;Para apresentar uma história política de Israel.;0
1011219;102221;Para que os leitores creiam que Jesus é o Cristo, o Filho de Deus, e tenham vida em seu nome.;1
1011220;102222;Ao mar Morto.;0
1011221;102222;Ao mar de Tiberíades.;1
1011222;102222;Ao mar Mediterrâneo.;0
1011223;102222;Ao mar Vermelho.;0
1011224;102223;Cinco.;0
1011225;102223;Onze.;0
1011226;102223;Doze.;0
1011227;102223;Sete.;1
1011228;102224;Simão Pedro.;1
1011229;102224;Tomé.;0
1011230;102224;Natanael.;0
1011231;102224;O discípulo amado.;0
1011232;102225;Cento e cinquenta e três peixes.;0
1011233;102225;Doze cestos de peixe.;0
1011234;102225;Nada.;1
1011235;102225;Sete peixes pequenos.;0
1011236;102226;Todos o reconheceram.;0
1011237;102226;Não o reconheceram.;1
1011238;102226;Somente Pedro o reconheceu.;0
1011239;102226;Somente Tomé o reconheceu.;0
1011240;102227;Do lado esquerdo.;0
1011241;102227;Na parte da frente.;0
1011242;102227;Atrás do barco.;0
1011243;102227;Do lado direito.;1
1011244;102228;Por causa da grande quantidade de peixes.;1
1011245;102228;Porque a rede ficou presa numa pedra.;0
1011246;102228;Porque começou uma tempestade.;0
1011247;102228;Porque o barco estava distante.;0
1011248;102229;Tomé.;0
1011249;102229;Natanael.;0
1011250;102229;O discípulo a quem Jesus amava.;1
1011251;102229;Um dos filhos de Zebedeu não identificado.;0
1011252;102230;Escondeu-se no barco.;0
1011253;102230;Vestiu a roupa de cima e lançou-se ao mar.;1
1011254;102230;Cortou a rede.;0
1011255;102230;Voltou a pescar.;0
1011256;102231;Quinze estádios.;0
1011257;102231;Cinco quilômetros.;0
1011258;102231;Cem estádios.;0
1011259;102231;Duzentos côvados.;1
1011260;102232;Um braseiro com peixe e pão.;1
1011261;102232;Uma mesa com vinho e carne.;0
1011262;102232;Doze cestos de pão.;0
1011263;102232;Um altar com sacrifício.;0
1011264;102233;Tomé.;0
1011265;102233;Natanael.;0
1011266;102233;Simão Pedro.;1
1011267;102233;Filipe.;0
1011268;102234;Cento e vinte.;0
1011269;102234;Cento e cinquenta e três.;1
1011270;102234;Setenta e sete.;0
1011271;102234;Duzentos.;0
1011272;102235;Rasgou-se completamente.;0
1011273;102235;Ficou presa no barco.;0
1011274;102235;Foi abandonada no mar.;0
1011275;102235;Não se rompeu.;1
1011276;102236;“Venham comer.”;1
1011277;102236;“Voltem a pescar.”;0
1011278;102236;“Sigam para Jerusalém.”;0
1011279;102236;“Entrem novamente no barco.”;0
1011280;102237;A primeira.;0
1011281;102237;A segunda.;0
1011282;102237;A terceira.;1
1011283;102237;A sétima.;0
1011284;102238;Pedro, filho de Zebedeu.;0
1011285;102238;Simão, filho de João.;1
1011286;102238;Cefas, filho de André.;0
1011287;102238;Simão, filho de Jonas Iscariotes.;0
1011288;102239;Construir um barco.;0
1011289;102239;Voltar à pesca permanentemente.;0
1011290;102239;Cuidar da bolsa dos discípulos.;0
1011291;102239;Apascentar os seus cordeiros.;1
1011292;102240;Pastorear as suas ovelhas.;1
1011293;102240;Batizar somente em Jerusalém.;0
1011294;102240;Guardar o túmulo.;0
1011295;102240;Reunir os fariseus.;0
1011296;102241;Porque Jesus mandou-o deixar o barco.;0
1011297;102241;Porque a rede se rompeu.;0
1011298;102241;Porque Jesus perguntou pela terceira vez se ele o amava.;1
1011299;102241;Porque os outros discípulos foram embora.;0
1011300;102242;Ele voltaria a ser pescador para sempre.;0
1011301;102242;Outro o cingiria e o levaria para onde não queria.;1
1011302;102242;Ele governaria Jerusalém.;0
1011303;102242;Ele nunca mais sofreria.;0
1011304;102243;A Pedro.;0
1011305;102243;A Roma.;0
1011306;102243;Aos discípulos.;0
1011307;102243;A Deus.;1
1011308;102244;“Siga-me.”;1
1011309;102244;“Volte a pescar.”;0
1011310;102244;“Permaneça aqui.”;0
1011311;102244;“Procure Tomé.”;0
1011312;102245;De Tomé.;0
1011313;102245;De Natanael.;0
1011314;102245;Do discípulo a quem Jesus amava.;1
1011315;102245;De Judas Iscariotes.;0
1011316;102246;Disse que o outro discípulo morreria antes de Pedro.;0
1011317;102246;"Disse que, se quisesse que ele permanecesse até sua vinda, isso não dizia respeito a Pedro; Pedro deveria segui-lo.";1
1011318;102246;Disse que ambos deveriam voltar à pesca.;0
1011319;102246;Disse que Pedro governaria a vida do outro discípulo.;0
1011320;102247;Afirma que todas as obras foram registradas.;0
1011321;102247;Afirma que somente sete sinais foram realizados.;0
1011322;102247;Afirma que os discípulos esqueceram todas as demais obras.;0
1011323;102247;Afirma que o mundo inteiro não conteria os livros, se tudo fosse escrito uma por uma.;1
1011324;104582;O ataque de crocodilos.;0
1011325;104582;O rugido dos leões.;1
1011326;104582;A falta de água.;0
1011327;104582;A presença de feiticeiros.;0
1011328;104583;Os nativos ficaram doentes.;0
1011329;104583;A aldeia foi incendiada.;0
1011330;104583;Os leões começaram a atacar em pleno dia.;1
1011331;104583;Os poços secaram.;0
1011332;104584;A construírem casas de pedra.;0
1011333;104584;A pescarem no rio.;0
1011334;104584;A fazerem armas de fogo.;0
1011335;104584;A cavarem canais para as hortas e jardins.;1
1011336;104585;Por causa dos ataques das feras.;1
1011337;104585;Por falta de ferramentas.;0
1011338;104585;Por causa de uma seca prolongada.;0
1011339;104585;Por ordem do chefe da aldeia.;0
1011340;104586;Um castigo dos antepassados.;0
1011341;104586;Um feitiço.;1
1011342;104586;Uma vingança de outra aldeia.;0
1011343;104586;Uma maldição da terra.;0
1011344;104587;Que eles aprendessem a ler e escrever.;0
1011345;104587;Que eles construíssem uma igreja.;0
1011346;104587;Que eles não vivessem com medo de feitiçaria.;1
1011347;104587;Que eles vendessem suas terras.;0
1011348;104588;Construíram uma cerca alta ao redor da aldeia.;0
1011349;104588;Mudaram-se para outra região.;0
1011350;104588;Fizeram um acordo com os feiticeiros.;0
1011351;104588;Formaram uma expedição para procurar os leões.;1
1011352;104589;Não conseguiram capturar nenhum leão.;1
1011353;104589;Conseguiram capturar todos os leões.;0
1011354;104589;Encontraram apenas filhotes de leão.;0
1011355;104589;Feriram gravemente um leão.;0
1011356;104590;Dentro de uma caverna.;0
1011357;104590;No alto de uma rocha.;1
1011358;104590;À beira do rio.;0
1011359;104590;No meio da aldeia.;0
1011360;104591;Com uma lança.;0
1011361;104591;Com uma faca.;0
1011362;104591;Com uma espingarda de dois canos.;1
1011363;104591;Com um arco e flecha.;0
1011364;104592;Fugiu para a floresta.;0
1011365;104592;Atacou uma criança.;0
1011366;104592;Caiu morto imediatamente.;0
1011367;104592;Saltou sobre o ombro do missionário.;1
1011368;104593;Mebalue, um nativo.;1
1011369;104593;Susi, um carregador.;0
1011370;104593;Sechele, um chefe.;0
1011371;104593;Chumak, um ajudante.;0
1011372;104594;Fugiu assustado.;0
1011373;104594;Deixou Livingstone e atacou Mebalue na coxa.;1
1011374;104594;Atacou um terceiro homem e fugiu.;0
1011375;104594;Voltou-se contra Livingstone novamente.;0
1011376;104595;Duas.;0
1011377;104595;Quatro.;0
1011378;104595;Três.;1
1011379;104595;Cinco.;0
1011380;104596;Perdeu a visão de um olho.;0
1011381;104596;Quebrou a perna direita.;0
1011382;104596;Teve apenas arranhões leves.;0
1011383;104596;O osso do ombro esquerdo ficou estraçalhado e havia onze marcas de dentes no braço.;1
1011384;104597;Porque tinha sido encantado por um feiticeiro de outra tribo para matá-los.;1
1011385;104597;Porque estava com fome.;0
1011386;104597;Porque defendia seu território.;0
1011387;104597;Porque havia sido enviado por Deus.;0
1011388;104598;Enterraram-no em local sagrado.;0
1011389;104598;Fizeram uma grande fogueira sobre o animal morto para queimar o feitiço.;1
1011390;104598;Jogaram-no no rio.;0
1011391;104598;Levaram-no para outra aldeia.;0
1011392;102248;Por causa de uma forte seca que secou os leitos dos rios regionais;0
1011393;102248;Devido aos constantes e perigosos ataques de leões à comunidade em pleno dia;1
1011394;102248;Por causa de uma chuva torrencial que destruiu as ferramentas de trabalho;0
1011395;102248;Devido à invasão iminente de comerciantes estrangeiros de escravos;0
1011396;102249;A um feitiço lançado sobre a aldeia;1
1011397;102249;À falta de caça disponível na floresta fechada;0
1011398;102249;À escavação dos canais de irrigação promovida pelo missionário;0
1011399;102249;À chegada de viajantes brancos à região;0
1011400;102250;Um arco com flechas envenenadas de caça;0
1011401;102250;Uma lança de ferro afiada de fabricação local;0
1011402;102250;Uma espingarda de dois canos;1
1011403;102250;Um revólver de repetição rápida;0
1011404;102251;No ombro esquerdo;0
1011405;102251;Na coxa;1
1011406;102251;No tórax;0
1011407;102251;No braço direito;0
1011408;102252;Perna direita fraturada e graves cortes na cabeça;0
1011409;102252;Perda da visão do olho esquerdo e queimaduras profundas;0
1011410;102252;Osso do ombro esquerdo estraçalhado e onze marcas de dentes no braço;1
1011411;102252;Costelas quebradas e paralisia permanente na mão direita;0
1011412;102253;Fizeram uma grande fogueira sobre o leão para queimar o feitiço;1
1011413;102253;Cortaram as garras do animal e as atiraram no rio;0
1011414;102253;Entregaram a pele do leão ao chefe da tribo vizinha;0
1011415;102253;Sepultaram o corpo da fera em uma cova profunda na mata;0
1011416;102254;Ensinava técnicas de tecelagem de algodão em teares manuais.;0
1011417;102254;Instruía os nativos sobre como cavar canais para irrigação de hortas e jardins.;1
1011418;102254;Orientava a construção de cabanas de pedra para proteção contra o frio.;0
1011419;102254;Demonstrava como fabricar pólvora para as espingardas da aldeia.;0
1011420;102255;Escondido em meio a uma plantação de milho alta.;0
1011421;102255;Bebendo água na margem do canal recém-escavado.;0
1011422;102255;No alto de uma rocha, posição de onde foi avistado pela expedição.;1
1011423;102255;Dentro de uma das choupanas vazias na periferia da aldeia.;0
1011424;102256;A munição de sua arma estava úmida e não deflagrou.;0
1011425;102256;Ele esqueceu de carregar a arma antes de sair para a expedição.;0
1011426;102256;Sua espingarda falhou no momento exato do tiro contra a fera.;1
1011427;102256;O cano da arma explodiu, ferindo o próprio atirador.;0
1011428;102257;Apenas Davi Livingstone sofreu ferimentos.;0
1011429;102257;Duas pessoas: Livingstone e o nativo Mebalue.;0
1011430;102257;Três homens no total foram feridos pelo animal.;1
1011431;102257;Cinco expedicionários, sendo que dois não sobreviveram.;0
1011432;102258;A resistência dos chefes tribais ao comércio de marfim.;0
1011433;102258;Encontros com feras, lutas, feitiçaria e crendices locais.;1
1011434;102258;A falta de mapas precisos da costa leste africana.;0
1011435;102258;Conflitos armados entre colonos europeus e as tribos locais.;0
1011436;102259;Kuruman;0
1011437;102259;Mabotza;1
1011438;102259;Chonuane;0
1011439;102259;Colobeng;0
1011440;104599;Angola;0
1011441;104599;Moçambique;0
1011442;104599;África do Sul;1
1011443;104599;Tanzânia;0
1011444;102261;O barulho das tempestades;0
1011445;102261;O rugido dos leões;1
1011446;102261;Os ataques de búfalos;0
1011447;102261;Os gritos dos caçadores;0
1011448;102262;Os leões começaram a atacar durante o dia;1
1011449;102262;Os rios secaram completamente;0
1011450;102262;Os nativos abandonaram a aldeia;0
1011451;102262;As plantações foram destruídas;0
1011452;102263;Construir barcos;0
1011453;102263;Caçar animais;0
1011454;102263;Cavar canais;1
1011455;102263;Fabricar ferramentas;0
1011456;102264;Para abastecer os animais;0
1011457;102264;Para hortas e jardins;1
1011458;102264;Para proteger a aldeia;0
1011459;102264;Para transportar mercadorias;0
1011460;102265;Por causa da falta de ferramentas;0
1011461;102265;Por causa de uma tempestade;0
1011462;102265;Por causa dos ataques dos leões;1
1011463;102265;Por causa de uma epidemia;0
1011464;102266;Uma seca prolongada;0
1011465;102266;Um feitiço;1
1011466;102266;A falta de alimento;0
1011467;102266;A invasão de outra tribo;0
1011468;102267;Que abandonassem suas plantações;0
1011469;102267;Que deixassem de trabalhar;0
1011470;102267;Que vivessem com medo de feitiçaria;1
1011471;102267;Que tentassem fugir da África;0
1011472;102268;Uma caravana;0
1011473;102268;Uma expedição;1
1011474;102268;Uma patrulha militar;0
1011475;102268;Uma viagem missionária;0
1011476;102269;Capturaram dois leões;0
1011477;102269;Feriram um leão;0
1011478;102269;Não conseguiram capturar nenhum;1
1011479;102269;Encontraram apenas filhotes;0
1011480;102270;Dentro de uma caverna;0
1011481;102270;Perto de um rio;0
1011482;102270;No alto de uma rocha;1
1011483;102270;Em uma árvore;0
1011484;102271;Um rifle de repetição;0
1011485;102271;Uma lança;0
1011486;102271;Uma espingarda de dois canos;1
1011487;102271;Um arco e flecha;0
1011488;102272;Fugiu para a mata;0
1011489;102272;Saltou sobre o ombro do missionário;1
1011490;102272;Atacou imediatamente Mebalue;0
1011491;102272;Caiu morto no mesmo instante;0
1011492;102273;Sechele;0
1011493;102273;Baraka;0
1011494;102273;Mebalue;1
1011495;102273;Susi;0
1011496;102274;Sua espingarda falhou;1
1011497;102274;Ele errou o tiro;0
1011498;102274;A arma caiu de suas mãos;0
1011499;102274;O leão fugiu antes do disparo;0
1011500;102275;No braço;0
1011501;102275;Na perna;0
1011502;102275;Na coxa;1
1011503;102275;No ombro;0
1011504;102276;Fugiu para a mata;0
1011505;102276;Feriu um terceiro homem;1
1011506;102276;Atacou outro leão;0
1011507;102276;Subiu novamente na rocha;0
1011508;102277;O braço direito;0
1011509;102277;A perna esquerda;0
1011510;102277;O ombro esquerdo;1
1011511;102277;O ombro direito;0
1011512;102278;Sete;0
1011513;102278;Nove;0
1011514;102278;Onze;1
1011515;102278;Treze;0
1011516;102279;Que ele havia fugido de outra região;0
1011517;102279;Que ele tinha sido encantado;1
1011518;102279;Que ele era o líder de uma alcateia;0
1011519;102279;Que estava apenas procurando alimento;0
1011520;102280;Um feiticeiro da própria aldeia;0
1011521;102280;Um comerciante estrangeiro;0
1011522;102280;Um feiticeiro de outra tribo;1
1011523;102280;Um caçador da região;0
1011524;102281;Para afastá-los da região;0
1011525;102281;Para destruir suas plantações;0
1011526;102281;Para matá-los;1
1011527;102281;Para impedir a construção dos canais;0
1011528;102282;Enterraram-no longe da aldeia;0
1011529;102282;Levaram-no para outra tribo;0
1011530;102282;Fizeram uma grande fogueira sobre ele;1
1011531;102282;Jogaram-no em um rio;0
1011532;102283;Para afastar outros animais;0
1011533;102283;Para queimar o suposto feitiço;1
1011534;102283;Para preparar uma celebração;0
1011535;102283;Para evitar doenças;0
1011536;102284;Guerras, fome e enchentes;0
1011537;102284;Lutas, feitiçaria e crendices;1
1011538;102284;Tempestades, naufrágios e secas;0
1011539;102284;Doenças, guerras e terremotos;0
1011540;102285;A ocorrência de enchentes repentinas provocadas por tempestades tropicais.;0
1011541;102285;Os ataques recorrentes e perigosos de leões que passaram a agir em pleno dia.;1
1011542;102285;O conflito armado deflagrado por tribos rivais da região meridional.;0
1011543;102285;A escassez severa de ferramentas agrícolas enviadas pela sociedade britânica.;0
1011544;102286;Julgavam que os animais fugiam de incêndios florestais distantes.;0
1011545;102286;Supunham que a presença dos homens brancos desequilibrava a fauna local.;0
1011546;102286;Acreditavam que a aldeia estava sendo vítima de um feitiço misterioso.;1
1011547;102286;Pensavam que as feras buscavam refúgio em decorrência da estação seca.;0
1011548;102287;Arrastou o missionário diretamente para as águas profundas do rio.;0
1011549;102287;Saltou sobre o ombro do missionário, ferindo gravemente o seu braço.;1
1011550;102287;Mordeu a perna direita do missionário antes de fugir em direção à mata.;0
1011551;102287;Derrubou o missionário ao chão sem perfurar suas roupas ou membros.;0
1011552;102288;A sua espingarda falhou na hora do disparo.;1
1011553;102288;A pólvora de sua arma molhou durante a perseguição.;0
1011554;102288;A arma escorregou de suas mãos e despencou da rocha.;0
1011555;102288;O nativo foi paralisado pelo medo e largou a espingarda.;0
1011556;102289;O osso do ombro esquerdo estraçalhado e onze marcas de dentes no braço.;1
1011557;102289;Fratura grave nas costelas direitas e perda total da visão do olho esquerdo.;0
1011558;102289;Rompimento dos ligamentos do joelho e perfurações profundas na perna.;0
1011559;102289;Deslocamento da clavícula direita e cicatrizes na região do pescoço.;0
1011560;102290;Enterraram a carcaça em um ponto sagrado além dos limites territoriais.;0
1011561;102290;Lançaram os restos mortais do predador nas águas correntes do rio local.;0
1011562;102290;Fizeram uma grande fogueira sobre o animal para queimar o feitiço.;1
1011563;102290;Retiraram as presas da fera para confeccionar amuletos protetores de guerra.;0
1011564;104600;A presença de tempestades muito fortes.;0
1011565;104600;O rugido dos leões.;1
1011566;104600;A falta de alimentos para os moradores.;0
1011567;104600;As disputas entre as tribos vizinhas.;0
1011568;104601;Os animais começaram a atacar durante o dia.;1
1011569;104601;Os moradores abandonaram imediatamente a aldeia.;0
1011570;104601;Os leões passaram a destruir as plantações durante a noite.;0
1011571;104601;Os nativos começaram a capturar os animais vivos.;0
1011572;104602;Construir barcos para atravessar os rios.;0
1011573;104602;Criar animais para o comércio.;0
1011574;104602;Cavar canais para as hortas e os jardins.;1
1011575;104602;Fabricar armas para combater as tribos inimigas.;0
1011576;104603;Porque faltavam ferramentas adequadas.;0
1011577;104603;Porque os nativos foram convocados para uma guerra.;0
1011578;104603;Porque a seca destruiu as hortas e os jardins.;0
1011579;104603;Porque os ataques das feras tornaram o trabalho perigoso.;1
1011580;104604;Uma doença desconhecida.;0
1011581;104604;Algum feitiço.;1
1011582;104604;Uma invasão estrangeira.;0
1011583;104604;Uma maldição provocada pela seca.;0
1011584;104605;Os nativos não queriam mais trabalhar nas plantações.;0
1011585;104605;Os moradores pretendiam abandonar a África.;0
1011586;104605;Ele não sabia como impedir que os nativos vivessem com medo da feitiçaria.;1
1011587;104605;Ele não possuía alimentos suficientes para alimentar a aldeia.;0
1011588;104606;Construíram uma muralha ao redor da aldeia.;0
1011589;104606;Formaram uma expedição para procurar os leões.;1
1011590;104606;Consultaram um feiticeiro de outra tribo.;0
1011591;104606;Transferiram as plantações para outra região.;0
1011592;104607;Eles capturaram vários leões.;0
1011593;104607;Eles encontraram o esconderijo dos animais.;0
1011594;104607;Eles não conseguiram capturar nenhum leão.;1
1011595;104607;Eles conseguiram expulsar todos os animais da região.;0
1011596;104608;Dentro de uma caverna.;0
1011597;104608;Próximo às plantações.;0
1011598;104608;À margem de um rio.;0
1011599;104608;No alto de uma rocha.;1
1011600;104609;Um arco e flechas.;0
1011601;104609;Uma lança.;0
1011602;104609;Uma espingarda de dois canos.;1
1011603;104609;Uma armadilha construída pelos nativos.;0
1011604;104610;Fugiu em direção à floresta.;0
1011605;104610;Saltou sobre o ombro do missionário.;1
1011606;104610;Escondeu-se atrás dos homens da expedição.;0
1011607;104610;Atacou diretamente as casas da aldeia.;0
1011608;104611;Sua espingarda falhou.;1
1011609;104611;Ele acertou o animal no coração.;0
1011610;104611;O leão fugiu imediatamente.;0
1011611;104611;Livingstone tomou sua arma e disparou.;0
1011612;104612;Voltou a atacar Livingstone.;0
1011613;104612;Correu para o alto da rocha.;0
1011614;104612;Deixou Livingstone e atacou Mebalue na coxa.;1
1011615;104612;Atacou todos os moradores da aldeia.;0
1011616;104613;Ele foi morto pelo animal.;0
1011617;104613;Ele também foi ferido.;1
1011618;104613;Ele conseguiu capturar o leão.;0
1011619;104613;Ele fugiu sem participar da luta.;0
1011620;104614;O joelho direito.;0
1011621;104614;A mão esquerda.;0
1011622;104614;A perna esquerda.;0
1011623;104614;O ombro esquerdo.;1
1011624;104615;Cinco marcas.;0
1011625;104615;Oito marcas.;0
1011626;104615;Onze marcas.;1
1011627;104615;Treze marcas.;0
1011628;104616;Foi capturado e levado para outra região.;0
1011629;104616;Foi morto depois de ferir três homens.;1
1011630;104616;Fugiu para uma aldeia vizinha.;0
1011631;104616;Foi queimado ainda vivo pelos moradores.;0
1011632;104617;Que ele era o animal de estimação de Livingstone.;0
1011633;104617;Que ele havia sido encantado por um feiticeiro de outra tribo.;1
1011634;104617;Que ele tinha sido enviado para proteger a aldeia.;0
1011635;104617;Que ele estava fugindo de caçadores europeus.;0
1011636;104618;Roubar os animais da aldeia.;0
1011637;104618;Expulsar os missionários da África.;0
1011638;104618;Matar os moradores da aldeia.;1
1011639;104618;Destruir as plantações de Mabotza.;0
1011640;104619;Enterraram-no em uma cova profunda.;0
1011641;104619;Levaram-no para ser estudado por Livingstone.;0
1011642;104619;Dividiram sua carne entre as famílias.;0
1011643;104619;Fizeram uma grande fogueira.;1
1011644;104620;Para cozinhar a carne do animal.;0
1011645;104620;Para queimar o suposto feitiço.;1
1011646;104620;Para iluminar a aldeia durante a noite.;0
1011647;104620;Para comemorar a chegada do missionário.;0
1011648;104621;Feras, lutas, feitiçaria e crendices.;1
1011649;104621;Neve, terremotos, piratas e fome.;0
1011650;104621;Inundações, guerras europeias, incêndios e doenças urbanas.;0
1011651;104621;Falta de navios, perseguição política, roubos e tempestades marítimas.;0
1011652;104622;Em uma aventura comercial pelo continente africano.;0
1011653;104622;Em uma aventura militar na África do Sul.;0
1011654;104622;Em sua aventura missionária na África.;1
1011655;104622;Em uma viagem científica pela Europa.;0
1011656;102291;Chonuane;0
1011657;102291;Colobeng;0
1011658;102291;Mabotza;1
1011659;102291;Kuruman;0
1011660;102292;A cavar canais para hortas e jardins;1
1011661;102292;A construir casas de barro;0
1011662;102292;A tecer tecidos de algodão;0
1011663;102292;A criar gado bovino;0
1011664;102293;Que era uma maldição hereditária da tribo;0
1011665;102293;Que a aldeia era vítima de algum feitiço;1
1011666;102293;Que os leões estavam procurando água;0
1011667;102293;Que era um castigo por terem recebido um missionário estrangeiro;0
1011668;102294;Um enorme leão no alto de uma rocha;1
1011669;102294;Uma manada de búfalos;0
1011670;102294;Um rinoceronte ferido;0
1011671;102294;Uma cobra venenosa;0
1011672;102295;Uma lança;0
1011673;102295;Uma espingarda de dois canos;1
1011674;102295;Um arco e flecha;0
1011675;102295;Uma pistola de um tiro;0
1011676;102296;Sechele;0
1011677;102296;Mebalue;1
1011678;102296;Sekeletu;0
1011679;102296;Baraka;0
1011680;102297;Um;0
1011681;102297;Dois;0
1011682;102297;Três;1
1011683;102297;Quatro;0
1011684;102298;Levemente arranhado;0
1011685;102298;Com o osso estraçalhado e onze marcas de dentes no braço;1
1011686;102298;Completamente amputado;0
1011687;102298;Apenas com um hematoma superficial;0
1011688;102299;Enterraram-no em um local sagrado;0
1011689;102299;Fizeram uma grande fogueira sobre ele;1
1011690;102299;Jogaram o corpo no rio;0
1011691;102299;Dividiram a pele entre as famílias da aldeia;0
1011692;102300;Londres, Inglaterra.;0
1011693;102300;Blantyre, Escócia.;1
1011694;102300;Glasgow, Escócia.;0
1011695;102300;Chipping Ongar, Inglaterra.;0
1011696;102301;Uma Bíblia sagrada com capa de couro.;0
1011697;102301;Um dicionário de inglês-português.;0
1011698;102301;Uma gramática latina para estudar à noite.;1
1011699;102301;Um mapa do continente africano.;0
1011700;102302;Professor de línguas clássicas.;0
1011701;102302;Missionário-médico.;1
1011702;102302;Engenheiro de minas.;0
1011703;102302;Capitão de navio de exploração.;0
1011704;102303;Confundiu os trechos bíblicos e leu o texto incorreto.;0
1011705;102303;Esqueceu-se completamente do sermão e admitiu o esquecimento aos ouvintes.;1
1011706;102303;Perdeu a voz devido ao frio intenso da região.;0
1011707;102303;Foi vaiado pelos membros da igreja por causa de sua gagueira.;0
1011708;102304;Homem baixo, calvo e de olhar severo.;0
1011709;102304;Homem alto e forte, de longas barbas e olhos bondosos e penetrantes.;1
1011710;102304;Homem magro, de óculos escuros e cabelos curtos.;0
1011711;102304;Homem jovem, sem barba e de voz suave.;0
1011712;102305;Índia.;0
1011713;102305;Japão.;0
1011714;102305;China.;1
1011715;102305;Brasil.;0
1011716;102306;Sua mãe.;0
1011717;102306;Seu pai.;1
1011718;102306;Sua irmã mais velha.;0
1011719;102306;Seu avô.;0
1011720;102307;Olhos castanhos e estatura muito baixa para sua idade.;0
1011721;102307;Olhos de um azul acinzentado e o corpo forte e sadio.;1
1011722;102307;Olhos verdes e uma saúde extremamente frágil.;0
1011723;102307;Olhos pretos e longos cabelos ruivos.;0
1011724;102308;Das oito da manhã às cinco da tarde.;0
1011725;102308;Das seis da manhã às seis da tarde.;0
1011726;102308;Das seis da manhã às oito da noite.;1
1011727;102308;Das sete da manhã às nove da noite.;0
1011728;102309;A biblioteca pública da cidade de Glasgow.;0
1011729;102309;A escola noturna, de onde ainda voltava para casa para ler até tarde.;1
1011730;102309;As reuniões de oração na igreja local.;0
1011731;102309;O curso preparatório em Chipping Ongar.;0
1011732;102310;Sociedade Bíblica Britânica e Estrangeira.;0
1011733;102310;Sociedade Missionária de Londres.;1
1011734;102310;Sociedade Geográfica Real.;0
1011735;102310;Aliança Missionária Escocesa.;0
1011736;102311;"""Ele possuía a força de um leão e a paciência de um santo.""";0
1011737;102311;"""Sua mente era capaz de decorar gramáticas latinas em dias.""";0
1011738;102311;"""Nem fogo, nem água, nem muralha de pedra conseguiam detê-lo.""";1
1011739;102311;"""Sua fé transformaria os mapas em branco do continente africano.""";0
1011740;102312;Como um território densamente povoado por cidades antigas.;0
1011741;102312;Como uma região repleta de montanhas e rios detalhados.;0
1011742;102312;Com enormes espaços em branco, sem indicações de cidades, montanhas ou rios.;1
1011743;102312;Como uma ilha isolada cercada por recifes de corais.;0
1011744;102313;O reflexo do ouro em rios nunca antes navegados.;0
1011745;102313;A fumaça de milhares de aldeias onde nenhum missionário ainda chegara.;1
1011746;102313;O som de tambores de tribos que clamavam por ajuda médica.;0
1011747;102313;A riqueza de animais silvestres e terras férteis ao norte.;0
1011748;102314;De sua esposa Maria e seu sogro Roberto Moffat.;0
1011749;102314;De seus avós e irmãos mais novos.;0
1011750;102314;Da mãe e das irmãs.;1
1011751;102314;Apenas de seu pai, que o acompanhou até o navio.;0
1011752;104623;19 de março de 1813, em Londres, na Inglaterra.;0
1011753;104623;19 de março de 1813, em Blantyre, na Escócia.;1
1011754;104623;17 de novembro de 1840, em Glasgow, na Escócia.;0
1011755;104623;19 de março de 1810, em Kuruman, na África.;0
1011756;104624;Tinha olhos verdes e corpo franzino.;0
1011757;104624;Tinha olhos castanhos e era baixo e magro.;0
1011758;104624;Tinha olhos de um azul acinzentado e o corpo forte e sadio.;1
1011759;104624;Tinha cabelos ruivos e era muito alto.;0
1011760;104625;Aos 8 anos.;0
1011761;104625;Aos 12 anos.;0
1011762;104625;Aos 20 anos.;0
1011763;104625;Aos 10 anos.;1
1011764;104626;Na máquina de fiar algodão.;1
1011765;104626;No cultivo de rosas.;0
1011766;104626;Na plantação de arroz.;0
1011767;104626;Na venda de cereais.;0
1011768;104627;Das oito da manhã às seis da tarde.;0
1011769;104627;Das seis da manhã às oito da noite.;1
1011770;104627;Das seis da tarde às seis da manhã.;0
1011771;104627;Das dez da manhã às quatro da tarde.;0
1011772;104628;Uma Bíblia.;0
1011773;104628;Um par de sapatos.;0
1011774;104628;Uma gramática latina.;1
1011775;104628;Uma espingarda.;0
1011776;104629;Dormia cedo.;0
1011777;104629;Trabalhava na fiação.;0
1011778;104629;Cuidava de animais.;0
1011779;104629;Ficava lendo até tarde.;1
1011780;104630;Continuar trabalhando na fiação durante o verão apenas.;1
1011781;104630;Abandonar definitivamente o trabalho na fiação.;0
1011782;104630;Trabalhar na fiação durante todo o ano.;0
1011783;104630;Trabalhar na fiação apenas nos fins de semana.;0
1011784;104631;Para Londres.;0
1011785;104631;Para Glasgow.;1
1011786;104631;Para Blantyre.;0
1011787;104631;Para Chipping Ongar.;0
1011788;104632;Aos 10 anos.;0
1011789;104632;Aos 15 anos.;0
1011790;104632;Aos 20 anos.;1
1011791;104632;Aos 30 anos.;0
1011792;104633;Glasgow.;0
1011793;104633;Blantyre.;0
1011794;104633;Chipping Ongar.;0
1011795;104633;Londres.;1
1011796;104634;Chipping Ongar.;1
1011797;104634;Kuruman.;0
1011798;104634;Mabotza.;0
1011799;104634;Zanzibar.;0
1011800;104635;Não sabia ler a Bíblia.;0
1011801;104635;Esqueceu-se completamente do sermão que havia preparado.;1
1011802;104635;Ficou doente e não pôde falar.;0
1011803;104635;Foi vaiado pela congregação.;0
1011804;104636;“Amigos, hoje não pregarei.”;0
1011805;104636;“Amigos, leiam a Bíblia em casa.”;0
1011806;104636;“Amigos, eu me esqueci de tudo o que tinha a dizer.”;1
1011807;104636;“Amigos, cantem um hino.”;0
1011808;104637;“Era o homem mais medroso que já conheci.”;0
1011809;104637;“Nunca conseguia terminar nada do que começava.”;0
1011810;104637;“Preferia ficar em casa a viajar.”;0
1011811;104637;“Nem fogo, nem água, nem muralha de pedra conseguiam detê-lo.”;1
1011812;104638;Roberto Moffat, um dos maiores missionários daquele tempo.;1
1011813;104638;Adoniram Judson, missionário na Birmânia.;0
1011814;104638;Henry Stanley, jornalista americano.;0
1011815;104638;Sechele, chefe da aldeia Chonuane.;0
1011816;104639;Um homem baixo, magro e de óculos.;0
1011817;104639;Um homem alto e forte, de longas barbas, de olhos bondosos e penetrantes.;1
1011818;104639;Um jovem de cabelos claros e sem barba.;0
1011819;104639;Um homem idoso, curvado e de voz fraca.;0
1011820;104640;Na Ásia.;0
1011821;104640;Na Europa.;0
1011822;104640;Na África.;1
1011823;104640;Na América.;0
1011824;104641;A região mais desenvolvida do mundo.;0
1011825;104641;Um continente totalmente conhecido.;0
1011826;104641;Uma ilha próxima à Europa.;0
1011827;104641;A região mais vasta e mais misteriosa da Terra.;1
1011828;104642;Tinham enormes espaços em branco, sem indicações de cidades, montanhas ou rios.;1
1011829;104642;Mostravam todas as cidades e rios com precisão.;0
1011830;104642;Indicavam apenas os desertos.;0
1011831;104642;Eram coloridos e detalhados.;0
1011832;104643;Que ali havia grandes cidades europeias.;0
1011833;104643;Que tinha visto a fumaça de milhares de aldeias, onde nenhum missionário ainda chegou.;1
1011834;104643;Que era uma região completamente desabitada.;0
1011835;104643;Que ali só viviam animais selvagens.;0
1011836;104644;Para a Índia.;0
1011837;104644;Para o Japão.;0
1011838;104644;Para a China.;1
1011839;104644;Para o Brasil.;0
1011840;104645;Um convite do governo britânico.;0
1011841;104645;Uma carta de Henry Stanley.;0
1011842;104645;Um sonho que teve na infância.;0
1011843;104645;Uma palavra do missionário Roberto Moffat sobre aldeias onde nenhum missionário ainda chegou.;1
1011844;104646;17 de novembro de 1840.;1
1011845;104646;19 de março de 1813.;0
1011846;104646;1º de agosto de 1849.;0
1011847;104646;18 de abril de 1874.;0
1011848;104647;Sua mãe.;0
1011849;104647;Seu pai.;1
1011850;104647;Suas irmãs.;0
1011851;104647;Roberto Moffat.;0
1011852;104648;Londres.;0
1011853;104648;Blantyre.;0
1011854;104648;Glasgow.;1
1011855;104648;Chipping Ongar.;0
1011856;104649;De sua esposa e filhos.;0
1011857;104649;De Roberto Moffat.;0
1011858;104649;Dos nativos de Mabotza.;0
1011859;104649;De sua mãe e de suas irmãs.;1
1011860;104650;Sua grande aventura.;1
1011861;104650;Seu trabalho na fiação.;0
1011862;104650;Seus estudos em Glasgow.;0
1011863;104650;Sua carreira política.;0
1011864;102315;19 de março de 1813;1
1011865;102315;17 de novembro de 1813;0
1011866;102315;19 de março de 1840;0
1011867;102315;17 de setembro de 1813;0
1011868;102316;Glasgow;0
1011869;102316;Londres;0
1011870;102316;Blantyre;1
1011871;102316;Chipping Ongar;0
1011872;102317;Inglaterra;0
1011873;102317;Escócia;1
1011874;102317;Irlanda;0
1011875;102317;África do Sul;0
1011876;102318;Castanho-escuros;0
1011877;102318;Verdes;0
1011878;102318;De um azul acinzentado;1
1011879;102318;De um azul muito claro;0
1011880;102319;Magro e frágil;0
1011881;102319;Forte e sadio;1
1011882;102319;Alto e doente;0
1011883;102319;Pequeno e debilitado;0
1011884;102320;8 anos;0
1011885;102320;10 anos;1
1011886;102320;12 anos;0
1011887;102320;14 anos;0
1011888;102321;Em uma oficina de carpintaria;0
1011889;102321;Em uma máquina de fiar algodão;1
1011890;102321;Em uma gráfica;0
1011891;102321;Em uma fazenda;0
1011892;102322;Às cinco da manhã;0
1011893;102322;Às seis da manhã;1
1011894;102322;Às sete da manhã;0
1011895;102322;Às oito da manhã;0
1011896;102323;Seis da tarde;0
1011897;102323;Sete da noite;0
1011898;102323;Oito da noite;1
1011899;102323;Nove da noite;0
1011900;102324;Uma Bíblia;0
1011901;102324;Um livro de medicina;0
1011902;102324;Uma gramática latina;1
1011903;102324;Um atlas da África;0
1011904;102325;Deu-a de presente ao pai;0
1011905;102325;Passou a estudá-la;1
1011906;102325;Levou-a para a escola apenas;0
1011907;102325;Trocou-a por outro livro;0
1011908;102326;Ia para a escola;1
1011909;102326;Trabalhava em outra fábrica;0
1011910;102326;Ajudava o pai em uma oficina;0
1011911;102326;Frequentava reuniões missionárias;0
1011912;102327;Dormia imediatamente;0
1011913;102327;Preparava ferramentas para o dia seguinte;0
1011914;102327;Ficava lendo até tarde;1
1011915;102327;Escrevia cartas aos amigos;0
1011916;102328;Inverno;0
1011917;102328;Primavera;0
1011918;102328;Verão;1
1011919;102328;Outono;0
1011920;102329;Viajava para Londres;0
1011921;102329;Ia para Glasgow prosseguir os estudos;1
1011922;102329;Trabalhava como professor;0
1011923;102329;Visitava missões cristãs;0
1011924;102330;18 anos;0
1011925;102330;20 anos;1
1011926;102330;22 anos;0
1011927;102330;25 anos;0
1011928;102331;Missionário-professor;0
1011929;102331;Missionário-explorador;0
1011930;102331;Missionário-médico;1
1011931;102331;Missionário-agricultor;0
1011932;102332;Glasgow;0
1011933;102332;Blantyre;0
1011934;102332;Londres;1
1011935;102332;Kuruman;0
1011936;102333;Com os diretores da Sociedade Missionária de Londres;1
1011937;102333;Com os representantes do governo britânico;0
1011938;102333;Com professores de medicina;0
1011939;102333;Com exploradores da África;0
1011940;102334;Viajar imediatamente para a África;0
1011941;102334;Fazer um curso em Chipping Ongar;1
1011942;102334;Estudar medicina em Glasgow;0
1011943;102334;Trabalhar por mais cinco anos na fiação;0
1011944;102335;Colobeng;0
1011945;102335;Chonuane;0
1011946;102335;Chipping Ongar;1
1011947;102335;Kuruman;0
1011948;102336;Estudar;0
1011949;102336;Trabalhar;0
1011950;102336;Pregar;1
1011951;102336;Viajar;0
1011952;102337;Ficou doente antes do sermão;0
1011953;102337;Esqueceu completamente o sermão preparado;1
1011954;102337;Não encontrou a congregação;0
1011955;102337;Foi interrompido por uma tempestade;0
1011956;102338;Que ainda não estava preparado para ser missionário;0
1011957;102338;Que voltaria no dia seguinte;0
1011958;102338;Que havia esquecido tudo o que tinha a dizer;1
1011959;102338;Que preferia apenas ler um texto bíblico;0
1011960;102339;Ficava facilmente desanimado;0
1011961;102339;Abandonava seus planos por algum tempo;0
1011962;102339;Não se deixava desanimar;1
1011963;102339;Passava a evitar falar em público;0
1011964;102340;Era impossível detê-lo diante dos obstáculos;1
1011965;102340;Preferia evitar situações difíceis;0
1011966;102340;Mudava de planos com facilidade;0
1011967;102340;Dependia sempre da ajuda de outras pessoas;0
1011968;102341;Durante uma viagem de navio;0
1011969;102341;Em uma reunião missionária;1
1011970;102341;Na Sociedade Geográfica;0
1011971;102341;Durante seu curso em Glasgow;0
1011972;102342;Um médico que trabalhava em Londres;0
1011973;102342;Um comerciante que conhecia a África;0
1011974;102342;Um dos maiores missionários daquele tempo;1
1011975;102342;Um professor de Livingstone em Glasgow;0
1011976;102343;Na China;0
1011977;102343;Na Índia;0
1011978;102343;Na África;1
1011979;102343;Na Escócia;0
1011980;102344;Baixo, magro e de barba curta;0
1011981;102344;Alto, forte e de longas barbas;1
1011982;102344;Alto, magro e sem barba;0
1011983;102344;Baixo, forte e de cabelos longos;0
1011984;102345;Tristes e cansados;0
1011985;102345;Bondosos e penetrantes;1
1011986;102345;Claros e assustados;0
1011987;102345;Escuros e severos;0
1011988;102346;A região mais populosa da Terra;0
1011989;102346;A região mais desenvolvida da Terra;0
1011990;102346;A região mais vasta e mais misteriosa da Terra;1
1011991;102346;A região mais conhecida pelos europeus;0
1011992;102347;Era completamente desconhecido;1
1011993;102347;Já estava totalmente mapeado;0
1011994;102347;Era conhecido apenas pelos comerciantes ingleses;0
1011995;102347;Havia sido explorado por missionários de toda a Europa;0
1011996;102348;Grandes áreas marcadas como florestas;0
1011997;102348;Enormes espaços em branco;1
1011998;102348;Indicações detalhadas de rios;0
1011999;102348;Rotas comerciais completas;0
1012000;102349;Apenas nomes de aldeias;0
1012001;102349;Cidades, montanhas e rios;1
1012002;102349;Somente estradas e portos;0
1012003;102349;Apenas fronteiras políticas;0
1012004;102350;Grandes caravanas de comerciantes;0
1012005;102350;A fumaça de milhares de aldeias;1
1012006;102350;Montanhas cobertas de neve;0
1012007;102350;Grandes rios ainda desconhecidos;0
1012008;102351;Nenhum missionário ainda havia chegado até elas;1
1012009;102351;Já possuíam grandes igrejas;0
1012010;102351;Eram habitadas apenas por comerciantes;0
1012011;102351;Haviam sido abandonadas pelos moradores;0
1012012;102352;Índia;0
1012013;102352;Japão;0
1012014;102352;China;1
1012015;102352;África do Sul;0
1012016;102353;Uma ordem do governo britânico;0
1012017;102353;As palavras de Roberto Moffat sobre as aldeias ainda não alcançadas;1
1012018;102353;Um convite feito por comerciantes africanos;0
1012019;102353;A necessidade de terminar seus estudos;0
1012020;102354;19 de março de 1813;0
1012021;102354;17 de novembro de 1840;1
1012022;102354;1º de agosto de 1849;0
1012023;102354;17 de setembro de 1859;0
1012024;102355;Da esposa e dos filhos;0
1012025;102355;Da mãe e das irmãs;1
1012026;102355;De Roberto Moffat e sua família;0
1012027;102355;Dos diretores da Sociedade Missionária;0
1012028;102356;Seu pai;1
1012029;102356;Sua mãe;0
1012030;102356;Roberto Moffat;0
1012031;102356;Um dos diretores da Sociedade Missionária;0
1012032;102357;Londres;0
1012033;102357;Blantyre;0
1012034;102357;Glasgow;1
1012035;102357;Chipping Ongar;0
1012036;102358;Trem;0
1012037;102358;Navio;1
1012038;102358;Carruagem;0
1012039;102358;Barco a vapor pelo rio;0
1012040;102359;Seu encontro com Roberto Moffat;0
1012041;102359;Sua entrada no curso de Chipping Ongar;0
1012042;102359;Sua partida de navio rumo à África;1
1012043;102359;Sua primeira experiência pregando;0
1012044;102360;Em 19 de março de 1813, na cidade fabril de Blantyre, na Escócia.;1
1012045;102360;Em 15 de agosto de 1815, nos arredores rurais da cidade de Edimburgo.;0
1012046;102360;Em 12 de janeiro de 1820, em um distrito portuário de Londres, na Inglaterra.;0
1012047;102360;Em 10 de maio de 1810, em uma comunidade de pescadores na costa escocesa.;0
1012048;102361;Um par de sapatos resistentes para suportar o inverno britânico.;0
1012049;102361;Uma gramática latina destinada a aprimorar seus estudos autodidatas.;1
1012050;102361;Um mapa topográfico da África com rotas de navegação comercial.;0
1012051;102361;Um pequeno estojo com remédios e instrumentos rudimentares de primeiros socorros.;0
1012052;102362;Trabalhava na fiação durante o verão e viajava a Glasgow no inverno para estudar.;1
1012053;102362;Estudava em Edimburgo pela manhã e lecionava gramática durante a noite.;0
1012054;102362;Dedicava os finais de semana ao comércio e os dias úteis à faculdade teológica.;0
1012055;102362;Abandonou totalmente a fábrica têxtil para se sustentar exclusivamente com bolsas.;0
1012056;102363;Confundiu os textos sagrados e discutiu asperamente com os anciãos locais.;0
1012057;102363;Teve uma crise severa de tosse provocada pelo clima frio da região britânica.;0
1012058;102363;Esqueceu-se completamente de todo o sermão preparado diante da congregação.;1
1012059;102363;Foi vaiado pelos estudantes da congregação por causa de seu sotaque carregado.;0
1012060;102364;Adoniram Judson.;0
1012061;102364;Roberto Moffat.;1
1012062;102364;Jorge Washington Carver.;0
1012063;102364;Henry Stanley.;0
1012064;102365;Índia.;0
1012065;102365;China.;1
1012066;102365;Japão.;0
1012067;102365;Brasil.;0
1012068;102366;Blantyre.;0
1012069;102366;Glasgow.;1
1012070;102366;Aberdeen.;0
1012071;102366;Dundee.;0
1012072;104651;Em 19 de março de 1813, em Blantyre, na Escócia.;1
1012073;104651;Em 17 de novembro de 1840, em Glasgow, na Escócia.;0
1012074;104651;Em 20 de março de 1813, em Londres, na Inglaterra.;0
1012075;104651;Em 19 de março de 1815, em Chipping Ongar, na Inglaterra.;0
1012076;104652;Tinha olhos verdes e corpo frágil.;0
1012077;104652;Tinha olhos castanhos e corpo baixo.;0
1012078;104652;Tinha olhos de um azul acinzentado e corpo forte e sadio.;1
1012079;104652;Tinha olhos negros e corpo doente.;0
1012080;104653;Aos oito anos.;0
1012081;104653;Aos dez anos.;1
1012082;104653;Aos doze anos.;0
1012083;104653;Aos quatorze anos.;0
1012084;104654;Na construção de navios.;0
1012085;104654;No cultivo de plantações.;0
1012086;104654;Na oficina de ferreiro.;0
1012087;104654;Na máquina de fiar algodão.;1
1012088;104655;Das seis da manhã às oito da noite.;1
1012089;104655;Das oito da manhã às cinco da tarde.;0
1012090;104655;Das cinco da manhã ao meio-dia.;0
1012091;104655;Das sete da manhã às três da tarde.;0
1012092;104656;Um mapa da África.;0
1012093;104656;Uma Bíblia ilustrada.;0
1012094;104656;Uma gramática latina.;1
1012095;104656;Uma passagem para Londres.;0
1012096;104657;Participava de expedições pela cidade.;0
1012097;104657;Ia à escola e continuava lendo ao voltar para casa.;1
1012098;104657;Treinava para ser soldado.;0
1012099;104657;Ensinava latim aos trabalhadores da fábrica.;0
1012100;104658;Trabalhou durante o inverno e estudou no verão.;0
1012101;104658;Abandonou o trabalho para estudar em tempo integral.;0
1012102;104658;Trabalhou apenas durante o verão e foi para Glasgow no inverno estudar.;1
1012103;104658;Trabalhou em Londres e estudou na África.;0
1012104;104659;Londres.;0
1012105;104659;Blantyre.;0
1012106;104659;Chipping Ongar.;0
1012107;104659;Glasgow.;1
1012108;104660;Recebeu uma proposta para trabalhar em Londres.;0
1012109;104660;Ouviu a chamada de Deus para ser missionário-médico.;1
1012110;104660;Embarcou imediatamente para a China.;0
1012111;104660;Tornou-se diretor de uma escola na Escócia.;0
1012112;104661;Londres.;1
1012113;104661;Glasgow.;0
1012114;104661;Mabotza.;0
1012115;104661;Blantyre.;0
1012116;104662;Com os líderes de uma igreja africana.;0
1012117;104662;Com os diretores da Sociedade Missionária de Londres.;1
1012118;104662;Com os professores da escola de Glasgow.;0
1012119;104662;Com os comerciantes que viajavam para a África.;0
1012120;104663;Que deveria estudar medicina na China.;0
1012121;104663;Que deveria iniciar uma expedição pelo interior da África.;0
1012122;104663;Que deveria fazer um curso em Chipping Ongar.;1
1012123;104663;Que deveria trabalhar na fábrica de algodão.;0
1012124;104664;Ele não conhecia nenhum idioma estrangeiro.;0
1012125;104664;Pregar não era o seu ponto forte.;1
1012126;104664;Ele não tinha autorização para falar em público.;0
1012127;104664;Ele não possuía livros religiosos.;0
1012128;104665;Ele esqueceu completamente o sermão que havia preparado.;1
1012129;104665;Ele pregou durante várias horas sem parar.;0
1012130;104665;Ele foi interrompido por uma tempestade.;0
1012131;104665;Ele confundiu a cidade onde deveria falar.;0
1012132;104666;“Voltarei outro dia para falar com vocês.”;0
1012133;104666;“A África precisa de todos nós.”;0
1012134;104666;“Amigos, eu me esqueci de tudo o que tinha a dizer.”;1
1012135;104666;“Não estou preparado para enfrentar esta missão.”;0
1012136;104667;Desanimava e desistia de seus objetivos.;0
1012137;104667;Ficava afastado das atividades missionárias.;0
1012138;104667;Não se desanimava com derrotas desse tipo.;1
1012139;104667;Decidia abandonar os estudos.;0
1012140;104668;“Ele jamais enfrentou dificuldades em sua vida.”;0
1012141;104668;“Nem fogo, nem água, nem muralha de pedra conseguiam detê-lo.”;1
1012142;104668;“Sua maior qualidade era permanecer sempre em silêncio.”;0
1012143;104668;“Ele preferia evitar todos os perigos e desafios.”;0
1012144;104669;Em uma reunião missionária.;1
1012145;104669;Em uma escola de Glasgow.;0
1012146;104669;Dentro de um navio com destino à África.;0
1012147;104669;Em uma aldeia africana.;0
1012148;104670;Como um homem baixo, frágil e de cabelos curtos.;0
1012149;104670;Como um homem alto e forte, de longas barbas e olhos bondosos e penetrantes.;1
1012150;104670;Como um homem jovem, de cabelos claros e olhos verdes.;0
1012151;104670;Como um homem idoso, de baixa estatura e aparência enferma.;0
1012152;104671;Ele pregava o evangelho na África.;1
1012153;104671;Ele trabalhava na fabricação de tecidos na Escócia.;0
1012154;104671;Ele ensinava latim em Londres.;0
1012155;104671;Ele comandava expedições militares na China.;0
1012156;104672;Como uma região pequena e completamente explorada.;0
1012157;104672;Como a região mais vasta e misteriosa da Terra.;1
1012158;104672;Como um território sem habitantes e sem rios.;0
1012159;104672;Como uma área conhecida principalmente por suas cidades modernas.;0
1012160;104673;O interior era completamente desconhecido.;1
1012161;104673;O interior já havia sido mapeado por diversos missionários.;0
1012162;104673;O interior era conhecido apenas pelos comerciantes europeus.;0
1012163;104673;O interior possuía mapas detalhados de todas as aldeias.;0
1012164;104674;Muitas cidades grandes e estradas pavimentadas.;0
1012165;104674;Indicações precisas de montanhas e rios.;0
1012166;104674;Enormes espaços em branco, sem cidades, montanhas ou rios indicados.;1
1012167;104674;Apenas desenhos de animais selvagens e aldeias abandonadas.;0
1012168;104675;A fumaça de milhares de aldeias onde nenhum missionário havia chegado.;1
1012169;104675;Grandes navios navegando em direção à Europa.;0
1012170;104675;Exércitos preparados para invadir as aldeias.;0
1012171;104675;Fogueiras acesas por comerciantes em busca de marfim.;0
1012172;104676;Ao sul de Londres.;0
1012173;104676;Ao norte de onde Moffat morava.;1
1012174;104676;Próxima à cidade de Glasgow.;0
1012175;104676;No litoral da China.;0
1012176;104677;Para a Índia.;0
1012177;104677;Para o Brasil.;0
1012178;104677;Para a China.;1
1012179;104677;Para a Austrália.;0
1012180;104678;A falta de navios disponíveis para a viagem.;0
1012181;104678;As palavras de Roberto Moffat sobre as aldeias africanas ainda não alcançadas por missionários.;1
1012182;104678;A recomendação dos diretores da Sociedade Missionária de Londres.;0
1012183;104678;A necessidade de acompanhar sua família até Glasgow.;0
1012184;104679;Para a Ásia.;0
1012185;104679;Para a Europa.;0
1012186;104679;Para a América.;0
1012187;104679;Para a África.;1
1012188;104680;Em 19 de março de 1813.;0
1012189;104680;Em 1º de agosto de 1849.;0
1012190;104680;Em 17 de novembro de 1840.;1
1012191;104680;Em 20 de dezembro de 1841.;0
1012192;104681;Roberto Moffat.;0
1012193;104681;Seu pai.;1
1012194;104681;Sua mãe.;0
1012195;104681;Um diretor da Sociedade Missionária de Londres.;0
1012196;104682;Matriculou-se em uma escola de medicina.;0
1012197;104682;Comprou uma nova máquina de fiar.;0
1012198;104682;Tomou o navio que o levaria ao continente africano.;1
1012199;104682;Encontrou novamente Roberto Moffat.;0
1012200;104683;Sua chegada a Londres para conversar com os diretores da missão.;0
1012201;104683;Seu primeiro dia de trabalho na fábrica de algodão.;0
1012202;104683;Sua decisão de estudar latim.;0
1012203;104683;Sua partida de navio para o continente africano.;1
1012204;104684;Conheceu Moffat, nasceu em Londres, trabalhou na África e estudou em Glasgow.;0
1012205;104684;Nasceu na Escócia, começou a trabalhar aos dez anos, ouviu o chamado missionário e partiu para a África.;1
1012206;104684;Partiu para a China, conheceu Moffat, voltou à Escócia e começou a trabalhar na fiação.;0
1012207;104684;Tornou-se missionário, nasceu em Blantyre, estudou em Chipping Ongar e abandonou a África.;0
1012208;102367;19 de março de 1813, em Blantyre, na Escócia;1
1012209;102367;17 de novembro de 1840, em Glasgow, na Escócia;0
1012210;102367;1º de agosto de 1849, em Londres, na Inglaterra;0
1012211;102367;3 de novembro de 1871, em Kuruman, na África do Sul;0
1012212;102368;8 anos;0
1012213;102368;10 anos;1
1012214;102368;15 anos;0
1012215;102368;20 anos;0
1012216;102369;Uma Bíblia ilustrada;0
1012217;102369;Um instrumento de navegação;0
1012218;102369;Uma gramática latina;1
1012219;102369;Um par de sapatos novos;0
1012220;102370;Londres;0
1012221;102370;Glasgow;1
1012222;102370;Edimburgo;0
1012223;102370;Chipping Ongar;0
1012224;102371;15 anos;0
1012225;102371;18 anos;0
1012226;102371;20 anos;1
1012227;102371;25 anos;0
1012228;102372;Kuruman;0
1012229;102372;Blantyre;0
1012230;102372;Chipping Ongar;1
1012231;102372;Mabotza;0
1012232;102373;Ele desmaiou no púlpito;0
1012233;102373;Ele esqueceu-se completamente do sermão que havia preparado;1
1012234;102373;Ele foi vaiado pela congregação;0
1012235;102373;Ele chegou atrasado ao culto;0
1012236;102374;"""Perdoem-me, voltarei outro dia.""";0
1012237;102374;"""Deus me abandonou neste momento.""";0
1012238;102374;"""Amigos, eu me esqueci de tudo o que tinha a dizer.""";1
1012239;102374;"""Peço um momento para me recompor.""";0
1012240;102375;"""Ele era o homem mais tímido que já conheci.""";0
1012241;102375;"""Nem fogo, nem água, nem muralha de pedra conseguiam detê-lo.""";1
1012242;102375;"""Ele nunca teve coragem para enfrentar desafios.""";0
1012243;102375;"""Sua fé era fraca, mas sua vontade era forte.""";0
1012244;102376;Henry Stanley;0
1012245;102376;Sechele;0
1012246;102376;Roberto Moffat;1
1012247;102376;Mohammed Bogharib;0
1012248;102377;Um território totalmente mapeado e explorado;0
1012249;102377;A região mais vasta e mais misteriosa da Terra;1
1012250;102377;Um pequeno território já bem conhecido pelos europeus;0
1012251;102377;Uma ilha isolada de difícil acesso;0
1012252;102378;Que havia encontrado ouro em abundância na região;0
1012253;102378;Que, nas manhãs cheias de sol, via a fumaça de milhares de aldeias onde nenhum missionário havia chegado;1
1012254;102378;Que os nativos já eram todos cristãos convertidos;0
1012255;102378;Que o clima da região era ameno e sem perigos;0
1012256;102379;América do Sul;0
1012257;102379;Ásia (China);1
1012258;102379;Oceania;0
1012259;102379;Europa Oriental;0
1012260;102380;19 de março de 1813;0
1012261;102380;17 de novembro de 1840;1
1012262;102380;1º de agosto de 1849;0
1012263;102380;23 de agosto de 1872;0
1012264;102381;De uma grande seringueira.;0
1012265;102381;De uma grande amendoeira.;1
1012266;102381;De uma figueira frondosa.;0
1012267;102381;De uma palmeira africana.;0
1012268;102382;Óleo vegetal extraído de cocos.;0
1012269;102382;Gordura animal misturada com ervas.;0
1012270;102382;Cinzas de plantas.;1
1012271;102382;Leite de cabra fermentado.;0
1012272;102383;Escreveu uma carta inteira em inglês em apenas uma semana.;0
1012273;102383;Aprendeu todo o alfabeto em um só dia.;1
1012274;102383;Traduziu o primeiro capítulo da Bíblia para sua língua nativa.;0
1012275;102383;Decorou os dez mandamentos em poucas horas.;0
1012276;102384;Prender todos os desobedientes até que aceitassem a nova fé.;0
1012277;102384;Dar ordens para que todos fossem surrados com chicotes de couro de rinoceronte até dizerem que adorariam a Jesus.;1
1012278;102384;Confiscar o gado e as plantações daqueles que recusassem os ensinamentos.;0
1012279;102384;Expulsar da aldeia qualquer membro que não frequentasse os cultos.;0
1012280;102385;Para a cidade do Cabo.;0
1012281;102385;Para as terras de Colobeng.;1
1012282;102385;Para as margens do rio Zambeze.;0
1012283;102385;Para a região de Mabotza.;0
1012284;102386;Guardavam a água em jarros de barro enterrados sob cinzas frias.;0
1012285;102386;Enchiam cascas vazias de ovos de avestruz, enterravam-nas e acendiam fogueiras por cima.;1
1012286;102386;Escondiam bolsas de couro de antílope no topo das árvores mais altas.;0
1012287;102386;Escavavam poços cobertos com grandes pedras pesadas.;0
1012288;102387;Provou que a África não era apenas um grande deserto, mas sim uma terra rica, com grandes extensões ainda desconhecidas.;1
1012289;102387;Revelou a existência do maior curso de água potável de todo o continente africano.;0
1012290;102387;Serviu como a principal rota de fuga usada pelos escravizados libertados.;0
1012291;102387;Marcou o ponto exato da nascente do famoso rio Nilo.;0
1012292;102388;Roberto, Inês, Tomás e William Oswell.;1
1012293;102388;Roberto, Maria, Pedro e João.;0
1012294;102388;Daniel, Inês, Lucas e William Oswell.;0
1012295;102388;Roberto, Maria, Tomás e Carlos.;0
1012296;102389;"""Se eles fecharem as portas do sul, buscaremos refúgio nos portos do leste.""";0
1012297;102389;"""Eles resolveram fechar o caminho. Eu decidi abri-lo. Ou abro um caminho através do continente, ou morro na tentativa.""";1
1012298;102389;"""Não lutaremos contra nossos próprios irmãos, mas buscaremos a paz em outras terras.""";0
1012299;102389;"""A missão acabou em Colobeng, mas renascerá mais forte na Inglaterra.""";0
1012300;102390;De um pequeno navio a vapor que subia o rio.;0
1012301;102390;Do carro (carroça) em que a família viajava.;1
1012302;102390;De uma montaria de camelos trazidos do Egito.;0
1012303;102390;De uma balsa improvisada para cruzar o rio Zambeze.;0
1012304;102391;Sapateiro e tecelão de seda.;0
1012305;102391;Pintor de quadros e escultor de madeira.;0
1012306;102391;Carpinteiro e ferreiro.;1
1012307;102391;Relojoeiro e consertador de instrumentos náuticos.;0
1012308;102392;Pintura em cerâmica e tecelagem.;0
1012309;102392;Produção de manteiga e velas.;0
1012310;102392;Costura e bordado.;1
1012311;102392;Fabricação de ferramentas de ferro.;0
1012312;102393;Dentro da casa de pedra recém-construída.;0
1012313;102393;À noite, sob a luz das estrelas.;1
1012314;102393;No centro de uma clareira protegida por cercas de madeira.;0
1012315;102393;Às margens do rio Colobeng durante o amanhecer.;0
1012316;102394;Ao rei da Escócia daquela época.;0
1012317;102394;Ao pai de Davi Livingstone, que ficou na Europa.;0
1012318;102394;Ao avô materno, o missionário Roberto Moffat.;1
1012319;102394;Ao capitão do navio que trouxe Davi para a África.;0
1012320;102395;Girafas e zebras.;0
1012321;102395;Rinocerontes e búfalos.;1
1012322;102395;Leões e leopardos.;0
1012323;102395;Hipopótamos e crocodilos.;0
1012324;102396;Armas de fogo e pólvora.;0
1012325;102396;Quinquilharias (objetos de pouco valor).;1
1012326;102396;Tecidos de seda fina vindos da Europa.;0
1012327;102396;Remédios para tratar as febres tropicais.;0
1012328;102397;Raízes venenosas tratadas e frutos amargos.;0
1012329;102397;Peixes secos ao sol e ovos de tartaruga.;0
1012330;102397;Animais silvestres, lagartas, rãs e gafanhotos.;1
1012331;102397;Apenas milho cozido e leite de cabra.;0
1012332;102398;Cavar um buraco profundo e chupar a água através de uma cana oca.;1
1012333;102398;Usar baldes de couro amarrados a longas cordas de cipó.;0
1012334;102398;Filtrar a areia úmida usando tecidos de algodão grosso.;0
1012335;102398;Bater nas pedras com martelos de ferro até encontrar umidade.;0
1012336;102399;Pescar grandes peixes com redes de fibra.;0
1012337;102399;Nadar próximo às margens para se refrescarem do calor.;0
1012338;102399;Remar em pequenas canoas.;1
1012339;102399;Coletar conchas raras para enviar à Inglaterra.;0
1012340;104685;Que não havia perigos na selva.;0
1012341;104685;Que a aventura seria perigosa, apesar de fascinante.;1
1012342;104685;Que a África era totalmente deserta.;0
1012343;104685;Que os nativos não precisavam de missionários.;0
1012344;104686;Apenas perigos.;0
1012345;104686;Somente animais mansos.;0
1012346;104686;Mistérios e encantos, mas com risco de morte sempre presente.;1
1012347;104686;Cidades modernas.;0
1012348;104687;Chonuane.;0
1012349;104687;Colobeng.;0
1012350;104687;Lago Ngami.;0
1012351;104687;Kuruman.;1
1012352;104688;Roberto Moffat, que voltava da Inglaterra para reiniciar seu trabalho missionário.;1
1012353;104688;Henry Stanley, jornalista americano.;0
1012354;104688;Sechele, chefe da aldeia Chonuane.;0
1012355;104688;Maria, sua futura esposa.;0
1012356;104689;Inês, sua futura filha.;0
1012357;104689;Maria, a filha mais velha do missionário Roberto Moffat.;1
1012358;104689;Susi, um carregador fiel.;0
1012359;104689;Sechele, chefe africano.;0
1012360;104690;Dentro de uma igreja em Londres.;0
1012361;104690;Numa cabana em Chonuane.;0
1012362;104690;Debaixo de uma grande amendoeira.;1
1012363;104690;À beira do lago Ngami.;0
1012364;104691;Em Kuruman.;0
1012365;104691;Em Chonuane.;0
1012366;104691;Em Colobeng.;0
1012367;104691;Em Mabotza.;1
1012368;104692;Dos nativos.;1
1012369;104692;Dos comerciantes árabes.;0
1012370;104692;Do governo britânico.;0
1012371;104692;De Roberto Moffat.;0
1012372;104693;Pão e vinho.;0
1012373;104693;Manteiga e velas.;1
1012374;104693;Tecidos e sapatos.;0
1012375;104693;Ferramentas e armas.;0
1012376;104694;De gordura animal.;0
1012377;104694;De óleo de palma.;0
1012378;104694;De cinzas de plantas.;1
1012379;104694;De argila.;0
1012380;104695;Apenas pregava e estudava.;0
1012381;104695;Somente caçava animais selvagens.;0
1012382;104695;Trabalhava como comerciante de marfim.;0
1012383;104695;Lidava no quintal, era carpinteiro, ferreiro, médico e enfermeiro.;1
1012384;104696;Cuidava da casa, alfabetizava crianças e adultos e ensinava costura e bordado.;1
1012385;104696;Caçava leões e outros animais.;0
1012386;104696;Construía casas sozinha.;0
1012387;104696;Negociava escravos.;0
1012388;104697;Ao amanhecer, dentro de uma catedral.;0
1012389;104697;À noite, à luz das estrelas, adorando a Deus e falando do seu amor.;1
1012390;104697;Somente aos domingos, em inglês.;0
1012391;104697;Em silêncio, sem falar de Deus.;0
1012392;104698;Voltar para a Inglaterra.;0
1012393;104698;Passar a trabalhar com seu sogro.;0
1012394;104698;Seguir adiante para um lugar pioneiro, onde não houvesse ainda quem falasse a respeito de Jesus.;1
1012395;104698;Desistir de ser missionário.;0
1012396;104699;Mabotza.;0
1012397;104699;Kuruman.;0
1012398;104699;Colobeng.;0
1012399;104699;Chonuane.;1
1012400;104700;O chefe da aldeia Chonuane, que deu boas-vindas a Livingstone.;1
1012401;104700;Um comerciante de escravos árabes.;0
1012402;104700;Um jornalista americano.;0
1012403;104700;Um missionário inglês.;0
1012404;104701;Animais selvagens e não sabia caçar.;0
1012405;104701;Livros e não sabia ler.;1
1012406;104701;Rios e não sabia nadar.;0
1012407;104701;Casas e não sabia construir.;0
1012408;104702;A construir casas.;0
1012409;104702;A falar inglês fluentemente.;0
1012410;104702;Todo o alfabeto.;1
1012411;104702;A tocar tambores.;0
1012412;104703;Distribuir dinheiro a todos os que se batizassem.;0
1012413;104703;Obrigá-los a frequentar a escola.;0
1012414;104703;Prometer terras aos convertidos.;0
1012415;104703;Dar ordens para que todos fossem surrados com chicotes de couro de rinoceronte até que dissessem que iam adorar a Jesus.;1
1012416;104704;Que Jesus queria ser adorado por amor, não por medo.;1
1012417;104704;Que Jesus exigia castigos físicos.;0
1012418;104704;Que Jesus só aceitava adultos.;0
1012419;104704;Que Jesus não se importava com a forma de adoração.;0
1012420;104705;O filho de Sechele.;0
1012421;104705;O primeiro filho de Davi e Maria Livingstone.;1
1012422;104705;O filho de Roberto Moffat.;0
1012423;104705;Um menino nativo da tribo.;0
1012424;104706;Porque houve uma guerra na aldeia.;0
1012425;104706;Porque o chefe Sechele o expulsou.;0
1012426;104706;Porque uma seca atingiu Chonuane, causando a morte do gado e das pessoas.;1
1012427;104706;Porque queria encontrar o lago Ngami.;0
1012428;104707;Decidiu ficar e esperar.;0
1012429;104707;Decidiu atacá-lo.;0
1012430;104707;Decidiu voltar para a Inglaterra.;0
1012431;104707;Decidiu seguir com ele.;1
1012432;104708;"Eram infestados de feras; rinocerontes e búfalos vinham até a porta da casa.";1
1012433;104708;Eram totalmente seguros e sem animais.;0
1012434;104708;Eram cheios de cidades e estradas.;0
1012435;104708;Eram desertos sem água.;0
1012436;104709;A construírem barcos a vapor.;0
1012437;104709;A canalizarem a água do rio, levando-a até suas plantações.;1
1012438;104709;A caçarem elefantes.;0
1012439;104709;A venderem marfim.;0
1012440;104710;Mais cinco filhos.;0
1012441;104710;Nenhum filho.;0
1012442;104710;Mais dois filhos, que serviriam de companhia para Maria.;1
1012443;104710;Apenas um filho.;0
1012444;104711;Para encontrar ouro e pedras preciosas.;0
1012445;104711;Para fundar uma cidade europeia.;0
1012446;104711;Para fugir dos leões.;0
1012447;104711;Para chegar antes dos comerciantes sem escrúpulos e prevenir os nativos de exploradores e traficantes de escravos.;1
1012448;104712;Trocavam quinquilharias por preciosas presas de elefantes e compravam rapazes para vendê-los como escravos.;1
1012449;104712;Ensinavam-lhes a ler e escrever.;0
1012450;104712;Davam-lhes remédios gratuitamente.;0
1012451;104712;Construíam casas para eles.;0
1012452;104713;Agosto de 1849.;0
1012453;104713;Junho de 1849.;1
1012454;104713;Novembro de 1840.;0
1012455;104713;Abril de 1862.;0
1012456;104714;Por estradas já bem conhecidas.;0
1012457;104714;Por cidades europeias.;0
1012458;104714;Por terras em que nenhum homem branco havia pisado.;1
1012459;104714;Por desertos sem vida.;0
1012460;104715;Apenas os nativos macololos.;0
1012461;104715;Somente Roberto Moffat.;0
1012462;104715;Ninguém o acompanhou.;0
1012463;104715;Maria e as crianças também foram.;1
1012464;104716;Comer de tudo, desde animais silvestres até lagartas, rãs e gafanhotos.;1
1012465;104716;Comer apenas pão e carne.;0
1012466;104716;Comer somente frutas.;0
1012467;104716;Jejuar constantemente.;0
1012468;104717;A viver em palácios.;0
1012469;104717;Aos muitos perigos, às doenças tropicais e às feras.;1
1012470;104717;A comer apenas alimentos europeus.;0
1012471;104717;A viajar somente de navio.;0
1012472;104718;A falta de comida.;0
1012473;104718;O excesso de chuvas.;0
1012474;104718;A falta de água.;1
1012475;104718;A presença de muitos rios.;0
1012476;104719;Guardavam água em grandes tonéis de madeira.;0
1012477;104719;Construíam aquedutos de pedra.;0
1012478;104719;Coletavam água da chuva em cisternas de cimento.;0
1012479;104719;Cavavam buracos profundos em leitos de rios secos, canalizavam a água por cana oca e enchiam cascas de ovos de avestruz, que enterravam.;1
1012480;104720;Faziam fogueiras justamente nos lugares onde estavam escondidos os ovos.;1
1012481;104720;Plantavam árvores ao redor.;0
1012482;104720;Construíam muros altos.;0
1012483;104720;Colocavam pedras grandes.;0
1012484;104721;Era ignorado por todos.;0
1012485;104721;Era socorrido pelos nativos, que repartiam a água armazenada como forma de hospitalidade.;1
1012486;104721;Era expulso da aldeia.;0
1012487;104721;Era obrigado a comprar água com dinheiro.;0
1012488;104722;Porque tinham medo dele.;0
1012489;104722;Porque queriam presentes.;0
1012490;104722;Porque percebiam que era um homem bom.;1
1012491;104722;Porque eram obrigados pelo chefe.;0
1012492;104723;Aprendeu a fabricar armas de fogo.;0
1012493;104723;Aprendeu a navegar em barcos a vapor.;0
1012494;104723;Aprendeu a língua árabe.;0
1012495;104723;Aprendeu os costumes africanos, inclusive a forma de armazenar água.;1
1012496;104724;Depois de uma viagem que durou oito semanas.;1
1012497;104724;Depois de dois anos.;0
1012498;104724;Depois de seis meses.;0
1012499;104724;Depois de três dias.;0
1012500;104725;17 de novembro de 1840.;0
1012501;104725;1º de agosto de 1849.;1
1012502;104725;19 de março de 1813.;0
1012503;104725;18 de abril de 1874.;0
1012504;104726;As nascentes do rio Nilo.;0
1012505;104726;O lago Niassa.;0
1012506;104726;O lago Ngami.;1
1012507;104726;As cataratas de Kebrabasa.;0
1012508;104727;Que a África era totalmente desabitada.;0
1012509;104727;Que a África não tinha rios nem lagos.;0
1012510;104727;Que a África era menor do que se pensava.;0
1012511;104727;Que a África não era apenas um grande deserto, mas uma terra rica, com grandes extensões ainda desconhecidas.;1
1012512;104728;Seus filhos remando em pequenas canoas nas águas claras do lago.;1
1012513;104728;Seus filhos caçando leões.;0
1012514;104728;Maria construindo casas.;0
1012515;104728;Os nativos vendendo escravos.;0
1012516;104729;Encontraram comida em abundância.;0
1012517;104729;Passaram cinco dias sem água, em região deserta, e as crianças adoeceram com febre e desidratação.;1
1012518;104729;Foram recebidos com festa.;0
1012519;104729;Descobriram as nascentes do Nilo.;0
1012520;104730;Que deveria continuar a viagem sem eles.;0
1012521;104730;Que as crianças não precisavam de cuidados.;0
1012522;104730;Que estava sacrificando demais a sua família.;1
1012523;104730;Que a África era um lugar seguro para crianças.;0
1012524;104731;Mandá-los de volta para Mabotza.;0
1012525;104731;Deixá-los sozinhos na selva.;0
1012526;104731;Desistir de ser missionário.;0
1012527;104731;Levá-los até a cidade do Cabo, de onde seguiram para a Inglaterra.;1
1012528;104732;Roberto, Inês, Tomás e o recém-nascido William Oswell.;1
1012529;104732;Roberto, Maria, João e Pedro.;0
1012530;104732;Inês, Tomás, Davi e Maria.;0
1012531;104732;William, Susi, Chumak e Gardner.;0
1012532;104733;Voltou para a Inglaterra com eles.;0
1012533;104733;Voltou sozinho para o interior da África.;1
1012534;104733;Ficou na cidade do Cabo.;0
1012535;104733;Desistiu de explorar.;0
1012536;104734;“Nunca mais voltarei para vê-los.”;0
1012537;104734;“Esqueçam-me, pois a África é mais importante.”;0
1012538;104734;“Reúna as crianças e beije-as por mim. Diga-lhes que as deixei por amor a Jesus. Ficarei muito satisfeito, se souber que todos vocês estão bem na Inglaterra.”;1
1012539;104734;“Não sinto saudades de vocês.”;0
1012540;104735;Que a missão havia prosperado.;0
1012541;104735;Que os nativos haviam construído uma igreja.;0
1012542;104735;Que Moffat havia morrido.;0
1012543;104735;Que a sede da missão em Colobeng havia sido completamente destruída, com mobília quebrada, livros rasgados e paredes derrubadas.;1
1012544;104736;Tinha sido maltratado, e muitos tinham sido mortos.;1
1012545;104736;Tinha sido homenageado.;0
1012546;104736;Tinha fugido para a Inglaterra.;0
1012547;104736;Tinha se tornado rico.;0
1012548;102400;Colobeng;0
1012549;102400;Kuruman;1
1012550;102400;Chonuane;0
1012551;102400;Luanda;0
1012552;102401;Sechele;0
1012553;102401;Sekeletu;0
1012554;102401;Roberto Moffat;1
1012555;102401;Mebalue;0
1012556;102402;Inglaterra;1
1012557;102402;Escócia;0
1012558;102402;China;0
1012559;102402;Angola;0
1012560;102403;Reiniciar seu trabalho missionário;1
1012561;102403;Explorar o lago Ngami;0
1012562;102403;Levar Livingstone para a Europa;0
1012563;102403;Organizar uma expedição comercial;0
1012564;102404;Inês;0
1012565;102404;Maria;1
1012566;102404;Sechele;0
1012567;102404;Mebalue;0
1012568;102405;Irmã mais nova;0
1012569;102405;Sobrinha;0
1012570;102405;Filha mais velha;1
1012571;102405;Prima;0
1012572;102406;Tornaram-se sócios em uma missão;0
1012573;102406;Apaixonaram-se;1
1012574;102406;Viajaram juntos para a Inglaterra;0
1012575;102406;Fundaram uma escola em Kuruman;0
1012576;102407;Às margens de um rio;0
1012577;102407;Debaixo de uma grande amendoeira;1
1012578;102407;Na casa da família Moffat;0
1012579;102407;Dentro de uma igreja;0
1012580;102408;Mabotza;1
1012581;102408;Kuruman;0
1012582;102408;Chonuane;0
1012583;102408;Colobeng;0
1012584;102409;Soldados ingleses;0
1012585;102409;Comerciantes europeus;0
1012586;102409;Os nativos;1
1012587;102409;A família Moffat;0
1012588;102410;Farinha e açúcar;0
1012589;102410;Manteiga e velas;1
1012590;102410;Tecidos e couro;0
1012591;102410;Pão e óleo;0
1012592;102411;Cinzas de plantas;1
1012593;102411;Couro de animais;0
1012594;102411;Barro e água;0
1012595;102411;Folhas secas;0
1012596;102412;Limpava e plantava;1
1012597;102412;Criava animais para venda;0
1012598;102412;Construía embarcações;0
1012599;102412;Fabricava roupas;0
1012600;102413;Alfaiate e sapateiro;0
1012601;102413;Carpinteiro e ferreiro;1
1012602;102413;Oleiro e tecelão;0
1012603;102413;Padeiro e pedreiro;0
1012604;102414;Atuava como médico e enfermeiro;1
1012605;102414;Apenas distribuía remédios;0
1012606;102414;Trabalhava somente como cirurgião;0
1012607;102414;Ensinava os nativos a fabricar medicamentos;0
1012608;102415;Cuidar da casa;1
1012609;102415;Construir ferramentas;0
1012610;102415;Dirigir expedições;0
1012611;102415;Trabalhar como ferreira;0
1012612;102416;Apenas crianças;0
1012613;102416;Apenas mulheres;0
1012614;102416;Crianças e adultos;1
1012615;102416;Somente os chefes das aldeias;0
1012616;102417;Medicina e enfermagem;0
1012617;102417;Costura e bordado;1
1012618;102417;Carpintaria e agricultura;0
1012619;102417;Leitura e navegação;0
1012620;102418;Cultos;1
1012621;102418;Procissões;0
1012622;102418;Conferências;0
1012623;102418;Reuniões comerciais;0
1012624;102419;À luz de tochas;0
1012625;102419;À luz das estrelas;1
1012626;102419;À luz de lampiões;0
1012627;102419;À luz de fogueiras;0
1012628;102420;Ensinavam técnicas agrícolas;0
1012629;102420;Adoravam a Deus e falavam do seu amor;1
1012630;102420;Preparavam os nativos para viagens;0
1012631;102420;Discutiam assuntos políticos;0
1012632;102421;A chegada de outro missionário para trabalhar em Mabotza;1
1012633;102421;A destruição de sua casa;0
1012634;102421;Uma nova seca;0
1012635;102421;Uma ordem do governo britânico;0
1012636;102422;Uma região já atendida por vários missionários;0
1012637;102422;Um lugar pioneiro onde ainda não houvesse quem falasse de Jesus;1
1012638;102422;Uma grande cidade comercial;0
1012639;102422;Uma região próxima ao litoral;0
1012640;102423;Norte;1
1012641;102423;Sul;0
1012642;102423;Leste;0
1012643;102423;Oeste;0
1012644;102424;Kuruman;0
1012645;102424;Chonuane;1
1012646;102424;Colobeng;0
1012647;102424;Ujiji;0
1012648;102425;Mebalue;0
1012649;102425;Sechele;1
1012650;102425;Susi;0
1012651;102425;Baraka;0
1012652;102426;Com desconfiança;0
1012653;102426;Com hostilidade;0
1012654;102426;Com alegria;1
1012655;102426;Com indiferença;0
1012656;102427;Construíram uma casa e começaram a ensinar as crianças;1
1012657;102427;Abriram um comércio e uma oficina;0
1012658;102427;Fundaram um hospital e uma fazenda;0
1012659;102427;Construíram uma igreja e um porto;0
1012660;102428;Já possuía vários livros e sabia ler;0
1012661;102428;Nunca tinha visto livros e não sabia ler;1
1012662;102428;Sabia ler apenas textos religiosos;0
1012663;102428;Sabia escrever, mas não conseguia ler;0
1012664;102429;Um dia;1
1012665;102429;Uma semana;0
1012666;102429;Um mês;0
1012667;102429;Três meses;0
1012668;102430;Que se tornassem comerciantes;0
1012669;102430;Que fossem cristãos;1
1012670;102430;Que aprendessem medicina;0
1012671;102430;Que viajassem com Livingstone;0
1012672;102431;Oferecer alimentos aos que aceitassem;0
1012673;102431;Expulsar da aldeia os que recusassem;0
1012674;102431;Mandar surrá-los com chicotes de couro de rinoceronte;1
1012675;102431;Confiscar o gado dos que recusassem;0
1012676;102432;Couro de búfalo;0
1012677;102432;Couro de rinoceronte;1
1012678;102432;Pele de leão;0
1012679;102432;Fibras de árvores;0
1012680;102433;Por amor, e não por medo;1
1012681;102433;Apenas por pessoas alfabetizadas;0
1012682;102433;Somente durante os cultos;0
1012683;102433;Por determinação do chefe da tribo;0
1012684;102434;Mabotza;0
1012685;102434;Colobeng;0
1012686;102434;Chonuane;1
1012687;102434;Kuruman;0
1012688;102435;Tomás;0
1012689;102435;Roberto;1
1012690;102435;William;0
1012691;102435;Henry;0
1012692;102436;Em homenagem ao avô;1
1012693;102436;Em homenagem ao chefe Sechele;0
1012694;102436;Em homenagem a um explorador;0
1012695;102436;Em homenagem ao pai de Livingstone;0
1012696;102437;Uma enchente;0
1012697;102437;Uma seca;1
1012698;102437;Um terremoto;0
1012699;102437;Uma tempestade;0
1012700;102438;A morte do gado e das pessoas;1
1012701;102438;A destruição das casas;0
1012702;102438;O desaparecimento dos rios;0
1012703;102438;A fuga dos animais selvagens;0
1012704;102439;Kuruman;0
1012705;102439;Mabotza;0
1012706;102439;Colobeng;1
1012707;102439;Luanda;0
1012708;102440;Ficava ao lado do rio;1
1012709;102440;Ficava próximo ao mar;0
1012710;102440;Possuía grandes montanhas;0
1012711;102440;Ficava cercado por lagos;0
1012712;102441;Permanecer em Chonuane;0
1012713;102441;Seguir com Livingstone;1
1012714;102441;Voltar para Mabotza;0
1012715;102441;Ir para Kuruman;0
1012716;102442;Leões e elefantes;0
1012717;102442;Rinocerontes e búfalos;1
1012718;102442;Leopardos e hienas;0
1012719;102442;Crocodilos e hipopótamos;0
1012720;102443;À porta da casa;1
1012721;102443;À entrada da aldeia;0
1012722;102443;À margem do rio;0
1012723;102443;À escola das crianças;0
1012724;102444;Canalizar a água do rio até as plantações;1
1012725;102444;Construir poços ao redor das casas;0
1012726;102444;Armazenar água em barris;0
1012727;102444;Plantar somente durante a estação das chuvas;0
1012728;102445;Um;0
1012729;102445;Dois;1
1012730;102445;Três;0
1012731;102445;Quatro;0
1012732;102446;Porque Davi passaria a viajar muito;1
1012733;102446;Porque Roberto seria enviado à Inglaterra;0
1012734;102446;Porque Maria deixaria de trabalhar;0
1012735;102446;Porque a família se mudaria para Londres;0
1012736;102447;A presença de comerciantes sem escrúpulos;1
1012737;102447;A falta de missionários ingleses nas cidades;0
1012738;102447;O crescimento das plantações de algodão;0
1012739;102447;A ausência de animais para transporte;0
1012740;102448;Trocavam quinquilharias pelas presas;1
1012741;102448;Compravam-nas com grandes quantias de ouro;0
1012742;102448;Ofereciam gado em troca;0
1012743;102448;Davam medicamentos aos chefes;0
1012744;102449;Couro;0
1012745;102449;Marfim;1
1012746;102449;Algodão;0
1012747;102449;Madeira;0
1012748;102450;Compravam rapazes para vendê-los como escravos;1
1012749;102450;Destruíam as plantações das aldeias;0
1012750;102450;Roubavam os livros das escolas;0
1012751;102450;Proibiam os nativos de utilizar os rios;0
1012752;102451;Voltavam para suas famílias depois de alguns anos;0
1012753;102451;Nunca mais viam suas famílias e trabalhavam pelo resto da vida;1
1012754;102451;Eram enviados para escolas no litoral;0
1012755;102451;Tornavam-se carregadores de Livingstone;0
1012756;102452;Eram tratados como animais;1
1012757;102452;Eram empregados como professores;0
1012758;102452;Recebiam terras para cultivar;0
1012759;102452;Tornavam-se comerciantes;0
1012760;102453;Para prevenir os nativos contra exploradores e traficantes;1
1012761;102453;Para comprar marfim antes deles;0
1012762;102453;Para encontrar novos trabalhadores;0
1012763;102453;Para criar uma rota comercial própria;0
1012764;102454;Março de 1848;0
1012765;102454;Junho de 1849;1
1012766;102454;Agosto de 1849;0
1012767;102454;Novembro de 1850;0
1012768;102455;Nenhum homem branco havia pisado nelas;1
1012769;102455;Já estavam totalmente mapeadas;0
1012770;102455;Eram controladas pelo governo inglês;0
1012771;102455;Possuíam estradas bem construídas;0
1012772;102456;Apenas carregadores africanos;0
1012773;102456;Maria e as crianças;1
1012774;102456;Roberto Moffat e Sechele;0
1012775;102456;Somente seu filho Roberto;0
1012776;102457;Perigos, doenças tropicais e feras;1
1012777;102457;Apenas tempestades e frio intenso;0
1012778;102457;Naufrágios e terremotos;0
1012779;102457;Guerras entre países europeus;0
1012780;102458;Lagartas, rãs e gafanhotos;1
1012781;102458;Cobras, escorpiões e formigas;0
1012782;102458;Peixes, caranguejos e moluscos;0
1012783;102458;Raízes, sementes e folhas;0
1012784;102459;Falta de água;1
1012785;102459;Falta de roupas;0
1012786;102459;Falta de armas;0
1012787;102459;Falta de cavalos;0
1012788;102460;Debaixo do leito dos antigos rios;1
1012789;102460;No interior das árvores;0
1012790;102460;No alto das montanhas;0
1012791;102460;Sob grandes rochas;0
1012792;102461;Cavavam um buraco profundo;1
1012793;102461;Construíam uma barragem;0
1012794;102461;Quebravam grandes rochas;0
1012795;102461;Esperavam a época das chuvas;0
1012796;102462;Uma cana oca;1
1012797;102462;Um tubo de metal;0
1012798;102462;Uma mangueira de couro;0
1012799;102462;Um vaso de barro;0
1012800;102463;Chupavam a água pelo canudo;1
1012801;102463;Usavam baldes presos a cordas;0
1012802;102463;Bombeavam a água manualmente;0
1012803;102463;Utilizavam vasilhas de barro;0
1012804;102464;Cascas vazias de ovos de avestruz;1
1012805;102464;Potes grandes de barro;0
1012806;102464;Bolsas feitas de couro;0
1012807;102464;Troncos ocos de árvores;0
1012808;102465;Enterravam-nas;1
1012809;102465;Pendiam-nas em árvores;0
1012810;102465;Guardavam-nas nas cabanas;0
1012811;102465;Colocavam-nas dentro do rio;0
1012812;102466;Faziam fogueiras sobre os locais;1
1012813;102466;Cobriam os locais com pedras;0
1012814;102466;Construíam cercas em volta;0
1012815;102466;Plantavam árvores nos locais;0
1012816;102467;Aprendeu esses costumes;1
1012817;102467;Recusou-se a utilizá-los;0
1012818;102467;Proibiu sua utilização;0
1012819;102467;Substituiu-os por métodos europeus;0
1012820;102468;Repartiam com ele a água armazenada;1
1012821;102468;Levavam-no de volta a Colobeng;0
1012822;102468;Ofereciam apenas alimentos;0
1012823;102468;Emprestavam animais para procurar rios;0
1012824;102469;Como demonstração de hospitalidade, pois percebiam que ele era um homem bom;1
1012825;102469;Porque recebiam pagamento do governo inglês;0
1012826;102469;Porque tinham medo do missionário;0
1012827;102469;Porque queriam viajar para a Inglaterra;0
1012828;102470;Quatro semanas;0
1012829;102470;Seis semanas;0
1012830;102470;Oito semanas;1
1012831;102470;Doze semanas;0
1012832;102471;1º de agosto de 1849;1
1012833;102471;19 de março de 1849;0
1012834;102471;17 de novembro de 1849;0
1012835;102471;1º de junho de 1850;0
1012836;102472;Lago Niassa;0
1012837;102472;Lago Ngami;1
1012838;102472;Lago Tanganica;0
1012839;102472;Rio Zambeze;0
1012840;102473;Que a África não era apenas um grande deserto;1
1012841;102473;Que toda a região era desabitada;0
1012842;102473;Que os grandes rios haviam secado;0
1012843;102473;Que o continente já havia sido completamente explorado;0
1012844;102474;Era uma terra rica com grandes extensões ainda desconhecidas;1
1012845;102474;Era formada principalmente por regiões desérticas;0
1012846;102474;Não possuía grandes reservas de água;0
1012847;102474;Já havia sido totalmente percorrida por europeus;0
1012848;102475;Um ano;0
1012849;102475;Dois anos;1
1012850;102475;Quatro anos;0
1012851;102475;Cinco anos;0
1012852;102476;Remando em pequenas canoas;1
1012853;102476;Pescando com redes;0
1012854;102476;Nadando até a outra margem;0
1012855;102476;Construindo embarcações;0
1012856;102477;Três dias;0
1012857;102477;Cinco dias;1
1012858;102477;Sete dias;0
1012859;102477;Dez dias;0
1012860;102478;Febre e desidratação;1
1012861;102478;Malária e pneumonia;0
1012862;102478;Tosse e infecção;0
1012863;102478;Ferimentos e queimaduras;0
1012864;102479;Estava sacrificando demais sua família;1
1012865;102479;Deveria abandonar definitivamente a África;0
1012866;102479;Precisava levar mais carregadores;0
1012867;102479;Deveria permanecer no lago Ngami;0
1012868;102480;Cidade do Cabo;1
1012869;102480;Luanda;0
1012870;102480;Glasgow;0
1012871;102480;Zanzibar;0
1012872;102481;Dois;0
1012873;102481;Três;0
1012874;102481;Quatro;1
1012875;102481;Cinco;0
1012876;102482;Roberto, Inês, Tomás e William Oswell;1
1012877;102482;Roberto, Maria, Tomás e Henry;0
1012878;102482;Inês, Roberto, Henry e Gardner;0
1012879;102482;Tomás, William, Susi e Roberto;0
1012880;102483;Roberto;0
1012881;102483;Inês;0
1012882;102483;Tomás;0
1012883;102483;William Oswell;1
1012884;102484;Voltou sozinho para o interior da África;1
1012885;102484;Também viajou para a Inglaterra;0
1012886;102484;Permaneceu na Cidade do Cabo;0
1012887;102484;Mudou-se para Kuruman;0
1012888;102485;Que reunisse as crianças e as beijasse por ele;1
1012889;102485;Que os enviasse de volta à África;0
1012890;102485;Que ensinasse medicina a Roberto;0
1012891;102485;Que levasse todos para Glasgow;0
1012892;102486;Que os havia deixado por amor a Jesus;1
1012893;102486;Que precisava trabalhar para o governo;0
1012894;102486;Que estava procurando o rio Nilo;0
1012895;102486;Que não podia retornar por causa de uma guerra;0
1012896;102487;A sede da missão havia sido completamente destruída;1
1012897;102487;Uma nova escola havia sido construída;0
1012898;102487;Sechele havia abandonado a região;0
1012899;102487;A missão havia recebido novos missionários;0
1012900;102488;Mobília quebrada, livros rasgados e paredes derrubadas;1
1012901;102488;Apenas as plantações foram destruídas;0
1012902;102488;Somente o gado foi levado;0
1012903;102488;A casa de Livingstone foi inundada;0
1012904;102489;Foi maltratado, e muitos foram mortos;1
1012905;102489;Foi levado inteiro para outra aldeia;0
1012906;102489;Conseguiu escapar sem perdas;0
1012907;102489;Foi enviado para a Inglaterra;0
1012908;102490;O gado;1
1012909;102490;Os barcos;0
1012910;102490;Os alimentos de Livingstone;0
1012911;102490;As ferramentas dos missionários;0
1012912;102491;Homens brancos;1
1012913;102491;Comerciantes árabes;0
1012914;102491;Uma tribo vizinha;0
1012915;102491;Soldados de Sechele;0
1012916;102492;Queriam continuar explorando os nativos;1
1012917;102492;Desejavam proteger as aldeias de estrangeiros;0
1012918;102492;Pretendiam impedir ataques de animais;0
1012919;102492;Queriam preservar as rotas missionárias existentes;0
1012920;102493;Decidiu abrir o caminho;1
1012921;102493;Resolveu abandonar as explorações;0
1012922;102493;Retornou definitivamente à Inglaterra;0
1012923;102493;Passou a trabalhar apenas em Colobeng;0
1012924;102494;Abriria o caminho ou morreria na tentativa;1
1012925;102494;Tentaria somente enquanto recebesse apoio do governo;0
1012926;102494;Permaneceria na África por mais dois anos;0
1012927;102494;Desistiria se encontrasse resistência dos comerciantes;0
1012928;102495;Conheceu Maria, filha mais velha de Roberto Moffat, com quem veio a se casar.;1
1012929;102495;Decidiu adotar uma criança nativa órfã resgatada durante uma expedição pioneira.;0
1012930;102495;Resolveu abandonar a medicina para se dedicar exclusivamente à cartografia física.;0
1012931;102495;Recebeu a visita oficial de emissários do governo britânico com novos recursos.;0
1012932;102496;Ofereceu dezenas de cabeças de gado em troca de exemplares impressos de livros.;0
1012933;102496;Aprendeu todo o alfabeto em apenas um dia, embora nunca antes tivesse visto livros.;1
1012934;102496;Convocou os sábios das aldeias vizinhas para traduzirem dialetos em manuscritos.;0
1012935;102496;Mandou esculpir os símbolos do alfabeto em estacas de madeira ao redor da aldeia.;0
1012936;102497;Prender os moradores desobedientes em paliçadas até que aceitassem as orações.;0
1012937;102497;Ordenar que todos fossem surrados com chicotes de couro de rinoceronte.;1
1012938;102497;Confiscar os mantimentos agrícolas das famílias que mantivessem cultos ancestrais.;0
1012939;102497;Expulsar das terras comunais os membros que recusassem o batismo imediato.;0
1012940;102498;Uma invasão catastrófica de enxames de gafanhotos nas plantações.;0
1012941;102498;Uma seca rigorosa que começou a matar o gado e as pessoas da comunidade.;1
1012942;102498;Uma enchente torrencial que inundou completamente as habitações e roças.;0
1012943;102498;Um surto endêmico e incontrolável de malária disseminado na localidade.;0
1012944;102499;Escavar poços e sugar a água com cana oca, armazenando-a em cascas de ovos de avestruz enterradas.;1
1012945;102499;Coletar o orvalho matinal das folhagens em jarros de argila cozida cobertos de palha trançada.;0
1012946;102499;Destilar a seiva de raízes de arbustos do deserto e armazená-la em couros de antílopes secos.;0
1012947;102499;Reter a umidade condensada de fogueiras noturnas em recipientes de pedra polida.;0
1012948;102500;O lago Vitória.;0
1012949;102500;O lago Ngami.;1
1012950;102500;As cataratas de Kebrabasa.;0
1012951;102500;O rio Congo.;0
1012952;102501;Estabeleceu residência permanente na Cidade do Cabo para atuar apenas como médico urbano.;0
1012953;102501;Enviou sua esposa Maria e seus quatro filhos pequenos de navio para a Inglaterra.;1
1012954;102501;Transferiu toda a sua família para a base missionária permanente de seu sogro em Kuruman.;0
1012955;102501;Interrompeu temporariamente as viagens até que as crianças atingissem a maioridade civil.;0
1012956;102502;Fora destruída por homens brancos exploradores que agrediram o povo e levaram o gado.;1
1012957;102502;Fora consumida acidentalmente por um incêndio iniciado na carpintaria da comunidade.;0
1012958;102502;Fora abandonada pelos nativos após o surgimento de uma epidemia letal e contagiosa.;0
1012959;102502;Fora confiscada pelo governo colonial britânico para a instalação de um posto aduaneiro.;0
1012960;104737;Que seria fácil e sem grandes perigos.;0
1012961;104737;Que seria fascinante, mas também perigosa.;1
1012962;104737;Que seria limitada apenas ao ensino escolar.;0
1012963;104737;Que aconteceria principalmente em cidades desenvolvidas.;0
1012964;104738;O risco de morte.;1
1012965;104738;A presença de grandes navios.;0
1012966;104738;A falta de habitantes.;0
1012967;104738;O perigo de terremotos constantes.;0
1012968;104739;Para Colobeng.;0
1012969;104739;Para Chonuane.;0
1012970;104739;Para Kuruman.;1
1012971;104739;Para a cidade do Cabo.;0
1012972;104740;Sechele, chefe de Chonuane.;0
1012973;104740;Roberto Moffat.;1
1012974;104740;Um grupo de comerciantes.;0
1012975;104740;O chefe dos macololos.;0
1012976;104741;Retornava da Inglaterra para reiniciar seu trabalho missionário.;1
1012977;104741;Partia para a China para iniciar uma nova missão.;0
1012978;104741;Procurava comerciantes desaparecidos na selva.;0
1012979;104741;Voltava de uma viagem ao lago Ngami.;0
1012980;104742;A filha mais velha de Roberto Moffat.;1
1012981;104742;A chefe de uma aldeia africana.;0
1012982;104742;A irmã de Mebalue.;0
1012983;104742;Uma professora da cidade de Kuruman.;0
1012984;104743;Tornaram-se rivais no trabalho missionário.;0
1012985;104743;Decidiram viajar separadamente pela África.;0
1012986;104743;Apaixonaram-se.;1
1012987;104743;Passaram a trabalhar em cidades diferentes.;0
1012988;104744;À margem do rio de Colobeng.;0
1012989;104744;Debaixo de uma grande amendoeira.;1
1012990;104744;Dentro da casa da família Moffat.;0
1012991;104744;Em uma igreja de Kuruman.;0
1012992;104745;Em Mabotza.;1
1012993;104745;Em Londres.;0
1012994;104745;Em Chonuane.;0
1012995;104745;Em Glasgow.;0
1012996;104746;De comerciantes europeus.;0
1012997;104746;Dos soldados britânicos.;0
1012998;104746;Dos nativos.;1
1012999;104746;Dos diretores da missão.;0
1013000;104747;A fazer manteiga e fabricar velas.;1
1013001;104747;A construir canoas e preparar remédios.;0
1013002;104747;A produzir armas e cultivar trigo.;0
1013003;104747;A fabricar tecidos e explorar minas.;0
1013004;104748;De gordura de animais selvagens.;0
1013005;104748;De cinzas de plantas.;1
1013006;104748;De óleo de elefante.;0
1013007;104748;De areia e água do rio.;0
1013008;104749;Com medo e desejo de retornar à Europa.;0
1013009;104749;Com toda a coragem.;1
1013010;104749;Evitando o contato com os nativos.;0
1013011;104749;Dependendo exclusivamente de comerciantes.;0
1013012;104750;Cuidava do quintal, limpava, plantava, trabalhava como carpinteiro e ferreiro e ajudava como médico e enfermeiro.;1
1013013;104750;Apenas administrava os recursos financeiros da missão.;0
1013014;104750;Fabricava navios e comandava expedições militares.;0
1013015;104750;Negociava marfim e organizava o comércio da aldeia.;0
1013016;104751;Ensinava apenas técnicas de agricultura.;0
1013017;104751;Alfabetizava crianças e adultos.;1
1013018;104751;Treinava os homens para caçar leões.;0
1013019;104751;Preparava os nativos para o comércio de marfim.;0
1013020;104752;Costura e bordado.;1
1013021;104752;Metalurgia e carpintaria.;0
1013022;104752;Navegação e cartografia.;0
1013023;104752;Caça e criação de gado.;0
1013024;104753;Realizavam cultos à luz das estrelas.;1
1013025;104753;Organizavam expedições para caçar feras.;0
1013026;104753;Estudavam mapas comerciais da África.;0
1013027;104753;Construíam canais para as plantações.;0
1013028;104754;Adorar a Deus e falar a todos sobre o amor dele.;1
1013029;104754;Ensinar os nativos a negociar marfim.;0
1013030;104754;Preparar os moradores para fugir da aldeia.;0
1013031;104754;Escolher os líderes das expedições de caça.;0
1013032;104755;Porque queria voltar definitivamente para a Escócia.;0
1013033;104755;Porque desejava seguir para um lugar pioneiro, onde ninguém ainda falasse de Jesus.;1
1013034;104755;Porque havia perdido o interesse pelo trabalho missionário.;0
1013035;104755;Porque os nativos haviam proibido sua permanência.;0
1013036;104756;Para o sul.;0
1013037;104756;Para o leste.;0
1013038;104756;Para o oeste.;0
1013039;104756;Para o norte.;1
1013040;104757;Kuruman.;0
1013041;104757;Chonuane.;1
1013042;104757;Colobeng.;0
1013043;104757;Ngami.;0
1013044;104758;Um comerciante europeu.;0
1013045;104758;Um médico da missão.;0
1013046;104758;O chefe da aldeia.;1
1013047;104758;Um explorador inglês.;0
1013048;104759;Com desconfiança.;0
1013049;104759;Com alegria e boas-vindas.;1
1013050;104759;Com hostilidade.;0
1013051;104759;Com indiferença.;0
1013052;104760;Construíram outra casa e começaram a ensinar as crianças.;1
1013053;104760;Abriram uma loja de ferramentas.;0
1013054;104760;Construíram uma fortaleza contra os leões.;0
1013055;104760;Organizaram a venda de marfim.;0
1013056;104761;Animais selvagens.;0
1013057;104761;Livros.;1
1013058;104761;Rios.;0
1013059;104761;Casas de madeira.;0
1013060;104762;Uma semana.;0
1013061;104762;Um mês.;0
1013062;104762;Um dia.;1
1013063;104762;Um ano.;0
1013064;104763;Que se tornassem comerciantes.;0
1013065;104763;Que fossem para a Inglaterra.;0
1013066;104763;Que se tornassem cristãos.;1
1013067;104763;Que abandonassem Chonuane.;0
1013068;104764;Distribuir livros entre os moradores.;0
1013069;104764;Obrigar as pessoas a serem surradas até declararem que adorariam a Jesus.;1
1013070;104764;Enviar todos os membros da tribo para estudar na Europa.;0
1013071;104764;Construir uma igreja em cada parte da aldeia.;0
1013072;104765;Chicotes de couro de rinoceronte.;1
1013073;104765;Chicotes feitos de couro de búfalo.;0
1013074;104765;Chicotes de corda e madeira.;0
1013075;104765;Chicotes de couro de elefante.;0
1013076;104766;Que Jesus deveria ser adorado por amor, não por medo.;1
1013077;104766;Que Jesus deveria ser adorado apenas pelos chefes.;0
1013078;104766;Que Jesus deveria ser adorado somente durante as viagens.;0
1013079;104766;Que Jesus deveria ser adorado por meio de sacrifícios de animais.;0
1013080;104767;Tomás.;0
1013081;104767;William Oswell.;0
1013082;104767;Roberto.;1
1013083;104767;Mebalue.;0
1013084;104768;Em homenagem ao avô.;1
1013085;104768;Em homenagem ao chefe Sechele.;0
1013086;104768;Em homenagem a um comerciante amigo.;0
1013087;104768;Em homenagem ao primeiro professor de Livingstone.;0
1013088;104769;Uma epidemia.;0
1013089;104769;Uma guerra.;0
1013090;104769;Uma seca.;1
1013091;104769;Uma inundação.;0
1013092;104770;Para as terras de Colobeng, ao lado do rio.;1
1013093;104770;Para a cidade do Cabo.;0
1013094;104770;Para a Inglaterra.;0
1013095;104770;Para Kuruman, no interior da Escócia.;0
1013096;104771;Permanecer na aldeia.;0
1013097;104771;Seguir com ele.;1
1013098;104771;Retornar para Mabotza.;0
1013099;104771;Dividir-se entre várias tribos.;0
1013100;104772;Eram completamente desabitados.;0
1013101;104772;Eram infestados de feras.;1
1013102;104772;Eram cobertos por neve.;0
1013103;104772;Eram formados por grandes cidades.;0
1013104;104773;Leões e leopardos.;0
1013105;104773;Elefantes e girafas.;0
1013106;104773;Rinocerontes e búfalos.;1
1013107;104773;Macacos e crocodilos.;0
1013108;104774;A canalizar a água do rio até as plantações.;1
1013109;104774;A fabricar armas de fogo.;0
1013110;104774;A construir navios para atravessar o oceano.;0
1013111;104774;A capturar animais para vender aos comerciantes.;0
1013112;104775;O casal teve mais dois filhos.;1
1013113;104775;A família retornou imediatamente para a Escócia.;0
1013114;104775;Maria passou a trabalhar em Londres.;0
1013115;104775;O casal deixou de viver com os nativos.;0
1013116;104776;Porque Davi teria de viajar muito.;1
1013117;104776;Porque Maria não poderia mais ensinar na aldeia.;0
1013118;104776;Porque as crianças seriam treinadas para caçar.;0
1013119;104776;Porque a família pretendia abandonar a missão.;0
1013120;104777;Comerciantes honestos que ajudavam as aldeias.;0
1013121;104777;Comerciantes sem escrúpulos que enganavam os nativos.;1
1013122;104777;Comerciantes que vendiam apenas alimentos.;0
1013123;104777;Comerciantes enviados por Moffat para auxiliar a missão.;0
1013124;104778;Mais ao norte.;1
1013125;104778;Mais ao sul.;0
1013126;104778;Próximo à cidade do Cabo.;0
1013127;104778;Na costa da Inglaterra.;0
1013128;104779;Ferramentas de ferro.;0
1013129;104779;Alimentos e remédios.;0
1013130;104779;Quinquilharias.;1
1013131;104779;Livros e roupas.;0
1013132;104780;Com a venda do marfim.;1
1013133;104780;Com a venda de alimentos.;0
1013134;104780;Com a fabricação de casas.;0
1013135;104780;Com a comercialização de livros.;0
1013136;104781;Compravam rapazes para depois vendê-los como escravos.;1
1013137;104781;Contratavam nativos para trabalhar nas missões.;0
1013138;104781;Ensinavam os jovens a ler e escrever.;0
1013139;104781;Levavam crianças para estudar na Inglaterra.;0
1013140;104782;Voltariam rapidamente para suas famílias.;0
1013141;104782;Nunca mais veriam suas famílias e trabalhariam a vida inteira em terra estranha.;1
1013142;104782;Receberiam terras e animais depois de alguns anos.;0
1013143;104782;Seriam treinados para se tornarem missionários.;0
1013144;104783;Para vender produtos aos nativos antes deles.;0
1013145;104783;Para prevenir os nativos contra exploradores e traficantes de escravos.;1
1013146;104783;Para encontrar novas minas de ouro.;0
1013147;104783;Para construir casas nas regiões mais distantes.;0
1013148;104784;Em março de 1840.;0
1013149;104784;Em junho de 1849.;1
1013150;104784;Em agosto de 1849.;0
1013151;104784;Em novembro de 1850.;0
1013152;104785;Porque passaram por terras onde nenhum homem branco havia pisado.;1
1013153;104785;Porque viajavam por uma região completamente urbanizada.;0
1013154;104785;Porque seguiam por uma rota já conhecida pelos comerciantes.;0
1013155;104785;Porque pretendiam retornar definitivamente para a Inglaterra.;0
1013156;104786;Apenas Roberto Moffat.;0
1013157;104786;Somente os comerciantes europeus.;0
1013158;104786;Maria e as crianças.;1
1013159;104786;Apenas os chefes das aldeias.;0
1013160;104787;Com perigos, doenças tropicais e feras.;1
1013161;104787;Com neve, terremotos e vulcões.;0
1013162;104787;Com guerras navais e tempestades no oceano.;0
1013163;104787;Com falta de escolas e bibliotecas.;0
1013164;104788;Animais silvestres, lagartas, rãs e gafanhotos.;1
1013165;104788;Apenas frutas e raízes.;0
1013166;104788;Peixes, trigo e carne bovina.;0
1013167;104788;Somente alimentos levados da Inglaterra.;0
1013168;104789;A falta de água.;1
1013169;104789;A ausência de animais para caçar.;0
1013170;104789;O excesso de chuvas.;0
1013171;104789;A falta de meios de transporte marítimo.;0
1013172;104790;No alto das montanhas.;0
1013173;104790;No fundo do leito de antigos rios.;1
1013174;104790;Dentro das casas abandonadas.;0
1013175;104790;Em poços construídos pelos comerciantes.;0
1013176;104791;Cavavam um buraco profundo e canalizavam a água por uma cana oca.;1
1013177;104791;Utilizavam baldes de metal trazidos da Europa.;0
1013178;104791;Esperavam a água subir naturalmente até a superfície.;0
1013179;104791;Construíam represas com troncos de árvores.;0
1013180;104792;Em vasos de barro.;0
1013181;104792;Em barris de madeira.;0
1013182;104792;Em cascas vazias de ovos de avestruz.;1
1013183;104792;Em cabaças trazidas pelos comerciantes.;0
1013184;104793;Colocavam-nas sobre as árvores.;0
1013185;104793;Enterravam-nas para escondê-las.;1
1013186;104793;Levavam-nas imediatamente para os comerciantes.;0
1013187;104793;Quebravam-nas depois de retirar a água.;0
1013188;104794;Plantavam árvores sobre os ovos.;0
1013189;104794;Construíam pequenas casas.;0
1013190;104794;Faziam fogueiras justamente nesses lugares.;1
1013191;104794;Marcavam os locais com pedras coloridas.;0
1013192;104795;Aprendeu os costumes africanos.;1
1013193;104795;Proibiu os nativos de esconder água.;0
1013194;104795;Construiu reservatórios de pedra.;0
1013195;104795;Passou a levar água somente em navios.;0
1013196;104796;Repartiam com ele a água armazenada.;1
1013197;104796;Indicavam o caminho de volta para Colobeng.;0
1013198;104796;Trocavam a água por armas.;0
1013199;104796;Construíam imediatamente um novo rio.;0
1013200;104797;Porque queriam receber marfim em troca.;0
1013201;104797;Porque percebiam que ele era um homem bom e desejavam demonstrar hospitalidade.;1
1013202;104797;Porque tinham excesso de água em todas as aldeias.;0
1013203;104797;Porque eram obrigados pelos comerciantes.;0
1013204;104798;Duas semanas.;0
1013205;104798;Cinco semanas.;0
1013206;104798;Oito semanas.;1
1013207;104798;Doze semanas.;0
1013208;104799;Em 1º de agosto de 1849.;1
1013209;104799;Em 17 de novembro de 1840.;0
1013210;104799;Em 19 de março de 1813.;0
1013211;104799;Em 1º de junho de 1850.;0
1013212;104800;Sua primeira grande descoberta.;1
1013213;104800;O fim de suas viagens pela África.;0
1013214;104800;O início de seu trabalho na Inglaterra.;0
1013215;104800;A derrota diante dos comerciantes.;0
1013216;104801;Que o continente era apenas um grande deserto.;0
1013217;104801;Que a África era uma terra rica, com grandes extensões ainda desconhecidas.;1
1013218;104801;Que todas as regiões africanas já eram conhecidas.;0
1013219;104801;Que não havia possibilidade de vida no interior do continente.;0
1013220;104802;Pescar em grandes barcos.;0
1013221;104802;Remar em pequenas canoas.;1
1013222;104802;Construir pontes sobre o lago.;0
1013223;104802;Nadar até a margem oposta.;0
1013224;104803;Enfrentaram muitas dificuldades.;1
1013225;104803;Encontraram uma cidade europeia.;0
1013226;104803;Foram recebidos por comerciantes ricos.;0
1013227;104803;Não encontraram mais água no lago.;0
1013228;104804;Três dias.;0
1013229;104804;Quatro dias.;0
1013230;104804;Cinco dias.;1
1013231;104804;Oito dias.;0
1013232;104805;Adoeceram com febre e desidratação.;1
1013233;104805;Foram separadas da família pelos comerciantes.;0
1013234;104805;Aprenderam a encontrar água subterrânea.;0
1013235;104805;Foram levadas de volta para Chonuane.;0
1013236;104806;Que estava sacrificando demais sua família.;1
1013237;104806;Que Maria não queria mais acompanhá-lo.;0
1013238;104806;Que as crianças estavam preparadas para novas expedições.;0
1013239;104806;Que a viagem era mais segura do que imaginava.;0
1013240;104807;Levá-los até a cidade do Cabo e, de lá, enviá-los para a Inglaterra.;1
1013241;104807;Deixá-los em uma aldeia africana.;0
1013242;104807;Retornar com toda a família para Colobeng.;0
1013243;104807;Enviá-los para estudar em Glasgow.;0
1013244;104808;Dois.;0
1013245;104808;Três.;0
1013246;104808;Quatro.;1
1013247;104808;Cinco.;0
1013248;104809;Roberto, Inês, Tomás e William Oswell.;1
1013249;104809;Roberto, Maria, João e William.;0
1013250;104809;Tomás, Mebalue, Sechele e Inês.;0
1013251;104809;Roberto, Moffat, Inês e Tomás.;0
1013252;104810;Roberto.;0
1013253;104810;Inês.;0
1013254;104810;Tomás.;0
1013255;104810;William Oswell.;1
1013256;104811;Para a Inglaterra.;0
1013257;104811;Para o interior da África.;1
1013258;104811;Para a cidade de Glasgow.;0
1013259;104811;Para a aldeia de Chonuane.;0
1013260;104812;Sentia uma enorme saudade.;1
1013261;104812;Sentia alívio por terminar a viagem.;0
1013262;104812;Sentia raiva dos nativos.;0
1013263;104812;Sentia indiferença diante da separação.;0
1013264;104813;Que reunisse as crianças e as beijasse por ele.;1
1013265;104813;Que retornasse imediatamente para a África.;0
1013266;104813;Que vendesse a casa de Colobeng.;0
1013267;104813;Que procurasse novos comerciantes para a missão.;0
1013268;104814;Porque queria encontrar riquezas no interior africano.;0
1013269;104814;Porque os havia deixado por amor a Jesus.;1
1013270;104814;Porque não queria mais viver com a família.;0
1013271;104814;Porque precisava trabalhar na Inglaterra.;0
1013272;104815;Que todos estivessem bem.;1
1013273;104815;Que todos já tivessem retornado para a África.;0
1013274;104815;Que as crianças tivessem aprendido a negociar.;0
1013275;104815;Que Maria tivesse abandonado o trabalho missionário.;0
1013276;104816;Que a sede da missão em Colobeng havia sido completamente destruída.;1
1013277;104816;Que os comerciantes haviam abandonado a África.;0
1013278;104816;Que a família havia retornado para Mabotza.;0
1013279;104816;Que Sechele havia construído uma nova cidade.;0
1013280;104817;A mobília estava quebrada, os livros rasgados e as paredes derrubadas.;1
1013281;104817;As plantações estavam secas e os animais haviam fugido.;0
1013282;104817;Os canais estavam cheios de água e as casas estavam vazias.;0
1013283;104817;Os mapas haviam sido ampliados e os livros organizados.;0
1013284;104818;Foi maltratado, e muitos foram mortos.;1
1013285;104818;Foi levado para estudar na Inglaterra.;0
1013286;104818;Foi contratado pelos comerciantes.;0
1013287;104818;Conseguiu fugir sem sofrer nenhum dano.;0
1013288;104819;Levaram o gado da aldeia.;1
1013289;104819;Construíram canais para as plantações.;0
1013290;104819;Distribuíram água entre os moradores.;0
1013291;104819;Plantaram árvores ao redor das casas.;0
1013292;104820;Homens brancos interessados em continuar explorando os nativos.;1
1013293;104820;Missionários enviados por Moffat.;0
1013294;104820;Os moradores de Chonuane.;0
1013295;104820;Os familiares de Livingstone.;0
1013296;104821;Porque não queriam que novos caminhos fossem abertos pelo interior da África.;1
1013297;104821;Porque desejavam proteger as aldeias contra as feras.;0
1013298;104821;Porque pretendiam levar água para as plantações.;0
1013299;104821;Porque eram contrários ao comércio de marfim.;0
1013300;104822;Que pretendia retornar imediatamente para a Inglaterra.;0
1013301;104822;Que eles haviam decidido fechar o caminho, mas ele decidira abri-lo.;1
1013302;104822;Que não tinha mais condições de continuar sua missão.;0
1013303;104822;Que abandonaria a África por causa dos comerciantes.;0
1013304;104823;Abrir um caminho através do continente ou morrer na tentativa.;1
1013305;104823;Esperar que os comerciantes abandonassem a região.;0
1013306;104823;Permanecer em Colobeng sem realizar novas viagens.;0
1013307;104823;Retornar à Escócia para reunir sua família.;0
1013308;104824;Encontrar riquezas para financiar a missão.;0
1013309;104824;Abrir caminhos pelo interior da África e proteger os nativos da exploração e da escravidão.;1
1013310;104824;Construir uma grande cidade para os comerciantes europeus.;0
1013311;104824;Retornar à Europa depois de abandonar o trabalho missionário.;0
1013312;102503;Que seria uma viagem tranquila e sem riscos;0
1013313;102503;Que, apesar de fascinante, sua aventura seria perigosa, com o risco de morte sempre presente;1
1013314;102503;Que não conseguiria se adaptar ao clima africano;0
1013315;102503;Que precisaria voltar para a Inglaterra em poucos meses;0
1013316;102504;Chonuane;0
1013317;102504;Kuruman;1
1013318;102504;Colobeng;0
1013319;102504;Quilimane;0
1013320;102505;Inês, a filha caçula de Moffat;0
1013321;102505;Maria, a filha mais velha de Moffat;1
1013322;102505;Uma irmã de Livingstone;0
1013323;102505;A esposa do chefe Sechele;0
1013324;102506;Debaixo de uma grande amendoeira;1
1013325;102506;Dentro da igreja da aldeia;0
1013326;102506;Às margens do rio Zambeze;0
1013327;102506;No jardim da casa de Roberto Moffat;0
1013328;102507;Uma escola para crianças;0
1013329;102507;Sua própria casa;1
1013330;102507;Uma igreja de pedra;0
1013331;102507;Um posto de comércio;0
1013332;102508;Óleo de coco;0
1013333;102508;Gordura animal;0
1013334;102508;Cinzas de plantas;1
1013335;102508;Sebo de cabra;0
1013336;102509;Como professor de línguas estrangeiras;0
1013337;102509;Como médico e enfermeiro;1
1013338;102509;Como juiz e mediador de conflitos;0
1013339;102509;Como comerciante de marfim;0
1013340;102510;Costura e bordado às meninas e mulheres;1
1013341;102510;Caça e pesca com os homens da tribo;0
1013342;102510;Cultivo de plantas medicinais;0
1013343;102510;Construção de casas de barro;0
1013344;102511;Um conflito com os nativos locais;0
1013345;102511;O desejo de ir a um lugar onde ainda não houvesse quem falasse a respeito de Jesus;1
1013346;102511;A necessidade de buscar tratamento médico na cidade do Cabo;0
1013347;102511;Uma ordem direta do governo britânico;0
1013348;102512;Colobeng;0
1013349;102512;Chonuane;1
1013350;102512;Ujiji;0
1013351;102512;Quilimane;0
1013352;102513;Oferecer presentes a quem se convertesse;0
1013353;102513;Dar ordens para que todos fossem surrados com chicotes de couro de rinoceronte até dizerem que iam adorar a Jesus;1
1013354;102513;Expulsar da tribo quem não se convertesse;0
1013355;102513;Obrigar todos a memorizar a Bíblia inteira;0
1013356;102514;Que Jesus queria ser adorado por amor, não por medo;1
1013357;102514;Que a conversão deveria ser feita apenas pelos adultos;0
1013358;102514;Que os castigos deveriam ser aplicados apenas às crianças;0
1013359;102514;Que era necessário primeiro aprender a ler antes de se converter;0
1013360;102515;Tomás;0
1013361;102515;William Oswell;0
1013362;102515;Roberto;1
1013363;102515;Davi Junior;0
1013364;102516;Um ataque de leões semelhante ao de Mabotza;0
1013365;102516;A seca que atingiu Chonuane, causando a morte do gado e das pessoas;1
1013366;102516;Uma epidemia de febre entre os nativos;0
1013367;102516;A destruição da aldeia por comerciantes de marfim;0
1013368;102517;Leões e hienas;0
1013369;102517;Rinocerontes e búfalos;1
1013370;102517;Elefantes e girafas;0
1013371;102517;Crocodilos e hipopótamos;0
1013372;102518;A construir poços profundos;0
1013373;102518;A canalizar a água do rio até suas plantações;1
1013374;102518;A armazenar água em cascas de ovos de avestruz;0
1013375;102518;A cultivar plantas resistentes à seca;0
1013376;102519;Um;0
1013377;102519;Dois;1
1013378;102519;Três;0
1013379;102519;Quatro;0
1013380;102520;Eram forçados a trabalhar nas minas de ouro;0
1013381;102520;Eram vendidos como escravos e nunca mais veriam suas famílias;1
1013382;102520;Eram recrutados para servir como soldados;0
1013383;102520;Eram usados como guias para expedições europeias;0
1013384;102521;Março de 1858;0
1013385;102521;Junho de 1849;1
1013386;102521;Julho de 1868;0
1013387;102521;Agosto de 1872;0
1013388;102522;Apenas frutas e raízes silvestres;0
1013389;102522;Animais silvestres, lagartas, rãs e gafanhotos;1
1013390;102522;Apenas peixes de rio e mel selvagem;0
1013391;102522;Insetos secos e sementes tostadas;0
1013392;102523;A falta de água;1
1013393;102523;A escassez de alimentos;0
1013394;102523;O ataque constante de feras;0
1013395;102523;A falta de abrigo contra as chuvas;0
1013396;102524;Em odres de couro enterrados na areia;0
1013397;102524;Em cascas vazias de ovos de avestruz, que eram enterradas;1
1013398;102524;Em potes de barro escondidos em cavernas;0
1013399;102524;Em bambus ocos amarrados às costas;0
1013400;102525;Cobriam o local com folhas secas;0
1013401;102525;Faziam fogueiras justamente nos lugares onde os ovos estavam escondidos;1
1013402;102525;Plantavam arbustos espinhosos sobre o local;0
1013403;102525;Marcavam o local com pedras pintadas;0
1013404;102526;1º de agosto de 1849;1
1013405;102526;17 de setembro de 1859;0
1013406;102526;23 de agosto de 1872;0
1013407;102526;3 de novembro de 1871;0
1013408;102527;Que era uma terra rica, com grandes extensões ainda desconhecidas;1
1013409;102527;Que era impossível para europeus sobreviverem ali;0
1013410;102527;Que todo o interior já havia sido explorado por outros povos;0
1013411;102527;Que não havia recursos naturais de valor no continente;0
1013412;102528;Elas se perderam da caravana;0
1013413;102528;Elas adoeceram com febre e desidratação;1
1013414;102528;Elas foram atacadas por um leão;0
1013415;102528;Elas foram sequestradas por comerciantes de escravos;0
1013416;102529;Para Quilimane;0
1013417;102529;Para a cidade do Cabo;1
1013418;102529;Para Luanda;0
1013419;102529;Para Zanzibar;0
1013420;102530;Roberto, Inês, Tomás e William Oswell;1
1013421;102530;Roberto, Maria, Davi e Susi;0
1013422;102530;Tomás, Inês, Chumak e Gardner;0
1013423;102530;William Oswell, Baraka, Roberto e Maria;0
1013424;102531;"""Diga-lhes que voltarei assim que puder.""";0
1013425;102531;"""Diga-lhes que as deixei por amor a Jesus.""";1
1013426;102531;"""Diga-lhes que a viagem é apenas temporária.""";0
1013427;102531;"""Diga-lhes que logo estaremos todos juntos na África.""";0
1013428;102532;Havia sido vendida a comerciantes portugueses;0
1013429;102532;Havia sido completamente destruída, com mobília quebrada, livros rasgados e paredes derrubadas;1
1013430;102532;Havia sido transformada em um posto de comércio de marfim;0
1013431;102532;Havia sido doada a outra sociedade missionária;0
1013432;102533;Comerciantes árabes de escravos;0
1013433;102533;Homens brancos que queriam continuar explorando os nativos;1
1013434;102533;Uma tribo rival liderada por outro chefe;0
1013435;102533;Soldados do governo britânico;0
1013436;102534;Abandonar as explorações e retornar definitivamente à Inglaterra;0
1013437;102534;Abrir um caminho através do continente, ou morrer na tentativa;1
1013438;102534;Buscar ajuda do governo britânico antes de prosseguir;0
1013439;102534;Negociar a paz com os invasores de Colobeng;0
1013440;104825;Era curto e seguro.;0
1013441;104825;Era longo e perigoso.;1
1013442;104825;Era todo marítimo.;0
1013443;104825;Era conhecido por muitos europeus.;0
1013444;104826;Ao território dos zulus.;0
1013445;104826;Ao território dos árabes.;0
1013446;104826;Ao território dos macololos.;1
1013447;104826;Ao território dos egípcios.;0
1013448;104827;Da África do Norte.;0
1013449;104827;Da África Ocidental.;0
1013450;104827;Da África Austral.;0
1013451;104827;Da África Central.;1
1013452;104828;Um grupo de 27 carregadores o acompanhou na grande travessia de costa a costa.;1
1013453;104828;Eles lhe deram um navio a vapor.;0
1013454;104828;Eles o ensinaram a falar árabe.;0
1013455;104828;Eles o levaram de volta à Inglaterra.;0
1013456;104829;Plantar, procurar água e construir casas.;0
1013457;104829;Cuidar dos animais, curtir o couro, costurar as roupas e cuidar da defesa da tribo.;1
1013458;104829;Amamentar as crianças e vigiar o fogo.;0
1013459;104829;Apenas caçar leões.;0
1013460;104830;Curtir o couro e costurar roupas.;0
1013461;104830;Cuidar da defesa da tribo.;0
1013462;104830;Dedicar-se à agricultura, procurar água, acender e vigiar o fogo, construir habitações e amamentar as crianças.;1
1013463;104830;Caçar animais selvagens.;0
1013464;104831;Bebem leite.;0
1013465;104831;Dormem à sombra.;0
1013466;104831;Correm pelos prados.;0
1013467;104831;Comem as folhas.;1
1013468;104832;Levam uma cesta na cabeça.;1
1013469;104832;Carregam água em baldes de metal.;0
1013470;104832;Conduzem o gado.;0
1013471;104832;Tocam tambores.;0
1013472;104833;Dentro de cavernas.;0
1013473;104833;À sombra dos bananais.;1
1013474;104833;Nas margens do deserto.;0
1013475;104833;No alto das montanhas.;0
1013476;104834;Dormem o dia inteiro.;0
1013477;104834;Caçam animais.;0
1013478;104834;Caminham conversando.;1
1013479;104834;Constroem casas.;0
1013480;104835;“Tudo é tristeza.”;0
1013481;104835;“Tudo é perigo.”;0
1013482;104835;“Tudo é escuridão.”;0
1013483;104835;“Tudo é pura beleza.”;1
1013484;104836;Fez amizade com eles.;1
1013485;104836;Declarou guerra a eles.;0
1013486;104836;Fugiu assustado.;0
1013487;104836;Recusou-se a falar com eles.;0
1013488;104837;Apenas caçou animais.;0
1013489;104837;Cuidou dos doentes e pregou o evangelho.;1
1013490;104837;Construiu navios.;0
1013491;104837;Vendeu escravos.;0
1013492;104838;Já o conheciam havia anos.;0
1013493;104838;Pensavam que ele era um deus.;0
1013494;104838;Não entendiam muito bem aquele homem estrangeiro.;1
1013495;104838;Queriam matá-lo imediatamente.;0
1013496;104839;Que ele era um feiticeiro perigoso.;0
1013497;104839;Que ele queria roubar suas terras.;0
1013498;104839;Que ele não sabia nada sobre Deus.;0
1013499;104839;Que o Deus acerca do qual ele falava devia ser igualmente bom.;1
1013500;104840;A Sekeletu, chefe dos macololos.;1
1013501;104840;A Roberto Moffat.;0
1013502;104840;A Henry Stanley.;0
1013503;104840;Ao sultão de Zanzibar.;0
1013504;104841;Expulsou Livingstone imediatamente.;0
1013505;104841;Reuniu os principais conselheiros da aldeia e ouviu a opinião deles.;1
1013506;104841;Mandou prendê-lo.;0
1013507;104841;Ignorou o pedido.;0
1013508;104842;Todos concordaram imediatamente.;0
1013509;104842;Todos foram contrários.;0
1013510;104842;Alguns foram contrários, mas outros concordaram em ajudar.;1
1013511;104842;Nenhum deles deu opinião.;0
1013512;104843;“Doutor Stanley”.;0
1013513;104843;“Mebalue”.;0
1013514;104843;“Sekeletu”.;0
1013515;104843;“Nyaka”.;1
1013516;104844;27 homens.;1
1013517;104844;12 homens.;0
1013518;104844;57 homens.;0
1013519;104844;192 homens.;0
1013520;104845;Eram preguiçosos e desobedientes.;0
1013521;104845;Eram trabalhadores bons e fiéis, que trabalhavam por amor.;1
1013522;104845;Trabalhavam apenas por dinheiro.;0
1013523;104845;Eram soldados profissionais.;0
1013524;104846;Porque queriam ficar ricos.;0
1013525;104846;Porque eram obrigados pelo chefe.;0
1013526;104846;Porque o dinheiro de Livingstone era pouco.;1
1013527;104846;Porque recebiam terras em troca.;0
1013528;104847;Da cidade de Luanda.;0
1013529;104847;Da aldeia de Mabotza.;0
1013530;104847;Da cidade do Cabo.;0
1013531;104847;Da aldeia macololo, que ficava na metade do caminho entre os dois oceanos.;1
1013532;104848;Viajara da costa oriental até a aldeia.;1
1013533;104848;Viajara da costa ocidental até a aldeia.;0
1013534;104848;Viajara da Inglaterra diretamente para a aldeia.;0
1013535;104848;Viajara do Egito até a aldeia.;0
1013536;104849;Voltou imediatamente para a Inglaterra.;0
1013537;104849;Fez uma extensa viagem até chegar à costa ocidental.;1
1013538;104849;Permaneceu na aldeia para sempre.;0
1013539;104849;Seguiu para o Egito.;0
1013540;104850;O rio Nilo.;0
1013541;104850;O rio Congo.;0
1013542;104850;O rio Zambeze.;1
1013543;104850;O rio Jordão.;0
1013544;104851;Viajou de trem.;0
1013545;104851;Ficou parado por meses.;0
1013546;104851;Voltou de navio para a Europa.;0
1013547;104851;Prosseguiu a pé por milhares de quilômetros.;1
1013548;104852;Nada parecido com a travessia realizada por Livingstone.;1
1013549;104852;Navegado o rio Zambeze.;0
1013550;104852;Visitado a aldeia macololo.;0
1013551;104852;Escrito um livro sobre a África.;0
1013552;104853;Foi tranquila e rápida.;0
1013553;104853;Foi dramática.;1
1013554;104853;Foi curta e fácil.;0
1013555;104853;Foi totalmente por mar.;0
1013556;104854;A abundância de alimentos.;0
1013557;104854;A falta de animais selvagens.;0
1013558;104854;As chuvas e as doenças.;1
1013559;104854;A presença de muitas cidades.;0
1013560;104855;Por estradas de ferro já existentes.;0
1013561;104855;Por pontes de pedra construídas por europeus.;0
1013562;104855;Por caminhos asfaltados.;0
1013563;104855;A golpes de machado, pelo meio da floresta.;1
1013564;104856;O bom senso e a coragem.;1
1013565;104856;O dinheiro e as joias.;0
1013566;104856;As armas e a munição.;0
1013567;104856;As roupas finas e os alimentos.;0
1013568;104857;Apenas alimentos e água.;0
1013569;104857;Roupas, remédios, livros, mantas e alguns instrumentos de navegação.;1
1013570;104857;Somente armas e munição.;0
1013571;104857;Móveis e utensílios domésticos.;0
1013572;104858;Máquinas de fiar algodão.;0
1013573;104858;Instrumentos musicais africanos.;0
1013574;104858;Alguns instrumentos de navegação.;1
1013575;104858;Armas de fogo pesadas.;0
1013576;104859;Quilimane.;0
1013577;104859;Zanzibar.;0
1013578;104859;Cidade do Cabo.;0
1013579;104859;Luanda.;1
1013580;104860;Três meses.;1
1013581;104860;Uma semana.;0
1013582;104860;Um ano.;0
1013583;104860;Doze semanas.;0
1013584;104861;Diretamente para a Inglaterra.;0
1013585;104861;De volta até a aldeia de Sekeletu.;1
1013586;104861;Para o Egito.;0
1013587;104861;Para a cidade do Cabo.;0
1013588;104862;Todos morreram.;0
1013589;104862;Todos fugiram.;0
1013590;104862;Nenhum dos seus companheiros se perdeu.;1
1013591;104862;Apenas um sobreviveu.;0
1013592;104863;Voltou para Luanda.;0
1013593;104863;Ficou morando na aldeia macololo.;0
1013594;104863;Regressou à Inglaterra.;0
1013595;104863;Desceu o rio Zambeze e alcançou Quilimane.;1
1013596;104864;Quilimane, na costa ocidental.;1
1013597;104864;Luanda, na costa ocidental.;0
1013598;104864;Zanzibar, na costa oriental.;0
1013599;104864;Cidade do Cabo, no extremo sul.;0
1013600;104865;Mais de mil quilômetros.;0
1013601;104865;Mais de sete mil quilômetros.;1
1013602;104865;Cerca de quinhentos quilômetros.;0
1013603;104865;Menos de cem quilômetros.;0
1013604;104866;Atravessou apenas o deserto do Saara.;0
1013605;104866;Navegou somente pelo rio Nilo.;0
1013606;104866;Cruzou a África do Sul de costa a costa.;1
1013607;104866;Circundou toda a África pelo mar.;0
1013608;102535;Forneceu armas e munições de fabricação europeia para a defesa do grupo.;0
1013609;102535;Cedeu um grupo de 27 carregadores dedicados para acompanhá-lo na travessia de costa a costa.;1
1013610;102535;Construiu uma grande embarcação de madeira para navegar pelo rio Nilo.;0
1013611;102535;Guiou o missionário até a cidade do Cabo para rever sua família.;0
1013612;102536;Cuidar dos animais, curtir o couro, costurar as roupas e garantir a defesa da tribo.;0
1013613;102536;Dedicar-se à agricultura, procurar água, acender e vigiar o fogo, construir as habitações e amamentar as crianças.;1
1013614;102536;Caçar animais silvestres na floresta e confeccionar ferramentas de ferro.;0
1013615;102536;Negociar marfim com comerciantes estrangeiros e liderar os cultos da comunidade.;0
1013616;102537;Sekeletu.;0
1013617;102537;Nyaka.;1
1013618;102537;Mebalue.;0
1013619;102537;Chitapangua.;0
1013620;102538;Pelo elevado salário em moedas de ouro oferecido pelo governo britânico.;0
1013621;102538;Pela promessa de receberem armas de fogo modernas ao final da viagem.;0
1013622;102538;Por amor e respeito ao missionário, já que ele possuía pouco dinheiro.;1
1013623;102538;Pelo desejo de abandonar permanentemente suas aldeias de origem.;0
1013624;102539;Grandes estoques de enlatados, carnes salgadas e várias armas pesadas.;0
1013625;102539;Roupas, remédios, livros, mantas e alguns instrumentos de navegação.;1
1013626;102539;Sacos de moedas de prata e mercadorias valiosas para troca.;0
1013627;102539;Barracas de ferro, tecidos finos e espelhos importados.;0
1013628;102540;Embarcou imediatamente em um navio de volta para a Inglaterra.;0
1013629;102540;Repousou durante três meses antes de iniciar a viagem de regresso ao interior.;1
1013630;102540;Fundou uma nova sede missionária com apoio dos comerciantes locais.;0
1013631;102540;Adquiriu um barco a vapor para navegar de volta pelo rio Zambeze.;0
1013632;102541;Navegou por dez mil quilômetros exclusivamente em canoas nativas.;0
1013633;102541;Percorreu mais de sete mil quilômetros, cruzando a África de costa a costa.;1
1013634;102541;Descobriu cinco novos países e treze grandes rios navegáveis.;0
1013635;102541;Libertou mais de vinte mil escravizados ao longo da jornada.;0
1013636;102542;"""O Missionário que Enfrentou um Leão"".";0
1013637;102542;"""Explorações no Rio Zambeze"".";0
1013638;102542;"""Viagens Missionárias"".";1
1013639;102542;"""A Fumaça de Milhares de Aldeias"".";0
1013640;102543;Dedicar-se à agricultura, procurar água e construir habitações.;0
1013641;102543;Cuidar dos animais, curtir o couro, costurar as roupas e garantir a defesa da tribo.;1
1013642;102543;Acender e vigiar o fogo, além de amamentar e cuidar das crianças.;0
1013643;102543;Preparar as refeições coletivas e coletar frutos silvestres na floresta.;0
1013644;102544;Os jovens guerreiros em treinamento de caça.;0
1013645;102544;As mulheres que voltavam do rio com cestas na cabeça.;0
1013646;102544;Os velhos da aldeia.;1
1013647;102544;Os mercadores estrangeiros que visitavam a tribo.;0
1013648;102545;No litoral do Oceano Índico, na costa oriental.;0
1013649;102545;Exatamente na fronteira com a cidade do Cabo.;0
1013650;102545;Na metade do caminho entre os dois oceanos.;1
1013651;102545;Nas margens da foz do rio Nilo.;0
1013652;102546;Grandes serras de metal importadas da Europa.;0
1013653;102546;Queimadas controladas da vegetação rasteira.;0
1013654;102546;Golpes de machado.;1
1013655;102546;Uso de elefantes domesticados para derrubar árvores.;0
1013656;102547;Todos os conselheiros proibiram a saída do grupo por medo de perigos desconhecidos.;0
1013657;102547;Alguns foram contrários à ideia, mas outros concordaram em ajudar o missionário.;1
1013658;102547;A decisão foi unânime em apoiar Livingstone imediatamente com ouro e armas.;0
1013659;102547;Os conselheiros exigiram que o missionário permanecesse na aldeia para sempre.;0
1013660;102548;Pela Rainha Vitória em seu palácio.;0
1013661;102548;Pelo Príncipe.;1
1013662;102548;Pelo Rei da Escócia em Edimburgo.;0
1013663;102548;Pelo Governador da Cidade do Cabo.;0
1013664;102549;Detalhes sobre a mineração de ouro e diamantes no interior.;0
1013665;102549;Histórias extraordinárias sobre um continente desconhecido e povos de costumes estranhos.;1
1013666;102549;Mapas militares estratégicos para a expansão colonial britânica.;0
1013667;102549;Descrições técnicas sobre a fauna marinha do Oceano Atlântico.;0
1013668;102550;Instrutor de técnicas de combate e defesa.;0
1013669;102550;Mestre de obras na construção de pontes e estradas.;0
1013670;102550;Cuidava dos doentes (médico).;1
1013671;102550;Negociador comercial de marfim com outras tribos.;0
1013672;102551;Mais de três mil quilômetros.;0
1013673;102551;Mais de cinco mil quilômetros.;0
1013674;102551;Mais de sete mil quilômetros.;1
1013675;102551;Mais de dez mil quilômetros.;0
1013676;102552;Costa oriental;0
1013677;102552;Costa norte;0
1013678;102552;Costa sul;0
1013679;102552;Costa ocidental;1
1013680;102553;Macololos;1
1013681;102553;Zulus;0
1013682;102553;Massais;0
1013683;102553;Hotentotes;0
1013684;102554;17;0
1013685;102554;27;1
1013686;102554;37;0
1013687;102554;47;0
1013688;102555;África Oriental;0
1013689;102555;África do Norte;0
1013690;102555;África Central;1
1013691;102555;África Ocidental;0
1013692;102556;Buscar água;0
1013693;102556;Construir as habitações;0
1013694;102556;Dedicar-se à agricultura;0
1013695;102556;Cuidar dos animais;1
1013696;102557;Curtiam o couro;1
1013697;102557;Tingiam tecidos;0
1013698;102557;Fabricavam cestos;0
1013699;102557;Preparavam alimentos;0
1013700;102558;Teciam o algodão;0
1013701;102558;Costuravam as roupas;1
1013702;102558;Tingiam as peles;0
1013703;102558;Bordavam mantas;0
1013704;102559;Buscar água;0
1013705;102559;Vigiar o fogo;0
1013706;102559;Cuidar da defesa da tribo;1
1013707;102559;Construir as habitações;0
1013708;102560;Defesa da tribo;0
1013709;102560;Curtimento do couro;0
1013710;102560;Costura das roupas;0
1013711;102560;Agricultura;1
1013712;102561;Procurar água;1
1013713;102561;Cuidar dos animais;0
1013714;102561;Costurar roupas;0
1013715;102561;Defender a tribo;0
1013716;102562;Produzir carvão para comércio;0
1013717;102562;Acender e vigiar o fogo;1
1013718;102562;Utilizar o fogo apenas para cozinhar;0
1013719;102562;Manter fogueiras nas plantações;0
1013720;102563;Os homens mais velhos;0
1013721;102563;Os jovens da tribo;0
1013722;102563;As mulheres;1
1013723;102563;Os chefes da aldeia;0
1013724;102564;Defender a aldeia;0
1013725;102564;Cuidar do gado;0
1013726;102564;Curtir o couro;0
1013727;102564;Amamentar as crianças;1
1013728;102565;Cuidando dos doentes e pregando o evangelho;1
1013729;102565;Organizando comércio de marfim;0
1013730;102565;Ensinando apenas técnicas agrícolas;0
1013731;102565;Preparando soldados para defender a tribo;0
1013732;102566;Que era um Deus desconhecido pelos europeus;0
1013733;102566;Que esse Deus também devia ser bom;1
1013734;102566;Que somente os estrangeiros poderiam adorá-lo;0
1013735;102566;Que era necessário abandonar a aldeia para conhecê-lo;0
1013736;102567;Sechele;0
1013737;102567;Mebalue;0
1013738;102567;Sekeletu;1
1013739;102567;Baraka;0
1013740;102568;Encontrar as nascentes do Nilo;0
1013741;102568;Construir uma missão em Luanda;0
1013742;102568;Voltar para a Inglaterra;0
1013743;102568;Descobrir um caminho que chegasse ao mar;1
1013744;102569;Reuniu os principais conselheiros da aldeia;1
1013745;102569;Ordenou que Livingstone abandonasse o território;0
1013746;102569;Organizou imediatamente uma expedição militar;0
1013747;102569;Mandou pedir ajuda ao governo britânico;0
1013748;102570;Todos rejeitaram a proposta;0
1013749;102570;Alguns foram contrários e outros concordaram em ajudar;1
1013750;102570;Todos concordaram imediatamente;0
1013751;102570;Recusaram-se a discutir o assunto;0
1013752;102571;Moffat;0
1013753;102571;Muzungu;0
1013754;102571;Nyaka;1
1013755;102571;Sechele;0
1013756;102572;17;0
1013757;102572;21;0
1013758;102572;24;0
1013759;102572;27;1
1013760;102573;Trabalhavam por amor, pois o dinheiro de Livingstone era pouco;1
1013761;102573;Receberiam terras ao final da viagem;0
1013762;102573;Eram obrigados pelo chefe Sekeletu;0
1013763;102573;Esperavam receber marfim na costa;0
1013764;102574;Próxima à costa atlântica;0
1013765;102574;Aproximadamente na metade do caminho entre os dois oceanos;1
1013766;102574;Nas proximidades da Cidade do Cabo;0
1013767;102574;Às margens do lago Ngami;0
1013768;102575;No início de 1852;0
1013769;102575;Em meados de 1853;0
1013770;102575;Nos fins de 1853;1
1013771;102575;No início de 1854;0
1013772;102576;Ocidental;0
1013773;102576;Norte;0
1013774;102576;Sul;0
1013775;102576;Oriental;1
1013776;102577;Zambeze;1
1013777;102577;Nilo;0
1013778;102577;Congo;0
1013779;102577;Rovuma;0
1013780;102578;De barco a vapor;0
1013781;102578;A pé, por milhares de quilômetros;1
1013782;102578;Montado em camelos;0
1013783;102578;Em carroças puxadas por bois;0
1013784;102579;Foi feita sem auxílio de nativos;0
1013785;102579;Era a primeira viagem organizada pelo governo inglês;0
1013786;102579;Nenhum homem branco havia feito coisa parecida até então;1
1013787;102579;Foi realizada inteiramente por rios;0
1013788;102580;Animais selvagens e falta de armas;0
1013789;102580;Fome e conflitos entre tribos;0
1013790;102580;Calor e falta de carregadores;0
1013791;102580;Chuvas e doenças;1
1013792;102581;Abriam a estrada a golpes de machado;1
1013793;102581;Esperavam os nativos abrirem um caminho;0
1013794;102581;Desviavam sempre pelos rios;0
1013795;102581;Queimavam grandes áreas da floresta;0
1013796;102582;Armas e alimentos;0
1013797;102582;Bom senso e coragem;1
1013798;102582;Dinheiro e mapas;0
1013799;102582;Remédios e roupas;0
1013800;102583;Levava grandes estoques de alimentos;0
1013801;102583;Transportava muitas armas e munições;0
1013802;102583;Levava poucas provisões;1
1013803;102583;Dependia exclusivamente das aldeias pelo caminho;0
1013804;102584;Armas, ferramentas agrícolas, tendas e alimentos enlatados;0
1013805;102584;Barris de água, mapas, alimentos e equipamentos de caça;0
1013806;102584;Roupas, moedas, utensílios domésticos e armas;0
1013807;102584;Roupas, remédios, livros, mantas e instrumentos de navegação;1
1013808;102585;No fim de maio de 1854;1
1013809;102585;No início de janeiro de 1854;0
1013810;102585;No fim de dezembro de 1853;0
1013811;102585;Em agosto de 1854;0
1013812;102586;Quilimane;0
1013813;102586;Luanda;1
1013814;102586;Tete;0
1013815;102586;Cidade do Cabo;0
1013816;102587;Uma aldeia inglesa no interior da África;0
1013817;102587;Uma cidade francesa às margens do Zambeze;0
1013818;102587;Uma cidade portuguesa à beira do Atlântico;1
1013819;102587;Um porto africano às margens do lago Ngami;0
1013820;102588;Um mês;0
1013821;102588;Dois meses;0
1013822;102588;Quatro meses;0
1013823;102588;Três meses;1
1013824;102589;De volta à aldeia de Sekeletu;1
1013825;102589;Diretamente para a Inglaterra;0
1013826;102589;Para a Cidade do Cabo;0
1013827;102589;Para o lago Ngami;0
1013828;102590;Alguns abandonaram a expedição;0
1013829;102590;Nenhum deles se perdeu;1
1013830;102590;Metade permaneceu em Luanda;0
1013831;102590;Vários morreram de doenças;0
1013832;102591;Completamente encerrada;0
1013833;102591;Fracassada;0
1013834;102591;Ainda não estava completa;1
1013835;102591;Suspensa definitivamente;0
1013836;102592;Retornou a Luanda;0
1013837;102592;Seguiu diretamente para a Inglaterra;0
1013838;102592;Permaneceu entre os macololos;0
1013839;102592;Desceu o rio Zambeze;1
1013840;102593;Quilimane;1
1013841;102593;Luanda;0
1013842;102593;Kuruman;0
1013843;102593;Colobeng;0
1013844;102594;Costa oriental;0
1013845;102594;Costa ocidental;1
1013846;102594;Costa norte;0
1013847;102594;Costa sul;0
1013848;102595;Mais de três mil quilômetros;0
1013849;102595;Mais de cinco mil quilômetros;0
1013850;102595;Mais de sete mil quilômetros;1
1013851;102595;Mais de dez mil quilômetros;0
1013852;102596;Descobriu as nascentes do Nilo;0
1013853;102596;Navegou todo o rio Zambeze;0
1013854;102596;Circundou completamente o continente africano;0
1013855;102596;Cruzou a África do Sul de costa a costa;1
1013856;102597;Os zulus.;0
1013857;102597;Os macololos.;1
1013858;102597;Os bantos.;0
1013859;102597;Os massais.;0
1013860;102598;"""Bwana"".";0
1013861;102598;"""Nyaka"".";1
1013862;102598;"""Sultão"".";0
1013863;102598;"""Moruti"".";0
1013864;102599;A promessa de receberem armas modernas de fogo ao final do trajeto.;0
1013865;102599;A dedicação voluntária e o amor sincero pelo missionário, a quem viam como um homem bom.;1
1013866;102599;O desejo explícito de migrarem em definitivo para o litoral do continente.;0
1013867;102599;A obrigação imposta pelo conselho tribal sob severa pena de punição civil.;0
1013868;102600;Moçambique.;0
1013869;102600;Luanda.;1
1013870;102600;Benguela.;0
1013871;102600;Cabinda.;0
1013872;102601;Cidade do Cabo.;0
1013873;102601;Quilimane.;1
1013874;102601;Zanzibar.;0
1013875;102601;Durban.;0
1013876;104867;Curto e tranquilo.;0
1013877;104867;Longo e perigoso.;1
1013878;104867;Rápido e bem sinalizado.;0
1013879;104867;Conhecido e protegido por soldados.;0
1013880;104868;Ao território dos macololos.;1
1013881;104868;À cidade do Cabo.;0
1013882;104868;Ao território dos árabes.;0
1013883;104868;À região de Chonuane.;0
1013884;104869;Como uma pequena tribo isolada da África Oriental.;0
1013885;104869;Como uma das tribos mais importantes da África Central.;1
1013886;104869;Como um grupo formado apenas por comerciantes europeus.;0
1013887;104869;Como uma comunidade que vivia exclusivamente no litoral.;0
1013888;104870;Porque financiaram sua viagem para a Inglaterra.;0
1013889;104870;Porque lhe forneceram um navio a vapor.;0
1013890;104870;Porque um grupo de 27 carregadores o acompanhou na travessia de costa a costa.;1
1013891;104870;Porque ensinaram Livingstone a fabricar armas.;0
1013892;104871;17 carregadores.;0
1013893;104871;27 carregadores.;1
1013894;104871;37 carregadores.;0
1013895;104871;47 carregadores.;0
1013896;104872;Os homens cuidavam das plantações, e as mulheres cuidavam dos animais.;0
1013897;104872;Os homens e as mulheres realizavam exatamente as mesmas tarefas.;0
1013898;104872;Os homens cuidavam de animais e da defesa, enquanto as mulheres se dedicavam à agricultura e à manutenção da habitação.;1
1013899;104872;Os homens trabalhavam apenas como comerciantes, e as mulheres apenas como professoras.;0
1013900;104873;Procurar água para a aldeia.;0
1013901;104873;Amamentar as crianças.;0
1013902;104873;Cuidar dos animais.;1
1013903;104873;Construir todas as habitações sozinhos.;0
1013904;104874;Curtir o couro, costurar roupas e cuidar da defesa da tribo.;1
1013905;104874;Plantar todas as lavouras e vigiar o fogo.;0
1013906;104874;Procurar água, construir casas e cuidar das crianças.;0
1013907;104874;Ensinar bordado e preparar alimentos.;0
1013908;104875;Cuidar da defesa da tribo.;0
1013909;104875;Trabalhar exclusivamente com os animais.;0
1013910;104875;Dedicar-se à agricultura.;1
1013911;104875;Curtir o couro para produzir roupas.;0
1013912;104876;Procurar água, acender e vigiar o fogo, construir habitações e amamentar as crianças.;1
1013913;104876;Cuidar da defesa, costurar roupas e preparar instrumentos de navegação.;0
1013914;104876;Cuidar dos animais, curtir o couro e conduzir expedições.;0
1013915;104876;Organizar caravanas comerciais e explorar rios.;0
1013916;104877;Como uma região seca, sem animais e sem vegetação.;0
1013917;104877;Como um ambiente de prados verdes, animais pastando, crianças brincando e pessoas trabalhando.;1
1013918;104877;Como uma cidade movimentada, cheia de ruas e edifícios.;0
1013919;104877;Como um lugar cercado por muralhas e constantemente ameaçado por guerras.;0
1013920;104878;Sacos de grãos.;0
1013921;104878;Cestas na cabeça.;1
1013922;104878;Baldes de metal.;0
1013923;104878;Redes de pesca.;0
1013924;104879;À sombra dos bananais.;1
1013925;104879;Dentro das casas.;0
1013926;104879;À margem do oceano.;0
1013927;104879;No alto das montanhas.;0
1013928;104880;Cuidavam dos animais selvagens.;0
1013929;104880;Caminhavam conversando.;1
1013930;104880;Preparavam as canoas.;0
1013931;104880;Trabalhando nas plantações.;0
1013932;104881;Tornou-se inimigo da tribo.;0
1013933;104881;Fez amizade com os macololos.;1
1013934;104881;Passou a negociar escravos com eles.;0
1013935;104881;Evitou qualquer contato com a comunidade.;0
1013936;104882;Cuidava dos doentes e pregava o evangelho.;1
1013937;104882;Ensinava técnicas de comércio de marfim.;0
1013938;104882;Treinava guerreiros para atacar outras tribos.;0
1013939;104882;Organizava a venda de animais selvagens.;0
1013940;104883;Entenderam imediatamente tudo o que ele dizia.;0
1013941;104883;Não entenderam muito bem aquele homem estrangeiro.;1
1013942;104883;Recusaram-se a permitir sua entrada na aldeia.;0
1013943;104883;Pensaram que ele era um comerciante de escravos.;0
1013944;104884;Que ele era perigoso e queria dominar a tribo.;0
1013945;104884;Que ele era um homem bom e, portanto, o Deus de quem falava também devia ser bom.;1
1013946;104884;Que ele pretendia abandonar o trabalho missionário.;0
1013947;104884;Que ele desejava levar todos os nativos para a Europa.;0
1013948;104885;Construir uma cidade no interior da África.;0
1013949;104885;Descobrir um caminho que chegasse até o mar.;1
1013950;104885;Retornar imediatamente para a Escócia.;0
1013951;104885;Fundar uma escola na costa oriental.;0
1013952;104886;O chefe dos macololos.;1
1013953;104886;Um comerciante português.;0
1013954;104886;Um carregador inglês.;0
1013955;104886;O diretor de uma sociedade missionária.;0
1013956;104887;Impediu que Livingstone prosseguisse.;0
1013957;104887;Reuniu os principais conselheiros da aldeia para ouvir a opinião deles.;1
1013958;104887;Enviou uma carta ao governo britânico.;0
1013959;104887;Partiu sozinho para investigar o caminho.;0
1013960;104888;Todos foram contrários à viagem.;0
1013961;104888;Todos decidiram acompanhar Livingstone.;0
1013962;104888;Alguns foram contrários, mas outros concordaram em ajudá-lo.;1
1013963;104888;Nenhum deles quis discutir o assunto.;0
1013964;104889;Sekeletu.;0
1013965;104889;Nyaka.;1
1013966;104889;Moffat.;0
1013967;104889;Zambeze.;0
1013968;104890;Era a forma como os nativos se referiam ao doutor.;1
1013969;104890;Era o nome de uma aldeia vizinha.;0
1013970;104890;Era o nome do rio que Livingstone pretendia atravessar.;0
1013971;104890;Era o título dado aos comerciantes de marfim.;0
1013972;104891;Trabalhadores bons e fiéis.;1
1013973;104891;Soldados estrangeiros e experientes.;0
1013974;104891;Comerciantes ricos e influentes.;0
1013975;104891;Prisioneiros obrigados a participar da expedição.;0
1013976;104892;Porque esperavam receber grandes riquezas.;0
1013977;104892;Porque trabalhavam por amor.;1
1013978;104892;Porque foram obrigados pelo governo britânico.;0
1013979;104892;Porque queriam vender produtos na costa ocidental.;0
1013980;104893;No início de 1849.;0
1013981;104893;No fim de 1853.;1
1013982;104893;Em março de 1858.;0
1013983;104893;No fim de 1862.;0
1013984;104894;Na costa ocidental da África.;0
1013985;104894;Na metade do caminho entre os dois oceanos.;1
1013986;104894;Próxima à cidade portuguesa de Luanda.;0
1013987;104894;À margem do oceano Atlântico.;0
1013988;104895;Da costa oriental até a costa ocidental.;1
1013989;104895;Da Inglaterra até a África Central.;0
1013990;104895;Da cidade do Cabo até Glasgow.;0
1013991;104895;Do norte da África até a China.;0
1013992;104896;Uma pequena distância próxima à aldeia macololo.;0
1013993;104896;Uma longa extensão do rio.;1
1013994;104896;Apenas o trecho situado junto ao oceano.;0
1013995;104896;Somente a região onde havia cachoeiras.;0
1013996;104897;Seguiu a cavalo por estradas já construídas.;0
1013997;104897;Prosseguiu a pé por milhares de quilômetros.;1
1013998;104897;Utilizou um trem até a costa ocidental.;0
1013999;104897;Voltou para a aldeia macololo.;0
1014000;104898;Porque nenhum homem branco havia feito coisa parecida até então.;1
1014001;104898;Porque ele viajou acompanhado apenas por europeus.;0
1014002;104898;Porque não enfrentou nenhum perigo durante o percurso.;0
1014003;104898;Porque atravessou o continente em poucos dias.;0
1014004;104899;As chuvas e as doenças.;1
1014005;104899;A falta de mapas e de livros.;0
1014006;104899;A presença de comerciantes e soldados.;0
1014007;104899;O excesso de alimentos e de animais.;0
1014008;104900;Com pás e enxadas.;0
1014009;104900;A golpes de machado.;1
1014010;104900;Com explosivos trazidos da Europa.;0
1014011;104900;Utilizando apenas as mãos.;0
1014012;104901;O dinheiro e as joias.;0
1014013;104901;O bom senso e a coragem.;1
1014014;104901;Grandes quantidades de alimentos.;0
1014015;104901;Armas e objetos de luxo.;0
1014016;104902;Levava poucas provisões.;1
1014017;104902;Levava vários navios carregados.;0
1014018;104902;Levava apenas objetos de valor.;0
1014019;104902;Dependia exclusivamente de comerciantes.;0
1014020;104903;Roupas, remédios, livros, mantas e instrumentos de navegação.;1
1014021;104903;Joias, armas, moedas e tecidos finos.;0
1014022;104903;Alimentos enlatados, cavalos e ferramentas de mineração.;0
1014023;104903;Somente livros religiosos e roupas.;0
1014024;104904;Instrumentos de medicina veterinária.;0
1014025;104904;Instrumentos de navegação.;1
1014026;104904;Instrumentos musicais.;0
1014027;104904;Instrumentos para fabricar armas.;0
1014028;104905;Havia aprendido a manejá-los.;1
1014029;104905;Não sabia utilizá-los.;0
1014030;104905;Havia pedido aos carregadores que os construíssem.;0
1014031;104905;Aprendeu a utilizá-los somente depois de chegar à costa.;0
1014032;104906;À cidade do Cabo.;0
1014033;104906;A Luanda.;1
1014034;104906;A Glasgow.;0
1014035;104906;A Quilimane.;0
1014036;104907;Como uma cidade portuguesa à beira do Atlântico.;1
1014037;104907;Como uma aldeia dos macololos no interior da África.;0
1014038;104907;Como uma cidade inglesa próxima ao rio Zambeze.;0
1014039;104907;Como uma região desértica sem acesso ao mar.;0
1014040;104908;Um mês.;0
1014041;104908;Dois meses.;0
1014042;104908;Três meses.;1
1014043;104908;Seis meses.;0
1014044;104909;De volta à aldeia de Sekeletu.;1
1014045;104909;Diretamente para a Inglaterra.;0
1014046;104909;Para a cidade do Cabo.;0
1014047;104909;Para o território dos árabes.;0
1014048;104910;Todos se perderam na floresta.;0
1014049;104910;Nenhum deles se perdeu.;1
1014050;104910;Alguns foram capturados por comerciantes.;0
1014051;104910;Todos decidiram permanecer em Luanda.;0
1014052;104911;Seguir para o sul, até a cidade do Cabo.;1
1014053;104911;Retornar para a costa oriental.;0
1014054;104911;Viajar para a China.;0
1014055;104911;Permanecer definitivamente entre os macololos.;0
1014056;104912;Desceu o rio Zambeze e alcançou Quilimane.;1
1014057;104912;Voltou para Luanda.;0
1014058;104912;Seguiu a pé até Londres.;0
1014059;104912;Retornou à aldeia de Chonuane.;0
1014060;104913;No interior da Escócia.;0
1014061;104913;Na costa ocidental da África.;1
1014062;104913;No norte da África.;0
1014063;104913;Entre os dois oceanos, distante de qualquer rio.;0
1014064;104914;Mais de mil quilômetros.;0
1014065;104914;Mais de três mil quilômetros.;0
1014066;104914;Mais de cinco mil quilômetros.;0
1014067;104914;Mais de sete mil quilômetros.;1
1014068;104915;Cruzou a África do Sul de costa a costa.;1
1014069;104915;Fundou uma cidade no centro da África.;0
1014070;104915;Estabeleceu uma rota entre a África e a China.;0
1014071;104915;Conquistou os territórios dos macololos.;0
1014072;104916;Chegou aos macololos, partiu no fim de 1853, navegou pelo Zambeze, chegou a Luanda e alcançou Quilimane.;1
1014073;104916;Partiu de Quilimane, chegou à Inglaterra, voltou a Luanda e terminou em Glasgow.;0
1014074;104916;Saiu de Chonuane, atravessou a China, chegou a Luanda e retornou a Mabotza.;0
1014075;104916;Partiu da cidade do Cabo, encontrou os macololos e terminou a viagem em Londres.;0
1014076;102602;Curto, porém extremamente perigoso;0
1014077;102602;Longo e perigoso;1
1014078;102602;Curto e tranquilo, sem grandes obstáculos;0
1014079;102602;Longo, mas seguro devido à presença de comerciantes;0
1014080;102603;Os zulus;0
1014081;102603;Os macololos;1
1014082;102603;Os ashantis;0
1014083;102603;Os massais;0
1014084;102604;15;0
1014085;102604;20;0
1014086;102604;27;1
1014087;102604;34;0
1014088;102605;Cuidar dos animais, curtir o couro, costurar as roupas e cuidar da defesa da tribo;1
1014089;102605;Construir as habitações e amamentar as crianças;0
1014090;102605;Acender e vigiar o fogo e cultivar a terra;0
1014091;102605;Buscar água e cozinhar os alimentos;0
1014092;102606;Que trabalhavam sob o sol forte da savana;0
1014093;102606;Que trabalhavam à sombra dos bananais;1
1014094;102606;Que trabalhavam apenas durante a noite;0
1014095;102606;Que trabalhavam próximos ao rio;0
1014096;102607;Que ele era um feiticeiro poderoso;0
1014097;102607;Que ele era bom, e por isso o Deus de quem falava devia ser igualmente bom;1
1014098;102607;Que ele era apenas um comerciante disfarçado;0
1014099;102607;Que ele era um espião do governo britânico;0
1014100;102608;"""Bwana""";0
1014101;102608;"""Nyaka""";1
1014102;102608;"""Mzungu""";0
1014103;102608;"""Baba""";0
1014104;102609;Consultou um feiticeiro da aldeia;0
1014105;102609;Reuniu os principais conselheiros da aldeia e ouviu a opinião deles;1
1014106;102609;Pediu a opinião apenas de sua esposa;0
1014107;102609;Decidiu sozinho, sem consultar ninguém;0
1014108;102610;Porque eram obrigados pelo chefe Sekeletu;0
1014109;102610;Porque trabalhavam por amor;1
1014110;102610;Porque receberiam terras ao final da viagem;0
1014111;102610;Porque temiam represálias caso desistissem;0
1014112;102611;Início de 1849;0
1014113;102611;Fins de 1853;1
1014114;102611;Meados de 1858;0
1014115;102611;Início de 1866;0
1014116;102612;Rio Nilo;0
1014117;102612;Rio Congo;0
1014118;102612;Rio Zambeze;1
1014119;102612;Rio Rovuna;0
1014120;102613;A falta de alimentos e água potável;0
1014121;102613;As chuvas e as doenças;1
1014122;102613;Os ataques constantes de animais selvagens;0
1014123;102613;Os conflitos entre os próprios carregadores;0
1014124;102614;Com o uso de fogo para queimar a vegetação;0
1014125;102614;A golpes de machado;1
1014126;102614;Com a ajuda de elefantes domesticados;0
1014127;102614;Seguindo trilhas já abertas por caçadores locais;0
1014128;102615;O dinheiro e as armas de fogo;0
1014129;102615;O bom senso e a coragem;1
1014130;102615;Grandes quantidades de alimentos conservados;0
1014131;102615;Mapas detalhados da região;0
1014132;102616;Roupas, remédios, livros, mantas e alguns instrumentos de navegação;1
1014133;102616;Ouro, joias e mercadorias para troca;0
1014134;102616;Armas de fogo, munição e tendas grandes;0
1014135;102616;Sementes, ferramentas agrícolas e utensílios de cozinha;0
1014136;102617;Início de março de 1854;0
1014137;102617;Fim de maio de 1854;1
1014138;102617;Meados de agosto de 1854;0
1014139;102617;Início de outubro de 1854;0
1014140;102618;Vários deles morreram no caminho;0
1014141;102618;Nenhum deles se perdeu;1
1014142;102618;Metade deles decidiu ficar em Luanda;0
1014143;102618;Todos eles adoeceram gravemente;0
1014144;102619;Desceu o rio Zambeze e alcançou Quilimane;1
1014145;102619;Desceu o rio Nilo e alcançou Zanzibar;0
1014146;102619;Desceu o rio Rovuna e alcançou Ujiji;0
1014147;102619;Desceu o rio Shire e alcançou Tete;0
1014148;102620;Mais de três mil quilômetros;0
1014149;102620;Mais de cinco mil quilômetros;0
1014150;102620;Mais de sete mil quilômetros;1
1014151;102620;Mais de dez mil quilômetros;0
1014152;104917;Dois anos.;0
1014153;104917;Quatro anos.;1
1014154;104917;Três anos.;0
1014155;104917;Cinco anos.;0
1014156;104918;Explorar o deserto do Saara.;0
1014157;104918;Ir para a China.;0
1014158;104918;Voltar para casa.;1
1014159;104918;Desistir de ser missionário.;0
1014160;104919;Que havia sido esquecido.;0
1014161;104919;Que estava doente.;0
1014162;104919;Que perdera todos os bens.;0
1014163;104919;Que estava famoso.;1
1014164;104920;O Príncipe.;1
1014165;104920;O Papa.;0
1014166;104920;O Sultão de Zanzibar.;0
1014167;104920;O presidente dos Estados Unidos.;0
1014168;104921;Expulsaram-no da sociedade científica.;0
1014169;104921;Convocaram-no para fazer conferências.;1
1014170;104921;Ignoraram suas descobertas.;0
1014171;104921;Pediram que ele parasse de viajar.;0
1014172;104922;A respeito de sua morte.;0
1014173;104922;A respeito de sua prisão.;0
1014174;104922;A respeito de suas aventuras.;1
1014175;104922;A respeito de sua aposentadoria.;0
1014176;104923;Vaiaram-no.;0
1014177;104923;Ignoravam-no.;0
1014178;104923;Pediam que fosse embora.;0
1014179;104923;Aclamavam-no e tinham interesse em ouvir suas histórias extraordinárias.;1
1014180;104924;Um continente desconhecido e povos de costumes estranhos.;1
1014181;104924;Cidades europeias modernas.;0
1014182;104924;A vida na Escócia.;0
1014183;104924;O comércio de escravos na Ásia.;0
1014184;104925;Uma enciclopédia sobre a África.;0
1014185;104925;Seu primeiro livro, intitulado “Viagens Missionárias”.;1
1014186;104925;Um livro de poesias.;0
1014187;104925;Um manual de navegação.;0
1014188;104926;A África Misteriosa.;0
1014189;104926;O Leão de Mabotza.;0
1014190;104926;Viagens Missionárias.;1
1014191;104926;Nascente do Nilo.;0
1014192;104927;A construção de uma nova igreja.;0
1014193;104927;A proibição de novas viagens.;0
1014194;104927;A venda de terras na África.;0
1014195;104927;A organização de uma expedição para o prosseguimento das explorações.;1
1014196;104928;Março de 1858.;1
1014197;104928;Junho de 1849.;0
1014198;104928;Agosto de 1849.;0
1014199;104928;Novembro de 1840.;0
1014200;104929;Apenas os macololos.;0
1014201;104929;A esposa e o filho mais novo, Oswell.;1
1014202;104929;Roberto Moffat e sua família.;0
1014203;104929;Henry Stanley.;0
1014204;104930;Roberto.;0
1014205;104930;Tomás.;0
1014206;104930;Oswell.;1
1014207;104930;William.;0
1014208;104931;Um balão.;0
1014209;104931;Uma caravana de camelos.;0
1014210;104931;Uma canoa a remo.;0
1014211;104931;Uma lancha a vapor.;1
1014212;104932;O rio Zambeze e outros rios do centro e do leste da África.;1
1014213;104932;O rio Nilo e o rio Congo.;0
1014214;104932;O rio Amazonas e o rio Paraná.;0
1014215;104932;O rio Tigre e o rio Eufrates.;0
1014216;104933;O lago Ngami.;0
1014217;104933;O lago Niassa.;1
1014218;104933;O lago Tanganica.;0
1014219;104933;O lago Banguelo.;0
1014220;104934;Cidades industriais.;0
1014221;104934;Minas de ouro.;0
1014222;104934;Postos missionários, escolas e rotas comerciais.;1
1014223;104934;Portos marítimos.;0
1014224;104935;O frio intenso e a neve.;0
1014225;104935;A falta de alimentos e de água.;0
1014226;104935;Ataques de piratas.;0
1014227;104935;O calor, as febres, os mosquitos e a umidade.;1
1014228;104936;Enguiçava e gastava muito combustível.;1
1014229;104936;Afundava constantemente.;0
1014230;104936;Voava sobre as cachoeiras.;0
1014231;104936;Não precisava de combustível.;0
1014232;104937;O rio Shire.;0
1014233;104937;O rio Zambeze.;1
1014234;104937;O rio Nilo.;0
1014235;104937;O rio Congo.;0
1014236;104938;Porque era o rio mais curto da África.;0
1014237;104938;Porque não tinha cachoeiras.;0
1014238;104938;Porque era justamente o motivo pelo qual a expedição fora organizada.;1
1014239;104938;Porque levava diretamente à Inglaterra.;0
1014240;104939;Do lago Niassa.;0
1014241;104939;Do deserto do Saara.;0
1014242;104939;Das pirâmides do Egito.;0
1014243;104939;Das cataratas de Kebrabasa.;1
1014244;104940;Não voltavam para contar a história.;1
1014245;104940;Ficavam ricos.;0
1014246;104940;Encontravam ouro.;0
1014247;104940;Tornavam-se chefes tribais.;0
1014248;104941;Que fossem verdadeiras.;0
1014249;104941;Que fosse exagero.;1
1014250;104941;Que fossem mentiras completas.;0
1014251;104941;Que fossem invenções de inimigos.;0
1014252;104942;Uma planície tranquila.;0
1014253;104942;Um lago de águas calmas.;0
1014254;104942;Uma cachoeira de nove metros de altura que se precipitava com grande estrondo sobre as rochas.;1
1014255;104942;Uma caverna profunda.;0
1014256;104943;Atravessou-as a nado.;0
1014257;104943;Construiu uma ponte.;0
1014258;104943;Saltou de barco.;0
1014259;104943;Foi preciso voltar.;1
1014260;104944;Livingstone não desanimou e orou a Deus.;1
1014261;104944;Todos desistiram imediatamente.;0
1014262;104944;Livingstone decidiu voltar para a Inglaterra.;0
1014263;104944;A equipe se revoltou contra ele.;0
1014264;104945;“Senhor, livra-me destas águas.”;0
1014265;104945;“Seja qual for a tua vontade, eu me submeterei a ela para fazer o que for melhor.”;1
1014266;104945;“Dá-me forças para atravessar.”;0
1014267;104945;“Não quero mais ser missionário.”;0
1014268;104946;A esposa e o filho.;0
1014269;104946;Os 27 macololos.;0
1014270;104946;A lancha “Mãe Roberta”.;1
1014271;104946;O livro “Viagens Missionárias”.;0
1014272;104947;O rio Zambeze.;0
1014273;104947;O rio Nilo.;0
1014274;104947;O rio Congo.;0
1014275;104947;O rio Shire.;1
1014276;104948;De um grande lago.;1
1014277;104948;De uma cidade perdida.;0
1014278;104948;De uma mina de diamantes.;0
1014279;104948;De um povo canibal.;0
1014280;104949;O lago Niassa.;0
1014281;104949;O lago Shirwa.;1
1014282;104949;O lago Ngami.;0
1014283;104949;O lago Tanganica.;0
1014284;104950;Mais de mil quilômetros.;0
1014285;104950;Cerca de dez quilômetros.;0
1014286;104950;Mais de cem quilômetros de comprimento.;1
1014287;104950;Cinquenta quilômetros.;0
1014288;104951;Que ficava mais ao sul.;0
1014289;104951;Que não existia.;0
1014290;104951;Que ficava a leste.;0
1014291;104951;Que ficava mais ao norte.;1
1014292;104952;Ataques de sanguessugas que infestavam as águas frias do rio.;1
1014293;104952;Ataques de piratas.;0
1014294;104952;Tempestades de neve.;0
1014295;104952;Enchentes de lava.;0
1014296;104953;1º de agosto de 1849.;0
1014297;104953;17 de setembro de 1859.;1
1014298;104953;19 de março de 1813.;0
1014299;104953;18 de abril de 1874.;0
1014300;104954;O maior lago africano.;0
1014301;104954;O terceiro lago africano.;0
1014302;104954;O segundo lago africano em tamanho.;1
1014303;104954;O menor lago africano.;0
1014304;104955;3 mil quilômetros quadrados.;0
1014305;104955;300 mil quilômetros quadrados.;0
1014306;104955;30 quilômetros quadrados.;0
1014307;104955;30 mil quilômetros quadrados.;1
1014308;104956;Outro navio.;1
1014309;104956;Mais dinheiro.;0
1014310;104956;Mais soldados.;0
1014311;104956;Um mapa da África.;0
1014312;104957;Com doações dos macololos.;0
1014313;104957;Com o dinheiro que ganhou pelo livro que escrevera em sua última viagem à Inglaterra.;1
1014314;104957;Com recursos do governo português.;0
1014315;104957;Com a venda de marfim.;0
1014316;104958;O tempo em que ficou em Londres.;0
1014317;104958;A viagem ao lago Niassa.;0
1014318;104958;O período em que foi a Tete.;1
1014319;104958;A estada em Luanda.;0
1014320;104959;Luanda.;0
1014321;104959;Quilimane.;0
1014322;104959;Zanzibar.;0
1014323;104959;Tete.;1
1014324;104960;Alguns dos seus companheiros da tribo macololo.;1
1014325;104960;Roberto Moffat.;0
1014326;104960;Henry Stanley.;0
1014327;104960;O sultão de Zanzibar.;0
1014328;104961;Queriam voltar para a Inglaterra, e ele lhes deu dinheiro.;0
1014329;104961;Queriam se estabelecer ali, e ele os ajudou a construir engenhos de açúcar.;1
1014330;104961;Queriam ser escravos, e ele os libertou.;0
1014331;104961;Queriam navegar, e ele lhes deu um barco.;0
1014332;104962;Da caça de elefantes.;0
1014333;104962;Da mineração de ouro.;0
1014334;104962;Dos engenhos de açúcar.;1
1014335;104962;Da pesca no rio Zambeze.;0
1014336;104963;Queriam ir para a Inglaterra, e ele os levou.;0
1014337;104963;Queriam ficar em Tete, e ele os abandonou.;0
1014338;104963;Queriam explorar o lago Niassa, e ele os proibiu.;0
1014339;104963;Queriam voltar para sua aldeia, no interior da África, e Livingstone foi com eles e depois voltou.;1
1014340;102621;Sua esposa Maria e seu filho mais velho, Roberto.;0
1014341;102621;Sua esposa Maria e seu filho mais novo, Oswell.;1
1014342;102621;Suas filhas Inês e Maria, além de seu sogro Roberto Moffat.;0
1014343;102621;Apenas seu filho mais novo, William Oswell.;0
1014344;102622;Uma lancha a vapor.;1
1014345;102622;Canoas de madeira construídas pelos macololos.;0
1014346;102622;Um grande navio mercantil de três mastros.;0
1014347;102622;Barcos a remo de fabricação escocesa.;0
1014348;102623;Mandou desmontar a lancha para atravessar a cachoeira por terra.;0
1014349;102623;Orou a Deus submetendo-se à Sua vontade e decidiu retornar.;1
1014350;102623;Forçou a passagem dos barcos pela cachoeira, perdendo parte dos mantimentos.;0
1014351;102623;Abandonou a missão na África e retornou imediatamente para a Inglaterra.;0
1014352;102624;Piranhas carnívoras.;0
1014353;102624;Crocodilos gigantes.;0
1014354;102624;Sanguessugas.;1
1014355;102624;Serpentes venenosas de água.;0
1014356;102625;Ser a nascente oficial do rio Nilo.;0
1014357;102625;Ser o segundo lago africano em tamanho.;1
1014358;102625;Ser o lago mais profundo do mundo.;0
1014359;102625;Ser o único lago de água salgada da África Central.;0
1014360;102626;De sua herança familiar recebida na Escócia.;0
1014361;102626;"Do dinheiro que havia ganho com a venda do seu livro ""Viagens Missionárias"".";1
1014362;102626;De uma doação feita pelo chefe tribal Sekeletu.;0
1014363;102626;Da venda de equipamentos médicos e ferramentas na cidade do Cabo.;0
1014364;102627;Moinhos de vento para moagem de milho.;0
1014365;102627;Engenhos de açúcar.;1
1014366;102627;Canais de irrigação para algodão.;0
1014367;102627;Pocilgas e currais para criação de gado.;0
1014368;102628;Janeiro.;0
1014369;102628;Março.;1
1014370;102628;Agosto.;0
1014371;102628;Dezembro.;0
1014372;102629;Dois anos.;0
1014373;102629;Quatro anos.;0
1014374;102629;Seis anos.;1
1014375;102629;Dez anos.;0
1014376;102630;Fortalezas militares e depósitos de ouro.;0
1014377;102630;Postos missionários, escolas e rotas comerciais.;1
1014378;102630;Hospitais regionais e fábricas de tecidos.;0
1014379;102630;Portos marítimos e consulados britânicos.;0
1014380;102631;O casco sofria furos frequentes devido ao ataque de hipopótamos.;0
1014381;102631;A embarcação enguiçava com frequência e consumia muito combustível.;1
1014382;102631;O motor era barulhento demais e afastava os nativos das margens.;0
1014383;102631;A lancha era pesada demais para navegar em águas rasas.;0
1014384;102632;Tornaram-se chefes de tribos distantes ao norte.;0
1014385;102632;Foram capturados por traficantes de escravos árabes.;0
1014386;102632;Não haviam voltado para contar a história.;1
1014387;102632;Descobriram um caminho secreto por trás das rochas.;0
1014388;102633;Três metros.;0
1014389;102633;Seis metros.;0
1014390;102633;Nove metros.;1
1014391;102633;Doze metros.;0
1014392;102634;Maria Escocesa.;0
1014393;102634;Mãe Roberta.;1
1014394;102634;Rainha Vitória.;0
1014395;102634;Estrela do Sul.;0
1014396;102635;Lago Tanganica.;0
1014397;102635;Lago Shirwa.;1
1014398;102635;Lago Bangueolo.;0
1014399;102635;Lago Ngami.;0
1014400;102636;Ataques de leões e cobras venenosas.;0
1014401;102636;Mosquitos e umidade.;1
1014402;102636;Falta de sal e excesso de poeira.;0
1014403;102636;Ventos fortes e tempestades de areia.;0
1014404;102637;Comerciantes portugueses interessados em marfim.;0
1014405;102637;Companheiros da tribo macololo.;1
1014406;102637;Sua esposa Maria e seu sogro Roberto Moffat.;0
1014407;102637;Soldados do governo britânico vindos da costa.;0
1014408;102638;Dois anos;0
1014409;102638;Três anos;0
1014410;102638;Cinco anos;0
1014411;102638;Quatro anos;1
1014412;102639;Londres;1
1014413;102639;Glasgow;0
1014414;102639;Luanda;0
1014415;102639;Cidade do Cabo;0
1014416;102640;A Rainha Vitória;0
1014417;102640;O Príncipe;1
1014418;102640;O primeiro-ministro;0
1014419;102640;O presidente da Sociedade Missionária;0
1014420;102641;Convidaram-no para dirigir uma escola;0
1014421;102641;Pediram que abandonasse novas explorações;0
1014422;102641;Convocaram-no para fazer conferências;1
1014423;102641;Enviaram-no imediatamente de volta à África;0
1014424;102642;Ignoraram suas descobertas;0
1014425;102642;Criticaram suas viagens;0
1014426;102642;Publicaram apenas informações sobre sua família;0
1014427;102642;Falavam a respeito de suas aventuras;1
1014428;102643;Aclamavam-no;1
1014429;102643;Evitavam aproximar-se dele;0
1014430;102643;Pediam que deixasse de viajar;0
1014431;102643;Demonstravam pouco interesse;0
1014432;102644;Narravam principalmente acontecimentos políticos;0
1014433;102644;Falavam de um continente desconhecido e de povos com costumes diferentes;1
1014434;102644;Descreviam apenas suas experiências médicas;0
1014435;102644;Explicavam como funcionava o comércio europeu;0
1014436;102645;Aventuras na África;0
1014437;102645;O Coração da África;0
1014438;102645;Viagens Missionárias;1
1014439;102645;Caminhos do Zambeze;0
1014440;102646;A Sociedade Missionária de Londres;0
1014441;102646;Roberto Moffat;0
1014442;102646;A Sociedade Geográfica;0
1014443;102646;O governo britânico;1
1014444;102647;Março de 1858;1
1014445;102647;Maio de 1854;0
1014446;102647;Setembro de 1859;0
1014447;102647;Março de 1862;0
1014448;102648;Todos os seus filhos;0
1014449;102648;Sua esposa e o filho mais novo, Oswell;1
1014450;102648;Roberto Moffat e Maria;0
1014451;102648;Apenas um grupo de cientistas;0
1014452;102649;Roberto;0
1014453;102649;Tomás;0
1014454;102649;Oswell;1
1014455;102649;Inês;0
1014456;102650;Três anos;0
1014457;102650;Quatro anos;0
1014458;102650;Cinco anos;0
1014459;102650;Seis anos;1
1014460;102651;Uma lancha a vapor;1
1014461;102651;Um grande navio britânico;0
1014462;102651;Uma canoa africana;0
1014463;102651;Um barco a vela;0
1014464;102652;Nilo;0
1014465;102652;Zambeze;1
1014466;102652;Congo;0
1014467;102652;Rovuna;0
1014468;102653;Norte e oeste da África;0
1014469;102653;Sul e oeste da África;0
1014470;102653;Centro e leste da África;1
1014471;102653;Apenas o sul da África;0
1014472;102654;Lago Ngami;0
1014473;102654;Lago Tanganica;0
1014474;102654;Lago Bangueolo;0
1014475;102654;Lago Niassa;1
1014476;102655;Postos missionários;1
1014477;102655;Mosteiros;0
1014478;102655;Catedrais;0
1014479;102655;Seminários europeus;0
1014480;102656;Universidades;0
1014481;102656;Escolas;1
1014482;102656;Academias militares;0
1014483;102656;Bibliotecas públicas;0
1014484;102657;Fortificações militares;0
1014485;102657;Fazendas de algodão;0
1014486;102657;Rotas comerciais;1
1014487;102657;Portos britânicos;0
1014488;102658;Frio, neve, fome e ventos;0
1014489;102658;Tempestades, animais e guerras;0
1014490;102658;Seca, poeira, fome e frio;0
1014491;102658;Calor, febres, mosquitos e umidade;1
1014492;102659;Enguiçava;1
1014493;102659;Afundava parcialmente;0
1014494;102659;Perdia o leme;0
1014495;102659;Quebrava o casco;0
1014496;102660;Era pequena demais para a equipe;0
1014497;102660;Gastava muito combustível;1
1014498;102660;Não podia navegar em rios;0
1014499;102660;Não transportava alimentos;0
1014500;102661;Shire;0
1014501;102661;Rovuna;0
1014502;102661;Zambeze;1
1014503;102661;Nilo;0
1014504;102662;Por mapas ingleses;0
1014505;102662;Por relatos de cientistas;0
1014506;102662;Por cartas de Roberto Moffat;0
1014507;102662;Havia ouvido falar delas em viagens anteriores;1
1014508;102663;Não voltavam para contar a história;1
1014509;102663;Precisavam de embarcações maiores;0
1014510;102663;Sempre alcançavam o outro lado;0
1014511;102663;Eram obrigados a viajar por terra;0
1014512;102664;Considerou-os totalmente verdadeiros;0
1014513;102664;Pensou que fossem exagerados;1
1014514;102664;Recusou-se a ouvi-los;0
1014515;102664;Decidiu abandonar a expedição imediatamente;0
1014516;102665;Recebeu um novo mapa da região;0
1014517;102665;Conversou com outros exploradores;0
1014518;102665;Chegou diante das cataratas e viu a dificuldade pessoalmente;1
1014519;102665;Sua lancha afundou antes de chegar ao local;0
1014520;102666;Três metros;0
1014521;102666;Cinco metros;0
1014522;102666;Sete metros;0
1014523;102666;Nove metros;1
1014524;102667;Rochas;1
1014525;102667;Areia;0
1014526;102667;Lama;0
1014527;102667;Vegetação;0
1014528;102668;Abandonar definitivamente a África;0
1014529;102668;Voltar;1
1014530;102668;Desmontar imediatamente a lancha;0
1014531;102668;Permanecer ali durante três meses;0
1014532;102669;Aliviados;0
1014533;102669;Indiferentes;0
1014534;102669;Muito desapontados;1
1014535;102669;Satisfeitos com o resultado;0
1014536;102670;Decidiu voltar para a Inglaterra;0
1014537;102670;Abandonou as explorações fluviais;0
1014538;102670;Culpou seus companheiros pelo fracasso;0
1014539;102670;Não desanimou;1
1014540;102671;Orou, submetendo-se à vontade de Deus e disposto a fazer o que fosse melhor;1
1014541;102671;Pediu para nunca mais enfrentar dificuldades;0
1014542;102671;Decidiu interromper o trabalho missionário;0
1014543;102671;Prometeu retornar imediatamente à Inglaterra;0
1014544;102672;Vitória;0
1014545;102672;Mãe Roberta;1
1014546;102672;Maria;0
1014547;102672;Zambeze;0
1014548;102673;Zambeze;0
1014549;102673;Rovuna;0
1014550;102673;Shire;1
1014551;102673;Congo;0
1014552;102674;Procurava uma aldeia macololo;0
1014553;102674;Queria encontrar uma nova rota para Luanda;0
1014554;102674;Procurava um local para construir uma escola;0
1014555;102674;Havia ouvido falar de um grande lago;1
1014556;102675;Lago Shirwa;1
1014557;102675;Lago Niassa;0
1014558;102675;Lago Ngami;0
1014559;102675;Lago Tanganica;0
1014560;102676;Menos de 50 quilômetros;0
1014561;102676;Mais de 100 quilômetros de comprimento;1
1014562;102676;Cerca de 500 quilômetros;0
1014563;102676;Mais de mil quilômetros;0
1014564;102677;Que não havia outros lagos na região;0
1014565;102677;Que deveria retornar ao rio Zambeze;0
1014566;102677;Que a “grande água” ficava mais ao norte;1
1014567;102677;Que o lago Niassa ficava ao sul;0
1014568;102678;Sul;0
1014569;102678;Leste;0
1014570;102678;Oeste;0
1014571;102678;Norte;1
1014572;102679;Sanguessugas;1
1014573;102679;Crocodilos;0
1014574;102679;Hipopótamos;0
1014575;102679;Serpentes;0
1014576;102680;17 de setembro de 1858;0
1014577;102680;17 de setembro de 1859;1
1014578;102680;1º de agosto de 1859;0
1014579;102680;17 de novembro de 1859;0
1014580;102681;O maior lago africano;0
1014581;102681;O terceiro maior lago africano;0
1014582;102681;O segundo lago africano em tamanho;1
1014583;102681;O quarto maior lago africano;0
1014584;102682;10 mil quilômetros quadrados;0
1014585;102682;15 mil quilômetros quadrados;0
1014586;102682;20 mil quilômetros quadrados;0
1014587;102682;30 mil quilômetros quadrados;1
1014588;102683;Ao governo britânico;1
1014589;102683;À Sociedade Missionária de Londres;0
1014590;102683;A Roberto Moffat;0
1014591;102683;Ao sultão de Zanzibar;0
1014592;102684;Recebeu-a de presente dos macololos;0
1014593;102684;Mandou comprar outro barco;1
1014594;102684;Construiu sozinho uma embarcação;0
1014595;102684;Comprou a antiga lancha de um comerciante;0
1014596;102685;De doações dos macololos;0
1014597;102685;Do governo britânico;0
1014598;102685;Do dinheiro que ganhou com seu livro;1
1014599;102685;Da venda da lancha Mãe Roberta;0
1014600;102686;Uma missão especial;0
1014601;102686;Um retiro;0
1014602;102686;Um período de repouso obrigatório;0
1014603;102686;Férias;1
1014604;102687;Tete;1
1014605;102687;Luanda;0
1014606;102687;Kuruman;0
1014607;102687;Colobeng;0
1014608;102688;Sua esposa e seus filhos;0
1014609;102688;Alguns companheiros da tribo macololo;1
1014610;102688;Roberto Moffat e outros missionários;0
1014611;102688;Representantes do governo britânico;0
1014612;102689;Voltar imediatamente para a Inglaterra;0
1014613;102689;Participar de outra expedição ao lago Niassa;0
1014614;102689;Estabelecer-se em Tete;1
1014615;102689;Seguir para Luanda;0
1014616;102690;Construiu casas para suas famílias;0
1014617;102690;Deu-lhes dinheiro para comprar terras;0
1014618;102690;Levou-os para trabalhar em postos missionários;0
1014619;102690;Ajudou-os a construir engenhos de açúcar;1
1014620;102691;Para que obtivessem seu sustento;1
1014621;102691;Para financiar novas expedições de Livingstone;0
1014622;102691;Para abastecer o governo britânico;0
1014623;102691;Para produzir alimentos para os missionários;0
1014624;102692;Viajar para a Inglaterra;0
1014625;102692;Voltar para sua aldeia no interior da África;1
1014626;102692;Permanecer no lago Niassa;0
1014627;102692;Seguir para a costa atlântica;0
1014628;102693;Providenciou um navio para eles;0
1014629;102693;Deu-lhes dinheiro e permaneceu em Tete;0
1014630;102693;Foi com eles e depois voltou;1
1014631;102693;Pediu ao governo britânico que os acompanhasse;0
1014632;102694;"""O Coração da África Misteriosa"".";0
1014633;102694;"""Viagens Missionárias"".";1
1014634;102694;"""Relatos das Águas do Zambeze"".";0
1014635;102694;"""Caminhos e Tribos do Interior Selvagem"".";0
1014636;102695;"""Mãe Roberta"".";1
1014637;102695;"""Estrela do Norte"".";0
1014638;102695;"""Pioneiro do Nilo"".";0
1014639;102695;"""Rainha Vitória"".";0
1014640;102696;As cataratas Vitória.;0
1014641;102696;As cataratas de Kebrabasa.;1
1014642;102696;Os rápidos de Livingstone.;0
1014643;102696;As corredeiras de Maniuema.;0
1014644;102697;O lago Shirwa.;0
1014645;102697;O lago Niassa.;1
1014646;102697;O lago Tanganica.;0
1014647;102697;O lago Bangueolo.;0
1014648;102698;Tete.;1
1014649;102698;Mabotza.;0
1014650;102698;Colobeng.;0
1014651;102698;Chonuane.;0
1014652;104964;Dois anos.;0
1014653;104964;Três anos.;0
1014654;104964;Quatro anos.;1
1014655;104964;Seis anos.;0
1014656;104965;Para a Inglaterra.;1
1014657;104965;Para a China.;0
1014658;104965;Para Portugal.;0
1014659;104965;Para a Escócia.;0
1014660;104966;Que havia sido esquecido pelo público.;0
1014661;104966;Que estava famoso.;1
1014662;104966;Que sua missão havia sido encerrada.;0
1014663;104966;Que deveria retornar imediatamente à Escócia.;0
1014664;104967;O rei da Escócia.;0
1014665;104967;O diretor da Sociedade Missionária.;0
1014666;104967;O Príncipe.;1
1014667;104967;O chefe dos macololos.;0
1014668;104968;Para que participasse de uma guerra.;0
1014669;104968;Para que construísse uma embarcação.;0
1014670;104968;Para que fizesse conferências.;1
1014671;104968;Para que ensinasse técnicas de agricultura.;0
1014672;104969;Publicaram notícias sobre suas aventuras.;1
1014673;104969;Criticaram sua decisão de viajar.;0
1014674;104969;Anunciaram sua mudança para a China.;0
1014675;104969;Informaram que ele havia desistido da missão.;0
1014676;104970;Ignoravam-no completamente.;0
1014677;104970;Tinham medo de se aproximar dele.;0
1014678;104970;Aclamavam-no e queriam ouvir suas histórias.;1
1014679;104970;Pediam que deixasse a cidade.;0
1014680;104971;Histórias sobre guerras europeias.;0
1014681;104971;Histórias sobre um continente desconhecido e povos de costumes estranhos.;1
1014682;104971;Histórias sobre a vida nas fábricas inglesas.;0
1014683;104971;Histórias sobre viagens marítimas pela Ásia.;0
1014684;104972;Escrever seu primeiro livro.;1
1014685;104972;Construir uma nova casa em Londres.;0
1014686;104972;Trabalhar novamente em uma fábrica.;0
1014687;104972;Preparar uma viagem para a China.;0
1014688;104973;Aventuras na África Central.;0
1014689;104973;O Caminho para o Mar.;0
1014690;104973;Viagens Missionárias.;1
1014691;104973;A Grande Travessia.;0
1014692;104974;O governo britânico.;1
1014693;104974;O chefe Sekeletu.;0
1014694;104974;A família Moffat.;0
1014695;104974;Os comerciantes portugueses.;0
1014696;104975;Prosseguir as explorações na África.;1
1014697;104975;Procurar uma passagem para a China.;0
1014698;104975;Levar a família de Livingstone de volta à Escócia.;0
1014699;104975;Criar uma rota para o comércio de escravos.;0
1014700;104976;Em março de 1858.;1
1014701;104976;Em maio de 1854.;0
1014702;104976;Em setembro de 1859.;0
1014703;104976;Em abril de 1862.;0
1014704;104977;Apenas os 27 carregadores macololos.;0
1014705;104977;Sua esposa e o filho mais novo, Oswell.;1
1014706;104977;Somente Roberto Moffat.;0
1014707;104977;Um grupo de cientistas ingleses e comerciantes árabes.;0
1014708;104978;Dois anos.;0
1014709;104978;Quatro anos.;0
1014710;104978;Seis anos.;1
1014711;104978;Oito anos.;0
1014712;104979;Navios de guerra.;0
1014713;104979;Canoas indígenas.;0
1014714;104979;Uma lancha a vapor.;1
1014715;104979;Barcos movidos por velas.;0
1014716;104980;O rio Zambeze e outros rios do centro e do leste da África.;1
1014717;104980;Apenas o rio Nilo e os rios do norte da África.;0
1014718;104980;Os rios da Inglaterra e da Escócia.;0
1014719;104980;O litoral da China e os rios da Índia.;0
1014720;104981;O lago Niassa.;1
1014721;104981;O deserto do Saara.;0
1014722;104981;A cidade de Luanda.;0
1014723;104981;A aldeia de Chonuane.;0
1014724;104982;Postos missionários, escolas e rotas comerciais.;1
1014725;104982;Fortalezas militares e prisões.;0
1014726;104982;Fábricas de armas e minas de ouro.;0
1014727;104982;Fazendas destinadas à criação de cavalos.;0
1014728;104983;O frio, a neve e os ventos fortes.;0
1014729;104983;O calor, as febres, os mosquitos e a umidade.;1
1014730;104983;A falta de roupas e o excesso de alimentos.;0
1014731;104983;Os ataques de leões e a ausência de mapas.;0
1014732;104984;Afundava sempre que chegava ao mar.;0
1014733;104984;Enguiçava e gastava muito combustível.;1
1014734;104984;Não conseguia navegar em águas profundas.;0
1014735;104984;Era atacada constantemente por animais.;0
1014736;104985;No rio Shire.;0
1014737;104985;No rio Nilo.;0
1014738;104985;No rio Zambeze.;1
1014739;104985;No rio Rovuma.;0
1014740;104986;Para explorar o rio Zambeze.;1
1014741;104986;Para encontrar os traficantes de escravos.;0
1014742;104986;Para acompanhar a família de Livingstone.;0
1014743;104986;Para transportar o livro “Viagens Missionárias”.;0
1014744;104987;Que eram fáceis de atravessar durante o período de seca.;0
1014745;104987;Que todos os que haviam tentado atravessá-las não tinham voltado para contar a história.;1
1014746;104987;Que eram utilizadas pelos comerciantes como rota principal.;0
1014747;104987;Que ficavam próximas à cidade de Londres.;0
1014748;104988;Acreditou imediatamente em todos os relatos.;0
1014749;104988;Pensou que os relatos fossem exagerados.;1
1014750;104988;Decidiu abandonar definitivamente a expedição.;0
1014751;104988;Pediu ao governo que destruísse as cataratas.;0
1014752;104989;Uma pequena queda-d’água sem grande perigo.;0
1014753;104989;Uma cachoeira de nove metros de altura.;1
1014754;104989;Um lago completamente seco.;0
1014755;104989;Uma passagem segura entre as rochas.;0
1014756;104990;Caía silenciosamente sobre a areia.;0
1014757;104990;Formava uma correnteza rasa e tranquila.;0
1014758;104990;Precipitava-se com grande estrondo sobre as rochas.;1
1014759;104990;Desaparecia no interior de uma floresta.;0
1014760;104991;Prosseguir rapidamente pelo rio.;0
1014761;104991;Voltar.;1
1014762;104991;Construir uma ponte.;0
1014763;104991;Desmontar imediatamente a lancha.;0
1014764;104992;Ficaram muito desapontados.;1
1014765;104992;Comemoraram a descoberta.;0
1014766;104992;Sentiram que a viagem havia terminado com sucesso.;0
1014767;104992;Ficaram indiferentes ao obstáculo.;0
1014768;104993;Desistiu de todas as explorações.;0
1014769;104993;Não se deixou desanimar.;1
1014770;104993;Retornou definitivamente para a Inglaterra.;0
1014771;104993;Culpou os nativos pela dificuldade.;0
1014772;104994;Que faria apenas o que fosse mais lucrativo.;0
1014773;104994;Que se submeteria à vontade de Deus para fazer o que fosse melhor.;1
1014774;104994;Que não aceitaria mais conselhos dos nativos.;0
1014775;104994;Que abandonaria a missão caso surgisse outro obstáculo.;0
1014776;104995;Voltou diretamente para Londres.;0
1014777;104995;Navegou com um pequeno grupo pelo rio Shire.;1
1014778;104995;Seguiu por terra até a cidade do Cabo.;0
1014779;104995;Retornou à aldeia de Chonuane.;0
1014780;104996;Uma grande cidade comercial.;0
1014781;104996;Um grande lago.;1
1014782;104996;Uma cadeia de montanhas.;0
1014783;104996;Uma missão abandonada.;0
1014784;104997;O lago Niassa.;0
1014785;104997;O lago Ngami.;0
1014786;104997;O lago Shirwa.;1
1014787;104997;O lago Zambeze.;0
1014788;104998;Mais de dez quilômetros.;0
1014789;104998;Mais de trinta quilômetros.;0
1014790;104998;Mais de cem quilômetros.;1
1014791;104998;Mais de quinhentos quilômetros.;0
1014792;104999;Que não havia mais água ao norte.;0
1014793;104999;Que a “grande água” ficava mais ao norte.;1
1014794;104999;Que o rio Shire terminava naquele lago.;0
1014795;104999;Que o lago havia sido criado pelos comerciantes.;0
1014796;105000;Ataques de sanguessugas nas águas frias do rio.;1
1014797;105000;Falta de livros e instrumentos de navegação.;0
1014798;105000;Ataques de elefantes dentro da lancha.;0
1014799;105000;Ventos congelantes e grandes tempestades de neve.;0
1014800;105001;Em 17 de setembro de 1859.;1
1014801;105001;Em 1º de agosto de 1849.;0
1014802;105001;Em 17 de novembro de 1840.;0
1014803;105001;Em março de 1858.;0
1014804;105002;Como o menor lago africano.;0
1014805;105002;Como o segundo lago africano em tamanho.;1
1014806;105002;Como o lago mais profundo da África.;0
1014807;105002;Como o único lago conhecido pelos europeus.;0
1014808;105003;Dez mil quilômetros quadrados.;0
1014809;105003;Vinte mil quilômetros quadrados.;0
1014810;105003;Trinta mil quilômetros quadrados.;1
1014811;105003;Cinquenta mil quilômetros quadrados.;0
1014812;105004;Havia pedido outro navio.;1
1014813;105004;Havia pedido a construção de uma ferrovia.;0
1014814;105004;Havia solicitado soldados para sua proteção.;0
1014815;105004;Havia pedido o envio de alimentos para a Inglaterra.;0
1014816;105005;Utilizou o dinheiro recebido de comerciantes árabes.;0
1014817;105005;Usou o dinheiro que havia ganhado com seu livro.;1
1014818;105005;Recebeu uma herança dos macololos.;0
1014819;105005;Vendeu a lancha “Mãe Roberta”.;0
1014820;105006;“Viagens Missionárias”.;1
1014821;105006;“A Grande Travessia”.;0
1014822;105006;“As Cataratas de Kebrabasa”.;0
1014823;105006;“O Caminho para o Mar”.;0
1014824;105007;Retornou definitivamente à Inglaterra.;0
1014825;105007;Teve um período que chamou de férias.;1
1014826;105007;Abandonou seus companheiros.;0
1014827;105007;Começou a trabalhar novamente na fábrica de algodão.;0
1014828;105008;Para Tete.;1
1014829;105008;Para Londres.;0
1014830;105008;Para Luanda.;0
1014831;105008;Para Chonuane.;0
1014832;105009;Alguns de seus companheiros da tribo macololo.;1
1014833;105009;Os diretores da Sociedade Missionária de Londres.;0
1014834;105009;Os comerciantes que haviam destruído Colobeng.;0
1014835;105009;A família que havia permanecido na Inglaterra.;0
1014836;105010;Estabelecer-se naquela região.;1
1014837;105010;Retornar imediatamente para Londres.;0
1014838;105010;Tornar-se comerciantes de escravos.;0
1014839;105010;Abandonar completamente a África.;0
1014840;105011;Ajudou-os a construir engenhos de açúcar.;1
1014841;105011;Deu-lhes uma embarcação a vapor.;0
1014842;105011;Ensinou-os a explorar as cataratas.;0
1014843;105011;Levou-os para estudar na Inglaterra.;0
1014844;105012;Para obterem seu sustento.;1
1014845;105012;Para fabricar armas.;0
1014846;105012;Para produzir combustível para a lancha.;0
1014847;105012;Para construir uma estrada até Londres.;0
1014848;105013;Voltar para sua aldeia no interior da África.;1
1014849;105013;Viajar para a China.;0
1014850;105013;Trabalhar em Londres.;0
1014851;105013;Acompanhar Livingstone até o lago Niassa.;0
1014852;105014;Foi com eles e depois voltou.;1
1014853;105014;Impediu que partissem.;0
1014854;105014;Enviou-os de navio para a Inglaterra.;0
1014855;105014;Pediu que permanecessem em Tete.;0
1014856;105015;Livingstone retornou famoso à Inglaterra, voltou à África em uma nova expedição, enfrentou dificuldades, descobriu o lago Niassa e auxiliou seus companheiros macololos.;1
1014857;105015;Livingstone abandonou as explorações depois de chegar a Londres e passou a trabalhar na indústria.;0
1014858;105015;Livingstone dedicou-se exclusivamente à construção de igrejas e não realizou novas viagens.;0
1014859;105015;Livingstone retornou à África apenas para negociar com comerciantes e explorar minas.;0
1014860;102699;Dois anos;0
1014861;102699;Quatro anos;1
1014862;102699;Seis anos;0
1014863;102699;Oito anos;0
1014864;102700;Pelo Papa;0
1014865;102700;Pelo Príncipe;1
1014866;102700;Pelo Presidente dos Estados Unidos;0
1014867;102700;Pelo sultão de Zanzibar;0
1014868;102701;"""Um Coração na África""";0
1014869;102701;"""Aventuras no Continente Negro""";0
1014870;102701;"""Viagens Missionárias""";1
1014871;102701;"""O Missionário Explorador""";0
1014872;102702;O governo britânico;1
1014873;102702;A Sociedade Geográfica Real, isoladamente;0
1014874;102702;O sultão de Zanzibar;0
1014875;102702;A Rainha Vitória, em decreto pessoal;0
1014876;102703;Apenas seus carregadores macololos;0
1014877;102703;Sua esposa e o filho mais novo, Oswell;1
1014878;102703;O jornalista Henry Stanley;0
1014879;102703;O missionário Roberto Moffat;0
1014880;102704;Uma canoa nativa;0
1014881;102704;Uma lancha a vapor;1
1014882;102704;Um veleiro português;0
1014883;102704;Uma jangada improvisada;0
1014884;102705;Fortalezas militares;0
1014885;102705;Postos missionários, escolas e rotas comerciais;1
1014886;102705;Colônias permanentes de europeus;0
1014887;102705;Portos para navios de grande porte;0
1014888;102706;O calor, as febres, os mosquitos e a umidade;1
1014889;102706;A fome extrema e a falta de água potável;0
1014890;102706;Os ataques constantes de animais selvagens;0
1014891;102706;O frio intenso e as tempestades de areia;0
1014892;102707;Que eram um local sagrado onde ninguém podia entrar;0
1014893;102707;Que todos os que haviam tentado atravessá-las não tinham voltado para contar a história;1
1014894;102707;Que continham grandes quantidades de ouro;0
1014895;102707;Que eram habitadas por espíritos protetores;0
1014896;102708;Uma cachoeira de nove metros de altura, que se precipitava com grande estrondo sobre as rochas;1
1014897;102708;Um desfiladeiro estreito demais para a lancha passar;0
1014898;102708;Um banco de areia que impedia a navegação;0
1014899;102708;Uma ponte natural de rocha bloqueando o rio;0
1014900;102709;"""Senhor, dai-me forças para vencer este obstáculo.""";0
1014901;102709;"""Seja qual for a tua vontade, eu me submeterei a ela para fazer o que for melhor.""";1
1014902;102709;"""Por que permitiste que eu chegasse tão longe para fracassar?""";0
1014903;102709;"""Ajudai-me a encontrar outro caminho imediatamente.""";0
1014904;102710;"""Estrela do Mar""";0
1014905;102710;"""Mãe Roberta""";1
1014906;102710;"""Esperança Africana""";0
1014907;102710;"""Pioneira""";0
1014908;102711;Lago Niassa;0
1014909;102711;Lago Ngami;0
1014910;102711;Lago Shirwa;1
1014911;102711;Lago Tanganica;0
1014912;102712;Que ficava mais ao norte;1
1014913;102712;Que ficava mais ao sul;0
1014914;102712;Que ficava muito mais a leste;0
1014915;102712;Que não existia tal lago;0
1014916;102713;Piranhas;0
1014917;102713;Sanguessugas;1
1014918;102713;Enguias elétricas;0
1014919;102713;Cobras-d'água;0
1014920;102714;1º de agosto de 1849;0
1014921;102714;17 de setembro de 1859;1
1014922;102714;23 de agosto de 1872;0
1014923;102714;21 de abril de 1873;0
1014924;102715;Recebeu como presente do sultão de Zanzibar;0
1014925;102715;Usou o dinheiro que havia ganho pelo livro que escrevera em sua última viagem à Inglaterra;1
1014926;102715;Trocou por marfim com comerciantes árabes;0
1014927;102715;Recebeu doação da Rainha Vitória;0
1014928;102716;Para Ujiji;0
1014929;102716;Para Tete;1
1014930;102716;Para Luanda;0
1014931;102716;Para Zanzibar;0
1014932;102717;A construir barcos de pesca;0
1014933;102717;A construir engenhos de açúcar;1
1014934;102717;A cultivar algodão;0
1014935;102717;A criar gado;0
1014936;102718;Os colonos holandeses estabelecidos no sul.;0
1014937;102718;Os mercadores árabes.;1
1014938;102718;Os comerciantes franceses da costa ocidental.;0
1014939;102718;Os marinheiros espanhóis.;0
1014940;102719;A descoberta de que os próprios africanos capturavam e vendiam jovens de tribos vizinhas.;1
1014941;102719;A confirmação de que os chefes tribais repudiavam qualquer tipo de aprisionamento.;0
1014942;102719;A percepção de que a escravidão inexistia fora das áreas litorâneas.;0
1014943;102719;O fato de que apenas ordens religiosas realizavam a venda de prisioneiros.;0
1014944;102720;Temiam a transmissão de enfermidades trazidas pelos viajantes.;0
1014945;102720;Pensavam que a comitiva era formada por mercadores de escravos.;1
1014946;102720;Acreditavam que o grupo vinha para tomar suas colheitas de milho.;0
1014947;102720;Confundiam os visitantes com guerreiros de tribos rivais.;0
1014948;102721;O Doutor do Sul.;0
1014949;102721;O Homem Bom.;1
1014950;102721;O Defensor da Floresta.;0
1014951;102721;O Grande Chefe Branco.;0
1014952;102722;Os traficantes se assustaram com a chegada da caravana de Livingstone e fugiram, abandonando os escravos.;1
1014953;102722;O grupo de missionários pagou uma quantia em dinheiro ao líder dos traficantes.;0
1014954;102722;Os missionários usaram armas de fogo para render os mercadores de escravos.;0
1014955;102722;O chefe da tribo local ordenou o resgate dos prisioneiros acorrentados.;0
1014956;102723;5 mil escravos.;0
1014957;102723;10 mil escravos.;0
1014958;102723;19 mil escravos.;1
1014959;102723;40 mil escravos.;0
1014960;102724;Cerca de 15 mil pessoas.;0
1014961;102724;Cerca de 30 mil pessoas.;0
1014962;102724;Cerca de 60 mil pessoas.;0
1014963;102724;Cerca de 90 mil pessoas.;1
1014964;102725;Corriam para oferecer presentes e alimentos aos visitantes.;0
1014965;102725;Gritavam apavoradas devido ao pânico e ao medo de serem capturadas.;1
1014966;102725;Escondiam-se em silêncio absoluto dentro dos celeiros de milho.;0
1014967;102725;Chamavam os guerreiros mais fortes para a defesa da comunidade.;0
1014968;102726;Que eles serviam apenas como guias geográficos para os árabes.;0
1014969;102726;Que os próprios africanos capturavam e vendiam jovens de tribos vizinhas.;1
1014970;102726;Que as tribos nativas eram as únicas que não aceitavam mercadorias em troca de pessoas.;0
1014971;102726;Que os chefes tribais trocavam prisioneiros de guerra exclusivamente por medicamentos.;0
1014972;102727;Amarrados pelas mãos com cordas de fibra vegetal.;0
1014973;102727;Trancafiados em gaiolas de madeira transportadas por bois.;0
1014974;102727;Acorrentados uns aos outros pelo pescoço.;1
1014975;102727;Presos pelos pés com grilhões de ferro importados.;0
1014976;102728;Foram levadas para trabalhar na construção da missão inglesa.;0
1014977;102728;Foram encaminhadas para a costa para servirem como carregadores remunerados.;0
1014978;102728;Foram todas libertadas e puderam voltar para suas próprias casas.;1
1014979;102728;Foram integradas obrigatoriamente à tribo dos macololos para proteção.;0
1014980;102729;Apenas os primeiros cinco anos após sua chegada na África do Sul.;0
1014981;102729;Durante todo o tempo em que viveu na África.;1
1014982;102729;Somente o período após a morte de sua esposa Maria.;0
1014983;102729;Apenas quando contava com escolta militar do governo britânico.;0
1014984;105016;A caça de leões.;0
1014985;105016;A escravidão.;1
1014986;105016;A falta de escolas.;0
1014987;105016;A seca.;0
1014988;105017;Os ingleses.;0
1014989;105017;Os portugueses.;0
1014990;105017;Os árabes.;1
1014991;105017;Os alemães.;0
1014992;105018;Construíam escolas.;0
1014993;105018;Levavam missionários.;0
1014994;105018;Negociavam apenas marfim.;0
1014995;105018;Voltavam com grandes caravanas de escravos.;1
1014996;105019;Que só estrangeiros capturavam e vendiam escravos.;1
1014997;105019;Que os africanos eram os únicos traficantes.;0
1014998;105019;Que a escravidão não existia na África.;0
1014999;105019;Que os ingleses eram os principais traficantes.;0
1015000;105020;Que os árabes eram os únicos envolvidos.;0
1015001;105020;Que os próprios africanos capturavam e vendiam jovens das tribos vizinhas.;1
1015002;105020;Que os missionários vendiam escravos.;0
1015003;105020;Que a escravidão havia acabado na África.;0
1015004;105021;Recebiam-no com festas.;0
1015005;105021;Ignoravam sua chegada.;0
1015006;105021;Entravam em pânico, pensando que eram mercadores de escravos.;1
1015007;105021;Atacavam-no imediatamente.;0
1015008;105022;Corriam para comprar escravos.;0
1015009;105022;Pediam para ser escravizados.;0
1015010;105022;Reuniam-se para negociar.;0
1015011;105022;Todos fugiam e se escondiam.;1
1015012;105023;Gritavam apavoradas.;1
1015013;105023;Cantavam alegremente.;0
1015014;105023;Dormiam tranquilas.;0
1015015;105023;Ajudavam os traficantes.;0
1015016;105024;Continuavam a fugir.;0
1015017;105024;Ficavam seus amigos.;1
1015018;105024;Atacavam a caravana.;0
1015019;105024;Vendiam suas casas.;0
1015020;105025;Com os 27 macololos.;0
1015021;105025;Com Roberto Moffat.;0
1015022;105025;Com alguns missionários ingleses que tinham ido instalar uma missão no interior.;1
1015023;105025;Com Henry Stanley.;0
1015024;105026;Amarrados pelos pés.;0
1015025;105026;Presos em jaulas.;0
1015026;105026;Cobertos de feridas.;0
1015027;105026;Acorrentados pelo pescoço.;1
1015028;105027;Fugiram, deixando os escravos ali.;1
1015029;105027;Atacaram a caravana.;0
1015030;105027;Negociaram a venda dos escravos.;0
1015031;105027;Pediram ajuda a Livingstone.;0
1015032;105028;Foram levados para a Inglaterra.;0
1015033;105028;Foram todos libertados e puderam voltar para suas casas.;1
1015034;105028;Continuaram escravizados.;0
1015035;105028;Foram vendidos novamente.;0
1015036;105029;Um comércio necessário.;0
1015037;105029;Uma prática justa.;0
1015038;105029;Um comércio terrível.;1
1015039;105029;Um problema já resolvido.;0
1015040;105030;90 mil escravos.;0
1015041;105030;7 mil escravos.;0
1015042;105030;27 mil escravos.;0
1015043;105030;19 mil escravos.;1
1015044;105031;Cerca de 90 mil pessoas.;1
1015045;105031;Cerca de 19 mil pessoas.;0
1015046;105031;Cerca de 7 mil pessoas.;0
1015047;105031;Cerca de 27 mil pessoas.;0
1015048;105032;Praticou o comércio de escravos.;0
1015049;105032;Combateu o comércio de escravos.;1
1015050;105032;Ignorou o problema da escravidão.;0
1015051;105032;Apenas escreveu sobre a escravidão.;0
1015052;105033;Somente para as cidades costeiras.;0
1015053;105033;Para a Europa.;0
1015054;105033;Território adentro.;1
1015055;105033;Para a Inglaterra.;0
1015056;105034;Somente marfim.;0
1015057;105034;Ouro e diamantes.;0
1015058;105034;Livros e remédios.;0
1015059;105034;Grandes caravanas de escravos.;1
1015060;105035;Porque percebiam que não eram mercadores de escravos.;1
1015061;105035;Porque queriam vender escravos a ele.;0
1015062;105035;Porque eram obrigadas pelo chefe.;0
1015063;105035;Porque esperavam receber dinheiro.;0
1015064;105036;Que os próprios africanos faziam isso.;0
1015065;105036;Que só estrangeiros capturavam e vendiam escravos.;1
1015066;105036;Que os ingleses eram os únicos traficantes.;0
1015067;105036;Que os missionários compravam escravos.;0
1015068;105037;Que os árabes eram os únicos traficantes.;0
1015069;105037;Que a escravidão não existia na África.;0
1015070;105037;Que os próprios africanos capturavam e vendiam jovens das tribos vizinhas.;1
1015071;105037;Que os portugueses haviam acabado com o tráfico.;0
1015072;105038;Alegria.;0
1015073;105038;Indiferença.;0
1015074;105038;Curiosidade.;0
1015075;105038;Pânico, pois pensavam que eram mercadores de escravos.;1
1015076;105039;Gritavam apavoradas.;1
1015077;105039;Brincavam tranquilamente.;0
1015078;105039;Cantavam hinos.;0
1015079;105039;Ajudavam a esconder os adultos.;0
1015080;105040;Uma aldeia em festa.;0
1015081;105040;Uma longa fila de homens e mulheres acorrentados pelo pescoço.;1
1015082;105040;Um grupo de leões.;0
1015083;105040;Um navio negreiro.;0
1015084;105041;Atacaram a caravana.;0
1015085;105041;Esconderam-se na aldeia.;0
1015086;105041;Fugiram, deixando os escravos ali.;1
1015087;105041;Venderam os escravos rapidamente.;0
1015088;105042;Foram levados para a Europa.;0
1015089;105042;Continuaram acorrentados.;0
1015090;105042;Foram entregues aos árabes.;0
1015091;105042;Foram todos libertados e puderam voltar para suas casas.;1
1015092;105043;19 mil escravos.;1
1015093;105043;90 mil escravos.;0
1015094;105043;7 mil escravos.;0
1015095;105043;27 mil escravos.;0
1015096;105044;19 mil pessoas.;0
1015097;105044;Cerca de 90 mil pessoas, incluindo velhos e moços.;1
1015098;105044;7 mil pessoas.;0
1015099;105044;27 mil pessoas.;0
1015100;105045;Ignorou o comércio de escravos.;0
1015101;105045;Lucrou com o comércio de escravos.;0
1015102;105045;Combateu o comércio de escravos.;1
1015103;105045;Apenas observou o comércio de escravos.;0
1015104;105046;Os ingleses.;0
1015105;105046;Os portugueses.;0
1015106;105046;Os alemães.;0
1015107;105046;Os árabes.;1
1015108;105047;Não entendeu quão sério era esse problema.;1
1015109;105047;Sabia exatamente toda a extensão do problema.;0
1015110;105047;Considerava a escravidão um problema sem importância.;0
1015111;105047;Achava que a escravidão era necessária.;0
1015112;102730;A falta de escolas;0
1015113;102730;A ausência de estradas;0
1015114;102730;O comércio de marfim;0
1015115;102730;A escravidão;1
1015116;102731;Os árabes;1
1015117;102731;Os ingleses;0
1015118;102731;Os portugueses;0
1015119;102731;Os franceses;0
1015120;102732;Apenas para as regiões costeiras;0
1015121;102732;Para o interior do território;1
1015122;102732;Exclusivamente para grandes cidades;0
1015123;102732;Para as ilhas próximas à África;0
1015124;102733;Grandes quantidades de marfim;0
1015125;102733;Rebanhos de animais;0
1015126;102733;Grandes caravanas de escravos;1
1015127;102733;Produtos agrícolas;0
1015128;102734;Como funcionavam as rotas comerciais;0
1015129;102734;Quem governava as aldeias;0
1015130;102734;Por que os europeus viajavam pela África;0
1015131;102734;Quão sério era o problema da escravidão;1
1015132;102735;Que somente estrangeiros faziam isso;1
1015133;102735;Que somente os chefes africanos faziam isso;0
1015134;102735;Que apenas os árabes compravam escravos;0
1015135;102735;Que somente os europeus transportavam escravos;0
1015136;102736;Os estrangeiros haviam abandonado o tráfico;0
1015137;102736;Os próprios africanos capturavam e vendiam jovens de tribos vizinhas;1
1015138;102736;Apenas adultos eram capturados;0
1015139;102736;O tráfico acontecia somente nas cidades costeiras;0
1015140;102737;De países europeus;0
1015141;102737;Das cidades portuárias;0
1015142;102737;Das tribos vizinhas;1
1015143;102737;Das missões cristãs;0
1015144;102738;Reuniam-se para recebê-lo;0
1015145;102738;Levavam alimentos até a caravana;0
1015146;102738;Chamavam os chefes das tribos vizinhas;0
1015147;102738;Entravam em pânico;1
1015148;102739;Pensavam que fossem mercadores de escravos;1
1015149;102739;Acreditavam que fossem soldados britânicos;0
1015150;102739;Pensavam que Livingstone queria tomar suas terras;0
1015151;102739;Acreditavam que a caravana trazia doenças;0
1015152;102740;Preparavam-se para negociar;0
1015153;102740;Fugiam e se escondiam;1
1015154;102740;Reuniam-se na casa do chefe;0
1015155;102740;Aproximavam-se para pedir proteção;0
1015156;102741;Corriam para observar a caravana;0
1015157;102741;Procuravam Livingstone;0
1015158;102741;Gritavam apavoradas;1
1015159;102741;Permaneciam escondidas em silêncio;0
1015160;102742;Descobriam que ele era médico;0
1015161;102742;Recebiam presentes dos missionários;0
1015162;102742;Percebiam que a caravana não possuía armas;0
1015163;102742;Descobriam que era a caravana do “homem bom”;1
1015164;102743;Tornavam-se seus amigos;1
1015165;102743;Pediam que ele deixasse a região;0
1015166;102743;Mantinham distância da caravana;0
1015167;102743;Exigiam pagamento para deixá-lo passar;0
1015168;102744;Com comerciantes árabes;0
1015169;102744;Com alguns missionários ingleses;1
1015170;102744;Com soldados britânicos;0
1015171;102744;Com membros de sua família;0
1015172;102745;Explorar novos rios;0
1015173;102745;Abrir uma rota comercial;0
1015174;102745;Instalar uma missão no interior;1
1015175;102745;Procurar as nascentes do Nilo;0
1015176;102746;Uma aldeia destruída por animais;0
1015177;102746;Um grupo de comerciantes carregando marfim;0
1015178;102746;Uma caravana de missionários retornando à costa;0
1015179;102746;Uma longa fila de homens e mulheres acorrentados pelo pescoço;1
1015180;102747;Acorrentados pelo pescoço;1
1015181;102747;Amarrados pelas mãos;0
1015182;102747;Presos pelos tornozelos;0
1015183;102747;Amarrados pela cintura;0
1015184;102748;Tentaram negociar os prisioneiros;0
1015185;102748;Assustaram-se e fugiram;1
1015186;102748;Pediram ajuda aos missionários;0
1015187;102748;Libertaram os prisioneiros e permaneceram no local;0
1015188;102749;Suas armas e animais;0
1015189;102749;Seus alimentos e mercadorias;0
1015190;102749;As pessoas que mantinham escravizadas;1
1015191;102749;Todo o dinheiro obtido com o tráfico;0
1015192;102750;Foram levados para uma missão inglesa;0
1015193;102750;Passaram a acompanhar Livingstone;0
1015194;102750;Foram entregues ao governo britânico;0
1015195;102750;Foram libertados e puderam voltar para suas casas;1
1015196;102751;Como um comércio terrível;1
1015197;102751;Como uma atividade em declínio;0
1015198;102751;Como um problema exclusivamente estrangeiro;0
1015199;102751;Como uma prática limitada ao litoral;0
1015200;102752;9 mil;0
1015201;102752;19 mil;1
1015202;102752;50 mil;0
1015203;102752;90 mil;0
1015204;102753;Para as grandes aldeias;0
1015205;102753;Para o interior da África;0
1015206;102753;Para a costa;1
1015207;102753;Para as missões europeias;0
1015208;102754;19 mil;0
1015209;102754;30 mil;0
1015210;102754;60 mil;0
1015211;102754;90 mil;1
1015212;102755;Velhos e moços;1
1015213;102755;Apenas jovens;0
1015214;102755;Apenas adultos;0
1015215;102755;Somente homens;0
1015216;102756;Nas viagens marítimas para a Europa;0
1015217;102756;Nas expedições de captura;1
1015218;102756;Nas guerras entre países europeus;0
1015219;102756;Nas travessias missionárias;0
1015220;102757;Limitou-se a registrar o problema em seus diários;0
1015221;102757;Combateu-o apenas durante suas primeiras viagens;0
1015222;102757;Combateu o comércio de escravos durante toda a sua vida;1
1015223;102757;Deixou de tratar do assunto depois de voltar à Inglaterra;0
1015224;102758;Descobriu que os próprios africanos capturavam e vendiam jovens de tribos vizinhas.;1
1015225;102758;Constatou que o tráfico era promovido unicamente por corsários independentes europeus.;0
1015226;102758;Percebeu que a atividade escravagista já estava quase extinta nas áreas centrais.;0
1015227;102758;Notou que as rotas comerciais serviam apenas para o transporte pacífico de marfim.;0
1015228;102759;Armavam armadilhas incendiárias nas margens dos rios circundantes.;0
1015229;102759;Entravam em pânico e fugiam para se esconder, temendo se tratar de traficantes de escravos.;1
1015230;102759;Enviavam delegações armadas com veneno letal na ponta de suas flechas.;0
1015231;102759;Ofereciam mercadorias e alimentos caros para negociar a libertação dos jovens.;0
1015232;102760;Cerca de dez mil pessoas.;0
1015233;102760;Cerca de noventa mil pessoas.;1
1015234;102760;Cerca de quarenta mil pessoas.;0
1015235;102760;Cerca de duzentas mil pessoas.;0
1015236;105048;Com a falta de escolas nas aldeias.;0
1015237;105048;Com a escassez de água nas expedições.;0
1015238;105048;Com o problema da escravidão.;1
1015239;105048;Com a construção de rotas comerciais.;0
1015240;105049;Os portugueses.;0
1015241;105049;Os árabes.;1
1015242;105049;Os macololos.;0
1015243;105049;Os ingleses.;0
1015244;105050;Entravam território adentro e voltavam com grandes caravanas de escravos.;1
1015245;105050;Construíam escolas e retornavam com professores.;0
1015246;105050;Trocavam alimentos por animais selvagens.;0
1015247;105050;Organizavam missões religiosas entre as tribos.;0
1015248;105051;Que somente os próprios africanos realizavam essa atividade.;0
1015249;105051;Que apenas os comerciantes portugueses participavam do tráfico.;0
1015250;105051;Que somente estrangeiros capturavam e vendiam escravos.;1
1015251;105051;Que os missionários organizavam as caravanas de escravos.;0
1015252;105052;Que os africanos não conheciam essa atividade.;0
1015253;105052;Que os próprios africanos capturavam e vendiam jovens de tribos vizinhas.;1
1015254;105052;Que os africanos apenas protegiam os jovens capturados.;0
1015255;105052;Que os africanos proibiam a entrada de comerciantes estrangeiros.;0
1015256;105053;Apenas os chefes das tribos.;0
1015257;105053;Jovens de tribos vizinhas.;1
1015258;105053;Somente comerciantes estrangeiros.;0
1015259;105053;Apenas os missionários que viajavam pelo interior.;0
1015260;105054;Recebiam o missionário com festas imediatamente.;0
1015261;105054;Entravam em pânico, pois pensavam que eram mercadores de escravos.;1
1015262;105054;Enviavam seus líderes para negociar com a caravana.;0
1015263;105054;Preparavam alimentos para vender aos viajantes.;0
1015264;105055;Saíam para enfrentar os comerciantes.;0
1015265;105055;Fugiam e se escondiam.;1
1015266;105055;Entregavam voluntariamente seus animais.;0
1015267;105055;Pediam que Livingstone permanecesse na aldeia.;0
1015268;105056;Gritavam apavoradas.;1
1015269;105056;Aproximavam-se para brincar.;0
1015270;105056;Permaneciam tranquilas nas escolas.;0
1015271;105056;Escondiam os animais da aldeia.;0
1015272;105057;Continuavam escondidos por vários dias.;0
1015273;105057;Percebiam que era a caravana do “homem bom” e tornavam-se amigos.;1
1015274;105057;Expulsavam todos os missionários da região.;0
1015275;105057;Entregavam seus jovens aos traficantes.;0
1015276;105058;Como o “homem rico”.;0
1015277;105058;Como o “homem branco”.;0
1015278;105058;Como o “homem bom”.;1
1015279;105058;Como o “homem do mar”.;0
1015280;105059;Com alguns missionários ingleses.;1
1015281;105059;Com os comerciantes árabes.;0
1015282;105059;Com os chefes das tribos vizinhas.;0
1015283;105059;Com soldados portugueses.;0
1015284;105060;Para instalar uma missão.;1
1015285;105060;Para procurar marfim.;0
1015286;105060;Para capturar escravos.;0
1015287;105060;Para construir uma cidade comercial.;0
1015288;105061;Uma aldeia abandonada pela seca.;0
1015289;105061;Uma longa fila de homens e mulheres acorrentados pelo pescoço.;1
1015290;105061;Uma caravana de comerciantes carregando livros.;0
1015291;105061;Um grupo de nativos construindo uma escola.;0
1015292;105062;Pelas mãos, com cordas de couro.;0
1015293;105062;Pelos pés, com correntes de ferro.;0
1015294;105062;Pelo pescoço, formando uma longa fila.;1
1015295;105062;Dentro de carroças fechadas.;0
1015296;105063;Atacaram imediatamente os missionários.;0
1015297;105063;Fugiram, deixando os escravizados para trás.;1
1015298;105063;Entregaram-se às autoridades britânicas.;0
1015299;105063;Levaram os escravizados para outra aldeia.;0
1015300;105064;Os escravizados foram todos libertados.;1
1015301;105064;Os escravizados foram vendidos a outro grupo.;0
1015302;105064;Os missionários foram obrigados a abandonar a região.;0
1015303;105064;Os escravizados permaneceram acorrentados na aldeia.;0
1015304;105065;Retornar para suas casas.;1
1015305;105065;Trabalhar para os traficantes.;0
1015306;105065;Viajar para a Inglaterra.;0
1015307;105065;Permanecer presos na missão.;0
1015308;105066;Como uma atividade necessária para o desenvolvimento das aldeias.;0
1015309;105066;Como um comércio terrível.;1
1015310;105066;Como uma forma de proteger os jovens.;0
1015311;105066;Como uma prática organizada pelos missionários.;0
1015312;105067;Cerca de 9 mil.;0
1015313;105067;Cerca de 19 mil.;1
1015314;105067;Cerca de 50 mil.;0
1015315;105067;Cerca de 90 mil.;0
1015316;105068;Cerca de 9 mil pessoas.;0
1015317;105068;Cerca de 19 mil pessoas.;0
1015318;105068;Cerca de 50 mil pessoas.;0
1015319;105068;Cerca de 90 mil pessoas.;1
1015320;105069;Apenas homens adultos.;0
1015321;105069;Somente chefes de tribos.;0
1015322;105069;Velhos e moços.;1
1015323;105069;Apenas comerciantes estrangeiros.;0
1015324;105070;Eram conduzidos para fora do interior do continente, seguindo as rotas do tráfico.;1
1015325;105070;Eram enviados para escolas missionárias.;0
1015326;105070;Eram devolvidos imediatamente às suas famílias.;0
1015327;105070;Eram incorporados às caravanas de Livingstone.;0
1015328;105071;Apoiou-o para conseguir recursos para as missões.;0
1015329;105071;Permaneceu indiferente ao problema.;0
1015330;105071;Combateu o comércio de escravos.;1
1015331;105071;Participou das caravanas para controlá-las.;0
1015332;105072;Ele percebeu a gravidade do problema, ajudou a libertar pessoas escravizadas e combateu o tráfico durante toda a vida.;1
1015333;105072;Ele descobriu o tráfico, mas decidiu não interferir para proteger sua caravana.;0
1015334;105072;Ele trabalhou com os traficantes e ajudou a conduzir os escravizados até a costa.;0
1015335;105072;Ele combateu somente os comerciantes estrangeiros, apoiando a captura realizada pelos africanos.;0
1015336;102761;A falta de recursos financeiros para suas viagens;0
1015337;102761;O problema da escravidão;1
1015338;102761;A resistência dos governos europeus às suas descobertas;0
1015339;102761;A concorrência de outros exploradores;0
1015340;102762;Os portugueses;0
1015341;102762;Os árabes;1
1015342;102762;Os ingleses;0
1015343;102762;Os holandeses;0
1015344;102763;Que apenas os europeus estavam envolvidos nesse comércio;0
1015345;102763;Que os próprios africanos capturavam e vendiam jovens das tribos vizinhas;1
1015346;102763;Que apenas os chefes tribais eram responsáveis pelas capturas;0
1015347;102763;Que o comércio de escravos já havia sido completamente extinto na região;0
1015348;102764;Recebiam-na com festas e celebrações;0
1015349;102764;Entravam em pânico, pensando que eram mercadores de escravos;1
1015350;102764;Ignoravam completamente sua chegada;0
1015351;102764;Enviavam guerreiros para atacar a caravana;0
1015352;102765;Pessoas doentes sendo levadas para tratamento;0
1015353;102765;Homens e mulheres acorrentados pelo pescoço;1
1015354;102765;Prisioneiros de guerra sendo transferidos entre aldeias;0
1015355;102765;Peregrinos a caminho de um local sagrado;0
1015356;102766;Enfrentaram a caravana em combate;0
1015357;102766;Fugiram, deixando os escravos ali, que foram libertados;1
1015358;102766;Negociaram a soltura de metade dos escravos;0
1015359;102766;Pediram ajuda a outras caravanas próximas;0
1015360;102767;9 mil;0
1015361;102767;19 mil;1
1015362;102767;90 mil;0
1015363;102767;190 mil;0
1015364;102768;19 mil;0
1015365;102768;30 mil;0
1015366;102768;57 mil;0
1015367;102768;90 mil;1
1015368;102769;Ele evitava se envolver, por questões de segurança pessoal;0
1015369;102769;Ele combateu o comércio de escravos durante toda a sua vida;1
1015370;102769;Ele apoiava o comércio, desde que fosse conduzido por cristãos;0
1015371;102769;Ele permaneceu neutro, apenas documentando o que via;0
1015372;102770;Seu sogro Roberto Moffat e seu filho mais velho Roberto.;0
1015373;102770;Sua esposa Maria e o filho mais novo do casal, William Oswell.;1
1015374;102770;Suas duas filhas mais velhas, Inês e Maria.;0
1015375;102770;Apenas seus dois filhos homens, Tomás e Roberto.;0
1015376;102771;Para a cidade de Luanda.;0
1015377;102771;Para a aldeia de Kuruman.;1
1015378;102771;Para a região de Tete.;0
1015379;102771;Para a aldeia de Mabotza.;0
1015380;102772;Em novembro de 1840.;0
1015381;102772;Em agosto de 1849.;0
1015382;102772;Em abril de 1862.;1
1015383;102772;Em março de 1866.;0
1015384;102773;Enviou o filho e a filha caçula para a Inglaterra.;1
1015385;102773;Entregou as crianças aos cuidados da tribo macololo.;0
1015386;102773;Deixou os filhos sob a tutela do chefe tribal Sechele.;0
1015387;102773;Decidiu levá-los consigo em uma nova travessia pelo deserto.;0
1015388;102774;O avanço do cultivo de algodão e a construção de grandes fortalezas de pedra.;0
1015389;102774;O progresso das igrejas fundadas, a frequência das crianças na escola e melhores noções de higiene pelo povo.;1
1015390;102774;A criação de moedas locais e a extinção completa de doenças tropicais.;0
1015391;102774;A fabricação própria de armas de fogo e a abertura de estradas pavimentadas.;0
1015392;102775;Para o lago Ngami.;0
1015393;102775;Para o lago Niassa.;1
1015394;102775;Para o lago Tanganica.;0
1015395;102775;Para o lago Shirwa.;0
1015396;102776;Por cerca de 10 quilômetros.;0
1015397;102776;Por cerca de 30 quilômetros.;1
1015398;102776;Por cerca de 50 quilômetros.;0
1015399;102776;Por cerca de 100 quilômetros.;0
1015400;102777;A destruição total da embarcação devido a um incêndio na mata.;0
1015401;102777;Uma convocação do governo inglês ordenando seu retorno à pátria.;1
1015402;102777;O ataque definitivo de traficantes de escravos árabes ao seu acampamento.;0
1015403;102777;A recusa de todos os carregadores em prosseguir com a viagem.;0
1015404;102778;O falecimento de seu pai, Roberto Moffat.;0
1015405;102778;O nascimento de sua última filha.;1
1015406;102778;A destruição da missão em Colobeng.;0
1015407;102778;A descoberta do lago Niassa pelo marido.;0
1015408;102779;Sua guia geográfica principal.;0
1015409;102779;Sua colaboradora tão fiel.;1
1015410;102779;A líder das escolas de Tete.;0
1015411;102779;A tradutora oficial da expedição.;0
1015412;102780;A erradicação total da malária nas aldeias.;0
1015413;102780;O uso de medicamentos europeus em todos os cultos.;0
1015414;102780;Melhores noções de higiene por parte do povo.;1
1015415;102780;A construção de hospitais de pedra em todas as aldeias.;0
1015416;102781;Ajudá-lo a suportar a tristeza que sentia com a falta de sua querida esposa.;1
1015417;102781;Motivá-lo a escrever um novo livro de memórias para os filhos.;0
1015418;102781;Convencê-lo de que deveria abandonar a vida missionária definitivamente.;0
1015419;102781;Provocar o governo inglês a financiar uma nova mansão na Inglaterra.;0
1015420;102782;Estava construindo uma ponte de madeira sobre o rio Shire.;0
1015421;102782;Estava abrindo uma estrada para transportar o seu barco.;1
1015422;102782;Estava mapeando as rotas comerciais de Bombaim.;0
1015423;102782;"Estava desmontando a lancha ""Mãe Roberta"" para vendê-la.";0
1015424;102783;Entregar-lhes as joias e o marfim coletados na última viagem.;0
1015425;102783;Consolá-los pela morte de Maria e, ao mesmo tempo, sentir-se consolado.;1
1015426;102783;Organizar a venda de sua casa em Blantyre.;0
1015427;102783;Pedir que as crianças voltassem imediatamente com ele para a África.;0
1015428;105073;Roberto Moffat e sua esposa.;0
1015429;105073;Maria e o filho mais novo do casal, William Oswell.;1
1015430;105073;Os 27 macololos.;0
1015431;105073;Henry Stanley e os carregadores.;0
1015432;105074;Maria faleceu imediatamente.;0
1015433;105074;Livingstone voltou para a Inglaterra com a família.;0
1015434;105074;Maria passou um ano em Kuruman, longe do marido.;1
1015435;105074;A criança foi entregue aos macololos.;0
1015436;105075;Para Luanda.;0
1015437;105075;Para Bombaim.;0
1015438;105075;Para o lago Niassa.;0
1015439;105075;Para Kuruman.;1
1015440;105076;Um ano.;1
1015441;105076;Três meses.;0
1015442;105076;Cinco anos.;0
1015443;105076;Uma semana.;0
1015444;105077;Ela decidiu voltar para a Inglaterra.;0
1015445;105077;Ela contraiu uma febre e veio a falecer.;1
1015446;105077;Ela foi capturada por traficantes de escravos.;0
1015447;105077;Ela partiu para uma nova expedição.;0
1015448;105078;Junho de 1849.;0
1015449;105078;Agosto de 1849.;0
1015450;105078;Abril de 1862.;1
1015451;105078;Março de 1858.;0
1015452;105079;Alegre e conformado.;0
1015453;105079;Indiferente à perda.;0
1015454;105079;Revoltado com os nativos.;0
1015455;105079;Muito abatido pela dor dessa grande perda.;1
1015456;105080;Junto da sepultura da esposa amada.;1
1015457;105080;Dentro da igreja de Kuruman.;0
1015458;105080;Nas margens do lago Niassa.;0
1015459;105080;Na aldeia dos macololos.;0
1015460;105081;Como missionária independente.;0
1015461;105081;Como colaboradora tão fiel.;1
1015462;105081;Como comerciante de marfim.;0
1015463;105081;Como professora de Livingstone.;0
1015464;105082;Deixou-os em Kuruman.;0
1015465;105082;Levou-os para uma nova expedição.;0
1015466;105082;Mandou-os para a Inglaterra.;1
1015467;105082;Entregou-os aos macololos.;0
1015468;105083;Voltar imediatamente para a Inglaterra.;0
1015469;105083;Abandonar definitivamente a África.;0
1015470;105083;Tornar-se comerciante de escravos.;0
1015471;105083;Visitar as tribos entre as quais havia trabalhado.;1
1015472;105084;Que seus esforços, bem como os de Maria, tinham dado resultados positivos.;1
1015473;105084;Que todas as igrejas haviam sido destruídas.;0
1015474;105084;Que os nativos o haviam esquecido.;0
1015475;105084;Que a escravidão havia acabado na região.;0
1015476;105085;Os nativos haviam construído cidades modernas.;0
1015477;105085;As igrejas fundadas estavam progredindo, as crianças iam à escola e o povo demonstrava melhores noções de higiene.;1
1015478;105085;Todos haviam se tornado ricos.;0
1015479;105085;Os leões haviam sido exterminados.;0
1015480;105086;Estavam sendo destruídas.;0
1015481;105086;Estavam abandonadas.;0
1015482;105086;Estavam progredindo.;1
1015483;105086;Haviam se tornado mesquitas.;0
1015484;105087;Trabalhavam nas minas.;0
1015485;105087;Caçavam leões.;0
1015486;105087;Vendiam escravos.;0
1015487;105087;Iam à escola.;1
1015488;105088;Melhores noções de higiene.;1
1015489;105088;Mais interesse em guerrear.;0
1015490;105088;Desprezo pelos missionários.;0
1015491;105088;Medo dos feiticeiros.;0
1015492;105089;Construir uma nova igreja em Kuruman.;0
1015493;105089;Levar o barco que tinha encomendado até o lago Niassa.;1
1015494;105089;Escrever um novo livro sobre a África.;0
1015495;105089;Voltar para a Escócia definitivamente.;0
1015496;105090;Fez com que ele esquecesse completamente Maria.;0
1015497;105090;Deixou-o mais doente e desanimado.;0
1015498;105090;Ajudou-o a suportar a tristeza que sentia com a falta de sua querida esposa.;1
1015499;105090;Afastou-o definitivamente dos nativos.;0
1015500;105091;Atravessar as cataratas navegando normalmente.;0
1015501;105091;Abandonar o barco e seguir a pé.;0
1015502;105091;Vender o barco aos nativos.;0
1015503;105091;Desmontar o barco e levá-lo por terra ao longo de 30 quilômetros aproximadamente, para depois construí-lo novamente.;1
1015504;105092;30 quilômetros.;1
1015505;105092;300 quilômetros.;0
1015506;105092;3 quilômetros.;0
1015507;105092;90 quilômetros.;0
1015508;105093;Navegando pelo lago Niassa.;0
1015509;105093;Abrindo estrada ao longo das cataratas a fim de transportar o seu barco.;1
1015510;105093;Pregando na aldeia dos macololos.;0
1015511;105093;Construindo uma escola em Kuruman.;0
1015512;105094;Ignorou o chamado e continuou a viagem.;0
1015513;105094;Vendeu o barco antes de partir.;0
1015514;105094;Desistiu de levar o barco até o lago e voltou com ele.;1
1015515;105094;Deixou o barco com os macololos.;0
1015516;105095;Luanda.;0
1015517;105095;Kuruman.;0
1015518;105095;Zanzibar.;0
1015519;105095;Bombaim.;1
1015520;105096;Junto dos filhos e demais parentes.;1
1015521;105096;Junto dos macololos.;0
1015522;105096;Junto de Roberto Moffat apenas.;0
1015523;105096;Junto do sultão de Zanzibar.;0
1015524;105097;Pela perda do barco.;0
1015525;105097;Pela morte de Maria.;1
1015526;105097;Pela destruição da missão.;0
1015527;105097;Pela morte de Roberto Moffat.;0
1015528;105098;Sentiu-se abandonado.;0
1015529;105098;Sentiu-se traído.;0
1015530;105098;Sentiu-se consolado.;1
1015531;105098;Sentiu-se indiferente.;0
1015532;105099;O irmão de Livingstone.;0
1015533;105099;Um missionário inglês.;0
1015534;105099;Um chefe africano.;0
1015535;105099;O filho mais novo do casal Livingstone.;1
1015536;105100;Passou um ano em Kuruman, longe do marido.;1
1015537;105100;Viajou para a Inglaterra com os filhos.;0
1015538;105100;Foi para Bombaim com Livingstone.;0
1015539;105100;Permaneceu na aldeia dos macololos.;0
1015540;105101;Decidiu retomar as viagens missionárias.;0
1015541;105101;Contraiu uma febre e veio a falecer.;1
1015542;105101;Foi para a Inglaterra com o filho.;0
1015543;105101;Ficou curada de uma doença grave.;0
1015544;105102;O barco foi deixado no lago Niassa.;0
1015545;105102;O barco foi destruído nas cataratas.;0
1015546;105102;Ele desistiu de levá-lo até o lago e voltou com o barco.;1
1015547;105102;O barco foi vendido em Bombaim.;0
1015548;102784;Roberto Moffat e Maria;0
1015549;102784;Inês e Tomás;0
1015550;102784;Apenas sua esposa Maria;0
1015551;102784;Maria e o filho mais novo, William Oswell;1
1015552;102785;William Oswell;1
1015553;102785;Roberto;0
1015554;102785;Tomás;0
1015555;102785;Inês;0
1015556;102786;Roberto voltou para viver com os pais;0
1015557;102786;Nasceu mais uma menina;1
1015558;102786;William Oswell retornou sozinho à Inglaterra;0
1015559;102786;Maria passou a trabalhar em outra missão;0
1015560;102787;Mabotza;0
1015561;102787;Colobeng;0
1015562;102787;Kuruman;1
1015563;102787;Luanda;0
1015564;102788;Três meses;0
1015565;102788;Seis meses;0
1015566;102788;Dois anos;0
1015567;102788;Um ano;1
1015568;102789;De Livingstone;1
1015569;102789;De seus filhos;0
1015570;102789;De Roberto Moffat;0
1015571;102789;De toda a família;0
1015572;102790;Ela retornou imediatamente à Inglaterra;0
1015573;102790;Contraiu uma febre;1
1015574;102790;Acompanhou o marido ao lago Niassa;0
1015575;102790;Iniciou uma nova escola;0
1015576;102791;Precisou permanecer um ano em repouso;0
1015577;102791;Foi enviada para a Inglaterra;0
1015578;102791;Veio a falecer;1
1015579;102791;Ficou impossibilitada de viajar por alguns meses;0
1015580;102792;Abril de 1858;0
1015581;102792;Março de 1860;0
1015582;102792;Maio de 1864;0
1015583;102792;Abril de 1862;1
1015584;102793;Muito abatido pela dor;1
1015585;102793;Revoltado com seus companheiros;0
1015586;102793;Decidido a abandonar imediatamente a África;0
1015587;102793;Indiferente por estar concentrado em seu trabalho;0
1015588;102794;Dentro de sua embarcação;0
1015589;102794;Junto da sepultura da esposa;1
1015590;102794;Na casa de Roberto Moffat;0
1015591;102794;Às margens do lago Niassa;0
1015592;102795;Como sua principal professora;0
1015593;102795;Como sua guia nas viagens;0
1015594;102795;Como sua colaboradora fiel;1
1015595;102795;Como responsável pelas expedições;0
1015596;102796;Deixou-os em Kuruman;0
1015597;102796;Mandou-os para uma missão próxima;0
1015598;102796;Levou-os consigo em nova expedição;0
1015599;102796;Mandou o filho e a filha caçula para a Inglaterra;1
1015600;102797;Inglaterra;1
1015601;102797;Escócia;0
1015602;102797;Portugal;0
1015603;102797;África do Sul;0
1015604;102798;Construir novas casas;0
1015605;102798;Visitar as tribos entre as quais havia trabalhado;1
1015606;102798;Reunir os chefes em Kuruman;0
1015607;102798;Abandonar definitivamente essas regiões;0
1015608;102799;Decepção;0
1015609;102799;Preocupação;0
1015610;102799;Alegria;1
1015611;102799;Surpresa desagradável;0
1015612;102800;Haviam sido esquecidos pelo povo;0
1015613;102800;Tinham produzido apenas resultados temporários;0
1015614;102800;Precisavam ser totalmente recomeçados;0
1015615;102800;Tinham dado resultados positivos;1
1015616;102801;Estavam progredindo;1
1015617;102801;Haviam sido abandonadas;0
1015618;102801;Tinham sido destruídas;0
1015619;102801;Funcionavam apenas durante suas visitas;0
1015620;102802;Os adultos tinham deixado de estudar;0
1015621;102802;As crianças iam à escola;1
1015622;102802;Apenas os chefes aprendiam a ler;0
1015623;102802;As escolas haviam sido fechadas;0
1015624;102803;Haviam aprendido medicina;0
1015625;102803;Construíam hospitais;0
1015626;102803;Demonstravam melhores noções de higiene;1
1015627;102803;Utilizavam apenas remédios europeus;0
1015628;102804;Construir uma escola em Kuruman;0
1015629;102804;Descobrir as nascentes do Nilo;0
1015630;102804;Abrir uma estrada até Luanda;0
1015631;102804;Levar até o lago Niassa o barco que havia encomendado;1
1015632;102805;Lago Niassa;1
1015633;102805;Lago Ngami;0
1015634;102805;Lago Shirwa;0
1015635;102805;Lago Tanganica;0
1015636;102806;Fez com que ele esquecesse completamente a esposa;0
1015637;102806;Ajudou-o a suportar a tristeza que sentia;1
1015638;102806;Permitiu que voltasse imediatamente para a Inglaterra;0
1015639;102806;Evitou que precisasse visitar as antigas tribos;0
1015640;102807;Precisaria atravessar o oceano com uma pequena embarcação;0
1015641;102807;Teria de abandonar o barco antes de chegar ao lago;0
1015642;102807;Teria que desmontá-lo ao chegar às cataratas;1
1015643;102807;Precisaria construir uma nova embarcação na Inglaterra;0
1015644;102808;10 quilômetros;0
1015645;102808;15 quilômetros;0
1015646;102808;20 quilômetros;0
1015647;102808;30 quilômetros;1
1015648;102809;Construí-lo novamente;1
1015649;102809;Vendê-lo aos moradores da região;0
1015650;102809;Deixá-lo armazenado próximo às cataratas;0
1015651;102809;Enviá-lo de volta à Inglaterra;0
1015652;102810;Construía uma ponte;0
1015653;102810;Abria uma estrada;1
1015654;102810;Escavava um canal;0
1015655;102810;Montava uma linha férrea;0
1015656;102811;O barco foi destruído;0
1015657;102811;Uma nova febre o obrigou a parar;0
1015658;102811;O governo inglês o chamou de volta à sua pátria;1
1015659;102811;Os nativos impediram a continuação do trabalho;0
1015660;102812;Deixou o barco com os nativos;0
1015661;102812;Mandou desmontá-lo definitivamente;0
1015662;102812;Entregou-o a outros missionários;0
1015663;102812;Desistiu de levá-lo até o lago Niassa;1
1015664;102813;Voltou com ele;1
1015665;102813;Vendeu-o em Tete;0
1015666;102813;Deixou-o às margens das cataratas;0
1015667;102813;Entregou-o ao governo inglês;0
1015668;102814;Luanda;0
1015669;102814;Bombaim;1
1015670;102814;Glasgow;0
1015671;102814;Zanzibar;0
1015672;102815;Kuruman;0
1015673;102815;Cidade do Cabo;0
1015674;102815;Bombaim;1
1015675;102815;Luanda;0
1015676;102816;Apenas Roberto Moffat;0
1015677;102816;Os macololos que haviam viajado com ele;0
1015678;102816;Somente os representantes do governo;0
1015679;102816;Seus filhos e demais parentes;1
1015680;102817;Consolá-los pela morte de Maria;1
1015681;102817;Levá-los imediatamente de volta à África;0
1015682;102817;Prepará-los para uma nova expedição;0
1015683;102817;Enviá-los para estudar em Kuruman;0
1015684;102818;Sentiu desejo de abandonar o trabalho missionário;0
1015685;102818;Também se sentiu consolado;1
1015686;102818;Decidiu permanecer definitivamente na Inglaterra;0
1015687;102818;Passou a evitar falar sobre Maria;0
1015688;102819;O afundamento definitivo do navio a vapor nos rochedos do rio Shire.;0
1015689;102819;O falecimento de sua esposa Maria, vítima de uma febre fulminante.;1
1015690;102819;A morte acidental de seu filho William Oswell em uma emboscada.;0
1015691;102819;A notícia da perda de seus familiares próximos na Grã-Bretanha.;0
1015692;102820;Para a Cidade do Cabo.;0
1015693;102820;Para a Inglaterra.;1
1015694;102820;Para a missão de Kuruman.;0
1015695;102820;Para a colônia portuguesa de Luanda.;0
1015696;102821;Construir comportas artificiais de madeira ao longo do desfiladeiro principal.;0
1015697;102821;Desmontar a embarcação e transportá-la por terra por cerca de trinta quilômetros contornando as cataratas.;1
1015698;102821;Erguer um guindaste a vapor na base da cachoeira com auxílio dos marinheiros reais.;0
1015699;102821;Cavar um canal navegável artificial ligando as bacias hidrográficas vizinhas.;0
1015700;102822;Foi chamado formalmente de volta à sua pátria pelo governo inglês.;1
1015701;102822;Recebeu ordem de deportação expedida pelas autoridades coloniais portuguesas.;0
1015702;102822;Teve seu financiamento confiscado pela Sociedade Geográfica Britânica.;0
1015703;102822;Foi obrigado a assumir um posto diplomático interino na Índia colonial.;0
1015704;105103;Apenas os missionários ingleses.;0
1015705;105103;Maria e o filho mais novo do casal, William Oswell.;1
1015706;105103;Os 27 carregadores macololos.;0
1015707;105103;O chefe Sekeletu e seus conselheiros.;0
1015708;105104;O filho mais novo de Davi e Maria Livingstone.;1
1015709;105104;Um missionário inglês que acompanhava Livingstone.;0
1015710;105104;Um chefe africano aliado de Livingstone.;0
1015711;105104;Um comerciante que ajudava a missão.;0
1015712;105105;Nasceu mais uma menina.;1
1015713;105105;Nasceram dois meninos gêmeos.;0
1015714;105105;A família retornou imediatamente para a Inglaterra.;0
1015715;105105;O filho mais novo foi enviado para a Escócia.;0
1015716;105106;Em Luanda.;0
1015717;105106;Em Colobeng.;0
1015718;105106;Em Kuruman.;1
1015719;105106;Em Londres.;0
1015720;105107;Porque estava estudando para ser médica.;0
1015721;105107;Porque precisava cuidar de uma missão abandonada.;0
1015722;105107;Porque estava acompanhando comerciantes ingleses.;0
1015723;105107;Porque decidiu permanecer longe do marido depois do nascimento da filha.;1
1015724;105108;Por pouco tempo.;1
1015725;105108;Por vários anos.;0
1015726;105108;Por apenas um dia.;0
1015727;105108;Nunca mais voltou a vê-lo.;0
1015728;105109;Contraiu uma febre e faleceu.;1
1015729;105109;Foi capturada por traficantes de escravos.;0
1015730;105109;Retornou definitivamente para a Inglaterra.;0
1015731;105109;Passou a dirigir uma nova missão.;0
1015732;105110;Em março de 1858.;0
1015733;105110;Em abril de 1862.;1
1015734;105110;Em setembro de 1859.;0
1015735;105110;Em junho de 1866.;0
1015736;105111;Um ataque de animal selvagem.;0
1015737;105111;Uma doença causada pela falta de água.;0
1015738;105111;Uma febre.;1
1015739;105111;Um acidente durante uma travessia.;0
1015740;105112;Muito abatido pela dor da grande perda.;1
1015741;105112;Aliviado por poder continuar viajando sozinho.;0
1015742;105112;Indiferente ao acontecimento.;0
1015743;105112;Determinado a abandonar definitivamente a África.;0
1015744;105113;Na casa de seus amigos macololos.;0
1015745;105113;Junto da sepultura de sua esposa.;1
1015746;105113;No interior de uma igreja em Londres.;0
1015747;105113;Na margem do lago Niassa.;0
1015748;105114;Como uma colaboradora fiel.;1
1015749;105114;Como uma comerciante experiente.;0
1015750;105114;Como uma líder militar.;0
1015751;105114;Como uma exploradora independente.;0
1015752;105115;Enviou-os para a Inglaterra.;1
1015753;105115;Levou-os para o lago Niassa.;0
1015754;105115;Deixou-os em Kuruman.;0
1015755;105115;Entregou-os aos cuidados dos comerciantes.;0
1015756;105116;Visitou as tribos entre as quais havia trabalhado.;1
1015757;105116;Retornou imediatamente para a Escócia.;0
1015758;105116;Abandonou todos os postos missionários.;0
1015759;105116;Mudou-se definitivamente para Londres.;0
1015760;105117;Sentiu grande tristeza por não encontrar nenhum resultado.;0
1015761;105117;Sentiu alegria ao perceber os resultados positivos de seus esforços e dos esforços de Maria.;1
1015762;105117;Sentiu medo de ser rejeitado pelos nativos.;0
1015763;105117;Sentiu raiva dos moradores que haviam abandonado as missões.;0
1015764;105118;Haviam sido destruídas pelos comerciantes.;0
1015765;105118;Estavam progredindo.;1
1015766;105118;Tinham sido transformadas em mercados.;0
1015767;105118;Permaneciam fechadas desde a morte de Maria.;0
1015768;105119;Frequentavam a escola.;1
1015769;105119;Trabalhando como escravas.;0
1015770;105119;Abandonando suas aldeias.;0
1015771;105119;Participando de expedições militares.;0
1015772;105120;Melhores noções de higiene.;1
1015773;105120;Maior conhecimento sobre a fabricação de navios.;0
1015774;105120;Maior habilidade para negociar marfim.;0
1015775;105120;Maior domínio de técnicas de guerra.;0
1015776;105121;Entregou-se a uma nova tarefa.;1
1015777;105121;Abandonou a missão e retornou à Europa.;0
1015778;105121;Passou a trabalhar na Inglaterra.;0
1015779;105121;Interrompeu todas as explorações.;0
1015780;105122;Levar um barco até o lago Niassa.;1
1015781;105122;Reconstruir a casa de Colobeng.;0
1015782;105122;Conduzir os filhos de volta à África.;0
1015783;105122;Fundar uma escola em Kuruman.;0
1015784;105123;Ocupou-o e ajudou-o a suportar a tristeza.;1
1015785;105123;Permitiu que ele se esquecesse completamente da esposa.;0
1015786;105123;Fez com que abandonasse o trabalho missionário.;0
1015787;105123;Levou-o a voltar imediatamente para sua família.;0
1015788;105124;Uma região sem qualquer estrada.;0
1015789;105124;As cataratas, que exigiriam que o barco fosse desmontado.;1
1015790;105124;Um deserto que impedia o transporte por terra.;0
1015791;105124;Um exército que controlava a passagem.;0
1015792;105125;Vender o barco aos comerciantes.;0
1015793;105125;Desmontar o barco e transportá-lo por terra.;1
1015794;105125;Abandonar o barco no rio.;0
1015795;105125;Construir outro barco em Londres.;0
1015796;105126;Dez quilômetros.;0
1015797;105126;Vinte quilômetros.;0
1015798;105126;Trinta quilômetros.;1
1015799;105126;Cinquenta quilômetros.;0
1015800;105127;Ser novamente construído.;1
1015801;105127;Ser enviado para a Inglaterra.;0
1015802;105127;Ser entregue aos macololos.;0
1015803;105127;Ser transformado em uma ponte.;0
1015804;105128;Abrindo uma estrada ao longo das cataratas.;1
1015805;105128;Construindo uma escola em Kuruman.;0
1015806;105128;Navegando em direção a Londres.;0
1015807;105128;Visitando a sepultura de Maria.;0
1015808;105129;Que retornasse à sua pátria.;1
1015809;105129;Que levasse o barco até o lago Niassa.;0
1015810;105129;Que permanecesse na África por mais dez anos.;0
1015811;105129;Que abandonasse todos os seus companheiros.;0
1015812;105130;Livingstone desistiu de levar o barco até o lago Niassa.;1
1015813;105130;Livingstone conseguiu atravessar as cataratas.;0
1015814;105130;Livingstone enviou o barco para a Inglaterra.;0
1015815;105130;Livingstone pediu aos nativos que continuassem a viagem.;0
1015816;105131;Por Luanda.;0
1015817;105131;Por Bombaim.;1
1015818;105131;Por Glasgow.;0
1015819;105131;Por Kuruman.;0
1015820;105132;Partiu para a Inglaterra.;1
1015821;105132;Retornou para o lago Niassa.;0
1015822;105132;Encontrou os comerciantes árabes.;0
1015823;105132;Reconstruiu o barco nas cataratas.;0
1015824;105133;Seus filhos e demais parentes.;1
1015825;105133;Apenas os comerciantes ingleses.;0
1015826;105133;Os traficantes que haviam fugido.;0
1015827;105133;Somente os chefes das tribos africanas.;0
1015828;105134;Consolou-os e também se sentiu consolado.;1
1015829;105134;Decidiu permanecer distante deles.;0
1015830;105134;Sentiu que precisava retornar imediatamente à África.;0
1015831;105134;Recusou-se a falar sobre Maria.;0
1015832;105135;A destruição da missão de Colobeng.;0
1015833;105135;A perda do barco durante uma expedição.;0
1015834;105135;A morte de Maria, esposa e colaboradora de Livingstone.;1
1015835;105135;A partida dos carregadores macololos.;0
1015836;105136;Maria morreu de febre, Livingstone enviou os filhos para a Inglaterra, visitou as tribos e tentou transportar um barco até o lago Niassa.;1
1015837;105136;Livingstone descobriu o lago Niassa, casou-se com Maria e voltou para Kuruman.;0
1015838;105136;Maria retornou à Inglaterra, Livingstone abandonou a missão e os filhos permaneceram na África.;0
1015839;105136;Livingstone perdeu o barco, retornou à África e encontrou Maria trabalhando em uma nova missão.;0
1015840;105137;Ele abandonou completamente suas responsabilidades.;0
1015841;105137;Ele continuou visitando as tribos e trabalhando em uma nova tarefa missionária.;1
1015842;105137;Ele decidiu não retornar mais à África.;0
1015843;105137;Ele entregou o comando da missão aos comerciantes.;0
1015844;102823;Sua mãe;0
1015845;102823;Maria, sua esposa;1
1015846;102823;Sua irmã mais velha;0
1015847;102823;O missionário Roberto Moffat;0
1015848;102824;Em Londres;0
1015849;102824;Em Kuruman;1
1015850;102824;Em Luanda;0
1015851;102824;Em Ujiji;0
1015852;102825;Abril de 1862;1
1015853;102825;Julho de 1868;0
1015854;102825;Outubro de 1871;0
1015855;102825;Abril de 1873;0
1015856;102826;Recusou-se a sair de sua cabana por meses;0
1015857;102826;Passava dias inteiros junto da sepultura da esposa amada;1
1015858;102826;Voltou imediatamente para a Inglaterra;0
1015859;102826;Interrompeu todas as suas atividades missionárias permanentemente;0
1015860;102827;Para Kuruman;0
1015861;102827;Para a Inglaterra;1
1015862;102827;Para Zanzibar;0
1015863;102827;Para a cidade do Cabo;0
1015864;102828;A descoberta de novas rotas comerciais lucrativas;0
1015865;102828;O fato de as igrejas fundadas estarem progredindo e as crianças frequentarem a escola;1
1015866;102828;O reconhecimento oficial do governo britânico;0
1015867;102828;A conversão do sultão de Zanzibar ao cristianismo;0
1015868;102829;Escrever um segundo livro sobre suas viagens;0
1015869;102829;Levar até o lago Niassa o barco que havia encomendado;1
1015870;102829;Fundar uma nova missão na costa ocidental;0
1015871;102829;Negociar com o governo britânico o fim do tráfico de escravos;0
1015872;102830;Vendê-lo a comerciantes locais;0
1015873;102830;Desmontá-lo e levá-lo por terra, para depois construí-lo novamente;1
1015874;102830;Abandoná-lo e seguir a pé;0
1015875;102830;Trocá-lo por uma embarcação menor;0
1015876;102831;Uma nova febre que o deixou gravemente doente;0
1015877;102831;O chamado do governo inglês para que voltasse à sua pátria;1
1015878;102831;A destruição do barco por uma tempestade;0
1015879;102831;Um ataque de nativos hostis à sua expedição;0
1015880;102832;Zanzibar;0
1015881;102832;Bombaim;1
1015882;102832;Luanda;0
1015883;102832;Quilimane;0
1015884;102833;Apenas triste, sem nenhum consolo;0
1015885;102833;Consolado também, ao mesmo tempo em que os consolava;1
1015886;102833;Ainda mais angustiado com as lembranças;0
1015887;102833;Determinado a nunca mais voltar à África;0
1015888;105138;Meados de 1858.;0
1015889;105138;Início de 1866.;1
1015890;105138;Fim de 1849.;0
1015891;105138;Abril de 1862.;0
1015892;105139;As cataratas de Kebrabasa.;0
1015893;105139;O lago Ngami.;0
1015894;105139;As fontes do Nilo.;1
1015895;105139;A cidade de Zanzibar.;0
1015896;105140;Porque encontraria ouro e diamantes.;0
1015897;105140;Porque poderia navegar até a Inglaterra.;0
1015898;105140;Porque acabaria com a caça de leões.;0
1015899;105140;Porque assim o comércio europeu poderia chegar desde o norte até o interior da África.;1
1015900;105141;O governo britânico e a Sociedade Geográfica.;1
1015901;105141;Apenas a Sociedade Missionária de Londres.;0
1015902;105141;O sultão de Zanzibar.;0
1015903;105141;Os macololos.;0
1015904;105142;Um navio a vapor.;0
1015905;105142;Uma carta de apresentação para o sultão de Zanzibar.;1
1015906;105142;Um mapa completo da África.;0
1015907;105142;Uma escolta de soldados.;0
1015908;105143;A cavalo.;0
1015909;105143;De barco a vapor.;0
1015910;105143;A pé.;1
1015911;105143;Em uma liteira.;0
1015912;105144;27 nativos.;0
1015913;105144;57 nativos.;0
1015914;105144;192 nativos.;0
1015915;105144;34 nativos.;1
1015916;105145;Seis camelos.;1
1015917;105145;Dois camelos.;0
1015918;105145;Três camelos.;0
1015919;105145;Quatro camelos.;0
1015920;105146;Dois búfalos.;0
1015921;105146;Três búfalos.;1
1015922;105146;Seis búfalos.;0
1015923;105146;Quatro búfalos.;0
1015924;105147;Quatro burros.;0
1015925;105147;Seis burros.;0
1015926;105147;Dois burros.;1
1015927;105147;Três burros.;0
1015928;105148;Dois jumentos.;0
1015929;105148;Seis jumentos.;0
1015930;105148;Três jumentos.;0
1015931;105148;Quatro jumentos.;1
1015932;105149;Algumas cabras.;1
1015933;105149;Algumas ovelhas.;0
1015934;105149;Alguns cavalos.;0
1015935;105149;Alguns bois.;0
1015936;105150;Para ver se conseguiam carregar pessoas.;0
1015937;105150;Para ver se conseguiriam sobreviver aos ataques da mosca tsé-tsé.;1
1015938;105150;Para ver se eram mais rápidos que os camelos.;0
1015939;105150;Para ver se produziam leite.;0
1015940;105151;Apenas cabras.;0
1015941;105151;Somente seres humanos.;0
1015942;105151;Bois e cavalos.;1
1015943;105151;Leões e búfalos.;0
1015944;105152;Que a região era rica em ouro.;0
1015945;105152;Que o caminho estava livre de perigos.;0
1015946;105152;Que os nativos queriam ser escravizados.;0
1015947;105152;Que havia um chefe selvagem esperando pela caravana do missionário, com planos de matar todos os seus integrantes.;1
1015948;105153;Contou a história mentirosa a outros carregadores.;1
1015949;105153;Avisou imediatamente Livingstone.;0
1015950;105153;Fugiu sozinho para a Inglaterra.;0
1015951;105153;Atacou o mercador árabe.;0
1015952;105154;Todos os carregadores fugiram.;0
1015953;105154;Nove carregadores fugiram.;1
1015954;105154;Livingstone foi atacado.;0
1015955;105154;A caravana foi roubada.;0
1015956;105155;Até a aldeia dos macololos.;0
1015957;105155;Até o lago Niassa.;0
1015958;105155;Até a costa.;1
1015959;105155;Até Zanzibar.;0
1015960;105156;Que Livingstone havia encontrado as fontes do Nilo.;0
1015961;105156;Que Livingstone havia sido preso.;0
1015962;105156;Que Livingstone havia voltado para a Inglaterra.;0
1015963;105156;Que Livingstone havia morrido.;1
1015964;105157;Um inglês que partiu para a África a fim de se certificar dos fatos sobre a suposta morte de Livingstone.;1
1015965;105157;Um carregador fiel de Livingstone.;0
1015966;105157;Um chefe africano que o recebeu.;0
1015967;105157;Um jornalista americano.;0
1015968;105158;Que o missionário realmente havia morrido.;0
1015969;105158;Que o missionário havia partido para o norte.;1
1015970;105158;Que o missionário havia voltado para a Inglaterra.;0
1015971;105158;Que o missionário estava em Zanzibar.;0
1015972;105159;Ficou na África para procurá-lo.;0
1015973;105159;Escreveu um livro sobre a viagem.;0
1015974;105159;Voltou para a Inglaterra, levando a boa notícia.;1
1015975;105159;Tornou-se missionário.;0
1015976;105160;Ficou indiferente.;0
1015977;105160;Ficou triste.;0
1015978;105160;Ficou revoltado.;0
1015979;105160;Ficou alegre.;1
1015980;105161;Não, ele nem ficou sabendo desses boatos.;1
1015981;105161;Sim, e decidiu voltar imediatamente.;0
1015982;105161;Sim, e escreveu uma carta para o jornal.;0
1015983;105161;Sim, e ficou muito abalado.;0
1015984;105162;Dos filhos que estavam na Inglaterra.;0
1015985;105162;Dos macololos que o tinham acompanhado em suas primeiras expedições.;1
1015986;105162;De Roberto Moffat.;0
1015987;105162;Do sultão de Zanzibar.;0
1015988;105163;Com um exército de soldados.;0
1015989;105163;Com os comerciantes árabes.;0
1015990;105163;Com alguns carregadores fiéis.;1
1015991;105163;Com os caçadores de escravos.;0
1015992;105164;Desanimado e sem esperança.;0
1015993;105164;Doente e sozinho.;0
1015994;105164;Sem nenhum objetivo.;0
1015995;105164;Cheio de coragem.;1
1015996;105165;A terra como um deserto.;1
1015997;105165;Grandes plantações.;0
1015998;105165;Muitos rebanhos.;0
1015999;105165;Cidades prósperas.;0
1016000;105166;Rios nem lagos.;0
1016001;105166;Plantações nem gado.;1
1016002;105166;Árvores nem sombra.;0
1016003;105166;Casas nem habitantes.;0
1016004;105167;Frutas silvestres.;0
1016005;105167;Peixes.;0
1016006;105167;Só milho.;1
1016007;105167;Caça abundante.;0
1016008;105168;Pão e vinho.;0
1016009;105168;Carne de búfalo.;0
1016010;105168;Apenas frutas.;0
1016011;105168;Milho cozido no leite das cabras que levava consigo.;1
1016012;105169;As cabras foram roubadas.;1
1016013;105169;O milho acabou.;0
1016014;105169;A água secou.;0
1016015;105169;Os carregadores adoeceram.;0
1016016;105170;Que tinha comido raízes amargas.;0
1016017;105170;Que tinha comido o seu próprio cinto até o terceiro furo.;1
1016018;105170;Que tinha bebido muita água.;0
1016019;105170;Que tinha dormido para esquecer a fome.;0
1016020;105171;Um chefe que o recebeu com alegria.;0
1016021;105171;Um mercador de escravos árabe.;0
1016022;105171;Um moço africano entre os carregadores fiéis.;1
1016023;105171;Um jornalista inglês.;0
1016024;105172;A bolsa de dinheiro.;0
1016025;105172;O diário de Livingstone.;0
1016026;105172;As armas da caravana.;0
1016027;105172;A caixa dos remédios.;1
1016028;105173;Quinino.;1
1016029;105173;Morfina.;0
1016030;105173;Aspirina.;0
1016031;105173;Óleo de fígado de bacalhau.;0
1016032;105174;Para curar feridas de leão.;0
1016033;105174;Para o tratamento da malária.;1
1016034;105174;Para aliviar dores de cabeça.;0
1016035;105174;Para tratar febre amarela.;0
1016036;105175;Carregar Livingstone nas costas.;0
1016037;105175;Caçar animais para a caravana.;0
1016038;105175;Ajudar a levar a caixa por algum tempo.;1
1016039;105175;Buscar água no rio.;0
1016040;105176;Devolveu a caixa intacta.;0
1016041;105176;Entregou a caixa a Livingstone.;0
1016042;105176;Perdeu a caixa no rio.;0
1016043;105176;Aproveitou para fugir, escondendo-se na mata com os preciosos remédios.;1
1016044;105177;Magro, doente, sem as cabras, sem sua caixa de remédios, faminto e abandonado por seus próprios carregadores.;1
1016045;105177;Forte e saudável, com muitos suprimentos.;0
1016046;105177;Alegre e confiante, com todos os carregadores.;0
1016047;105177;De volta à Inglaterra.;0
1016048;105178;Um navio inglês.;0
1016049;105178;A solidariedade do povo africano.;1
1016050;105178;Um comerciante árabe.;0
1016051;105178;Um grupo de caçadores de escravos.;0
1016052;105179;Sechele.;0
1016053;105179;Sekeletu.;0
1016054;105179;Chitapangua.;1
1016055;105179;Mebalue.;0
1016056;105180;Com desconfiança, e mandou expulsá-lo.;0
1016057;105180;Com indiferença, sem falar com ele.;0
1016058;105180;Com medo, e fugiu para a mata.;0
1016059;105180;Com alegria, e até mandou tocar tambores para homenageá-lo.;1
1016060;105181;Alimento e descanso.;1
1016061;105181;Ouro e pedras preciosas.;0
1016062;105181;Novos carregadores.;0
1016063;105181;Um barco a vapor.;0
1016064;105182;Sua fé em comerciantes árabes.;0
1016065;105182;Suas forças para prosseguir em sua jornada.;1
1016066;105182;Sua vontade de voltar para a Inglaterra.;0
1016067;105182;Seu interesse em caçar leões.;0
1016068;102834;Mapear todas as tribos que comercializavam ouro e pedras preciosas.;0
1016069;102834;Descobrir as fontes do rio Nilo para permitir a chegada do comércio europeu ao interior da África.;1
1016070;102834;Encontrar uma rota terrestre direta para o Oriente Médio.;0
1016071;102834;Fundar uma colônia agrícola sob administração britânica.;0
1016072;102835;Para testar se os jumentos conseguiriam sobreviver aos ataques da mosca tsé-tsé, inseto que matava bois e cavalos.;1
1016073;102835;Porque eram os únicos animais imunes ao ataque das feras da região.;0
1016074;102835;Por serem mais rápidos do que os camelos e búfalos em terrenos montanhosos.;0
1016075;102835;Para servir de alimento reserva em caso de secas prolongadas.;0
1016076;102836;Roubaram os instrumentos de navegação do acampamento.;0
1016077;102836;Fugiram para a costa e espalharam o boato de que Livingstone havia morrido.;1
1016078;102836;Buscaram refúgio na aldeia do sultão de Zanzibar.;0
1016079;102836;Uniram-se aos caçadores de escravos da região.;0
1016080;102837;Organizou uma expedição militar para punir os culpados.;0
1016081;102837;Partiu para a África para averiguar os fatos e descobriu que Livingstone continuava vivo e seguia para o norte.;1
1016082;102837;Publicou uma biografia memorial em homenagem ao explorador.;0
1016083;102837;Pediu o cancelamento definitivo do financiamento de expedições.;0
1016084;102838;Escreveu que havia ingerido raízes secas encontradas no caminho.;0
1016085;102838;Registrou que tinha comido o seu próprio cinto até o terceiro furo para matar a fome.;1
1016086;102838;Relatou que se alimentara apenas de frutos silvestres durante semanas.;0
1016087;102838;Mencionou que fora socorrido por caçadores locais com carne seca.;0
1016088;102839;Um grupo de guerreiros locais saqueou o acampamento à noite.;0
1016089;102839;Um carregador ofereceu-se para ajudar a carregar a caixa e aproveitou para fugir e se esconder na mata com os remédios.;1
1016090;102839;A caixa caiu nas águas de um rio caudaloso durante a travessia.;0
1016091;102839;Comerciantes de escravos tomaram a caixa em uma emboscada.;0
1016092;102840;Recebeu-o com alegria, mandando tocar tambores em sua homenagem e oferecendo alimento e descanso.;1
1016093;102840;Exigiu pagamentos em mercadorias valiosas antes de dar-lhe abrigo.;0
1016094;102840;Manteve-o isolado em uma choupana por suspeitar de suas intenções.;0
1016095;102840;Ofereceu-lhe armas e animais para retomar a viagem imediatamente.;0
1016096;102841;Lago Vitória e Lago Chade.;0
1016097;102841;Lago Tanganica e Lago Bangueolo.;1
1016098;102841;Lago Niassa e Lago Ngami.;0
1016099;102841;Lago Shirwa e Lago Lualaba.;0
1016100;102842;Sociedade Missionária de Londres.;0
1016101;102842;Sociedade Geográfica.;1
1016102;102842;Marinha Real Britânica.;0
1016103;102842;Sociedade Bíblica Escocesa.;0
1016104;102843;Um tratado comercial de exclusividade sobre a venda de marfim.;0
1016105;102843;Uma carta de apresentação oficial.;1
1016106;102843;Um mapa secreto detalhando as minas de ouro da região.;0
1016107;102843;Um salvo-conduto diplomático assinado pessoalmente pela Rainha Vitória.;0
1016108;102844;Dos seis camelos e três búfalos que carregavam as tendas.;0
1016109;102844;Das cabras que forneciam o leite essencial para a alimentação.;0
1016110;102844;Dos jumentos, uma vez que esse inseto costumava matar bois e cavalos.;1
1016111;102844;Dos elefantes domesticados que transportavam os instrumentos náuticos.;0
1016112;102845;Que a expedição havia ficado sem reservas de água e todos morreriam de sede.;0
1016113;102845;Que um chefe selvagem estava esperando a caravana com planos de matar todos os integrantes.;1
1016114;102845;Que o governo inglês havia cancelado definitivamente o pagamento dos salários.;0
1016115;102845;Que uma epidemia mortal de febre amarela estava assolando as aldeias ao norte.;0
1016116;102846;Carne de caça seca ao sol e mel silvestre coletado na floresta.;0
1016117;102846;Raízes de plantas tropicais cozidas em água de rio filtrada.;0
1016118;102846;Milho cozido no leite das cabras que o grupo levava consigo.;1
1016119;102846;Apenas frutos silvestres e lagartas coletadas durante a marcha.;0
1016120;102847;Da bússola e dos cronômetros de navegação astronômica.;0
1016121;102847;Da caixa de remédios contendo o quinino para o tratamento da malária.;1
1016122;102847;Dos diários de anotações científicas e dos mapas manuscritos originais.;0
1016123;102847;Dos sacos de pólvora e das armas de fogo para defesa contra feras.;0
1016124;102848;Lago Niassa.;0
1016125;102848;Lago Tanganica.;0
1016126;102848;Lago Bangueolo.;1
1016127;102848;Lago Ngami.;0
1016128;102849;27 carregadores da tribo macololo.;0
1016129;102849;34 nativos.;1
1016130;102849;57 homens contratados pelo jornalista Henry Stanley.;0
1016131;102849;153 carregadores liderados por soldados de Zanzibar.;0
1016132;102850;1858;0
1016133;102850;1862;0
1016134;102850;1864;0
1016135;102850;1866;1
1016136;102851;As fontes do Nilo;1
1016137;102851;A nascente do Zambeze;0
1016138;102851;O lago Ngami;0
1016139;102851;As cataratas de Kebrabasa;0
1016140;102852;Para estabelecer uma nova missão às margens do rio;0
1016141;102852;Porque pensava que o comércio europeu poderia chegar do norte ao interior da África;1
1016142;102852;Para construir uma rota direta até a Inglaterra;0
1016143;102852;Porque pretendia utilizar o rio para transportar seu barco;0
1016144;102853;A Sociedade Missionária e o governo de Zanzibar;0
1016145;102853;A Igreja da Inglaterra e o governo português;0
1016146;102853;O governo britânico e a Sociedade Geográfica;1
1016147;102853;O New York Herald e a Sociedade Missionária;0
1016148;102854;O chefe Sekeletu;0
1016149;102854;O chefe Sechele;0
1016150;102854;O governador de Luanda;0
1016151;102854;O sultão de Zanzibar;1
1016152;102855;Pelo vale do Rovuna;1
1016153;102855;Pelo vale do Zambeze;0
1016154;102855;Pelo vale do Nilo;0
1016155;102855;Pelo vale do Shire;0
1016156;102856;27;0
1016157;102856;34;1
1016158;102856;53;0
1016159;102856;57;0
1016160;102857;Cavalos, elefantes, bois e cabras;0
1016161;102857;Camelos, cavalos, búfalos e ovelhas;0
1016162;102857;Camelos, búfalos, burros, jumentos e cabras;1
1016163;102857;Bois, cavalos, mulas, jumentos e ovelhas;0
1016164;102858;Para utilizá-los exclusivamente no transporte de remédios;0
1016165;102858;Para entregá-los aos chefes africanos;0
1016166;102858;Para substituir os camelos ao chegar ao norte;0
1016167;102858;Para testar se sobreviveriam aos ataques da mosca tsé-tsé;1
1016168;102859;Bois e cavalos;1
1016169;102859;Camelos e búfalos;0
1016170;102859;Jumentos e cabras;0
1016171;102859;Burros e camelos;0
1016172;102860;Um chefe africano;0
1016173;102860;Um mercador de escravos árabe;1
1016174;102860;Um explorador inglês;0
1016175;102860;Um carregador macololo;0
1016176;102861;Que a Inglaterra havia abandonado a expedição;0
1016177;102861;Que uma epidemia atingira as aldeias do norte;0
1016178;102861;Que um chefe selvagem esperava a caravana para matar seus integrantes;1
1016179;102861;Que o sultão de Zanzibar havia ordenado a prisão de Livingstone;0
1016180;102862;Foi sozinho verificar a informação;0
1016181;102862;Contou apenas a Livingstone;0
1016182;102862;Abandonou imediatamente a caravana sem falar com ninguém;0
1016183;102862;Contou a história a outros carregadores;1
1016184;102863;Nove;1
1016185;102863;Seis;0
1016186;102863;Doze;0
1016187;102863;Quinze;0
1016188;102864;Para a aldeia de Chitapangua;0
1016189;102864;Para a costa;1
1016190;102864;Para Zanzibar;0
1016191;102864;Para Kuruman;0
1016192;102865;Que Livingstone havia sido capturado;0
1016193;102865;Que a caravana havia sido destruída;0
1016194;102865;Que Livingstone havia morrido;1
1016195;102865;Que Livingstone havia retornado à Inglaterra;0
1016196;102866;Henry Stanley;0
1016197;102866;Roberto Moffat;0
1016198;102866;Sekeletu;0
1016199;102866;Um inglês chamado Young;1
1016200;102867;Certificar-se dos fatos;1
1016201;102867;Assumir o comando da expedição;0
1016202;102867;Recuperar os animais da caravana;0
1016203;102867;Procurar as fontes do Nilo;0
1016204;102868;Que Livingstone havia voltado para Zanzibar;0
1016205;102868;Que Livingstone havia partido para o norte;1
1016206;102868;Que Livingstone estava em Kuruman;0
1016207;102868;Que Livingstone havia sido capturado;0
1016208;102869;Permaneceu na África para encontrá-lo;0
1016209;102869;Seguiu a caravana em direção ao norte;0
1016210;102869;Voltou para a Inglaterra levando a boa notícia;1
1016211;102869;Enviou apenas uma carta à Sociedade Geográfica;0
1016212;102870;Recebeu a informação com desconfiança;0
1016213;102870;Organizou outra expedição imediatamente;0
1016214;102870;Pediu que Livingstone abandonasse a África;0
1016215;102870;Ficou alegre;1
1016216;102871;Não ficou sabendo daqueles boatos e preocupações;1
1016217;102871;Recebeu cartas contando tudo;0
1016218;102871;Soube da notícia por mercadores árabes;0
1016219;102871;Pediu a Young que desmentisse os rumores;0
1016220;102872;Dos missionários ingleses;0
1016221;102872;Dos macololos;1
1016222;102872;Dos comerciantes de Tete;0
1016223;102872;Dos soldados de Zanzibar;0
1016224;102873;A chegada de soldados britânicos;0
1016225;102873;A ajuda do sultão de Zanzibar;0
1016226;102873;A presença de alguns carregadores fiéis;1
1016227;102873;O retorno dos nove homens que haviam fugido;0
1016228;102874;Repleta de novas aldeias;0
1016229;102874;Com grandes plantações;0
1016230;102874;Cheia de animais domésticos;0
1016231;102874;Como um deserto;1
1016232;102875;Plantações e gado;1
1016233;102875;Rios e lagos;0
1016234;102875;Árvores e animais selvagens;0
1016235;102875;Aldeias e estradas;0
1016236;102876;Arroz;0
1016237;102876;Milho;1
1016238;102876;Trigo;0
1016239;102876;Mandioca;0
1016240;102877;Assava-o diretamente no fogo;0
1016241;102877;Moía-o para fazer pão;0
1016242;102877;Cozinhava-o no leite das cabras;1
1016243;102877;Misturava-o com frutas silvestres;0
1016244;102878;O milho acabou completamente;0
1016245;102878;Os carregadores abandonaram os alimentos;0
1016246;102878;Uma enchente destruiu as provisões;0
1016247;102878;As cabras foram roubadas;1
1016248;102879;Seu próprio cinto;1
1016249;102879;Uma manta de couro;0
1016250;102879;Folhas de árvores;0
1016251;102879;A correia de sua bagagem;0
1016252;102880;Até o primeiro furo;0
1016253;102880;Até o terceiro furo;1
1016254;102880;Até o quinto furo;0
1016255;102880;Até a metade do cinto;0
1016256;102881;Susi;0
1016257;102881;Gardner;0
1016258;102881;Baraka;1
1016259;102881;Chumak;0
1016260;102882;Cuidar dos animais;0
1016261;102882;Guardar os mapas;0
1016262;102882;Transportar os alimentos;0
1016263;102882;Cuidar da caixa dos remédios;1
1016264;102883;Quinino;1
1016265;102883;Penicilina;0
1016266;102883;Aspirina;0
1016267;102883;Morfina;0
1016268;102884;Pneumonia;0
1016269;102884;Malária;1
1016270;102884;Febre amarela;0
1016271;102884;Cólera;0
1016272;102885;Roubou-a durante a noite;0
1016273;102885;Recebeu-a diretamente de Livingstone;0
1016274;102885;Ofereceu-se para ajudar Baraka a carregá-la por algum tempo;1
1016275;102885;Encontrou-a abandonada durante uma parada;0
1016276;102886;Entregou-a a um mercador árabe;0
1016277;102886;Escondeu apenas o quinino;0
1016278;102886;Devolveu a caixa sem os medicamentos;0
1016279;102886;Fugiu e se escondeu na mata com os remédios;1
1016280;102887;Na mata;1
1016281;102887;Em uma aldeia vizinha;0
1016282;102887;Na costa;0
1016283;102887;Às margens de um rio;0
1016284;102888;Ferido, perdido e sem água;0
1016285;102888;Magro, doente, faminto e sem seus remédios;1
1016286;102888;Saudável, mas sem animais para transporte;0
1016287;102888;Apenas cansado e preocupado com a viagem;0
1016288;102889;A chegada de missionários ingleses;0
1016289;102889;O auxílio do governo britânico;0
1016290;102889;A solidariedade do povo africano;1
1016291;102889;O retorno dos carregadores fugitivos;0
1016292;102890;Chonuane;0
1016293;102890;Colobeng;0
1016294;102890;Ujiji;0
1016295;102890;Na aldeia do chefe Chitapangua;1
1016296;102891;O chefe Chitapangua;1
1016297;102891;O chefe Sechele;0
1016298;102891;O chefe Sekeletu;0
1016299;102891;O jovem Baraka;0
1016300;102892;Com desconfiança e silêncio;0
1016301;102892;Com alegria;1
1016302;102892;Com medo da caravana;0
1016303;102892;Recusando-se a recebê-lo;0
1016304;102893;Preparou uma grande caçada;0
1016305;102893;Organizou uma festa de vários dias;0
1016306;102893;Mandou tocar tambores;1
1016307;102893;Entregou-lhe animais para a viagem;0
1016308;102894;Novos mapas e carregadores;0
1016309;102894;Armas e animais;0
1016310;102894;Cartas e notícias da Inglaterra;0
1016311;102894;Alimento e descanso;1
1016312;102895;Renovou suas forças;1
1016313;102895;Fez com que decidisse voltar à Inglaterra;0
1016314;102895;Levou-o a abandonar a busca pelas fontes do Nilo;0
1016315;102895;Convenceu-o a permanecer definitivamente na aldeia;0
1016316;102896;Retornar à costa;0
1016317;102896;Prosseguir em sua jornada;1
1016318;102896;Enviar Baraka para a Inglaterra;0
1016319;102896;Reunir novamente os nove carregadores fugitivos;0
1016320;102897;Naufrágio, perda do barco e ataque de leões;0
1016321;102897;Guerra entre tribos, enchente e falta de mapas;0
1016322;102897;Fuga de carregadores, escassez de alimentos e perda dos remédios;1
1016323;102897;Destruição de sua casa, morte de animais e bloqueio das cataratas;0
1016324;102898;O mapeamento das florestas densas da bacia equatorial do rio Níger.;0
1016325;102898;A descoberta definitiva das nascentes do rio Nilo.;1
1016326;102898;A circunavegação completa do perímetro litorâneo da África Ocidental.;0
1016327;102898;A demarcação das fronteiras coloniais das reservas auríferas do Transvaal.;0
1016328;102899;Se esses animais eram mais rápidos no transporte de cargas pesadas em ladeiras.;0
1016329;102899;Se conseguiriam sobreviver aos letais ataques da mosca tsé-tsé.;1
1016330;102899;Se conseguiam manter a hidratação consumindo apenas arbustos espinhosos.;0
1016331;102899;Se toleravam melhor as noites frias de altitude nas cordilheiras centrais.;0
1016332;102900;Espalharam a falsa notícia de que Livingstone havia morrido.;1
1016333;102900;Relataram que o missionário fora vendido a um potentado tribal do norte.;0
1016334;102900;Disseram que Livingstone havia se tornado governante absoluto em Maniuema.;0
1016335;102900;Afirmaram que toda a caravana fora feita prisioneira pelo sultão de Zanzibar.;0
1016336;102901;Declarou que mastigou raízes amargas durante semanas seguidas.;0
1016337;102901;Escreveu que comeu seu próprio cinto até o terceiro furo para enganar a fome.;1
1016338;102901;Registrou que ingeriu cascas secas de árvores trituradas em água lodosa.;0
1016339;102901;Afirmou que alimentou-se exclusivamente de cinzas de fogueiras e argila.;0
1016340;102902;O frasco com antídoto para picadas de serpentes venenosas estilhaçou-se na bagagem.;0
1016341;102902;Um carregador aproveitou a distração do fiel Baraka e fugiu com a caixa de remédios contendo o quinino.;1
1016342;102902;A umidade excessiva das florestas mofou todo o estoque de ervas medicinais nativas.;0
1016343;102902;Os remédios foram tomados por salteadores após um ataque armado no desfiladeiro.;0
1016344;102903;Na aldeia do chefe Chitapangua.;1
1016345;102903;Na sede do sultão de Zanzibar.;0
1016346;102903;No acampamento militar de Tete.;0
1016347;102903;Na missão abandonada de Chonuane.;0
1016348;105183;No início de 1854.;0
1016349;105183;No início de 1858.;0
1016350;105183;No início de 1862.;0
1016351;105183;No início de 1866.;1
1016352;105184;As fontes do rio Nilo.;1
1016353;105184;As cataratas de Kebrabasa.;0
1016354;105184;As minas de ouro da África Central.;0
1016355;105184;O caminho mais curto até a Inglaterra.;0
1016356;105185;Porque pretendia construir uma cidade às margens do rio.;0
1016357;105185;Porque acreditava que o comércio europeu poderia chegar do norte até o interior da África.;1
1016358;105185;Porque queria encontrar uma rota para transportar escravos.;0
1016359;105185;Porque pretendia abandonar o trabalho missionário.;0
1016360;105186;A Sociedade Missionária de Londres e o governo português.;0
1016361;105186;O governo britânico e a Sociedade Geográfica.;1
1016362;105186;O sultão de Zanzibar e os comerciantes árabes.;0
1016363;105186;A família Moffat e os chefes africanos.;0
1016364;105187;Uma carta de apresentação para o sultão de Zanzibar.;1
1016365;105187;Uma autorização para vender produtos africanos.;0
1016366;105187;Uma carta destinada ao governo chinês.;0
1016367;105187;Um mapa completo do interior da África.;0
1016368;105188;Em uma lancha a vapor.;0
1016369;105188;Montado em um camelo.;0
1016370;105188;A pé.;1
1016371;105188;Em uma carroça puxada por bois.;0
1016372;105189;24 nativos.;0
1016373;105189;27 nativos.;0
1016374;105189;34 nativos.;1
1016375;105189;40 nativos.;0
1016376;105190;Dois camelos.;0
1016377;105190;Quatro camelos.;0
1016378;105190;Seis camelos.;1
1016379;105190;Oito camelos.;0
1016380;105191;Dois búfalos.;0
1016381;105191;Três búfalos.;1
1016382;105191;Quatro búfalos.;0
1016383;105191;Seis búfalos.;0
1016384;105192;Dois burros e quatro jumentos.;1
1016385;105192;Quatro burros e dois jumentos.;0
1016386;105192;Três burros e seis jumentos.;0
1016387;105192;Seis burros e quatro jumentos.;0
1016388;105193;Cavalos.;0
1016389;105193;Bois.;0
1016390;105193;Cabras.;1
1016391;105193;Elefantes.;0
1016392;105194;Para saber se conseguiriam transportar água.;0
1016393;105194;Para verificar se sobreviveriam aos ataques da mosca tsé-tsé.;1
1016394;105194;Para descobrir se poderiam atravessar o rio Nilo.;0
1016395;105194;Para utilizá-los no transporte de escravos libertados.;0
1016396;105195;Bois e cavalos.;1
1016397;105195;Camelos e cabras.;0
1016398;105195;Búfalos e jumentos.;0
1016399;105195;Elefantes e rinocerontes.;0
1016400;105196;Ele roubou todos os animais da caravana.;0
1016401;105196;Ele espalhou uma mentira sobre um chefe selvagem que pretendia matar a caravana.;1
1016402;105196;Ele destruiu os mapas da expedição.;0
1016403;105196;Ele impediu que Livingstone recebesse recursos do governo britânico.;0
1016404;105197;Que havia uma doença mortal na próxima aldeia.;0
1016405;105197;Que um chefe selvagem esperava a caravana com planos de matar todos os seus integrantes.;1
1016406;105197;Que os macololos haviam abandonado a expedição.;0
1016407;105197;Que o sultão de Zanzibar havia ordenado o retorno da caravana.;0
1016408;105198;Guardou segredo e continuou a viagem.;0
1016409;105198;Contou a história mentirosa a outros carregadores.;1
1016410;105198;Enfrentou o mercador e o expulsou da caravana.;0
1016411;105198;Retornou imediatamente para a Inglaterra.;0
1016412;105199;Nove carregadores fugiram.;1
1016413;105199;Todos os nativos abandonaram a caravana.;0
1016414;105199;O chefe selvagem atacou o grupo.;0
1016415;105199;As cabras foram roubadas.;0
1016416;105200;Para a aldeia de Chitapangua.;0
1016417;105200;Para a costa.;1
1016418;105200;Para o vale do Rovuna.;0
1016419;105200;Para Zanzibar.;0
1016420;105201;Que Livingstone havia retornado à Inglaterra.;0
1016421;105201;Que Livingstone havia descoberto as fontes do Nilo.;0
1016422;105201;Que Livingstone havia morrido.;1
1016423;105201;Que Livingstone havia sido capturado pelos árabes.;0
1016424;105202;Roberto Moffat.;0
1016425;105202;Um inglês chamado Young.;1
1016426;105202;O sultão de Zanzibar.;0
1016427;105202;O chefe Chitapangua.;0
1016428;105203;Que Livingstone havia morrido durante a travessia.;0
1016429;105203;Que Livingstone havia partido para o norte.;1
1016430;105203;Que Livingstone havia retornado para a costa.;0
1016431;105203;Que Livingstone havia abandonado a expedição.;0
1016432;105204;Retornou à Inglaterra levando a boa notícia.;1
1016433;105204;Acompanhou Livingstone até o norte.;0
1016434;105204;Prendeu os nove carregadores fugitivos.;0
1016435;105204;Enviou uma carta ao sultão de Zanzibar.;0
1016436;105205;Ficou preocupado com uma nova expedição.;0
1016437;105205;Ficou alegre.;1
1016438;105205;Decidiu interromper o financiamento da missão.;0
1016439;105205;Não demonstrou interesse pela notícia.;0
1016440;105206;Sim, pois recebeu cartas dos ingleses.;0
1016441;105206;Não, ele nem ficou sabendo desses boatos.;1
1016442;105206;Sim, porque Young o avisou pessoalmente.;0
1016443;105206;Não, porque havia decidido abandonar a expedição.;0
1016444;105207;Desistiu e retornou para a costa.;0
1016445;105207;Prosseguiu com alguns carregadores fiéis, cheio de coragem.;1
1016446;105207;Esperou a chegada de novos soldados britânicos.;0
1016447;105207;Seguiu sozinho, sem nenhum carregador.;0
1016448;105208;Dos comerciantes árabes.;0
1016449;105208;Dos macololos que o haviam acompanhado em suas primeiras expedições.;1
1016450;105208;Dos cientistas da Sociedade Geográfica.;0
1016451;105208;Dos habitantes de Londres.;0
1016452;105209;Rica em plantações e gado.;0
1016453;105209;Como um deserto.;1
1016454;105209;Cheia de cidades e estradas.;0
1016455;105209;Coberta por florestas preservadas.;0
1016456;105210;Plantações e gado.;1
1016457;105210;Rios e montanhas.;0
1016458;105210;Escolas e igrejas.;0
1016459;105210;Cabras e milho.;0
1016460;105211;Arroz.;0
1016461;105211;Carne seca.;0
1016462;105211;Milho.;1
1016463;105211;Trigo.;0
1016464;105212;Cozinhava-o no leite das cabras.;1
1016465;105212;Assava-o com mel.;0
1016466;105212;Misturava-o com café.;0
1016467;105212;Moía-o para fazer pão.;0
1016468;105213;Foram mortas pela mosca tsé-tsé.;0
1016469;105213;Foram roubadas.;1
1016470;105213;Foram trocadas por camelos.;0
1016471;105213;Fugiram para uma aldeia vizinha.;0
1016472;105214;A alimentação ficou ainda mais precária.;1
1016473;105214;A caravana conseguiu viajar mais rapidamente.;0
1016474;105214;Livingstone passou a alimentar-se apenas de frutas.;0
1016475;105214;Os carregadores retornaram imediatamente para a costa.;0
1016476;105215;Que havia passado vários dias sem beber água.;0
1016477;105215;Que havia comido seu próprio cinto até o terceiro furo.;1
1016478;105215;Que havia sobrevivido apenas com mel e café.;0
1016479;105215;Que havia encontrado alimento suficiente na floresta.;0
1016480;105216;Para testar a resistência do couro.;0
1016481;105216;Para matar a fome.;1
1016482;105216;Para alimentar um animal ferido.;0
1016483;105216;Para demonstrar um costume africano.;0
1016484;105217;Um chefe de aldeia.;0
1016485;105217;Um dos carregadores fiéis de Livingstone.;1
1016486;105217;Um mercador de escravos árabe.;0
1016487;105217;Um médico inglês.;0
1016488;105218;A carta para o sultão de Zanzibar.;0
1016489;105218;A caixa dos remédios.;1
1016490;105218;O mapa das fontes do Nilo.;0
1016491;105218;A caixa de alimentos.;0
1016492;105219;Penicilina.;0
1016493;105219;Quinino.;1
1016494;105219;Morfina.;0
1016495;105219;Aspirina.;0
1016496;105220;Para o tratamento da malária.;1
1016497;105220;Para tratar ferimentos causados por animais.;0
1016498;105220;Para purificar a água.;0
1016499;105220;Para combater a fome.;0
1016500;105221;O carregador fugiu com os medicamentos e escondeu-se na mata.;1
1016501;105221;O carregador entregou a caixa ao chefe da aldeia.;0
1016502;105221;O carregador perdeu os remédios durante a travessia de um rio.;0
1016503;105221;O carregador utilizou o quinino para tratar Livingstone.;0
1016504;105222;Forte, saudável e bem alimentado.;0
1016505;105222;Magro, doente, faminto e abandonado.;1
1016506;105222;Descansado e preparado para retornar à Inglaterra.;0
1016507;105222;Acompanhado por uma grande equipe de médicos.;0
1016508;105223;Porque ele estava sem alimentos, doente, sem remédios e abandonado por seus próprios carregadores.;1
1016509;105223;Porque havia encontrado as fontes do Nilo e concluído sua tarefa.;0
1016510;105223;Porque o governo britânico havia encerrado todas as expedições.;0
1016511;105223;Porque os macololos haviam decidido voltar para a Inglaterra.;0
1016512;105224;A solidariedade do povo africano.;1
1016513;105224;Os comerciantes árabes.;0
1016514;105224;Os cientistas ingleses.;0
1016515;105224;Os soldados do governo britânico.;0
1016516;105225;À aldeia do chefe Chitapangua.;1
1016517;105225;À aldeia de Sekeletu.;0
1016518;105225;À aldeia de Mabotza.;0
1016519;105225;À aldeia de Kuruman.;0
1016520;105226;Com desconfiança e hostilidade.;0
1016521;105226;Com alegria e até mandou tocar tambores para homenageá-lo.;1
1016522;105226;Com medo, pois pensava que Livingstone era traficante de escravos.;0
1016523;105226;Com indiferença, recusando-lhe abrigo.;0
1016524;105227;Alimento e descanso.;1
1016525;105227;Um novo barco e uma equipe de médicos.;0
1016526;105227;Cartas da Inglaterra e roupas novas.;0
1016527;105227;A caixa de remédios que havia sido roubada.;0
1016528;105228;Livingstone renovou suas forças para continuar a jornada.;1
1016529;105228;Livingstone decidiu abandonar a expedição.;0
1016530;105228;Livingstone retornou imediatamente para Zanzibar.;0
1016531;105228;Livingstone passou a trabalhar como comerciante.;0
1016532;105229;Livingstone iniciou uma expedição ao norte, enfrentou boatos sobre sua morte, perdeu carregadores, animais e remédios, mas foi socorrido pelo povo africano.;1
1016533;105229;Livingstone retornou à Inglaterra, abandonou as explorações e passou a trabalhar como escritor.;0
1016534;105229;Livingstone encontrou as fontes do Nilo sem dificuldades e voltou para a costa acompanhado por todos os carregadores.;0
1016535;105229;Livingstone foi capturado pelos mercadores árabes e levado para Zanzibar.;0
1016536;102904;Início de 1858;0
1016537;102904;Início de 1866;1
1016538;102904;Início de 1869;0
1016539;102904;Início de 1872;0
1016540;102905;Rio Congo;0
1016541;102905;Rio Zambeze;0
1016542;102905;Rio Nilo;1
1016543;102905;Rio Rovuna;0
1016544;102906;O sultão de Zanzibar e comerciantes árabes;0
1016545;102906;O governo britânico e a Sociedade Geográfica;1
1016546;102906;A Rainha Vitória, pessoalmente;0
1016547;102906;A União Feminina Missionária Batista;0
1016548;102907;27 nativos e apenas cavalos;0
1016549;102907;34 nativos, seis camelos, três búfalos, dois burros, quatro jumentos e algumas cabras;1
1016550;102907;57 nativos e apenas bois;0
1016551;102907;192 nativos e elefantes de carga;0
1016552;102908;Para ver se sobreviviam ao clima seco da região;0
1016553;102908;Para ver se conseguiriam sobreviver aos ataques da mosca tsé-tsé, que matava bois e cavalos;1
1016554;102908;Para verificar se aguentariam carregar grandes pesos;0
1016555;102908;Para testar sua velocidade em terrenos acidentados;0
1016556;102909;Que o governo britânico havia cancelado a expedição;0
1016557;102909;Que havia um chefe selvagem esperando pela caravana, com planos de matar todos os seus integrantes;1
1016558;102909;Que Livingstone havia sido preso pelo sultão de Zanzibar;0
1016559;102909;Que não havia mais alimentos disponíveis à frente;0
1016560;102910;Foram até a costa e espalharam a notícia de que Livingstone havia morrido;1
1016561;102910;Roubaram todos os suprimentos e desapareceram na floresta;0
1016562;102910;Voltaram para avisar o sultão de Zanzibar;0
1016563;102910;Se juntaram a uma caravana de escravos rival;0
1016564;102911;Henry Stanley;0
1016565;102911;Um inglês chamado Young;1
1016566;102911;Mohammed Bogharib;0
1016567;102911;O sultão de Zanzibar;0
1016568;102912;Que Livingstone realmente havia morrido;0
1016569;102912;Que Livingstone havia partido para o norte;1
1016570;102912;Que Livingstone estava preso pelos árabes;0
1016571;102912;Que Livingstone havia desistido da expedição;0
1016572;102913;Arroz selvagem;0
1016573;102913;Milho;1
1016574;102913;Raízes de mandioca;0
1016575;102913;Frutas silvestres;0
1016576;102914;Foram vendidas para comprar remédios;0
1016577;102914;Foram roubadas;1
1016578;102914;Morreram de uma doença;0
1016579;102914;Foram doadas a uma aldeia faminta;0
1016580;102915;Comeu folhas e raízes desconhecidas;0
1016581;102915;Comeu seu próprio cinto até o terceiro furo;1
1016582;102915;Trocou seus instrumentos de navegação por comida;0
1016583;102915;Caçou um animal selvagem sem ajuda;0
1016584;102916;Susi;0
1016585;102916;Chumak;0
1016586;102916;Baraka;1
1016587;102916;Gardner;0
1016588;102917;Ele entregou a caixa corretamente ao final do trajeto;0
1016589;102917;Ele aproveitou para fugir, escondendo-se na mata com os remédios;1
1016590;102917;Ele perdeu a caixa em um rio durante a travessia;0
1016591;102917;Ele vendeu os remédios a um comerciante árabe;0
1016592;102918;Magro, doente, sem as cabras, sem sua caixa de remédios, faminto e abandonado por seus carregadores;1
1016593;102918;Ferido gravemente por um ataque de leão;0
1016594;102918;Perdido, sem conseguir encontrar o caminho de volta;0
1016595;102918;Acompanhado apenas por Stanley;0
1016596;102919;Sechele;0
1016597;102919;Sekeletu;0
1016598;102919;Chitapangua;1
1016599;102919;Mohammed Bogharib;0
1016600;105230;O lago Niassa.;0
1016601;105230;O lago Tanganica.;1
1016602;105230;O lago Ngami.;0
1016603;105230;O lago Shirwa.;0
1016604;105231;Decidiu encerrar a expedição.;0
1016605;105231;Voltou imediatamente para a Inglaterra.;0
1016606;105231;Fez todas as anotações necessárias e prosseguiu viagem.;1
1016607;105231;Ficou morando às margens do lago.;0
1016608;105232;Navegar por todos os rios africanos.;0
1016609;105232;Mapear apenas a costa ocidental.;0
1016610;105232;Encontrar ouro e diamantes.;0
1016611;105232;Descobrir as nascentes das águas e completar o mapa.;1
1016612;105233;Julho de 1868.;1
1016613;105233;Setembro de 1859.;0
1016614;105233;Outubro de 1871.;0
1016615;105233;Agosto de 1849.;0
1016616;105234;Crianças brincando livremente.;0
1016617;105234;Homens unidos uns aos outros por cadeias e cangas, cantando.;1
1016618;105234;Mulheres carregando água.;0
1016619;105234;Homens caçando leões.;0
1016620;105235;“Por que eles estão fugindo?”;0
1016621;105235;“Onde estão seus líderes?”;0
1016622;105235;“Como é que eles podem cantar nessa situação?”;1
1016623;105235;“Eles sabem falar inglês?”;0
1016624;105236;“Cantam para dormir.”;0
1016625;105236;“Cantam de alegria.”;0
1016626;105236;“Cantam para pedir comida.”;0
1016627;105236;“Cantam a vingança.”;1
1016628;105237;A letra da canção que os escravos cantavam.;1
1016629;105237;A língua dos nativos.;0
1016630;105237;O motivo da viagem de Livingstone.;0
1016631;105237;As anotações científicas do missionário.;0
1016632;105238;“Somos livres e felizes. Cantamos de alegria.”;0
1016633;105238;“Somos escravos e morreremos. Quando morrermos, nosso jugo cairá. Nossos espíritos voltarão. Apareceremos e mataremos quem nos vendeu.”;1
1016634;105238;“Queremos voltar para casa. Pedimos piedade.”;0
1016635;105238;“Nossos senhores são bons. Agradecemos por tudo.”;0
1016636;105239;Porque não se importava com a situação.;0
1016637;105239;Porque os escravos não queriam ajuda.;0
1016638;105239;Porque estava doente e dependia de um mercador de escravos árabe para conseguir alimentos.;1
1016639;105239;Porque não falava a língua deles.;0
1016640;105240;Um carregador fiel de Livingstone.;0
1016641;105240;O chefe da aldeia de Ujiji.;0
1016642;105240;Um jornalista americano.;0
1016643;105240;O mercador de escravos árabe que tratou Livingstone muito bem.;1
1016644;105241;Bolos, mel e café.;1
1016645;105241;Roupas novas e remédios.;0
1016646;105241;Dinheiro e joias.;0
1016647;105241;Armas e munição.;0
1016648;105242;Levá-lo de volta para a Inglaterra.;0
1016649;105242;Levá-lo até a aldeia de Ujiji, às margens do lago Tanganica.;1
1016650;105242;Ensiná-lo a falar árabe.;0
1016651;105242;Comprar seus remédios.;0
1016652;105243;Um novo barco a vapor.;0
1016653;105243;Os 27 macololos.;0
1016654;105243;Cartas, remédios, roupas novas e notícias da Inglaterra.;1
1016655;105243;O sultão de Zanzibar.;0
1016656;105244;Foi rápida e tranquila.;0
1016657;105244;Foi feita toda a pé, sem dificuldades.;0
1016658;105244;Foi interrompida por ataques de leões.;0
1016659;105244;Foi penosa, pois ele estava com febre e pneumonia e foi carregado em uma liteira.;1
1016660;105245;Doze semanas.;1
1016661;105245;Duas semanas.;0
1016662;105245;Quatro semanas.;0
1016663;105245;Vinte semanas.;0
1016664;105246;Que sua família o esperava ali.;0
1016665;105246;Que as encomendas do missionário haviam sido roubadas.;1
1016666;105246;Que a aldeia havia sido destruída.;0
1016667;105246;Que os árabes o haviam traído.;0
1016668;105247;Queria homenageá-lo publicamente.;0
1016669;105247;Queria que ele se tornasse governante.;0
1016670;105247;Não queria que o missionário saísse vivo de sua aventura.;1
1016671;105247;Queria ajudá-lo a encontrar as nascentes do Nilo.;0
1016672;105248;Porque queria ficar com os remédios de Livingstone.;0
1016673;105248;Porque tinha inveja de suas descobertas.;0
1016674;105248;Porque Livingstone havia roubado suas terras.;0
1016675;105248;Porque sabia que Livingstone podia mobilizar a opinião pública e o governo inglês contra o tráfico de escravos, que rendia muito dinheiro aos governantes africanos.;1
1016676;105249;Porque ele ajudava as populações das aldeias, ensinando-as a ler e escrever e preparando-as para enfrentar o contato com os que se diziam civilizados.;1
1016677;105249;Porque ele queria tomar o lugar deles no comércio.;0
1016678;105249;Porque ele não sabia negociar marfim.;0
1016679;105249;Porque ele era um espião do governo britânico.;0
1016680;105250;Estava cercado de amigos e recebendo muitas cartas.;0
1016681;105250;"Estava só; as cartas que mandava para a Inglaterra não chegavam e ninguém sabia do seu paradeiro.";1
1016682;105250;Estava rico e prestes a voltar para a Inglaterra.;0
1016683;105250;Estava acompanhado de sua família.;0
1016684;105251;Que ele tivesse voltado para a Inglaterra.;0
1016685;105251;Que ele tivesse encontrado as nascentes do Nilo.;0
1016686;105251;Que ele tivesse morrido.;1
1016687;105251;Que ele tivesse se tornado comerciante de escravos.;0
1016688;105252;Julho de 1868.;0
1016689;105252;Outubro de 1871.;0
1016690;105252;Setembro de 1859.;0
1016691;105252;Julho de 1869.;1
1016692;105253;O rio Lualaba.;1
1016693;105253;O rio Zambeze.;0
1016694;105253;O rio Shire.;0
1016695;105253;O rio Nilo.;0
1016696;105254;Se seria navegável até o mar.;0
1016697;105254;Se seria a nascente do Nilo ou do Congo.;1
1016698;105254;Se teria cachoeiras.;0
1016699;105254;Se estaria seco naquele período.;0
1016700;105255;A descoberta do lago Niassa.;0
1016701;105255;A travessia do deserto do Saara.;0
1016702;105255;A descoberta das nascentes do rio Nilo.;1
1016703;105255;A construção de uma ferrovia na África.;0
1016704;105256;Com o sultão de Zanzibar.;0
1016705;105256;Com a Sociedade Missionária de Londres.;0
1016706;105256;Com os macololos.;0
1016707;105256;Com a Sociedade Geográfica.;1
1016708;105257;Três carregadores.;1
1016709;105257;Dois carregadores.;0
1016710;105257;Cinco carregadores.;0
1016711;105257;Dez carregadores.;0
1016712;105258;Baraka, Mebalue e Sechele.;0
1016713;105258;Susi, Chumak e Gardner.;1
1016714;105258;Roberto, Tomás e Oswell.;0
1016715;105258;Sekeletu, Chitapangua e Moffat.;0
1016716;105259;Até a próxima aldeia.;0
1016717;105259;Até a chegada de Stanley.;0
1016718;105259;Até o fim.;1
1016719;105259;Até o retorno à Inglaterra.;0
1016720;105260;Sentia-se aliviado.;0
1016721;105260;Sentia-se indiferente.;0
1016722;105260;Sentia-se traído.;0
1016723;105260;Sentia-se solitário.;1
1016724;105261;A Bíblia.;1
1016725;105261;A espingarda.;0
1016726;105261;A lancha a vapor.;0
1016727;105261;O diário de viagens.;0
1016728;105262;Duas vezes.;0
1016729;105262;Quatro vezes.;1
1016730;105262;Uma vez.;0
1016731;105262;Dez vezes.;0
1016732;105263;Corria todas as manhãs.;0
1016733;105263;Escrevia cartas diariamente.;0
1016734;105263;Barbeava-se regularmente e conservava seu corpo limpo.;1
1016735;105263;Jejuava uma vez por semana.;0
1016736;105264;Faziam-no querer voltar para a Inglaterra.;0
1016737;105264;Deixavam-no mais ansioso.;0
1016738;105264;Afastavam-no dos nativos.;0
1016739;105264;Davam-lhe condições de prosseguir em seu trabalho.;1
1016740;105265;Anotações científicas.;1
1016741;105265;Desenhos de animais.;0
1016742;105265;Listas de compras.;0
1016743;105265;Poemas.;0
1016744;105266;Uma festa tribal.;0
1016745;105266;O massacre de uma aldeia.;1
1016746;105266;A descoberta de um lago.;0
1016747;105266;A construção de uma escola.;0
1016748;105267;Foram libertados.;0
1016749;105267;Foram recrutados como carregadores.;0
1016750;105267;Foram assassinados.;1
1016751;105267;Conseguiram fugir para a Inglaterra.;0
1016752;105268;Um leão atacando a aldeia.;0
1016753;105268;Uma seca terrível.;0
1016754;105268;Uma batalha entre tribos.;0
1016755;105268;Velhos, crianças e mulheres sendo mortos e suas casas sendo incendiadas.;1
1016756;105269;Escrever.;1
1016757;105269;Caçar.;0
1016758;105269;Dormir.;0
1016759;105269;Rezar em silêncio.;0
1016760;105270;Apenas suas descobertas geográficas.;0
1016761;105270;As atrocidades que tinha presenciado, apelando para que o povo de sua terra se sensibilizasse e agisse.;1
1016762;105270;Listas de alimentos e remédios.;0
1016763;105270;Suas memórias de infância.;0
1016764;105271;Enviar soldados para a África.;0
1016765;105271;Construir estradas e ferrovias.;0
1016766;105271;Colocar missionários em pontos estratégicos, para orientar o povo.;1
1016767;105271;Comprar terras para os nativos.;0
1016768;105272;Que o caminho estava livre.;0
1016769;105272;Que os nativos o adoravam.;0
1016770;105272;Que havia encontrado as nascentes do Nilo.;0
1016771;105272;Que estava sendo caçado.;1
1016772;105273;Armadilhas e emboscadas de todo o tipo.;1
1016773;105273;Flores e árvores frutíferas.;0
1016774;105273;Aldeias amigas.;0
1016775;105273;Rios caudalosos.;0
1016776;105274;Para que não encontrasse ouro.;0
1016777;105274;Para que ele não contasse o que tinha visto.;1
1016778;105274;Para que não voltasse para a Inglaterra.;0
1016779;105274;Para que não se casasse novamente.;0
1016780;105275;Os 27 macololos.;0
1016781;105275;Os mercadores árabes.;0
1016782;105275;Susi, Chumak e Gardner.;1
1016783;105275;Os soldados do sultão.;0
1016784;105276;Até os joelhos.;0
1016785;105276;Até a cintura.;0
1016786;105276;Até os tornozelos.;0
1016787;105276;À altura dos ombros.;1
1016788;105277;Mosquitos, crocodilos e sanguessugas.;1
1016789;105277;Leões, tigres e ursos.;0
1016790;105277;Cobras, escorpiões e aranhas.;0
1016791;105277;Hipopótamos e rinocerontes.;0
1016792;105278;Julho de 1869.;0
1016793;105278;Outubro de 1871.;1
1016794;105278;Julho de 1868.;0
1016795;105278;Setembro de 1859.;0
1016796;105279;Deu-lhe riquezas.;0
1016797;105279;Concedeu-lhe uma família.;0
1016798;105279;Preservou-o com vida.;1
1016799;105279;Revelou-lhe as nascentes do Nilo.;0
1016800;102920;De um clamor por socorro e liberdade divina.;0
1016801;102920;De uma promessa de vingança contra quem os vendeu.;1
1016802;102920;De uma despedida triste de suas terras e famílias.;0
1016803;102920;De uma oração de perdão aos seus opressores.;0
1016804;102921;Sekeletu.;0
1016805;102921;Mohammed Bogharib.;1
1016806;102921;Mebalue.;0
1016807;102921;Chitapangua.;0
1016808;102922;Temia que o missionário tomasse o controle de suas terras e riquezas.;0
1016809;102922;Receava que Livingstone mobilizasse a opinião pública inglesa contra o lucrativo tráfico de escravos.;1
1016810;102922;Pretendia tomar os instrumentos de navegação e as armas de fogo da expedição.;0
1016811;102922;Acreditava que o explorador trazia maldições e epidemias para a região.;0
1016812;102923;A gramática latina.;0
1016813;102923;O livro de mapas geográficos da África.;0
1016814;102923;A Bíblia Sagrada.;1
1016815;102923;"Seu primeiro livro publicado, ""Viagens Missionárias"".";0
1016816;102924;Mebalue, Baraka e Sechele.;0
1016817;102924;Susi, Chumak e Gardner.;1
1016818;102924;Young, Moffat e Stanley.;0
1016819;102924;Sekeletu, Chitapangua e William.;0
1016820;102925;O jornal britânico The Times.;0
1016821;102925;O jornal americano New York Herald.;1
1016822;102925;A revista de notícias da Sociedade Geográfica de Londres.;0
1016823;102925;O diário escocês de Blantyre.;0
1016824;102926;"""O Homem Bom finalmente foi encontrado!""";0
1016825;102926;"""É o Doutor Livingstone, eu presumo.""";1
1016826;102926;"""Trago notícias e cartas de sua família na Inglaterra!""";0
1016827;102926;"""Sua missão na África chegou ao fim.""";0
1016828;102927;As cartas enviadas pelos cientistas da Sociedade Geográfica.;0
1016829;102927;As cartas escritas por seus filhos.;1
1016830;102927;As cartas de recomendação do governo britânico.;0
1016831;102927;As mensagens de apoio enviadas pelos missionários de Londres.;0
1016832;102928;Oito semanas.;0
1016833;102928;Dez semanas.;0
1016834;102928;Doze semanas.;1
1016835;102928;Dezesseis semanas.;0
1016836;102929;Seus instrumentos de navegação e mapas originais.;0
1016837;102929;Suas cartas, remédios, roupas novas e notícias da Inglaterra.;1
1016838;102929;Suas armas de fogo e toda a reserva de munição.;0
1016839;102929;Seus cadernos de anotações científicas e sua Bíblia.;0
1016840;102930;Rio Zambeze.;0
1016841;102930;Rio Shire.;0
1016842;102930;Rio Lualaba.;1
1016843;102930;Rio Rovuna.;0
1016844;102931;Tomava banhos em águas termais e usava perfumes árabes.;0
1016845;102931;Cortava o cabelo semanalmente e vestia apenas trajes de seda.;0
1016846;102931;Barbeava-se regularmente e conservava seu corpo limpo.;1
1016847;102931;Pintava o rosto com ervas locais para se proteger dos insetos.;0
1016848;102932;Registrar as atrocidades em seus diários para sensibilizar o povo de sua terra.;1
1016849;102932;Organizar uma milícia armada com os nativos sobreviventes.;0
1016850;102932;Abandonar a exploração e retornar imediatamente para a costa.;0
1016851;102932;Pedir a intervenção direta do Sultão de Zanzibar.;0
1016852;102933;Bloqueios de pedra em todas as trilhas principais.;0
1016853;102933;Armadilhas e emboscadas de todo tipo.;1
1016854;102933;Envenenamento sistemático de todas as fontes de água.;0
1016855;102933;Queimadas florestais para desorientar a bússola do grupo.;0
1016856;102934;Duas toneladas de suprimentos.;0
1016857;102934;Quatro toneladas de suprimentos.;0
1016858;102934;Seis toneladas de suprimentos.;1
1016859;102934;Oito toneladas de suprimentos.;0
1016860;102935;A bandeira da Grã-Bretanha.;0
1016861;102935;O estandarte da Sociedade Geográfica.;0
1016862;102935;A bandeira da Escócia.;0
1016863;102935;A bandeira dos Estados Unidos da América.;1
1016864;102936;Lago Ngami;0
1016865;102936;Lago Niassa;0
1016866;102936;Lago Bangueolo;0
1016867;102936;Lago Tanganica;1
1016868;102937;Fez as anotações necessárias e prosseguiu a viagem;1
1016869;102937;Retornou imediatamente à Inglaterra;0
1016870;102937;Permaneceu definitivamente às margens do lago;0
1016871;102937;Abandonou a busca pelas nascentes dos rios;0
1016872;102938;Construir uma missão em cada aldeia visitada;0
1016873;102938;Descobrir as nascentes das águas e completar o mapa;1
1016874;102938;Encontrar uma passagem até o oceano Atlântico;0
1016875;102938;Retornar à aldeia dos macololos;0
1016876;102939;Setembro de 1859;0
1016877;102939;Janeiro de 1866;0
1016878;102939;Julho de 1868;1
1016879;102939;Outubro de 1871;0
1016880;102940;Tanganica;0
1016881;102940;Ngami;0
1016882;102940;Niassa;0
1016883;102940;Bangueolo;1
1016884;102941;Os homens presos uns aos outros estavam cantando;1
1016885;102941;Os prisioneiros estavam sendo libertados;0
1016886;102941;Os mercadores abandonavam a caravana;0
1016887;102941;Os escravos negociavam com seus captores;0
1016888;102942;Apenas por cordas;0
1016889;102942;Por cadeias e cangas;1
1016890;102942;Somente pelas mãos;0
1016891;102942;Por correntes nos tornozelos;0
1016892;102943;Quem havia composto a canção;0
1016893;102943;De qual tribo eles vinham;0
1016894;102943;Como conseguiam cantar naquela situação;1
1016895;102943;Para onde estavam sendo levados;0
1016896;102944;Esperança de libertação imediata;0
1016897;102944;Saudade de suas aldeias;0
1016898;102944;Louvor aos seus antepassados;0
1016899;102944;Vingança;1
1016900;102945;Não entendiam a letra da canção;1
1016901;102945;Estavam muito distantes da caravana;0
1016902;102945;A canção era cantada em voz baixa;0
1016903;102945;Não prestavam atenção aos prisioneiros;0
1016904;102946;Alegria, esperança e gratidão;0
1016905;102946;Amargura, ódio e desejo de vingança;1
1016906;102946;Medo, surpresa e admiração;0
1016907;102946;Paz, confiança e saudade;0
1016908;102947;Estava sem carregadores;0
1016909;102947;Não sabia para onde os escravos seriam levados;0
1016910;102947;Estava doente e dependia de um mercador árabe para obter alimentos;1
1016911;102947;Havia recebido ordem do governo para não intervir;0
1016912;102948;Do chefe Chitapangua;0
1016913;102948;De seus antigos companheiros macololos;0
1016914;102948;Do sultão de Zanzibar;0
1016915;102948;De um mercador de escravos árabe;1
1016916;102949;Mohammed Bogharib;1
1016917;102949;Baraka;0
1016918;102949;Chumak;0
1016919;102949;Sekeletu;0
1016920;102950;Recusou-se a ajudá-lo;0
1016921;102950;Tratou-o muito bem;1
1016922;102950;Entregou-o a outros mercadores;0
1016923;102950;Mandou que deixasse a região;0
1016924;102951;Milho, leite e água;0
1016925;102951;Frutas, pão e chá;0
1016926;102951;Bolos, mel e café;1
1016927;102951;Carne, arroz e leite;0
1016928;102952;Tete;0
1016929;102952;Kuruman;0
1016930;102952;Colobeng;0
1016931;102952;Ujiji;1
1016932;102953;Lago Tanganica;1
1016933;102953;Lago Niassa;0
1016934;102953;Lago Ngami;0
1016935;102953;Lago Bangueolo;0
1016936;102954;Sua família e antigos missionários;0
1016937;102954;Cartas, remédios, roupas novas e notícias da Inglaterra;1
1016938;102954;Um novo barco para suas explorações;0
1016939;102954;Representantes da Sociedade Geográfica;0
1016940;102955;Tranquila;0
1016941;102955;Curta;0
1016942;102955;Penosa;1
1016943;102955;Bem organizada;0
1016944;102956;Malária e desidratação;0
1016945;102956;Ferimentos e infecção;0
1016946;102956;Febre amarela e cólera;0
1016947;102956;Febre e pneumonia;1
1016948;102957;Em uma liteira;1
1016949;102957;Em um carro de bois;0
1016950;102957;Em uma canoa;0
1016951;102957;Montado em um jumento;0
1016952;102958;Oito semanas;0
1016953;102958;Doze semanas;1
1016954;102958;Dezesseis semanas;0
1016955;102958;Vinte semanas;0
1016956;102959;A aldeia estava abandonada;0
1016957;102959;Não havia alimentos disponíveis;0
1016958;102959;Suas encomendas haviam sido roubadas;1
1016959;102959;Mohammed Bogharib havia partido com seus remédios;0
1016960;102960;Queria financiá-lo em uma nova expedição;0
1016961;102960;Pretendia levá-lo para Zanzibar;0
1016962;102960;Desejava torná-lo seu conselheiro;0
1016963;102960;Não queria que Livingstone saísse vivo de sua aventura;1
1016964;102961;Livingstone podia mobilizar a opinião pública e o governo inglês contra o tráfico de escravos;1
1016965;102961;Livingstone pretendia assumir o governo de Zanzibar;0
1016966;102961;Livingstone queria controlar as rotas de marfim;0
1016967;102961;Livingstone possuía um exército próprio;0
1016968;102962;Porque o comércio de marfim estava diminuindo;0
1016969;102962;Porque o tráfico de escravos rendia muito dinheiro;1
1016970;102962;Porque os missionários controlavam os portos;0
1016971;102962;Porque a Inglaterra proibira todas as expedições;0
1016972;102963;Os missionários ingleses;0
1016973;102963;Os macololos;0
1016974;102963;Os mercadores árabes;1
1016975;102963;Os cientistas britânicos;0
1016976;102964;Construía navios para as aldeias;0
1016977;102964;Organizava tropas contra os comerciantes;0
1016978;102964;Controlava as rotas de marfim;0
1016979;102964;Ajudava as populações e ensinava-as a ler e escrever;1
1016980;102965;Para enfrentar o contato com os que se diziam civilizados;1
1016981;102965;Para viajar à Inglaterra;0
1016982;102965;Para servir ao governo britânico;0
1016983;102965;Para trabalhar no comércio marítimo;0
1016984;102966;Cercado por outros missionários;0
1016985;102966;Estava só;1
1016986;102966;Acompanhado por sua família;0
1016987;102966;Hospedado com cientistas ingleses;0
1016988;102967;Chegavam com vários meses de atraso;0
1016989;102967;Eram entregues apenas à Sociedade Geográfica;0
1016990;102967;Não chegavam ao destino;1
1016991;102967;Eram devolvidas a Ujiji;0
1016992;102968;Recebiam notícias semanais dele;0
1016993;102968;Sabiam exatamente onde estava;0
1016994;102968;Acompanhavam sua viagem por mapas;0
1016995;102968;Ninguém sabia onde ele se encontrava;1
1016996;102969;Que ele havia morrido;1
1016997;102969;Que retornara secretamente à Inglaterra;0
1016998;102969;Que estava vivendo em Zanzibar;0
1016999;102969;Que abandonara o trabalho missionário;0
1017000;102970;Julho de 1868;0
1017001;102970;Julho de 1869;1
1017002;102970;Outubro de 1870;0
1017003;102970;Novembro de 1871;0
1017004;102971;Rovuna;0
1017005;102971;Kuruman;0
1017006;102971;Maniuema;1
1017007;102971;Colobeng;0
1017008;102972;Zambeze;0
1017009;102972;Shire;0
1017010;102972;Rovuna;0
1017011;102972;Lualaba;1
1017012;102973;Se era a nascente do Nilo ou do Congo;1
1017013;102973;Se chegava ao lago Ngami;0
1017014;102973;Se podia ser navegado até o oceano;0
1017015;102973;Se possuía cataratas semelhantes às de Kebrabasa;0
1017016;102974;A nascente do Congo;0
1017017;102974;As nascentes do rio Nilo;1
1017018;102974;O lago Tanganica;0
1017019;102974;A foz do Zambeze;0
1017020;102975;Sociedade Missionária de Londres;0
1017021;102975;Governo de Zanzibar;0
1017022;102975;Sociedade Geográfica;1
1017023;102975;New York Herald;0
1017024;102976;Um;0
1017025;102976;Dois;0
1017026;102976;Quatro;0
1017027;102976;Três;1
1017028;102977;Susi, Chumak e Gardner;1
1017029;102977;Baraka, Sechele e Susi;0
1017030;102977;Mebalue, Gardner e Baraka;0
1017031;102977;Chitapangua, Chumak e Sekeletu;0
1017032;102978;Até a chegada a Ujiji;0
1017033;102978;Até o fim;1
1017034;102978;Até a recuperação da saúde do missionário;0
1017035;102978;Até a chegada de Stanley;0
1017036;102979;Não possuía livros para ler;0
1017037;102979;Seus carregadores haviam fugido todos;0
1017038;102979;Estava distante dos filhos e parentes e há muito tempo sem receber cartas;1
1017039;102979;Não conseguia se comunicar com os africanos;0
1017040;102980;Seu diário de viagens;0
1017041;102980;Viagens Missionárias;0
1017042;102980;Um atlas africano;0
1017043;102980;A Bíblia;1
1017044;102981;Quatro vezes;1
1017045;102981;Duas vezes;0
1017046;102981;Três vezes;0
1017047;102981;Cinco vezes;0
1017048;102982;Escrevia cartas todos os dias;0
1017049;102982;Barbeava-se regularmente;1
1017050;102982;Caminhava sozinho todas as manhãs;0
1017051;102982;Jejuava semanalmente;0
1017052;102983;Usar sempre roupas novas;0
1017053;102983;Tomar banho diariamente no rio;0
1017054;102983;Conservar o corpo limpo;1
1017055;102983;Trocar de roupas a cada viagem;0
1017056;102984;Alimentação abundante e companhia dos carregadores;0
1017057;102984;Notícias da Inglaterra e apoio do governo;0
1017058;102984;Descanso frequente e novas roupas;0
1017059;102984;A sensação de limpeza física e a paz de espírito proporcionada pela leitura da Bíblia;1
1017060;102985;Anotações científicas;1
1017061;102985;Apenas cartas aos filhos;0
1017062;102985;Registros comerciais;0
1017063;102985;Mapas militares;0
1017064;102986;Em cartas enviadas à Inglaterra;0
1017065;102986;Em seus cadernos de apontamentos;1
1017066;102986;Em livros emprestados pelos árabes;0
1017067;102986;Em mapas fornecidos pela Sociedade Geográfica;0
1017068;102987;Enviava-os imediatamente para a Inglaterra;0
1017069;102987;Entregava-os aos carregadores;0
1017070;102987;Guardava-os com todo o cuidado;1
1017071;102987;Deixava-os nas aldeias visitadas;0
1017072;102988;Uma epidemia;0
1017073;102988;Uma enchente;0
1017074;102988;Um ataque de animais;0
1017075;102988;Um massacre;1
1017076;102989;Foram mortos;1
1017077;102989;Fugiram para Ujiji;0
1017078;102989;Foram enviados à costa;0
1017079;102989;Passaram a acompanhar Livingstone;0
1017080;102990;Foram abandonadas;0
1017081;102990;Foram incendiadas;1
1017082;102990;Foram transformadas em alojamentos;0
1017083;102990;Foram ocupadas pelos carregadores;0
1017084;102991;Fez com que abandonasse seus registros;0
1017085;102991;Levou-o a voltar imediatamente à Inglaterra;0
1017086;102991;Permaneceu em sua memória e lhe causou grande dor;1
1017087;102991;Fez com que evitasse outras aldeias;0
1017088;102992;Explorar novos rios;0
1017089;102992;Conversar com os carregadores;0
1017090;102992;Ler suas antigas cartas;0
1017091;102992;Escrever;1
1017092;102993;Em seus diários;1
1017093;102993;Nos livros dos mercadores;0
1017094;102993;Apenas em cartas particulares;0
1017095;102993;Em relatórios do governo de Zanzibar;0
1017096;102994;Preparar um novo livro de aventuras;0
1017097;102994;Apelar para que o povo de sua terra se sensibilizasse e agisse;1
1017098;102994;Documentar apenas suas descobertas geográficas;0
1017099;102994;Convencer os comerciantes a ajudá-lo;0
1017100;102995;Enviar soldados para todas as aldeias;0
1017101;102995;Construir rotas comerciais europeias;0
1017102;102995;Colocar missionários em pontos estratégicos para orientar o povo;1
1017103;102995;Levar os moradores das aldeias para a Inglaterra;0
1017104;102996;Que o caminho estava completamente alagado;0
1017105;102996;Que seus mapas estavam incorretos;0
1017106;102996;Que o rio Lualaba não podia ser atravessado;0
1017107;102996;Que estava sendo caçado;1
1017108;102997;Armadilhas e emboscadas;1
1017109;102997;Apenas animais selvagens;0
1017110;102997;Cataratas e rios intransponíveis;0
1017111;102997;Tempestades e incêndios;0
1017112;102998;Baraka, Susi e Mebalue;0
1017113;102998;Susi, Chumak e Gardner;1
1017114;102998;Sechele, Sekeletu e Gardner;0
1017115;102998;Mohammed, Chumak e Baraka;0
1017116;102999;Ele havia perdido seus animais;0
1017117;102999;Não conhecia o caminho;0
1017118;102999;Estava em condições desesperadoras;1
1017119;102999;Precisava proteger seus cadernos;0
1017120;103000;Grandes desertos;0
1017121;103000;Montanhas cobertas de neve;0
1017122;103000;Florestas completamente secas;0
1017123;103000;Pântanos;1
1017124;103001;À altura dos ombros;1
1017125;103001;À altura dos joelhos;0
1017126;103001;À altura da cintura;0
1017127;103001;À altura dos tornozelos;0
1017128;103002;Leões, búfalos e cobras;0
1017129;103002;Mosquitos, crocodilos e sanguessugas;1
1017130;103002;Camelos, rinocerontes e elefantes;0
1017131;103002;Tempestades, granizo e neve;0
1017132;103003;Julho de 1869;0
1017133;103003;Maio de 1870;0
1017134;103003;Outubro de 1871;1
1017135;103003;Novembro de 1872;0
1017136;103004;Kuruman;0
1017137;103004;Tete;0
1017138;103004;Colobeng;0
1017139;103004;Ujiji;1
1017140;103005;Como mais uma ocasião em que Deus o preservou com vida;1
1017141;103005;Como resultado exclusivo da ajuda do governo britânico;0
1017142;103005;Como consequência da proteção do sultão de Zanzibar;0
1017143;103005;Como resultado da intervenção dos mercadores árabes;0
1017144;103006;O lago Vitória e as nascentes do rio Orange.;0
1017145;103006;O lago Tanganica e o lago Bangueolo.;1
1017146;103006;O lago Chade e as várzeas pantanosas do Okavango.;0
1017147;103006;O lago Alberto e a bacia terminal do Limpopo.;0
1017148;103007;Um apelo aos ancestrais para que fizessem chover sobre o solo ressecado.;0
1017149;103007;Uma canção de amargura e vingança, afirmando que seus espíritos voltariam para matar quem os vendeu.;1
1017150;103007;Um lamento fúnebre expressando resignação e despedida dos entes queridos.;0
1017151;103007;Uma ode guerreira convocando os guerreiros de sua aldeia de origem para a batalha.;0
1017152;103008;Todas as suas encomendas de cartas, roupas e remédios haviam sido roubadas.;1
1017153;103008;A aldeia fora incendiada por tropas imperiais britânicas na semana anterior.;0
1017154;103008;Seus carregadores haviam sido banidos do território pelo chefe local.;0
1017155;103008;Os mercadores exigiram que ele abandonasse todas as suas anotações cartográficas.;0
1017156;103009;Sabiam que seus relatos sensibilizavam a opinião pública e o governo inglês contra o lucrativo tráfico de escravos.;1
1017157;103009;Desejavam cobrar impostos atrasados sobre todos os mapas e registros geográficos da Coroa.;0
1017158;103009;Pretendiam estabelecer um monopólio exclusivo sobre as rotas de comércio têxtil no Índico.;0
1017159;103009;Temiam que a Sociedade Geográfica Britânica tomasse militarmente as minas de diamantes.;0
1017160;103010;Sechele, Mebalue e Baraka.;0
1017161;103010;Susi, Chumak e Gardner.;1
1017162;103010;Sekeletu, Young e Moffat.;0
1017163;103010;Chitapangua, William e Roberto.;0
1017164;103011;Realizava jejuns semanais de isolamento total nas cavernas pantanosas.;0
1017165;103011;Lia a Bíblia repetidas vezes, mantinha o corpo limpo e fazia a barba com frequência.;1
1017166;103011;Redigia poemas clássicos em latim para os chefes das aldeias vizinhas.;0
1017167;103011;Queimava incenso e praticava ritos de meditação recomendados pelos anciãos.;0
1017168;105280;Depois de seis meses.;0
1017169;105280;Depois de um ano.;0
1017170;105280;Depois de dois anos.;1
1017171;105280;Depois de quatro anos.;0
1017172;105281;Retornou imediatamente para a Inglaterra.;0
1017173;105281;Fez as anotações necessárias e prosseguiu viagem.;1
1017174;105281;Abandonou a expedição por falta de alimentos.;0
1017175;105281;Construiu uma missão às margens do lago.;0
1017176;105282;Descobrir as nascentes das águas e completar o mapa.;1
1017177;105282;Encontrar todos os traficantes de escravos.;0
1017178;105282;Retornar à Inglaterra depois de dois anos.;0
1017179;105282;Construir uma estrada até a costa oriental.;0
1017180;105283;Lago Ngami.;0
1017181;105283;Lago Shirwa.;0
1017182;105283;Lago Bangueolo.;1
1017183;105283;Lago Niassa.;0
1017184;105284;Os escravizados construindo uma estrada.;0
1017185;105284;Homens acorrentados e presos por cangas cantando.;1
1017186;105284;Os traficantes libertando os prisioneiros.;0
1017187;105284;Uma negociação entre os chefes das aldeias.;0
1017188;105285;Uns aos outros por cadeias e cangas.;1
1017189;105285;Dentro de jaulas de madeira.;0
1017190;105285;Pelas mãos com cordas de palha.;0
1017191;105285;Em pequenas cabanas fechadas.;0
1017192;105286;Eles estavam dormindo durante a viagem.;0
1017193;105286;Eles cantavam apesar da situação de sofrimento.;1
1017194;105286;Eles haviam conseguido fugir da caravana.;0
1017195;105286;Eles estavam sendo tratados pelos missionários.;0
1017196;105287;Canção da esperança.;0
1017197;105287;Canção da liberdade.;0
1017198;105287;Canção da vingança.;1
1017199;105287;Canção da viagem.;0
1017200;105288;Alegria, gratidão e esperança.;0
1017201;105288;Amargura, ódio e desejo de vingança.;1
1017202;105288;Tristeza, arrependimento e perdão.;0
1017203;105288;Medo, alegria e confiança.;0
1017204;105289;Porque a canção era cantada em outra língua.;1
1017205;105289;Porque os escravizados cantavam muito baixo.;0
1017206;105289;Porque os mercadores não conheciam a região.;0
1017207;105289;Porque a canção não possuía palavras.;0
1017208;105290;Que eram livres e retornariam às suas aldeias.;0
1017209;105290;Que eram escravos, morreriam e teriam o jugo retirado após a morte.;1
1017210;105290;Que desejavam trabalhar para os mercadores árabes.;0
1017211;105290;Que haviam escolhido voluntariamente participar da caravana.;0
1017212;105291;Que fugiriam para o litoral.;0
1017213;105291;Que atacariam os missionários.;0
1017214;105291;Que seus espíritos voltariam para matar quem os vendeu.;1
1017215;105291;Que destruiriam as aldeias dos nativos.;0
1017216;105292;Porque estava doente e dependia de um mercador árabe para obter alimentos.;1
1017217;105292;Porque não compreendia a língua dos escravizados.;0
1017218;105292;Porque havia sido preso pelos chefes africanos.;0
1017219;105292;Porque estava sem carregadores e sem mapas.;0
1017220;105293;Mohammed Bogharib.;1
1017221;105293;Henry Stanley.;0
1017222;105293;Sekeletu.;0
1017223;105293;Chitapangua.;0
1017224;105294;Milho, leite e carne seca.;0
1017225;105294;Bolos, mel e café.;1
1017226;105294;Frutas, arroz e água.;0
1017227;105294;Pão, queijo e chá.;0
1017228;105295;Para a cidade do Cabo.;0
1017229;105295;Para a aldeia de Ujiji.;1
1017230;105295;Para a cidade de Luanda.;0
1017231;105295;Para a aldeia de Chonuane.;0
1017232;105296;Às margens do lago Tanganica.;1
1017233;105296;Às margens do rio Zambeze.;0
1017234;105296;No interior da Inglaterra.;0
1017235;105296;Próxima às cataratas de Kebrabasa.;0
1017236;105297;Cartas, remédios, roupas novas e notícias da Inglaterra.;1
1017237;105297;Um novo grupo de comerciantes e animais.;0
1017238;105297;As nascentes do rio Nilo.;0
1017239;105297;Uma missão já construída pelos macololos.;0
1017240;105298;Com saúde perfeita e viajando sozinho.;0
1017241;105298;Com febre e pneumonia, sendo carregado em uma liteira.;1
1017242;105298;Montado em um camelo e acompanhado por soldados.;0
1017243;105298;Em uma embarcação a vapor, acompanhado por médicos.;0
1017244;105299;Quatro semanas.;0
1017245;105299;Oito semanas.;0
1017246;105299;Doze semanas.;1
1017247;105299;Dezesseis semanas.;0
1017248;105300;O lago estava completamente seco.;0
1017249;105300;As encomendas que esperava haviam sido roubadas.;1
1017250;105300;Os moradores haviam abandonado a aldeia.;0
1017251;105300;Mohammed Bogharib havia desaparecido.;0
1017252;105301;Como seu inimigo declarado.;0
1017253;105301;Como seu amigo.;1
1017254;105301;Como seu médico.;0
1017255;105301;Como seu carregador.;0
1017256;105302;Ajudá-lo a encontrar as fontes do Nilo.;0
1017257;105302;Impedir que o missionário saísse vivo de sua aventura.;1
1017258;105302;Enviar-lhe alimentos e remédios.;0
1017259;105302;Convidá-lo para governar uma aldeia.;0
1017260;105303;Porque Livingstone poderia mobilizar a opinião pública e o governo inglês contra o tráfico de escravos.;1
1017261;105303;Porque Livingstone queria tomar o poder em Zanzibar.;0
1017262;105303;Porque o missionário havia destruído os barcos do sultão.;0
1017263;105303;Porque Livingstone pretendia interromper o comércio de alimentos.;0
1017264;105304;Porque lhes rendia muito dinheiro.;1
1017265;105304;Porque protegia as aldeias contra as doenças.;0
1017266;105304;Porque ajudava na construção de escolas.;0
1017267;105304;Porque fazia parte do trabalho missionário.;0
1017268;105305;Porque ele ensinava as populações das aldeias a ler e escrever e as preparava para enfrentar os exploradores.;1
1017269;105305;Porque ele pretendia tomar suas caravanas.;0
1017270;105305;Porque ele impedia que os nativos cultivassem alimentos.;0
1017271;105305;Porque ele controlava as rotas comerciais do lago Tanganica.;0
1017272;105306;Cercado por muitos amigos e protegido pelo governo britânico.;0
1017273;105306;Sozinho e sem receber notícias de sua terra.;1
1017274;105306;Preparado para voltar imediatamente para a Inglaterra.;0
1017275;105306;Acompanhado por todos os seus antigos carregadores.;0
1017276;105307;Chegavam sempre com atraso.;0
1017277;105307;Eram publicadas nos jornais.;0
1017278;105307;Não chegavam ao destino.;1
1017279;105307;Eram lidas pelo sultão de Zanzibar.;0
1017280;105308;Que ele havia retornado à Escócia.;0
1017281;105308;Que ele havia se tornado comerciante.;0
1017282;105308;Que ele havia morrido.;1
1017283;105308;Que ele estava vivendo em Londres.;0
1017284;105309;Em julho de 1868.;0
1017285;105309;Em julho de 1869.;1
1017286;105309;Em abril de 1871.;0
1017287;105309;Em outubro de 1871.;0
1017288;105310;A terra de Maniuema.;1
1017289;105310;A região de Kuruman.;0
1017290;105310;A costa ocidental.;0
1017291;105310;O território dos macololos.;0
1017292;105311;O rio Zambeze.;0
1017293;105311;O rio Shire.;0
1017294;105311;O rio Lualaba.;1
1017295;105311;O rio Rovuna.;0
1017296;105312;Se o rio era a nascente do Nilo ou do Congo.;1
1017297;105312;Se o rio desembocava no oceano Atlântico.;0
1017298;105312;Se o rio atravessava o território dos macololos.;0
1017299;105312;Se o rio era formado pelas cataratas de Kebrabasa.;0
1017300;105313;Descobrir as nascentes do rio Nilo.;1
1017301;105313;Construir uma rota comercial para Zanzibar.;0
1017302;105313;Retornar à Inglaterra sem ajuda.;0
1017303;105313;Encontrar os comerciantes que haviam roubado suas encomendas.;0
1017304;105314;Com a Sociedade Geográfica.;1
1017305;105314;Com o sultão de Zanzibar.;0
1017306;105314;Com os comerciantes árabes.;0
1017307;105314;Com os chefes dos macololos.;0
1017308;105315;Dois.;0
1017309;105315;Três.;1
1017310;105315;Cinco.;0
1017311;105315;Nove.;0
1017312;105316;Susi, Chumak e Gardner.;1
1017313;105316;Baraka, Young e Chitapangua.;0
1017314;105316;Moffat, Sekeletu e Mohammed.;0
1017315;105316;Stanley, Gardner e Bogharib.;0
1017316;105317;Orgulhoso e tranquilo.;0
1017317;105317;Solitário.;1
1017318;105317;Indiferente.;0
1017319;105317;Vingativo.;0
1017320;105318;A lancha a vapor.;0
1017321;105318;A Bíblia.;1
1017322;105318;A caixa de remédios.;0
1017323;105318;O mapa do rio Nilo.;0
1017324;105319;Duas vezes.;0
1017325;105319;Três vezes.;0
1017326;105319;Quatro vezes.;1
1017327;105319;Cinco vezes.;0
1017328;105320;Barbeava-se regularmente e mantinha o corpo limpo.;1
1017329;105320;Fazia longos jejuns e evitava tomar banho.;0
1017330;105320;Dormia durante o dia e trabalhava à noite.;0
1017331;105320;Escrevia cartas diariamente para a Inglaterra.;0
1017332;105321;Condições para prosseguir em seu trabalho.;1
1017333;105321;Recursos financeiros para continuar a expedição.;0
1017334;105321;Proteção contra os mercadores árabes.;0
1017335;105321;A certeza de que encontraria as nascentes do Nilo.;0
1017336;105322;Apenas cartas para os filhos.;0
1017337;105322;Anotações científicas.;1
1017338;105322;Somente histórias religiosas.;0
1017339;105322;Listas de mercadorias.;0
1017340;105323;A construção de uma nova escola.;0
1017341;105323;O massacre de uma aldeia.;1
1017342;105323;A libertação de uma caravana.;0
1017343;105323;A descoberta das nascentes do Nilo.;0
1017344;105324;Todos eram levados para estudar na Inglaterra.;0
1017345;105324;Os que não eram capturados como prisioneiros eram assassinados.;1
1017346;105324;Eram convidados a trabalhar na missão.;0
1017347;105324;Eram enviados para outras aldeias como comerciantes.;0
1017348;105325;Apenas homens adultos.;0
1017349;105325;Velhos, crianças e mulheres.;1
1017350;105325;Somente os chefes da aldeia.;0
1017351;105325;Apenas comerciantes estrangeiros.;0
1017352;105326;Foram transformadas em escolas.;0
1017353;105326;Foram incendiadas.;1
1017354;105326;Foram ocupadas pelos missionários.;0
1017355;105326;Foram reconstruídas pelos mercadores.;0
1017356;105327;A cena permaneceu em sua memória e lhe causou imensa dor.;1
1017357;105327;Fez com que abandonasse todos os registros escritos.;0
1017358;105327;Levou-o a aceitar o comércio de escravos.;0
1017359;105327;Fez com que retornasse imediatamente para a Inglaterra.;0
1017360;105328;Conversar com os comerciantes árabes.;0
1017361;105328;Escrever.;1
1017362;105328;Dormir durante vários dias.;0
1017363;105328;Viajar para outra aldeia.;0
1017364;105329;Para apelar ao povo de sua terra que se sensibilizasse e agisse.;1
1017365;105329;Para vender seus relatos aos mercadores de escravos.;0
1017366;105329;Para esconder os acontecimentos do governo inglês.;0
1017367;105329;Para ensinar os nativos a organizar caravanas.;0
1017368;105330;Colocar missionários em pontos estratégicos para orientar o povo.;1
1017369;105330;Construir mais barcos para os comerciantes.;0
1017370;105330;Enviar soldados para todas as aldeias.;0
1017371;105330;Criar escolas somente na Inglaterra.;0
1017372;105331;Que estava sendo caçado.;1
1017373;105331;Que havia encontrado as nascentes do Nilo.;0
1017374;105331;Que os mercadores haviam abandonado a região.;0
1017375;105331;Que os nativos estavam preparados para recebê-lo.;0
1017376;105332;Armadilhas e emboscadas de vários tipos.;1
1017377;105332;Apenas animais selvagens.;0
1017378;105332;Tempestades de neve e vulcões.;0
1017379;105332;Inundações causadas pelo rio Zambeze.;0
1017380;105333;Porque não queriam que ele contasse o que havia visto.;1
1017381;105333;Porque queriam que ele retornasse para a Inglaterra com notícias.;0
1017382;105333;Porque desejavam que ele descobrisse as fontes do Nilo.;0
1017383;105333;Porque queriam que ele liderasse uma nova caravana.;0
1017384;105334;Por pântanos, em condições desesperadoras.;1
1017385;105334;Em uma lancha a vapor.;0
1017386;105334;Em uma carroça puxada por búfalos.;0
1017387;105334;Por estradas construídas pelos comerciantes.;0
1017388;105335;Até os joelhos.;0
1017389;105335;Até a cintura.;0
1017390;105335;Até os ombros.;1
1017391;105335;Até a cabeça.;0
1017392;105336;Leões, rinocerontes e búfalos.;0
1017393;105336;Mosquitos, crocodilos e sanguessugas.;1
1017394;105336;Elefantes, macacos e cobras.;0
1017395;105336;Camelos, cavalos e bois.;0
1017396;105337;Em abril de 1869.;0
1017397;105337;Em julho de 1870.;0
1017398;105337;Em outubro de 1871.;1
1017399;105337;Em agosto de 1872.;0
1017400;105338;Que ele havia desistido de sua missão.;0
1017401;105338;Que Deus o havia preservado com vida mais uma vez.;1
1017402;105338;Que os comerciantes árabes haviam vencido.;0
1017403;105338;Que sua expedição havia terminado sem dificuldades.;0
1017404;105339;Livingstone, mesmo doente, solitário, perseguido e enfrentando pântanos e traficantes, continuou explorando, registrando atrocidades e cumprindo sua missão.;1
1017405;105339;Livingstone abandonou suas pesquisas depois de descobrir o lago Tanganica.;0
1017406;105339;Livingstone escolheu retornar à Inglaterra assim que perdeu suas encomendas.;0
1017407;105339;Livingstone passou a trabalhar com os mercadores de escravos para garantir sua sobrevivência.;0
1017408;103012;Lago Niassa;0
1017409;103012;Lago Tanganica;1
1017410;103012;Lago Ngami;0
1017411;103012;Lago Shirwa;0
1017412;103013;Lago Bangueolo;1
1017413;103013;Lago Tanganica;0
1017414;103013;Lago Niassa;0
1017415;103013;Lago Ngami;0
1017416;103014;Eles permaneciam em completo silêncio;0
1017417;103014;Eles cantavam;1
1017418;103014;Eles tentavam se libertar das correntes;0
1017419;103014;Eles rezavam em voz alta;0
1017420;103015;"""Cantam para esquecer a dor.""";0
1017421;103015;"""Cantam a vingança.""";1
1017422;103015;"""Cantam para pedir clemência.""";0
1017423;103015;"""Cantam em homenagem aos seus deuses.""";0
1017424;103016;Porque era cantada em um idioma que eles não conheciam;0
1017425;103016;Porque era uma canção de amargura, ódio e desejo de vingança que eles não percebiam;1
1017426;103016;Porque os escravos cantavam apenas em sussurros;0
1017427;103016;Porque a canção mudava de letra a cada dia;0
1017428;103017;Os espíritos descansariam em paz, sem retornar;0
1017429;103017;Os espíritos voltariam e matariam quem os vendeu;1
1017430;103017;Os espíritos se transformariam em guardiões da aldeia;0
1017431;103017;Os espíritos guiariam outros escravos à liberdade;0
1017432;103018;Porque estava proibido de interferir pelo governo britânico;0
1017433;103018;Porque estava doente e dependia de um mercador de escravos árabe para conseguir alimentos;1
1017434;103018;Porque não tinha recursos financeiros para comprar a liberdade deles;0
1017435;103018;Porque temia represálias contra sua própria expedição;0
1017436;103019;Baraka;0
1017437;103019;Mohammed Bogharib;1
1017438;103019;Chitapangua;0
1017439;103019;Henry Stanley;0
1017440;103020;Um novo barco e suprimentos de armas;0
1017441;103020;Cartas, remédios, roupas novas e notícias da Inglaterra;1
1017442;103020;Um encontro com sua família;0
1017443;103020;Um grupo de novos carregadores voluntários;0
1017444;103021;Com febre e pneumonia;1
1017445;103021;Com malária avançada;0
1017446;103021;Totalmente recuperado, apenas exausto;0
1017447;103021;Com um braço fraturado;0
1017448;103022;Não encontrou ninguém na aldeia;0
1017449;103022;Suas encomendas haviam sido roubadas;1
1017450;103022;A aldeia havia sido destruída por um incêndio;0
1017451;103022;Não conseguiu encontrar carregadores para seguir viagem;0
1017452;103023;Porque queria seu território para expandir seus domínios;0
1017453;103023;Porque sabia que Livingstone podia mobilizar a opinião pública e o governo inglês contra o tráfico de escravos;1
1017454;103023;Porque Livingstone havia se recusado a pagar impostos;0
1017455;103023;Porque Livingstone conhecia um segredo comprometedor sobre ele;0
1017456;103024;Porque ele competia com eles no comércio de marfim;0
1017457;103024;"Porque ele ajudava as populações das aldeias a ler e escrever, preparando-as para o contato com os ""civilizados""";1
1017458;103024;Porque ele havia denunciado seus negócios ao governo britânico;0
1017459;103024;Porque ele se recusava a pagar pelas mercadorias que comprava;0
1017460;103025;A terra de Maniuema;1
1017461;103025;O vale do Rovuna;0
1017462;103025;A região de Tete;0
1017463;103025;O território de Ilala;0
1017464;103026;Se era navegável ou não;0
1017465;103026;Se seria a nascente do Nilo ou do Congo;1
1017466;103026;Se havia ouro em suas margens;0
1017467;103026;Se desaguava no oceano Atlântico ou Índico;0
1017468;103027;Baraka, Mebalue e Young;0
1017469;103027;Susi, Chumak e Gardner;1
1017470;103027;Sechele, Sekeletu e Chitapangua;0
1017471;103027;Moffat, Stanley e Bogharib;0
1017472;103028;Um diário de viagem de outro explorador;0
1017473;103028;A Bíblia;1
1017474;103028;Um livro de medicina tropical;0
1017475;103028;Um dicionário de línguas africanas;0
1017476;103029;Fazia exercícios físicos e jejuava;0
1017477;103029;Barbeava-se regularmente e conservava seu corpo limpo;1
1017478;103029;Escrevia cartas diárias, mesmo sem poder enviá-las;0
1017479;103029;Orava em voz alta várias vezes ao dia;0
1017480;103030;Uma disputa entre duas tribos rivais;0
1017481;103030;O massacre de uma aldeia, com moradores mortos e casas incendiadas;1
1017482;103030;Uma epidemia que dizimou os habitantes de uma aldeia;0
1017483;103030;A destruição de uma aldeia por uma enchente;0
1017484;103031;Ele confrontava diretamente os responsáveis pelas atrocidades;0
1017485;103031;Ele registrava em seus diários as atrocidades que tinha presenciado;1
1017486;103031;Ele abandonava temporariamente suas expedições;0
1017487;103031;Ele buscava refúgio em orações silenciosas, sem registrar nada;0
1017488;103032;A criação de um exército para proteger as aldeias;0
1017489;103032;A necessidade de colocar missionários em pontos estratégicos, para orientar o povo;1
1017490;103032;A construção de fortalezas ao longo dos rios;0
1017491;103032;A distribuição de armas aos nativos para autodefesa;0
1017492;103033;Que estava sendo seguido por espiões do sultão;0
1017493;103033;Que havia armadilhas e emboscadas de todo o tipo, pois não queriam que ele sobrevivesse para contar o que tinha visto;1
1017494;103033;Que os rios estavam intransitáveis devido às chuvas;0
1017495;103033;Que seus próprios carregadores planejavam abandoná-lo;0
1017496;103034;Com o lodo à altura dos ombros, lutando contra mosquitos, crocodilos e sanguessugas;1
1017497;103034;Sob fortes chuvas e ventos, sem qualquer abrigo;0
1017498;103034;Carregando-o em uma maca improvisada por terrenos rochosos;0
1017499;103034;Atravessando um deserto sem água por vários dias;0
1017500;103035;Julho de 1868;0
1017501;103035;Outubro de 1871;1
1017502;103035;Agosto de 1872;0
1017503;103035;Abril de 1873;0
1017504;105340;Que ele tivesse voltado para a Escócia.;0
1017505;105340;Que ele tivesse encontrado as nascentes do Nilo.;0
1017506;105340;Que ele tivesse se tornado comerciante de escravos.;0
1017507;105340;Que ele tivesse morrido.;1
1017508;105341;O proprietário do “New York Herald”.;1
1017509;105341;Henry Stanley.;0
1017510;105341;Roberto Moffat.;0
1017511;105341;O sultão de Zanzibar.;0
1017512;105342;Publicar um obituário.;0
1017513;105342;Investigar o paradeiro do missionário.;1
1017514;105342;Ignorar a notícia.;0
1017515;105342;Enviar dinheiro para a África.;0
1017516;105343;Roberto Moffat.;0
1017517;105343;Susi, Chumak e Gardner.;0
1017518;105343;Henry Stanley, seu melhor jornalista.;1
1017519;105343;O sultão de Zanzibar.;0
1017520;105344;Apenas uma pequena quantia em dinheiro.;0
1017521;105344;Um navio de guerra.;0
1017522;105344;Um grupo de soldados.;0
1017523;105344;Todos os recursos necessários.;1
1017524;105345;1871.;1
1017525;105345;1866.;0
1017526;105345;1869.;0
1017527;105345;1873.;0
1017528;105346;27 homens.;0
1017529;105346;192 homens.;1
1017530;105346;57 homens.;0
1017531;105346;34 homens.;0
1017532;105347;Cinco brancos.;0
1017533;105347;Nenhum branco.;0
1017534;105347;Dois brancos.;1
1017535;105347;Dez brancos.;0
1017536;105348;53 soldados.;0
1017537;105348;192 soldados.;0
1017538;105348;153 soldados.;0
1017539;105348;23 soldados.;1
1017540;105349;153 carregadores.;1
1017541;105349;23 carregadores.;0
1017542;105349;192 carregadores.;0
1017543;105349;27 carregadores.;0
1017544;105350;Duas toneladas.;0
1017545;105350;Seis toneladas.;1
1017546;105350;Dez toneladas.;0
1017547;105350;Uma tonelada.;0
1017548;105351;Apenas alimentos e água.;0
1017549;105351;Somente armas e munição.;0
1017550;105351;Armas de fogo, munição, dois barcos desmontáveis, tecido, alimentos, cobertores, medicamentos, vasilhas, tendas e outros utensílios.;1
1017551;105351;Roupas e joias.;0
1017552;105352;Apenas a falta de alimentos.;0
1017553;105352;Neve e frio intenso.;0
1017554;105352;Ataques de piratas.;0
1017555;105352;Chuvas torrenciais, febre e a rebelião dos carregadores.;1
1017556;105353;53 homens.;1
1017557;105353;192 homens.;0
1017558;105353;153 homens.;0
1017559;105353;23 homens.;0
1017560;105354;A promessa de recompensa do jornal.;0
1017561;105354;A notícia de que, em uma aldeia junto do lago Tanganica, havia um velho homem branco.;1
1017562;105354;A certeza de que Livingstone estava morto.;0
1017563;105354;O desejo de encontrar ouro.;0
1017564;105355;23 de agosto de 1872.;0
1017565;105355;4 de maio de 1873.;0
1017566;105355;3 de novembro de 1871.;1
1017567;105355;18 de abril de 1874.;0
1017568;105356;A bandeira da Inglaterra.;0
1017569;105356;Uma Bíblia.;0
1017570;105356;Um mapa da África.;0
1017571;105356;A bandeira dos Estados Unidos da América.;1
1017572;105357;“É o Doutor Livingstone, eu presumo.”;1
1017573;105357;“Finalmente o encontrei!”;0
1017574;105357;“O senhor está vivo!”;0
1017575;105357;“Venho da Inglaterra.”;0
1017576;105358;Um novo barco.;0
1017577;105358;Pilhas de cartas.;1
1017578;105358;Remédios e roupas.;0
1017579;105358;Dinheiro e joias.;0
1017580;105359;As cartas dos cientistas.;0
1017581;105359;As cartas dos líderes políticos.;0
1017582;105359;As cartas de seus filhos.;1
1017583;105359;As cartas dos jornais.;0
1017584;105360;“Quero voltar para casa.”;0
1017585;105360;“Nunca mais serei missionário.”;0
1017586;105360;“A África não tem mais mistérios.”;0
1017587;105360;“O senhor me trouxe vida nova.”;1
1017588;105361;As forças, comendo quatro boas e fartas refeições por dia.;1
1017589;105361;A vontade de voltar para a Inglaterra.;0
1017590;105361;A confiança nos mercadores árabes.;0
1017591;105361;O interesse em caçar leões.;0
1017592;105362;Duas refeições por dia.;0
1017593;105362;Quatro boas e fartas refeições por dia.;1
1017594;105362;Três refeições por dia.;0
1017595;105362;Uma refeição por dia.;0
1017596;105363;Duas semanas.;0
1017597;105363;Um ano.;0
1017598;105363;Quatro meses.;1
1017599;105363;Seis meses.;0
1017600;105364;Construíram uma igreja.;0
1017601;105364;Escreveram um livro juntos.;0
1017602;105364;Caçaram leões.;0
1017603;105364;Fizeram uma viagem pelo lago, quando Stanley pôde constatar que havia muitas tribos hostis nas proximidades.;1
1017604;105365;Com medo dos mercadores de escravos.;1
1017605;105365;Porque eram canibais.;0
1017606;105365;Porque queriam proteger seu ouro.;0
1017607;105365;Porque não gostavam de visitas.;0
1017608;105366;Que voltasse para Ujiji.;0
1017609;105366;Que viajasse com ele até a Inglaterra.;1
1017610;105366;Que desistisse de explorar.;0
1017611;105366;Que se tornasse jornalista.;0
1017612;105367;Que já havia feito tudo o que podia.;0
1017613;105367;Que deveria abandonar a África.;0
1017614;105367;Que sua tarefa ainda não estava cumprida.;1
1017615;105367;Que não valia a pena continuar.;0
1017616;105368;O lago Ngami.;0
1017617;105368;As cataratas de Kebrabasa.;0
1017618;105368;A cidade do Cabo.;0
1017619;105368;As nascentes do rio Nilo.;1
1017620;105369;“Desejo muito que o senhor venha para casa, mas prefiro que acabe o seu serviço. É melhor que o senhor esteja satisfeito, do que vir simplesmente para me satisfazer.”;1
1017621;105369;“Venha para casa imediatamente, pois preciso de você.”;0
1017622;105369;“Não volte nunca mais para casa.”;0
1017623;105369;“Esqueça a África e volte para a Inglaterra.”;0
1017624;105370;Dinheiro e roupas.;0
1017625;105370;Alimentos e remédios.;1
1017626;105370;Armas e munição.;0
1017627;105370;Livros e mapas.;0
1017628;105371;Que voltaria para buscá-lo.;0
1017629;105371;Que escreveria um livro sobre ele.;0
1017630;105371;Que mandaria carregadores para a sua nova expedição.;1
1017631;105371;Que avisaria sua família.;0
1017632;105372;Foi tranquila.;0
1017633;105372;Foi indiferente.;0
1017634;105372;Foi alegre.;0
1017635;105372;Foi dolorosa.;1
1017636;105373;57 homens.;1
1017637;105373;27 homens.;0
1017638;105373;192 homens.;0
1017639;105373;34 homens.;0
1017640;105374;3 de novembro de 1871.;0
1017641;105374;23 de agosto de 1872.;1
1017642;105374;4 de maio de 1873.;0
1017643;105374;18 de abril de 1874.;0
1017644;105375;Ameno.;0
1017645;105375;Frio.;0
1017646;105375;Escaldante.;1
1017647;105375;Agradável.;0
1017648;105376;Seca.;0
1017649;105376;Neve.;0
1017650;105376;Ventos fortes.;0
1017651;105376;Chuva.;1
1017652;105377;Porque a madeira estava toda encharcada.;1
1017653;105377;Porque não tinham fósforos.;0
1017654;105377;Porque os nativos os proibiam.;0
1017655;105377;Porque estavam em uma região sem árvores.;0
1017656;105378;Porque eram hostis por natureza.;0
1017657;105378;Porque viviam desconfiados, devido às caravanas de mercadores de escravos.;1
1017658;105378;Porque não tinham alimentos.;0
1017659;105378;Porque não falavam a mesma língua.;0
1017660;105379;Caçadas para alimentar a caravana.;0
1017661;105379;Reuniões com os chefes tribais.;0
1017662;105379;Cultos, levando aos seus companheiros a mensagem do Salvador.;1
1017663;105379;Anotações científicas.;0
1017664;105380;“Encontrei finalmente as nascentes do Nilo.”;0
1017665;105380;“Estou forte e pronto para continuar.”;0
1017666;105380;“Decidi voltar para a Inglaterra.”;0
1017667;105380;“Tenho sido obrigado a ficar deitado. Eles me levaram exausto até a aldeia.”;1
1017668;105381;“Meu coração está dilacerado.”;1
1017669;105381;“Estou curado e forte.”;0
1017670;105381;“Chegou o fim da escravidão.”;0
1017671;105381;“Vou para casa.”;0
1017672;105382;21 de abril, ao meio-dia.;0
1017673;105382;4 de maio, às quatro horas da manhã.;1
1017674;105382;23 de agosto, à noite.;0
1017675;105382;18 de abril, ao amanhecer.;0
1017676;105383;Em Ujiji.;0
1017677;105383;Em Chitapangua.;0
1017678;105383;Na aldeia de llala.;1
1017679;105383;Em Kuruman.;0
1017680;105384;Fazia sol.;0
1017681;105384;Nevava.;0
1017682;105384;Havia ventania.;0
1017683;105384;Chovia.;1
1017684;105385;Susi.;1
1017685;105385;Chumak.;0
1017686;105385;Gardner.;0
1017687;105385;Baraka.;0
1017688;105386;Deitado de costas na cama.;0
1017689;105386;Ajoelhado ao lado de sua cama, com a cabeça entre as mãos, sobre o travesseiro.;1
1017690;105386;Sentado em uma cadeira.;0
1017691;105386;Em pé, junto à porta.;0
1017692;105387;“Doutor”.;0
1017693;105387;“Nyaka”.;0
1017694;105387;“Senhor”.;1
1017695;105387;“Amigo”.;0
1017696;105388;“Morreu o grande explorador!”;0
1017697;105388;“Morreu o missionário!”;0
1017698;105388;“Morreu o médico!”;0
1017699;105388;“Morreu o Homem Bom!”;1
1017700;105389;Embalsamaram-no.;1
1017701;105389;Enterraram-no imediatamente.;0
1017702;105389;Cremaram-no.;0
1017703;105389;Jogaram-no no lago.;0
1017704;105390;Cortaram-lhe os cabelos.;0
1017705;105390;Tiraram-lhe o coração, que enterraram na África.;1
1017706;105390;Tiraram-lhe as roupas.;0
1017707;105390;Fotografaram-no.;0
1017708;105391;Na Inglaterra.;0
1017709;105391;Na Escócia.;0
1017710;105391;Na África, a terra a que ele verdadeiramente pertencia.;1
1017711;105391;Em Zanzibar.;0
1017712;105392;Uma grande guerra tribal.;0
1017713;105392;Uma expedição em busca do corpo.;0
1017714;105392;Uma festa em sua homenagem.;0
1017715;105392;O cortejo fúnebre mais longo de que se tem notícia.;1
1017716;105393;Entoando hinos que Davi Livingstone lhes tinha ensinado.;1
1017717;105393;Cantando canções de vingança.;0
1017718;105393;Rezando em silêncio.;0
1017719;105393;Tocando tambores de guerra.;0
1017720;105394;Doze semanas.;0
1017721;105394;Nove meses.;1
1017722;105394;Quatro meses.;0
1017723;105394;Dois anos.;0
1017724;105395;De Luanda.;0
1017725;105395;De Quilimane.;0
1017726;105395;De Zanzibar.;1
1017727;105395;Da cidade do Cabo.;0
1017728;105396;4 de maio de 1873.;0
1017729;105396;3 de novembro de 1871.;0
1017730;105396;23 de agosto de 1872.;0
1017731;105396;18 de abril de 1874.;1
1017732;105397;A Rainha Vitória.;1
1017733;105397;O Príncipe.;0
1017734;105397;O sultão de Zanzibar.;0
1017735;105397;O presidente dos Estados Unidos.;0
1017736;105398;“Morreu o Homem Bom.”;0
1017737;105398;“Trazido por mãos fiéis, por terra e por mar, aqui repousa Davi Livingstone.”;1
1017738;105398;“Grande explorador da África.”;0
1017739;105398;“Missionário e médico.”;0
1017740;103036;Exigiu o retorno imediato do pai devido aos perigos e à fragilidade de sua saúde.;0
1017741;103036;Apoiou que ele permanecesse na África até concluir seu serviço e encontrar as nascentes do Nilo, caso assim preferisse.;1
1017742;103036;Pediu que ele abandonasse as expedições científicas e assumisse uma igreja na Escócia.;0
1017743;103036;Solicitou que o jornalista Stanley permanecesse na África para auxiliá-lo permanentemente.;0
1017744;103037;Enviou uma nova embarcação a vapor fabricada na Europa.;0
1017745;103037;Contratou e enviou 57 carregadores para auxiliar Livingstone na jornada.;1
1017746;103037;Encaminhou armas de fogo de última geração e suprimentos militares.;0
1017747;103037;Pagou uma fiança ao sultão de Zanzibar para garantir a segurança da rota.;0
1017748;103038;Calor escaldante incessante e falta absoluta de chuvas por meses.;0
1017749;103038;Chuva constante, frio intenso, enchentes e impossibilidade de acender fogueiras devido à madeira encharcada.;1
1017750;103038;Ataques frequentes de gafanhotos e tempestades de areia vinda do deserto.;0
1017751;103038;Nevascas rigorosas e congelamento das águas dos rios regionais.;0
1017752;103039;Deitado em sua cama descansando pacificamente com a Bíblia no peito.;0
1017753;103039;Ajoelhado ao lado de sua cama, com a cabeça entre as mãos sobre o travesseiro, em postura de oração.;1
1017754;103039;Sentado à mesa da choupana escrevendo seu diário de anotações.;0
1017755;103039;Caído junto à porta da cabana tentando pedir socorro.;0
1017756;103040;Queimaram seus cadernos de anotações para preservar seus segredos.;0
1017757;103040;Retiraram o seu coração e o sepultaram na própria terra africana.;1
1017758;103040;Vestiram o missionário com trajes tradicionais da tribo macololo.;0
1017759;103040;Construíram um grande monumento de pedras no topo da montanha mais alta.;0
1017760;103041;Marcharam em absoluto silêncio sem proferir uma única palavra.;0
1017761;103041;Entoavam hinos religiosos que o próprio missionário lhes havia ensinado.;1
1017762;103041;Tocavam tambores de guerra para afastar espíritos e animais selvagens.;0
1017763;103041;Transportavam o corpo exclusivamente durante as noites para evitar o calor.;0
1017764;103042;No Cemitério de Blantyre, em sua cidade natal.;0
1017765;103042;Na Catedral de São Paulo, em Londres.;0
1017766;103042;Na Abadia de Westminster.;1
1017767;103042;No Castelo de Edimburgo, na Escócia.;0
1017768;103043;"""O Doutor do Sul descansa em paz junto de seus ancestrais.""";0
1017769;103043;"""Trazido por mãos fiéis, por terra e por mar, aqui repousa Davi Livingstone.""";1
1017770;103043;"""Aquele que abriu o caminho e enfrentou as feras do continente africano.""";0
1017771;103043;"""O grande defensor da liberdade e descobridor das nascentes do Nilo.""";0
1017772;103044;Fazendo repouso absoluto por seis meses.;0
1017773;103044;Comendo quatro boas e fartas refeições por dia.;1
1017774;103044;Tomando banhos de sol nas margens do lago.;0
1017775;103044;Utilizando apenas ervas medicinais nativas.;0
1017776;103045;Mapeando as rotas de comércio de ouro.;0
1017777;103045;Organizando o treinamento militar dos soldados.;0
1017778;103045;Conversando e narrando histórias engraçadas de suas aventuras.;1
1017779;103045;Traduzindo a Bíblia para novos dialetos locais.;0
1017780;103046;Que ele abandonasse tudo e voltasse imediatamente para a Escócia.;0
1017781;103046;Que ele trouxesse Stanley consigo para morar na Inglaterra.;0
1017782;103046;Que ele preferia que o pai acabasse o seu serviço antes de voltar para casa.;1
1017783;103046;Que ele se tornasse o novo embaixador britânico no continente.;0
1017784;103047;Calor escaldante e falta de chuvas por um ano.;0
1017785;103047;Tempestades de areia e ataques de gafanhotos.;0
1017786;103047;Chuva, frio, enchentes e madeira encharcada que impedia o fogo.;1
1017787;103047;Invasão de animais selvagens que destruíram os suprimentos.;0
1017788;103048;"""A fumaça de mil aldeias me chama.""";0
1017789;103048;"""Minha tarefa está finalmente cumprida.""";0
1017790;103048;"""Meu coração está dilacerado.""";1
1017791;103048;"""O caminho para o norte está aberto.""";0
1017792;103049;Queimaram todos os seus diários de exploração.;0
1017793;103049;Enterraram seus instrumentos de navegação com ele.;1
1017794;103049;Tiraram-lhe o coração e o enterraram na terra africana.;0
1017795;103049;Distribuíram suas roupas entre os chefes das tribos vizinhas.;0
1017796;103050;Três meses.;0
1017797;103050;Seis meses.;0
1017798;103050;Nove meses.;1
1017799;103050;Doze meses.;0
1017800;103051;Pelo deserto e pelas montanhas.;0
1017801;103051;Por terra e por mar.;1
1017802;103051;Pelo rio e pela floresta.;0
1017803;103051;Por carruagem e por navio.;0
1017804;103052;Que havia retornado secretamente à Inglaterra;0
1017805;103052;Que vivia em Zanzibar;0
1017806;103052;Que havia abandonado as explorações;0
1017807;103052;Que havia morrido;1
1017808;103053;New York Herald;1
1017809;103053;The Times;0
1017810;103053;London Gazette;0
1017811;103053;Daily News;0
1017812;103054;O governo britânico;0
1017813;103054;O proprietário do jornal;1
1017814;103054;A Sociedade Geográfica;0
1017815;103054;A família de Livingstone;0
1017816;103055;Roberto Moffat;0
1017817;103055;William Oswell;0
1017818;103055;Henry Stanley;1
1017819;103055;Susi;0
1017820;103056;Era o proprietário do jornal;0
1017821;103056;Era o correspondente mais antigo;0
1017822;103056;Era o responsável pelas notícias europeias;0
1017823;103056;Era considerado o melhor jornalista do jornal;1
1017824;103057;Colocou à sua disposição todos os recursos necessários;1
1017825;103057;Enviou apenas uma pequena quantia em dinheiro;0
1017826;103057;Providenciou exclusivamente um navio;0
1017827;103057;Pediu que Stanley financiasse a própria viagem;0
1017828;103058;1869;0
1017829;103058;1871;1
1017830;103058;1872;0
1017831;103058;1873;0
1017832;103059;Procurou primeiro o sultão de Zanzibar;0
1017833;103059;Seguiu sozinho para Ujiji;0
1017834;103059;Organizou uma expedição;1
1017835;103059;Esperou receber notícias da Inglaterra;0
1017836;103060;53;0
1017837;103060;57;0
1017838;103060;153;0
1017839;103060;192;1
1017840;103061;Dois;1
1017841;103061;Três;0
1017842;103061;Quatro;0
1017843;103061;Cinco;0
1017844;103062;13;0
1017845;103062;23;1
1017846;103062;33;0
1017847;103062;43;0
1017848;103063;53;0
1017849;103063;123;0
1017850;103063;153;1
1017851;103063;192;0
1017852;103064;Médico;0
1017853;103064;Missionário;0
1017854;103064;Navegador;0
1017855;103064;Capataz;1
1017856;103065;Seis toneladas;1
1017857;103065;Três toneladas;0
1017858;103065;Nove toneladas;0
1017859;103065;Doze toneladas;0
1017860;103066;Um;0
1017861;103066;Dois;1
1017862;103066;Três;0
1017863;103066;Quatro;0
1017864;103067;Apenas alimentos, roupas e mapas;0
1017865;103067;Cavalos, carroças e instrumentos agrícolas;0
1017866;103067;Armas, munição, alimentos, medicamentos e tendas;1
1017867;103067;Somente barcos, roupas e equipamentos científicos;0
1017868;103068;Apenas lanças;0
1017869;103068;Arcos e flechas;0
1017870;103068;Espadas;0
1017871;103068;Armas de fogo;1
1017872;103069;Cobertores;1
1017873;103069;Redes de pesca;0
1017874;103069;Capas de couro;0
1017875;103069;Sacos de dormir;0
1017876;103070;Tranquila;0
1017877;103070;Dramática;1
1017878;103070;Curta;0
1017879;103070;Bem-sucedida desde o início;0
1017880;103071;Neve, fome e ataque de leões;0
1017881;103071;Seca, falta de água e naufrágio;0
1017882;103071;Chuvas torrenciais, febre e rebelião dos carregadores;1
1017883;103071;Guerra, terremoto e perda dos barcos;0
1017884;103072;23;0
1017885;103072;34;0
1017886;103072;57;0
1017887;103072;53;1
1017888;103073;Não desistiu;1
1017889;103073;Retornou para a costa;0
1017890;103073;Pediu ajuda à Inglaterra;0
1017891;103073;Interrompeu a busca durante um ano;0
1017892;103074;Que Livingstone havia chegado a Zanzibar;0
1017893;103074;Que havia um velho homem branco em uma aldeia junto ao lago Tanganica;1
1017894;103074;Que uma expedição inglesa havia encontrado os diários de Livingstone;0
1017895;103074;Que Livingstone havia enviado uma carta recentemente;0
1017896;103075;Lago Ngami;0
1017897;103075;Lago Niassa;0
1017898;103075;Lago Tanganica;1
1017899;103075;Lago Bangueolo;0
1017900;103076;23 de agosto de 1872;0
1017901;103076;4 de maio de 1873;0
1017902;103076;18 de abril de 1874;0
1017903;103076;3 de novembro de 1871;1
1017904;103077;Ujiji;1
1017905;103077;Ilala;0
1017906;103077;Kuruman;0
1017907;103077;Tete;0
1017908;103078;Silenciosa;0
1017909;103078;Triunfal;1
1017910;103078;Secreta;0
1017911;103078;Apressada;0
1017912;103079;Uma Bíblia;0
1017913;103079;Uma caixa de remédios;0
1017914;103079;A bandeira dos Estados Unidos da América;1
1017915;103079;Uma carta do governo britânico;0
1017916;103080;Inglaterra;0
1017917;103080;Escócia;0
1017918;103080;Portugal;0
1017919;103080;Estados Unidos da América;1
1017920;103081;Estendeu-lhe a mão emocionado;1
1017921;103081;Entregou-lhe imediatamente as cartas;0
1017922;103081;Abraçou-o sem dizer nenhuma palavra;0
1017923;103081;Pediu que retornasse à Inglaterra;0
1017924;103082;“Finalmente encontrei o grande missionário.”;0
1017925;103082;“É o Doutor Livingstone, eu presumo.”;1
1017926;103082;“A Inglaterra o espera de volta.”;0
1017927;103082;“Sua família me enviou para buscá-lo.”;0
1017928;103083;Novos mapas da África;0
1017929;103083;Equipamentos científicos;0
1017930;103083;Pilhas de cartas;1
1017931;103083;Um novo barco;0
1017932;103084;As cartas dos cientistas;0
1017933;103084;As cartas do governo britânico;0
1017934;103084;As cartas dos líderes ingleses;0
1017935;103084;As cartas de seus filhos;1
1017936;103085;Deixá-los para serem lidos mais tarde;1
1017937;103085;Lê-los antes das cartas dos filhos;0
1017938;103085;Enviá-los de volta à Inglaterra;0
1017939;103085;Entregá-los a Stanley;0
1017940;103086;Armas e roupas;0
1017941;103086;Remédios e alimentos;1
1017942;103086;Barcos e ferramentas;0
1017943;103086;Livros e mapas;0
1017944;103087;Continuou piorando;0
1017945;103087;Precisou permanecer deitado durante meses;0
1017946;103087;Recuperou as forças;1
1017947;103087;Foi obrigado a retornar à Inglaterra;0
1017948;103088;Uma;0
1017949;103088;Duas;0
1017950;103088;Três;0
1017951;103088;Quatro;1
1017952;103089;Providencial;1
1017953;103089;Inconveniente;0
1017954;103089;Passageira;0
1017955;103089;Preocupante;0
1017956;103090;Desejo de retornar imediatamente à Inglaterra;0
1017957;103090;Trouxera-lhe “vida nova”;1
1017958;103090;Vontade de abandonar suas explorações;0
1017959;103090;Desejo de permanecer definitivamente em Ujiji;0
1017960;103091;Às margens do lago;0
1017961;103091;Dentro da casa do chefe;0
1017962;103091;Em frente à choupana de Livingstone;1
1017963;103091;Dentro da tenda de Stanley;0
1017964;103092;Apenas histórias de sua infância;0
1017965;103092;Relatos sobre a política inglesa;0
1017966;103092;Apenas explicações científicas;0
1017967;103092;Histórias engraçadas e movimentadas de suas aventuras;1
1017968;103093;Quatro meses;1
1017969;103093;Quatro semanas;0
1017970;103093;Seis meses;0
1017971;103093;Um ano;0
1017972;103094;Construíram uma nova missão;0
1017973;103094;Fizeram uma viagem pelo lago;1
1017974;103094;Viajaram até a costa;0
1017975;103094;Organizaram uma expedição à Inglaterra;0
1017976;103095;Que não havia mais traficantes na região;0
1017977;103095;Que as aldeias estavam abandonadas;0
1017978;103095;Que havia muitas tribos hostis nas proximidades;1
1017979;103095;Que o lago não poderia ser navegado;0
1017980;103096;Estavam em guerra com Livingstone;0
1017981;103096;Não aceitavam missionários;0
1017982;103096;Temiam o governo britânico;0
1017983;103096;Tinham medo dos mercadores de escravos;1
1017984;103097;Ameaçavam matar quem se aproximasse de suas aldeias;1
1017985;103097;Pediam que os estranhos pagassem para entrar;0
1017986;103097;Abandonavam imediatamente as aldeias;0
1017987;103097;Prendiam todos os visitantes;0
1017988;103098;Permanecesse em Ujiji;0
1017989;103098;Viajasse com ele para a Inglaterra;1
1017990;103098;Fosse morar em Zanzibar;0
1017991;103098;Abandonasse apenas a busca pelo Nilo;0
1017992;103099;Não queria rever os filhos;0
1017993;103099;Não confiava em Stanley;0
1017994;103099;Sentia que sua tarefa ainda não estava cumprida;1
1017995;103099;Pretendia permanecer definitivamente em Ujiji;0
1017996;103100;Descobrir o lago Tanganica;0
1017997;103100;Retornar aos macololos;0
1017998;103100;Explorar novamente o Zambeze;0
1017999;103100;Chegar às nascentes do rio Nilo;1
1018000;103101;Inês;1
1018001;103101;Maria;0
1018002;103101;Vitória;0
1018003;103101;Roberta;0
1018004;103102;Queria que ele abandonasse imediatamente o trabalho;0
1018005;103102;Desejava sua volta, mas preferia que terminasse seu serviço;1
1018006;103102;Pediu que Stanley permanecesse com ele;0
1018007;103102;Pediu que ele não procurasse mais as nascentes do Nilo;0
1018008;103103;Que Stanley permanecesse na África;0
1018009;103103;Que Livingstone escrevesse outro livro;0
1018010;103103;Que Livingstone estivesse satisfeito após concluir seu serviço;1
1018011;103103;Que ele encontrasse outro missionário para substituí-lo;0
1018012;103104;Armas e munição;0
1018013;103104;Mapas e livros;0
1018014;103104;Dinheiro e roupas;0
1018015;103104;Alimentos e remédios;1
1018016;103105;Mandaria carregadores para a nova expedição;1
1018017;103105;Voltaria pessoalmente em um mês;0
1018018;103105;Enviaria sua família para Ujiji;0
1018019;103105;Convenceria o governo a cancelar a expedição;0
1018020;103106;Tranquila;0
1018021;103106;Dolorosa;1
1018022;103106;Inesperada;0
1018023;103106;Festiva;0
1018024;103107;Enviou um novo barco;0
1018025;103107;Voltou pessoalmente para acompanhá-lo;0
1018026;103107;Chegaram 57 homens para a nova expedição;1
1018027;103107;Mandou soldados britânicos para Ujiji;0
1018028;103108;23;0
1018029;103108;53;0
1018030;103108;192;0
1018031;103108;57;1
1018032;103109;23 de agosto de 1872;1
1018033;103109;3 de novembro de 1871;0
1018034;103109;21 de abril de 1873;0
1018035;103109;4 de maio de 1873;0
1018036;103110;Muito frio;0
1018037;103110;O calor era escaldante;1
1018038;103110;Havia chuvas constantes;0
1018039;103110;O clima era ameno;0
1018040;103111;O calor ficou ainda mais intenso;0
1018041;103111;Começou uma longa seca;0
1018042;103111;Encontraram chuva e o tempo esfriou;1
1018043;103111;Ventos quentes secaram a região;0
1018044;103112;Seca intensa;0
1018045;103112;Grandes áreas desérticas;0
1018046;103112;Florestas queimadas;0
1018047;103112;Enchentes por toda parte;1
1018048;103113;A madeira estava toda encharcada;1
1018049;103113;Não possuíam fósforos;0
1018050;103113;Os nativos proibiam fogueiras;0
1018051;103113;Não havia árvores na região;0
1018052;103114;Foram roubados pelos carregadores;0
1018053;103114;Foram escasseando;1
1018054;103114;Foram destruídos por animais;0
1018055;103114;Permaneceram abundantes;0
1018056;103115;Não conheciam Livingstone;0
1018057;103115;Estavam em guerra com outros povos;0
1018058;103115;Viviam desconfiados por causa das caravanas de mercadores de escravos;1
1018059;103115;Tinham recebido ordens de Stanley para não ajudá-lo;0
1018060;103116;Escrever cartas para os filhos;0
1018061;103116;Fazer explorações sozinho;0
1018062;103116;Realizar estudos científicos;0
1018063;103116;Realizar cultos;1
1018064;103117;A mensagem do Salvador;1
1018065;103117;Orientações científicas;0
1018066;103117;Notícias da Inglaterra;0
1018067;103117;Instruções para a viagem;0
1018068;103118;3 de novembro de 1871;0
1018069;103118;21 de abril de 1873;1
1018070;103118;4 de maio de 1873;0
1018071;103118;18 de abril de 1874;0
1018072;103119;Ferido por um animal;0
1018073;103119;Acometido por febre, mas caminhando;0
1018074;103119;Exausto;1
1018075;103119;Inconsciente;0
1018076;103120;Dois dias;0
1018077;103120;Três dias;0
1018078;103120;Quatro dias;0
1018079;103120;Seis dias;1
1018080;103121;O coração;1
1018081;103121;O ombro;0
1018082;103121;A cabeça;0
1018083;103121;O peito;0
1018084;103122;Ujiji;0
1018085;103122;Ilala;1
1018086;103122;Kuruman;0
1018087;103122;Colobeng;0
1018088;103123;21 de abril de 1873;0
1018089;103123;18 de abril de 1874;0
1018090;103123;4 de maio de 1873;1
1018091;103123;23 de agosto de 1872;0
1018092;103124;Duas horas;0
1018093;103124;Três horas;0
1018094;103124;Cinco horas;0
1018095;103124;Quatro horas;1
1018096;103125;Ainda estava chovendo;1
1018097;103125;Havia forte calor;0
1018098;103125;O céu estava completamente limpo;0
1018099;103125;Ventava muito, mas não chovia;0
1018100;103126;Stanley;0
1018101;103126;Susi;1
1018102;103126;Gardner;0
1018103;103126;Chumak;0
1018104;103127;Uma fogueira;0
1018105;103127;Um lampião;0
1018106;103127;Uma vela;1
1018107;103127;Uma tocha;0
1018108;103128;Deitado em sua cama;0
1018109;103128;Sentado junto à mesa;0
1018110;103128;Em pé próximo à porta;0
1018111;103128;Ajoelhado ao lado da cama;1
1018112;103129;Sobre as mãos, no travesseiro;1
1018113;103129;Contra a parede da cabana;0
1018114;103129;Sobre uma Bíblia aberta;0
1018115;103129;No chão ao lado da cama;0
1018116;103130;Livingstone costumava dormir daquela maneira;0
1018117;103130;Susi já o encontrara orando daquela forma muitas vezes;1
1018118;103130;Ele costumava escrever ajoelhado;0
1018119;103130;Era assim que descansava quando estava doente;0
1018120;103131;Livingstone levantou a cabeça;0
1018121;103131;Livingstone pediu ajuda;0
1018122;103131;Não houve resposta;1
1018123;103131;Livingstone pediu que chamassem Gardner;0
1018124;103132;“Morreu o grande explorador!”;0
1018125;103132;“Morreu o doutor inglês!”;0
1018126;103132;“Morreu o missionário!”;0
1018127;103132;“Morreu o Homem Bom!”;1
1018128;103133;Embalsamaram-no;1
1018129;103133;Sepultaram-no imediatamente em Ilala;0
1018130;103133;Enviaram-no sem preparação para Zanzibar;0
1018131;103133;Cremaram-no;0
1018132;103134;Seus cadernos;0
1018133;103134;Seu coração;1
1018134;103134;Um fragmento do ombro;0
1018135;103134;Seus objetos pessoais;0
1018136;103135;Na Inglaterra;0
1018137;103135;Em Zanzibar;0
1018138;103135;Na África;1
1018139;103135;Em Ujiji;0
1018140;103136;Era uma exigência do governo inglês;0
1018141;103136;Livingstone havia pedido isso por escrito;0
1018142;103136;A viagem para a Inglaterra seria muito longa;0
1018143;103136;A África era a terra a que ele verdadeiramente pertencia;1
1018144;103137;Como o cortejo fúnebre mais longo de que se tem notícia;1
1018145;103137;Como a maior expedição missionária da época;0
1018146;103137;Como a primeira viagem africana até Zanzibar;0
1018147;103137;Como uma cerimônia organizada pelo governo britânico;0
1018148;103138;Canções de suas tribos;0
1018149;103138;Hinos que Livingstone lhes havia ensinado;1
1018150;103138;Orações escritas por Stanley;0
1018151;103138;Cantos ensinados pelos mercadores;0
1018152;103139;Três meses;0
1018153;103139;Seis meses;0
1018154;103139;Nove meses;1
1018155;103139;Doze meses;0
1018156;103140;Ujiji;0
1018157;103140;Luanda;0
1018158;103140;Cidade do Cabo;0
1018159;103140;Zanzibar;1
1018160;103141;Um navio britânico;1
1018161;103141;Uma lancha a vapor;0
1018162;103141;Um navio americano;0
1018163;103141;Um barco português;0
1018164;103142;4 de maio de 1873;0
1018165;103142;18 de abril de 1874;1
1018166;103142;3 de novembro de 1871;0
1018167;103142;23 de agosto de 1872;0
1018168;103143;Catedral de Londres;0
1018169;103143;Igreja de Glasgow;0
1018170;103143;Abadia de Westminster;1
1018171;103143;Sociedade Geográfica;0
1018172;103144;Em uma cerimônia reservada à família;0
1018173;103144;Sem participação oficial;0
1018174;103144;Apenas com a presença de missionários;0
1018175;103144;Com todas as honras;1
1018176;103145;A Rainha Vitória;1
1018177;103145;Henry Stanley;0
1018178;103145;O Príncipe;0
1018179;103145;O sultão de Zanzibar;0
1018180;103146;Pela descoberta do lago Tanganica;0
1018181;103146;Pela luta contra a escravatura;1
1018182;103146;Pela abertura de rotas comerciais;0
1018183;103146;Pela descoberta das nascentes do Nilo;0
1018184;103147;Transportado apenas por navio;0
1018185;103147;Levado exclusivamente por seus familiares;0
1018186;103147;Trazido por mãos fiéis, por terra e por mar;1
1018187;103147;Conduzido por soldados britânicos desde a África;0
1018188;103148;Henry Stanley.;1
1018189;103148;Roberto Moffat.;0
1018190;103148;Hugh F. Frame.;0
1018191;103148;William Oswell.;0
1018192;103149;"""O mundo britânico celebra seu resgate, nobre explorador!""";0
1018193;103149;"""É o Doutor Livingstone, eu presumo.""";1
1018194;103149;"""Encontrei finalmente o patrono das terras desconhecidas da África!""";0
1018195;103149;"""Sua missão pioneira nas nascentes do Nilo terminou em paz!""";0
1018196;103150;Os editais de financiamento emitidos pela Real Sociedade Geográfica.;0
1018197;103150;As cartas de amor e carinho escritas por seus próprios filhos.;1
1018198;103150;Os manifestos humanitários redigidos pelo parlamento britânico.;0
1018199;103150;As notificações governamentais com novas diretrizes diplomáticas imperiais.;0
1018200;103151;O desejo irrevogável de cumprir integralmente sua missão de achar as nascentes do Nilo.;1
1018201;103151;A exigência legal imposta pelo imperador britânico sobre a demarcação das rotas fluviais.;0
1018202;103151;A promessa irretratável de assumir a chefia permanente das aldeias unificadas de Ujiji.;0
1018203;103151;O voto monástico de nunca mais navegar pelas águas frias do oceano Atlântico.;0
1018204;103152;Apoiado sobre o diário de campo, segurando uma caneta de aparo.;0
1018205;103152;Ajoelhado ao lado de sua cama, com a cabeça entre as mãos sobre o travesseiro em oração.;1
1018206;103152;Deitado em sua liteira de viagem, sob a bandeira da missão britânica.;0
1018207;103152;Sentado na soleira da porta de sua cabana, observando o cair da chuva.;0
1018208;103153;Queimaram todos os seus pertences em uma pira funerária no centro da aldeia.;0
1018209;103153;Retiraram o seu coração para sepultá-lo na África, terra à qual ele pertencia.;1
1018210;103153;Ergueram um monumento de marfim no ponto exato onde a cabana ficava.;0
1018211;103153;Pintaram o caixão com as cores das bandeiras das tribos que ele atendeu.;0
1018212;103154;Três meses.;0
1018213;103154;Nove meses.;1
1018214;103154;Doze meses.;0
1018215;103154;Seis meses.;0
1018216;103155;Na Catedral de São Paulo, em Londres.;0
1018217;103155;Na Abadia de Westminster, em Londres.;1
1018218;103155;No Castelo de Edimburgo, na Escócia.;0
1018219;103155;Na Capela da Sociedade Geográfica, em Glasgow.;0
1018220;105399;Que ele havia retornado à Inglaterra.;0
1018221;105399;Que ele havia se tornado comerciante.;0
1018222;105399;Que ele havia morrido.;1
1018223;105399;Que ele havia abandonado a missão.;0
1018224;105400;O proprietário do maior jornal americano da época.;1
1018225;105400;O governo britânico.;0
1018226;105400;O sultão de Zanzibar.;0
1018227;105400;O chefe Chitapangua.;0
1018228;105401;The Times.;0
1018229;105401;New York Herald.;1
1018230;105401;London Missionary.;0
1018231;105401;African News.;0
1018232;105402;Roberto Moffat.;0
1018233;105402;Mohammed Bogharib.;0
1018234;105402;Henry Stanley.;1
1018235;105402;William Oswell.;0
1018236;105403;Apenas um pequeno barco.;0
1018237;105403;Todos os recursos necessários para a expedição.;1
1018238;105403;Somente alguns alimentos e remédios.;0
1018239;105403;Uma carta para o governo britânico.;0
1018240;105404;1866.;0
1018241;105404;1869.;0
1018242;105404;1871.;1
1018243;105404;1873.;0
1018244;105405;Retornou aos Estados Unidos.;0
1018245;105405;Organizou uma expedição.;1
1018246;105405;Enviou uma carta ao sultão de Zanzibar.;0
1018247;105405;Estabeleceu-se na aldeia de Ilala.;0
1018248;105406;57 homens.;0
1018249;105406;92 homens.;0
1018250;105406;153 homens.;0
1018251;105406;192 homens.;1
1018252;105407;Dois.;1
1018253;105407;Quatro.;0
1018254;105407;Seis.;0
1018255;105407;Nove.;0
1018256;105408;13 soldados.;0
1018257;105408;23 soldados.;1
1018258;105408;33 soldados.;0
1018259;105408;43 soldados.;0
1018260;105409;53 carregadores.;0
1018261;105409;103 carregadores.;0
1018262;105409;153 carregadores.;1
1018263;105409;192 carregadores.;0
1018264;105410;Uma tonelada.;0
1018265;105410;Três toneladas.;0
1018266;105410;Seis toneladas.;1
1018267;105410;Dez toneladas.;0
1018268;105411;Dois barcos desmontáveis.;1
1018269;105411;Uma locomotiva.;0
1018270;105411;Uma máquina de impressão.;0
1018271;105411;Um hospital completo.;0
1018272;105412;Armas de fogo, munição, alimentos, cobertores, medicamentos e tendas.;1
1018273;105412;Apenas roupas e mapas.;0
1018274;105412;Máquinas agrícolas e animais de criação.;0
1018275;105412;Livros, instrumentos musicais e ferramentas de mineração.;0
1018276;105413;Neve, terremotos e falta de mapas.;0
1018277;105413;Chuvas torrenciais, febre e rebelião dos carregadores.;1
1018278;105413;Ataques de navios e falta de combustível.;0
1018279;105413;Seca, incêndios e invasões militares.;0
1018280;105414;A equipe aumentou para 300 homens.;0
1018281;105414;A equipe ficou reduzida a 53 homens.;1
1018282;105414;Todos os carregadores retornaram à Inglaterra.;0
1018283;105414;A expedição foi substituída por uma equipe britânica.;0
1018284;105415;A notícia de que havia um velho homem branco em uma aldeia junto ao lago Tanganica.;1
1018285;105415;A descoberta das fontes do rio Nilo.;0
1018286;105415;A chegada de novos soldados britânicos.;0
1018287;105415;A recuperação imediata de todos os carregadores.;0
1018288;105416;3 de novembro de 1871.;1
1018289;105416;4 de maio de 1873.;0
1018290;105416;18 de abril de 1874.;0
1018291;105416;23 de agosto de 1872.;0
1018292;105417;A bandeira da Inglaterra.;0
1018293;105417;A bandeira dos Estados Unidos da América.;1
1018294;105417;Uma bandeira dos macololos.;0
1018295;105417;Uma carta do sultão de Zanzibar.;0
1018296;105418;“O senhor precisa retornar imediatamente.”;0
1018297;105418;“É o Doutor Livingstone, eu presumo.”;1
1018298;105418;“Finalmente encontramos as fontes do Nilo.”;0
1018299;105418;“A Inglaterra está esperando pelo senhor.”;0
1018300;105419;Emocionado.;1
1018301;105419;Desconfiado.;0
1018302;105419;Irritado.;0
1018303;105419;Assustado.;0
1018304;105420;Pilhas de cartas.;1
1018305;105420;Uma nova lancha.;0
1018306;105420;Uma grande quantidade de animais.;0
1018307;105420;Apenas um mapa da África.;0
1018308;105421;As cartas dos cientistas.;0
1018309;105421;As cartas dos líderes políticos.;0
1018310;105421;As cartas de seus filhos.;1
1018311;105421;As cartas dos comerciantes árabes.;0
1018312;105422;Porque eram documentos oficiais da expedição.;0
1018313;105422;Porque eram especialmente importantes para ele.;1
1018314;105422;Porque continham mapas do continente africano.;0
1018315;105422;Porque traziam ordens do governo britânico.;0
1018316;105423;Queimá-los imediatamente.;0
1018317;105423;Lê-los mais tarde.;1
1018318;105423;Entregá-los aos carregadores.;0
1018319;105423;Enviá-los para o sultão de Zanzibar.;0
1018320;105424;Chegaram em boa hora e ajudaram-no a recuperar as forças.;1
1018321;105424;Foram utilizados para tratar somente os carregadores.;0
1018322;105424;Foram trocados por um novo barco.;0
1018323;105424;Permitiram que Livingstone retornasse imediatamente à Inglaterra.;0
1018324;105425;Duas refeições.;0
1018325;105425;Três refeições.;0
1018326;105425;Quatro refeições.;1
1018327;105425;Cinco refeições.;0
1018328;105426;Disse que Stanley havia lhe trazido vida nova.;1
1018329;105426;Afirmou que Stanley havia chegado tarde demais.;0
1018330;105426;Disse que Stanley não compreendia sua missão.;0
1018331;105426;Afirmou que preferia continuar sozinho.;0
1018332;105427;Conversavam diante da choupana do missionário.;1
1018333;105427;Organizavam uma guerra contra os comerciantes.;0
1018334;105427;Construíam uma nova estrada.;0
1018335;105427;Procuravam as encomendas roubadas.;0
1018336;105428;Histórias engraçadas e movimentadas de suas aventuras de explorador.;1
1018337;105428;Apenas relatos sobre sua infância na Escócia.;0
1018338;105428;Histórias sobre a corte inglesa.;0
1018339;105428;Somente relatos sobre o comércio de escravos.;0
1018340;105429;Duas semanas.;0
1018341;105429;Dois meses.;0
1018342;105429;Quatro meses.;1
1018343;105429;Um ano.;0
1018344;105430;Uma viagem pelo lago.;1
1018345;105430;Uma viagem até Londres.;0
1018346;105430;Uma travessia pelo deserto.;0
1018347;105430;Uma expedição até as cataratas de Kebrabasa.;0
1018348;105431;Que havia muitas tribos hostis nas proximidades.;1
1018349;105431;Que todas as tribos eram amigas dos estrangeiros.;0
1018350;105431;Que o lago estava completamente seco.;0
1018351;105431;Que os comerciantes haviam abandonado a região.;0
1018352;105432;Porque tinham medo dos mercadores de escravos.;1
1018353;105432;Porque desejavam conquistar novas terras.;0
1018354;105432;Porque não conheciam o lago Tanganica.;0
1018355;105432;Porque haviam recebido ordens do governo britânico.;0
1018356;105433;Que viajasse com ele até a Inglaterra.;1
1018357;105433;Que abandonasse sua missão na África.;0
1018358;105433;Que se tornasse jornalista.;0
1018359;105433;Que liderasse uma nova caravana de escravos.;0
1018360;105434;Porque sua tarefa ainda não estava cumprida.;1
1018361;105434;Porque não confiava em Stanley.;0
1018362;105434;Porque havia perdido seus documentos.;0
1018363;105434;Porque precisava permanecer em Ujiji para tratar os nativos.;0
1018364;105435;As nascentes do rio Nilo.;1
1018365;105435;A localização da cidade de Londres.;0
1018366;105435;As minas de ouro de Zanzibar.;0
1018367;105435;A origem dos mercadores árabes.;0
1018368;105436;Que desejava que ele voltasse para casa, mas preferia que terminasse seu serviço.;1
1018369;105436;Que ele deveria abandonar imediatamente a expedição.;0
1018370;105436;Que a família não queria mais receber notícias dele.;0
1018371;105436;Que ele deveria procurar uma nova missão na Europa.;0
1018372;105437;Era melhor que ele estivesse satisfeito por terminar sua tarefa do que voltasse apenas para agradá-la.;1
1018373;105437;Ele deveria escolher a família e abandonar seu compromisso.;0
1018374;105437;Ele não deveria mais continuar viajando pela África.;0
1018375;105437;Ele deveria entregar sua missão a Henry Stanley.;0
1018376;105438;Alimentos e remédios.;1
1018377;105438;Cartas e mapas.;0
1018378;105438;Armas e munições.;0
1018379;105438;Roupas e instrumentos de navegação.;0
1018380;105439;Que enviaria carregadores para sua nova expedição.;1
1018381;105439;Que retornaria com o governo britânico.;0
1018382;105439;Que construiria uma missão em Ujiji.;0
1018383;105439;Que levaria todos os nativos para a Inglaterra.;0
1018384;105440;Tranquila e rápida.;0
1018385;105440;Dolorosa.;1
1018386;105440;Marcada por uma discussão.;0
1018387;105440;Comemorada pelos moradores de Ujiji.;0
1018388;105441;Sim, enviou 57 homens para ajudá-lo.;1
1018389;105441;Não, abandonou completamente o missionário.;0
1018390;105441;Sim, enviou 192 homens novamente.;0
1018391;105441;Não, enviou apenas uma carta.;0
1018392;105442;3 de novembro de 1871.;0
1018393;105442;21 de abril de 1873.;0
1018394;105442;23 de agosto de 1872.;1
1018395;105442;4 de maio de 1874.;0
1018396;105443;Muito frio.;0
1018397;105443;Escaldante.;1
1018398;105443;Chuvoso e congelante.;0
1018399;105443;Seco e coberto de neve.;0
1018400;105444;Chuva, frio e enchentes.;1
1018401;105444;Calor intenso e seca.;0
1018402;105444;Neve e ventos fortes.;0
1018403;105444;Uma região sem qualquer alteração climática.;0
1018404;105445;Porque os nativos haviam levado todos os fósforos.;0
1018405;105445;Porque a madeira estava encharcada pela chuva.;1
1018406;105445;Porque havia muitos animais próximos.;0
1018407;105445;Porque Livingstone havia proibido o uso de fogo.;0
1018408;105446;Foram aumentando à medida que a caravana avançava.;0
1018409;105446;Foram escasseando.;1
1018410;105446;Foram trocados por cartas.;0
1018411;105446;Foram destruídos pelos animais selvagens.;0
1018412;105447;Porque desconfiavam das caravanas de mercadores de escravos.;1
1018413;105447;Porque conheciam Livingstone como inimigo.;0
1018414;105447;Porque não havia alimentos na região.;0
1018415;105447;Porque haviam recebido ordens de Stanley.;0
1018416;105448;Realizava cultos e transmitia aos companheiros a mensagem do Salvador.;1
1018417;105448;Organizava reuniões com os mercadores árabes.;0
1018418;105448;Descansava e interrompia todo trabalho religioso.;0
1018419;105448;Ensinava os carregadores a usar armas de fogo.;0
1018420;105449;Que havia descoberto as fontes do Nilo.;0
1018421;105449;Que estava exausto e precisava permanecer deitado.;1
1018422;105449;Que Stanley havia retornado à África.;0
1018423;105449;Que a caravana havia encontrado novas plantações.;0
1018424;105450;“Tenho encontrado novas forças.”;0
1018425;105450;“Meu coração está dilacerado.”;1
1018426;105450;“A missão está concluída.”;0
1018427;105450;“A África finalmente está livre.”;0
1018428;105451;Ujiji.;0
1018429;105451;Ilala.;1
1018430;105451;Tete.;0
1018431;105451;Mabotza.;0
1018432;105452;18 de abril de 1874.;0
1018433;105452;4 de maio de 1873.;1
1018434;105452;21 de abril de 1873.;0
1018435;105452;23 de agosto de 1872.;0
1018436;105453;À meia-noite.;0
1018437;105453;Às quatro horas da manhã.;1
1018438;105453;Ao meio-dia.;0
1018439;105453;Às seis horas da tarde.;0
1018440;105454;Gardner.;0
1018441;105454;Stanley.;0
1018442;105454;Susi.;1
1018443;105454;Chumak.;0
1018444;105455;Deitado no chão, junto à porta.;0
1018445;105455;Sentado diante da mesa.;0
1018446;105455;Ajoelhado ao lado da cama, com a cabeça entre as mãos.;1
1018447;105455;Dormindo em uma rede.;0
1018448;105456;Uma fogueira.;0
1018449;105456;Uma lanterna de óleo.;0
1018450;105456;Uma vela acesa.;1
1018451;105456;A luz do sol.;0
1018452;105457;O missionário respondeu imediatamente.;0
1018453;105457;Não houve resposta, pois Livingstone estava morto.;1
1018454;105457;Livingstone pediu água.;0
1018455;105457;O missionário chamou pelos carregadores.;0
1018456;105458;“Chegou o grande explorador!”;0
1018457;105458;“Morreu o Homem Bom!”;1
1018458;105458;“O Nilo foi descoberto!”;0
1018459;105458;“A missão foi destruída!”;0
1018460;105459;Embalsamaram-no.;1
1018461;105459;Cremaram-no imediatamente.;0
1018462;105459;Enterraram-no na aldeia de Ilala.;0
1018463;105459;Deixaram-no na cabana.;0
1018464;105460;Foi levado para a Inglaterra.;0
1018465;105460;Foi enterrado na África.;1
1018466;105460;Foi entregue ao sultão de Zanzibar.;0
1018467;105460;Foi guardado em um navio britânico.;0
1018468;105461;Porque era a terra à qual ele verdadeiramente pertencia.;1
1018469;105461;Porque não havia espaço em seu túmulo na Inglaterra.;0
1018470;105461;Porque os ingleses não queriam homenageá-lo.;0
1018471;105461;Porque o governo africano exigiu seu sepultamento.;0
1018472;105462;Três meses.;0
1018473;105462;Seis meses.;0
1018474;105462;Nove meses.;1
1018475;105462;Doze meses.;0
1018476;105463;Canções comerciais.;0
1018477;105463;Hinos que Livingstone lhes havia ensinado.;1
1018478;105463;Canções de guerra.;0
1018479;105463;A canção da vingança dos escravizados.;0
1018480;105464;De Ujiji.;0
1018481;105464;De Zanzibar.;1
1018482;105464;De Luanda.;0
1018483;105464;De Bombaim.;0
1018484;105465;Na Catedral de Londres.;0
1018485;105465;Na Abadia de Westminster.;1
1018486;105465;Na Igreja de Blantyre.;0
1018487;105465;No cemitério de Glasgow.;0
1018488;105466;4 de maio de 1873.;0
1018489;105466;3 de novembro de 1871.;0
1018490;105466;18 de abril de 1874.;1
1018491;105466;23 de agosto de 1872.;0
1018492;105467;A Rainha Vitória.;1
1018493;105467;A presidente dos Estados Unidos.;0
1018494;105467;A Sociedade Geográfica.;0
1018495;105467;A filha Inês.;0
1018496;105468;Por suas descobertas comerciais.;0
1018497;105468;Por sua luta contra a escravatura.;1
1018498;105468;Por sua carreira como jornalista.;0
1018499;105468;Por ter fundado a cidade de Ujiji.;0
1018500;105469;“Aqui repousa o maior comerciante da África.”;0
1018501;105469;“Trazido por mãos fiéis, por terra e por mar, aqui repousa Davi Livingstone.”;1
1018502;105469;“O explorador que descobriu todas as nascentes africanas.”;0
1018503;105469;“Morreu o homem que abandonou sua missão.”;0
1018504;105470;O desejo de encontrar um novo território comercial.;0
1018505;105470;A necessidade de verificar os rumores de que o missionário havia morrido.;1
1018506;105470;A intenção de capturar os carregadores fugitivos.;0
1018507;105470;O pedido do sultão de Zanzibar para localizar o missionário.;0
1018508;105471;Livingstone ainda desejava cumprir sua tarefa e descobrir as nascentes do Nilo.;1
1018509;105471;Livingstone não tinha autorização para viajar de navio.;0
1018510;105471;Livingstone desejava trabalhar para o sultão de Zanzibar.;0
1018511;105471;Livingstone esperava receber novas encomendas em Ujiji.;0
1018512;105472;"Henry Stanley encontrou Livingstone em Ujiji, ajudou-o com alimentos e remédios, mas o missionário permaneceu na África até morrer; depois, seu corpo foi levado à Inglaterra e sepultado com honras.";1
1018513;105472;Livingstone retornou com Stanley para os Estados Unidos e abandonou suas atividades missionárias.;0
1018514;105472;Stanley encontrou Livingstone morto em Ujiji e transportou imediatamente o corpo para Londres.;0
1018515;105472;Livingstone concluiu sua missão, retornou à Escócia e foi sepultado em sua cidade natal.;0
1018516;103156;O texto não menciona seu nome, apenas o cargo;1
1018517;103156;Henry Stanley;0
1018518;103156;Roberto Moffat;0
1018519;103156;Young;0
1018520;103157;Young;0
1018521;103157;Henry Stanley;1
1018522;103157;Mohammed Bogharib;0
1018523;103157;Chitapangua;0
1018524;103158;1866;0
1018525;103158;1869;0
1018526;103158;1871;1
1018527;103158;1873;0
1018528;103159;57;0
1018529;103159;153;0
1018530;103159;192;1
1018531;103159;234;0
1018532;103160;Três toneladas;0
1018533;103160;Seis toneladas;1
1018534;103160;Dez toneladas;0
1018535;103160;Quinze toneladas;0
1018536;103161;Ataques de animais selvagens e falta de água;0
1018537;103161;Chuvas torrenciais, febre e a rebelião dos carregadores;1
1018538;103161;Emboscadas de mercadores de escravos árabes;0
1018539;103161;Uma epidemia de malária entre os soldados;0
1018540;103162;A notícia de que havia um velho homem branco em uma aldeia junto do lago Tanganica;1
1018541;103162;Uma carta que Livingstone havia conseguido enviar;0
1018542;103162;O relato de um comerciante que havia visto Livingstone recentemente;0
1018543;103162;Instruções recebidas por telégrafo do governo britânico;0
1018544;103163;1º de agosto de 1849;0
1018545;103163;17 de setembro de 1859;0
1018546;103163;3 de novembro de 1871;1
1018547;103163;23 de agosto de 1872;0
1018548;103164;"""Finalmente o encontrei, Doutor Livingstone!""";0
1018549;103164;"""É o Doutor Livingstone, eu presumo.""";1
1018550;103164;"""Doutor Livingstone, o mundo o procura.""";0
1018551;103164;"""Que alívio encontrá-lo com vida, Doutor Livingstone.""";0
1018552;103165;Jornais e revistas da Inglaterra;0
1018553;103165;Pilhas de cartas;1
1018554;103165;Mapas atualizados da região;0
1018555;103165;Fotografias de sua família;0
1018556;103166;Os remédios e os alimentos trazidos por Stanley;1
1018557;103166;O descanso prolongado na aldeia;0
1018558;103166;A visita de um médico enviado pelo governo britânico;0
1018559;103166;O clima ameno da região de Ujiji;0
1018560;103167;Dois meses;0
1018561;103167;Quatro meses;1
1018562;103167;Seis meses;0
1018563;103167;Oito meses;0
1018564;103168;Que havia muitas tribos hostis nas proximidades;1
1018565;103168;Que o lago era infestado de crocodilos gigantes;0
1018566;103168;Que as águas do lago estavam contaminadas;0
1018567;103168;Que a região sofria de escassez extrema de alimentos;0
1018568;103169;Porque temia ser preso ao retornar à Inglaterra;0
1018569;103169;Porque sentia que sua tarefa ainda não estava cumprida e queria chegar às nascentes do rio Nilo;1
1018570;103169;Porque não confiava em Stanley para a viagem de volta;0
1018571;103169;Porque aguardava a chegada de sua família na África;0
1018572;103170;"""Volte assim que possível, sua família precisa do senhor.""";0
1018573;103170;"""Desejo muito que o senhor venha para casa, mas prefiro que acabe o seu serviço.""";1
1018574;103170;"""Não se preocupe conosco, continue sua missão o quanto for necessário.""";0
1018575;103170;"""Estou preocupada com sua saúde, por favor, retorne imediatamente.""";0
1018576;103171;Que retornaria pessoalmente em um ano;0
1018577;103171;Que mandaria carregadores para sua nova expedição;1
1018578;103171;Que convenceria o governo britânico a financiar mais uma viagem;0
1018579;103171;Que enviaria um médico para acompanhá-lo;0
1018580;103172;1º de agosto de 1849;0
1018581;103172;17 de setembro de 1859;0
1018582;103172;23 de agosto de 1872;1
1018583;103172;21 de abril de 1873;0
1018584;103173;Calor escaldante às margens do Tanganica e chuva fria com enchentes no Bangueolo;1
1018585;103173;Frio intenso em ambos os lagos;0
1018586;103173;Secas severas que impediam a obtenção de água em ambos os locais;0
1018587;103173;Tempestades de areia constantes em toda a região;0
1018588;103174;Sessões de leitura de seu diário de viagem;0
1018589;103174;Cultos religiosos;1
1018590;103174;Aulas de alfabetização;0
1018591;103174;Distribuição de remédios aos doentes;0
1018592;103175;"""Não tenho mais forças para prosseguir.""";0
1018593;103175;"""Tenho sido obrigado a ficar deitado. Eles me levaram exausto até a aldeia.""";1
1018594;103175;"""Sinto que meu fim está próximo.""";0
1018595;103175;"""Já não consigo mais escrever com clareza.""";0
1018596;103176;"""Não vejo mais esperança de continuar.""";0
1018597;103176;"""Meu coração está dilacerado.""";1
1018598;103176;"""Sinto que a morte se aproxima rapidamente.""";0
1018599;103176;"""Peço perdão por não ter concluído minha missão.""";0
1018600;103177;Ujiji;0
1018601;103177;Ilala;1
1018602;103177;Tete;0
1018603;103177;Mabotza;0
1018604;103178;Deitado tranquilamente em sua cama;0
1018605;103178;Ajoelhado ao lado da cama, com a cabeça entre as mãos, sobre o travesseiro;1
1018606;103178;Sentado à mesa, com uma carta inacabada;0
1018607;103178;Caído no chão, próximo à porta da cabana;0
1018608;103179;"""Morreu nosso grande explorador!""";0
1018609;103179;"""Morreu o Homem Bom!""";1
1018610;103179;"""Morreu o amigo dos escravos!""";0
1018611;103179;"""Morreu o médico estrangeiro!""";0
1018612;103180;Retiraram uma mecha de seus cabelos;0
1018613;103180;Retiraram-lhe o coração, que enterraram na África;1
1018614;103180;Guardaram suas roupas como relíquia;0
1018615;103180;Registraram um molde de suas mãos;0
1018616;103181;Três meses;0
1018617;103181;Seis meses;0
1018618;103181;Nove meses;1
1018619;103181;Doze meses;0
1018620;103182;Um navio britânico;1
1018621;103182;Um navio português;0
1018622;103182;Uma embarcação árabe;0
1018623;103182;Um navio americano;0
1018624;103183;4 de maio de 1873;0
1018625;103183;21 de abril de 1873;0
1018626;103183;18 de abril de 1874;1
1018627;103183;3 de novembro de 1874;0
1018628;103184;Por suas descobertas geográficas na África;0
1018629;103184;Por sua luta contra a escravatura;1
1018630;103184;Por seu trabalho como médico missionário;0
1018631;103184;Por ter mapeado as nascentes do rio Nilo;0
1018632;103185;"""Aqui repousa o Homem Bom, amigo dos africanos.""";0
1018633;103185;"""Trazido por mãos fiéis, por terra e por mar, aqui repousa Davi Livingstone.""";1
1018634;103185;"""Missionário, médico e explorador, dedicou sua vida à África.""";0
1018635;103185;"""Seu coração ficou na África, seu corpo repousa na Inglaterra.""";0
