id;topicArea;topicLevel1;topicLevel2;topicLevel3;topicAreaOrder;topicLevel1Order;topicLevel2Order;topicLevel3Order;text;difficulty;explanation
103734;LIVROS BÍBLICOS;1_Pentateuco;1_Gênesis;CAPÍTULO 01;1;1;1;1;No princípio, o que Deus criou? [A] (Gênesis 1:1);;
103735;LIVROS BÍBLICOS;1_Pentateuco;1_Gênesis;CAPÍTULO 01;1;1;1;1;No início do relato da criação, antes de Deus ordenar que houvesse luz, como a terra é descrita? [B] (Gênesis 1:2);;
103736;LIVROS BÍBLICOS;1_Pentateuco;1_Gênesis;CAPÍTULO 01;1;1;1;1;No início da criação, enquanto o Espírito de Deus se movia sobre as águas, qual foi a primeira ordem divina registrada? [B] (Gênesis 1:2-3);;
103737;LIVROS BÍBLICOS;1_Pentateuco;1_Gênesis;CAPÍTULO 01;1;1;1;1;Depois de separar a luz das trevas no primeiro dia da criação, que nomes Deus deu a elas, respectivamente? [A] (Gênesis 1:5);;
103738;LIVROS BÍBLICOS;1_Pentateuco;1_Gênesis;CAPÍTULO 01;1;1;1;1;No segundo dia da criação, Deus fez o firmamento para separar as águas. Que nome Deus deu ao firmamento? [C] (Gênesis 1:6-8);;
103739;LIVROS BÍBLICOS;1_Pentateuco;1_Gênesis;CAPÍTULO 01;1;1;1;1;No terceiro dia da criação, depois de ajuntar as águas e fazer aparecer a porção seca, que nomes Deus deu a esses dois elementos, respectivamente? [C] (Gênesis 1:9-10);;
103740;LIVROS BÍBLICOS;1_Pentateuco;1_Gênesis;CAPÍTULO 01;1;1;1;1;No terceiro dia da criação, o que Deus ordenou que a terra produzisse? [B] (Gênesis 1:11-12);;
103741;LIVROS BÍBLICOS;1_Pentateuco;1_Gênesis;CAPÍTULO 01;1;1;1;1;No quarto dia, Deus criou os luzeiros para iluminar a terra e separar o dia da noite. Além dessas funções, para que eles serviriam? [A] (Gênesis 1:14-15);;
103742;LIVROS BÍBLICOS;1_Pentateuco;1_Gênesis;CAPÍTULO 01;1;1;1;1;No quarto dia da criação, como Deus estabeleceu a função dos dois grandes luzeiros e o que mais fez? [A] (Gênesis 1:16);;
103743;LIVROS BÍBLICOS;1_Pentateuco;1_Gênesis;CAPÍTULO 01;1;1;1;1;No quinto dia da criação, que seres vivos Deus criou nas águas e no céu? [B] (Gênesis 1:20-21);;
103744;LIVROS BÍBLICOS;1_Pentateuco;1_Gênesis;CAPÍTULO 01;1;1;1;1;Ao abençoar os seres vivos das águas e as aves criados no quinto dia, o que Deus lhes ordenou? [B] (Gênesis 1:22);;
103745;LIVROS BÍBLICOS;1_Pentateuco;1_Gênesis;CAPÍTULO 01;1;1;1;1;No sexto dia da criação, quais grupos de seres vivos Deus ordenou que a terra produzisse? [B] (Gênesis 1:24-25);;
103746;LIVROS BÍBLICOS;1_Pentateuco;1_Gênesis;CAPÍTULO 01;1;1;1;1;No sexto dia da criação, de que modo Deus criou o ser humano? [A] (Gênesis 1:26-27);;
103747;LIVROS BÍBLICOS;1_Pentateuco;1_Gênesis;CAPÍTULO 01;1;1;1;1;Depois de criar o homem e a mulher no sexto dia, que bênção e responsabilidade Deus lhes deu? [A] (Gênesis 1:28);;
103748;LIVROS BÍBLICOS;1_Pentateuco;1_Gênesis;CAPÍTULO 01;1;1;1;1;Ao estabelecer a alimentação no final do sexto dia, o que Deus destinou ao ser humano e aos animais que tinham fôlego de vida? [B] (Gênesis 1:29-30);;
103749;LIVROS BÍBLICOS;1_Pentateuco;1_Gênesis;CAPÍTULO 01;1;1;1;1;Ao contemplar tudo o que havia feito no final do sexto dia da criação, como Deus avaliou sua obra? [B] (Gênesis 1:31);;
103750;LIVROS BÍBLICOS;1_Pentateuco;1_Gênesis;CAPÍTULO 02;1;1;1;2;Após concluir a obra da criação, o que Deus fez no sétimo dia? [A] (Gênesis 2:2);;
103751;LIVROS BÍBLICOS;1_Pentateuco;1_Gênesis;CAPÍTULO 02;1;1;1;2;Depois de descansar de toda a obra da criação no sétimo dia, o que Deus fez com esse dia? [A] (Gênesis 2:3);;
103752;LIVROS BÍBLICOS;1_Pentateuco;1_Gênesis;CAPÍTULO 02;1;1;1;2;Ao formar o homem do pó da terra, o que o Senhor Deus fez para que ele se tornasse um ser vivente? [A] (Gênesis 2:7);;
103753;LIVROS BÍBLICOS;1_Pentateuco;1_Gênesis;CAPÍTULO 02;1;1;1;2;Depois de formar o homem, onde o Senhor Deus plantou um jardim e o colocou? [C] (Gênesis 2:8);;
103754;LIVROS BÍBLICOS;1_Pentateuco;1_Gênesis;CAPÍTULO 02;1;1;1;2;Na descrição do jardim do Éden, quais duas árvores são destacadas no meio do jardim? [B] (Gênesis 2:9);;
103755;LIVROS BÍBLICOS;1_Pentateuco;1_Gênesis;CAPÍTULO 02;1;1;1;2;Segundo a descrição do rio que saía do Éden e se dividia em quatro braços, quais eram os nomes desses quatro rios? [C] (Gênesis 2:10-14);;
103756;LIVROS BÍBLICOS;1_Pentateuco;1_Gênesis;CAPÍTULO 02;1;1;1;2;Com que finalidade o Senhor Deus colocou o homem no jardim do Éden? [B] (Gênesis 2:15);;
103757;LIVROS BÍBLICOS;1_Pentateuco;1_Gênesis;CAPÍTULO 02;1;1;1;2;Ao dar ao homem instruções sobre as árvores do jardim do Éden, que permissão o Senhor Deus lhe concedeu? [B] (Gênesis 2:16);;
103758;LIVROS BÍBLICOS;1_Pentateuco;1_Gênesis;CAPÍTULO 02;1;1;1;2;Entre as árvores do jardim do Éden, de qual o homem não deveria comer e que consequência Deus anunciou para a desobediência? [B] (Gênesis 2:17);;
103759;LIVROS BÍBLICOS;1_Pentateuco;1_Gênesis;CAPÍTULO 02;1;1;1;2;Ao observar a condição do homem no jardim do Éden, por que o Senhor Deus decidiu fazer para ele uma auxiliadora semelhante a ele? [A] (Gênesis 2:18);;
103760;LIVROS BÍBLICOS;1_Pentateuco;1_Gênesis;CAPÍTULO 02;1;1;1;2;No episódio em que o Senhor Deus trouxe os animais ao homem, o que o homem fez e o que não foi encontrado para ele entre os seres vivos? [B] (Gênesis 2:19-20);;
103761;LIVROS BÍBLICOS;1_Pentateuco;1_Gênesis;CAPÍTULO 02;1;1;1;2;Depois de não se encontrar entre os animais uma auxiliadora semelhante ao homem, como o Senhor Deus formou a mulher? [A] (Gênesis 2:21-22);;
103762;LIVROS BÍBLICOS;1_Pentateuco;1_Gênesis;CAPÍTULO 02;1;1;1;2;Ao receber a mulher formada a partir dele, como o homem disse que ela seria chamada? [B] (Gênesis 2:23);;
103763;LIVROS BÍBLICOS;1_Pentateuco;1_Gênesis;CAPÍTULO 02;1;1;1;2;Depois do relato da formação da mulher, que princípio sobre a união entre homem e mulher é apresentado em Gênesis 2? [B] (Gênesis 2:24);;
103764;LIVROS BÍBLICOS;1_Pentateuco;1_Gênesis;CAPÍTULO 02;1;1;1;2;Ao final do relato sobre o homem e a mulher no jardim do Éden, como os dois são descritos? [B] (Gênesis 2:25);;
103765;LIVROS BÍBLICOS;1_Pentateuco;1_Gênesis;CAPÍTULO 03;1;1;1;3;No jardim do Éden, a serpente, descrita como mais astuta que os outros animais selvagens, o que perguntou à mulher? [A] (Gênesis 3:1);;
103766;LIVROS BÍBLICOS;1_Pentateuco;1_Gênesis;CAPÍTULO 03;1;1;1;3;Ao responder à serpente sobre a ordem de Deus no jardim do Éden, o que a mulher disse a respeito do fruto da árvore que estava no meio do jardim? [B] (Gênesis 3:2-3);;
103767;LIVROS BÍBLICOS;1_Pentateuco;1_Gênesis;CAPÍTULO 03;1;1;1;3;Durante o diálogo no jardim do Éden, o que a serpente afirmou que aconteceria se o homem e a mulher comessem do fruto proibido? [B] (Gênesis 3:4-5);;
103768;LIVROS BÍBLICOS;1_Pentateuco;1_Gênesis;CAPÍTULO 03;1;1;1;3;Depois das palavras da serpente, o que a mulher fez ao considerar a árvore boa para alimento, agradável aos olhos e desejável para dar entendimento? [B] (Gênesis 3:6);;
103769;LIVROS BÍBLICOS;1_Pentateuco;1_Gênesis;CAPÍTULO 03;1;1;1;3;Depois que o homem e a mulher comeram do fruto proibido, o que perceberam e o que fizeram? [B] (Gênesis 3:7);;
103770;LIVROS BÍBLICOS;1_Pentateuco;1_Gênesis;CAPÍTULO 03;1;1;1;3;Depois de comerem do fruto proibido, ao ouvirem a voz do Senhor Deus no jardim, onde o homem e a mulher se esconderam e por que o homem disse ter medo? [B] (Gênesis 3:8-10);;
103771;LIVROS BÍBLICOS;1_Pentateuco;1_Gênesis;CAPÍTULO 03;1;1;1;3;Ao confrontar o homem sobre ter comido da árvore proibida, quem ele mencionou como a pessoa que lhe deu o fruto? [A] (Gênesis 3:11-12);;
103772;LIVROS BÍBLICOS;1_Pentateuco;1_Gênesis;CAPÍTULO 03;1;1;1;3;Depois de ouvir a resposta do homem, o Senhor Deus perguntou à mulher o que ela havia feito. O que ela respondeu? [B] (Gênesis 3:13);;
103773;LIVROS BÍBLICOS;1_Pentateuco;1_Gênesis;CAPÍTULO 03;1;1;1;3;Após a desobediência no jardim do Éden, que sentença o Senhor Deus pronunciou sobre a serpente? [B] (Gênesis 3:14);;
103774;LIVROS BÍBLICOS;1_Pentateuco;1_Gênesis;CAPÍTULO 03;1;1;1;3;Na sentença pronunciada após a desobediência no Éden, que relação Deus estabeleceu entre a serpente e a mulher, e entre suas descendências? [B] (Gênesis 3:15);;
103775;LIVROS BÍBLICOS;1_Pentateuco;1_Gênesis;CAPÍTULO 03;1;1;1;3;Depois que o fruto proibido foi comido, o que Deus declarou à mulher como consequência da desobediência? [A] (Gênesis 3:16);;
103776;LIVROS BÍBLICOS;1_Pentateuco;1_Gênesis;CAPÍTULO 03;1;1;1;3;Como consequência da desobediência de Adão no jardim do Éden, o que Deus declarou sobre a terra e sobre o sustento do homem? [A] (Gênesis 3:17-19);;
103777;LIVROS BÍBLICOS;1_Pentateuco;1_Gênesis;CAPÍTULO 03;1;1;1;3;Depois de Deus anunciar as consequências da desobediência, que nome o homem deu à sua mulher e qual razão o texto apresenta? [C] (Gênesis 3:20);;
103778;LIVROS BÍBLICOS;1_Pentateuco;1_Gênesis;CAPÍTULO 03;1;1;1;3;Após o pecado do homem e da mulher no jardim do Éden, o que o Senhor Deus fez para vesti-los? [C] (Gênesis 3:21);;
103779;LIVROS BÍBLICOS;1_Pentateuco;1_Gênesis;CAPÍTULO 03;1;1;1;3;Depois da desobediência no Éden, por que o Senhor Deus lançou o homem para fora do jardim? [A] (Gênesis 3:22-23);;
103780;LIVROS BÍBLICOS;1_Pentateuco;1_Gênesis;CAPÍTULO 03;1;1;1;3;Depois de expulsar o homem do jardim do Éden, o que Deus colocou a leste do jardim para guardar o caminho da árvore da vida? [A] (Gênesis 3:24);;
103781;LIVROS BÍBLICOS;1_Pentateuco;1_Gênesis;CAPÍTULO 04;1;1;1;4;Depois do nascimento de Caim, primeiro filho mencionado de Adão e Eva, o que Eva declarou? [A] (Gênesis 4:1);;
103782;LIVROS BÍBLICOS;1_Pentateuco;1_Gênesis;CAPÍTULO 04;1;1;1;4;Entre os filhos de Adão e Eva, quais eram as ocupações de Abel e Caim, respectivamente? [B] (Gênesis 4:2);;
103783;LIVROS BÍBLICOS;1_Pentateuco;1_Gênesis;CAPÍTULO 04;1;1;1;4;Quando Caim e Abel apresentaram ofertas ao Senhor, o que cada um levou? [A] (Gênesis 4:3-4);;
103784;LIVROS BÍBLICOS;1_Pentateuco;1_Gênesis;CAPÍTULO 04;1;1;1;4;Ao receber as ofertas apresentadas por Caim e Abel, como o Senhor reagiu a cada um deles e às suas ofertas? [A] (Gênesis 4:4-5);;
103785;LIVROS BÍBLICOS;1_Pentateuco;1_Gênesis;CAPÍTULO 04;1;1;1;4;Depois de Caim ficar irado porque sua oferta não foi aceita, o que o Senhor lhe disse sobre o pecado? [A] (Gênesis 4:6-7);;
103786;LIVROS BÍBLICOS;1_Pentateuco;1_Gênesis;CAPÍTULO 04;1;1;1;4;Depois da advertência do Senhor, o que Caim fez com seu irmão Abel quando os dois estavam no campo? [B] (Gênesis 4:8);;
103787;LIVROS BÍBLICOS;1_Pentateuco;1_Gênesis;CAPÍTULO 04;1;1;1;4;Após a morte de Abel, quando o Senhor perguntou a Caim onde estava seu irmão, o que Caim respondeu? [B] (Gênesis 4:9);;
103788;LIVROS BÍBLICOS;1_Pentateuco;1_Gênesis;CAPÍTULO 04;1;1;1;4;Ao confrontar Caim pela morte de Abel, que consequência o Senhor anunciou para Caim por causa do sangue de seu irmão? [A] (Gênesis 4:10-12);;
103789;LIVROS BÍBLICOS;1_Pentateuco;1_Gênesis;CAPÍTULO 04;1;1;1;4;Depois de ouvir sua sentença, Caim disse temer que alguém o matasse. O que o Senhor fez para protegê-lo? [A] (Gênesis 4:13-15);;
103790;LIVROS BÍBLICOS;1_Pentateuco;1_Gênesis;CAPÍTULO 04;1;1;1;4;Depois de se retirar da presença do Senhor, onde Caim passou a habitar? [B] (Gênesis 4:16);;
103791;LIVROS BÍBLICOS;1_Pentateuco;1_Gênesis;CAPÍTULO 04;1;1;1;4;Ao edificar uma cidade, que nome Caim lhe deu em homenagem a seu filho? [B] (Gênesis 4:17);;
103792;LIVROS BÍBLICOS;1_Pentateuco;1_Gênesis;CAPÍTULO 04;1;1;1;4;Na descendência de Caim, quais eram os nomes das duas esposas de Lameque? [C] (Gênesis 4:19);;
103793;LIVROS BÍBLICOS;1_Pentateuco;1_Gênesis;CAPÍTULO 04;1;1;1;4;Entre os filhos de Lameque, quem é apresentado como o pai dos que habitam em tendas e possuem gado? [C] (Gênesis 4:20);;
103794;LIVROS BÍBLICOS;1_Pentateuco;1_Gênesis;CAPÍTULO 04;1;1;1;4;Entre os filhos de Lameque, quem é apresentado como o pai de todos os que tocam harpa e flauta? [C] (Gênesis 4:21);;
103795;LIVROS BÍBLICOS;1_Pentateuco;1_Gênesis;CAPÍTULO 04;1;1;1;4;Qual descendente de Caim, filho de Zilá, é descrito como artífice de todo instrumento cortante, de bronze e de ferro? [B] (Gênesis 4:22);;
103796;LIVROS BÍBLICOS;1_Pentateuco;1_Gênesis;CAPÍTULO 04;1;1;1;4;Ao falar com suas esposas Ada e Zilá, o que Lameque declarou sobre a vingança em comparação com a de Caim? [B] (Gênesis 4:23-24);;
103797;LIVROS BÍBLICOS;1_Pentateuco;1_Gênesis;CAPÍTULO 04;1;1;1;4;Depois da morte de Abel, que filho Eva disse que Deus lhe havia concedido em lugar dele? [B] (Gênesis 4:25);;
103798;LIVROS BÍBLICOS;1_Pentateuco;1_Gênesis;CAPÍTULO 04;1;1;1;4;Quando Sete, filho de Adão e Eva, gerou Enos, que mudança religiosa o texto registra? [B] (Gênesis 4:26);;
103799;LIVROS BÍBLICOS;1_Pentateuco;1_Gênesis;CAPÍTULO 05;1;1;1;5;Ao iniciar a genealogia de Adão, como Gênesis 5 relembra a criação do ser humano? [B] (Gênesis 5:1-2);;
103800;LIVROS BÍBLICOS;1_Pentateuco;1_Gênesis;CAPÍTULO 05;1;1;1;5;Na genealogia de Gênesis 5, quantos anos Adão tinha quando gerou Sete, filho descrito como semelhante a ele e conforme a sua imagem? [C] (Gênesis 5:3);;
103801;LIVROS BÍBLICOS;1_Pentateuco;1_Gênesis;CAPÍTULO 05;1;1;1;5;Segundo a genealogia de Gênesis 5, quantos anos Adão viveu ao todo? [C] (Gênesis 5:5);;
103802;LIVROS BÍBLICOS;1_Pentateuco;1_Gênesis;CAPÍTULO 05;1;1;1;5;Na linhagem de Adão apresentada em Gênesis 5, qual filho Sete gerou? [C] (Gênesis 5:6);;
103803;LIVROS BÍBLICOS;1_Pentateuco;1_Gênesis;CAPÍTULO 05;1;1;1;5;Na genealogia que liga Adão a Noé, qual alternativa apresenta corretamente a sequência de Enos até Enoque? [B] (Gênesis 5:9-21);;
103804;LIVROS BÍBLICOS;1_Pentateuco;1_Gênesis;CAPÍTULO 05;1;1;1;5;Na genealogia de Gênesis 5, depois de gerar Metusalém, por quanto tempo Enoque andou com Deus? [B] (Gênesis 5:21-22);;
103805;LIVROS BÍBLICOS;1_Pentateuco;1_Gênesis;CAPÍTULO 05;1;1;1;5;Quantos anos Enoque, personagem da linhagem de Adão que andou com Deus, viveu ao todo? [B] (Gênesis 5:23);;
103806;LIVROS BÍBLICOS;1_Pentateuco;1_Gênesis;CAPÍTULO 05;1;1;1;5;Que fato distingue Enoque dos demais personagens da genealogia de Gênesis 5 ao final do relato sobre sua vida? [A] (Gênesis 5:24);;
103807;LIVROS BÍBLICOS;1_Pentateuco;1_Gênesis;CAPÍTULO 05;1;1;1;5;Na genealogia de Gênesis 5, quantos anos Metusalém viveu ao todo? [C] (Gênesis 5:27);;
103808;LIVROS BÍBLICOS;1_Pentateuco;1_Gênesis;CAPÍTULO 05;1;1;1;5;Ao dar o nome de Noé ao seu filho, que esperança Lameque expressou? [A] (Gênesis 5:28-29);;
103809;LIVROS BÍBLICOS;1_Pentateuco;1_Gênesis;CAPÍTULO 05;1;1;1;5;Quando Noé tinha quinhentos anos, quais filhos ele gerou, preparando a continuação do relato bíblico? [B] (Gênesis 5:32);;
103810;LIVROS BÍBLICOS;1_Pentateuco;1_Gênesis;CAPÍTULO 06;1;1;1;6;No período anterior ao dilúvio, quando as pessoas começaram a se multiplicar sobre a terra, o que os filhos de Deus fizeram ao ver que as filhas dos homens eram bonitas? [B] (Gênesis 6:1-2);;
103811;LIVROS BÍBLICOS;1_Pentateuco;1_Gênesis;CAPÍTULO 06;1;1;1;6;No contexto da crescente corrupção humana antes do dilúvio, o que o SENHOR declarou sobre a duração dos dias do ser humano? [C] (Gênesis 6:3);;
103812;LIVROS BÍBLICOS;1_Pentateuco;1_Gênesis;CAPÍTULO 06;1;1;1;6;No relato sobre os filhos de Deus e as filhas dos homens, como são descritos os filhos nascidos dessas relações? [B] (Gênesis 6:4);;
103813;LIVROS BÍBLICOS;1_Pentateuco;1_Gênesis;CAPÍTULO 06;1;1;1;6;Ao observar a humanidade antes do dilúvio, o que o SENHOR viu a respeito da maldade das pessoas e dos pensamentos do coração delas? [A] (Gênesis 6:5);;
103814;LIVROS BÍBLICOS;1_Pentateuco;1_Gênesis;CAPÍTULO 06;1;1;1;6;Diante da grande corrupção da humanidade antes do dilúvio, como o SENHOR reagiu e o que decidiu fazer? [A] (Gênesis 6:6-7);;
103815;LIVROS BÍBLICOS;1_Pentateuco;1_Gênesis;CAPÍTULO 06;1;1;1;6;Em contraste com a geração corrompida de seu tempo, como Noé é apresentado em Gênesis 6? [A] (Gênesis 6:8-9);;
103816;LIVROS BÍBLICOS;1_Pentateuco;1_Gênesis;CAPÍTULO 06;1;1;1;6;Quais eram os três filhos de Noé mencionados antes do relato da construção da arca? [B] (Gênesis 6:10);;
103817;LIVROS BÍBLICOS;1_Pentateuco;1_Gênesis;CAPÍTULO 06;1;1;1;6;Antes de Deus anunciar a Noé que daria fim aos seres humanos, como a terra é descrita diante dele? [A] (Gênesis 6:11-13);;
103818;LIVROS BÍBLICOS;1_Pentateuco;1_Gênesis;CAPÍTULO 06;1;1;1;6;Ao ordenar a Noé que construísse uma arca, de que material Deus disse que ela deveria ser feita e como deveria ser revestida? [B] (Gênesis 6:14);;
103819;LIVROS BÍBLICOS;1_Pentateuco;1_Gênesis;CAPÍTULO 06;1;1;1;6;Segundo as instruções dadas por Deus a Noé, quais eram as dimensões da arca apresentadas na NAA? [C] (Gênesis 6:15);;
103820;LIVROS BÍBLICOS;1_Pentateuco;1_Gênesis;CAPÍTULO 06;1;1;1;6;Entre as instruções dadas por Deus a Noé para a construção da arca, qual destas características fazia parte de sua estrutura? [B] (Gênesis 6:16);;
103821;LIVROS BÍBLICOS;1_Pentateuco;1_Gênesis;CAPÍTULO 06;1;1;1;6;Ao explicar a Noé por que a arca seria necessária, o que Deus anunciou que traria sobre a terra para destruir os seres que tinham fôlego de vida debaixo dos céus? [B] (Gênesis 6:17);;
103822;LIVROS BÍBLICOS;1_Pentateuco;1_Gênesis;CAPÍTULO 06;1;1;1;6;Ao anunciar o dilúvio, com quem Deus disse que estabeleceria sua aliança e quem entraria na arca com ele? [A] (Gênesis 6:18);;
103823;LIVROS BÍBLICOS;1_Pentateuco;1_Gênesis;CAPÍTULO 06;1;1;1;6;Para conservar vivos os seres durante o dilúvio, quantos de cada espécie Noé deveria fazer entrar na arca? [B] (Gênesis 6:19-20);;
103824;LIVROS BÍBLICOS;1_Pentateuco;1_Gênesis;CAPÍTULO 06;1;1;1;6;Além de construir a arca e receber os animais, o que Deus ordenou que Noé armazenasse para o período dentro da arca? [B] (Gênesis 6:21);;
103825;LIVROS BÍBLICOS;1_Pentateuco;1_Gênesis;CAPÍTULO 06;1;1;1;6;Depois de receber de Deus todas as instruções sobre a arca, os animais e os alimentos, como Noé respondeu às ordens recebidas? [A] (Gênesis 6:22);;
103826;LIVROS BÍBLICOS;1_Pentateuco;1_Gênesis;CAPÍTULO 07;1;1;1;7;Antes do início do dilúvio, por que o SENHOR ordenou que Noé entrasse na arca com toda a sua família? [A] (Gênesis 7:1);;
103827;LIVROS BÍBLICOS;1_Pentateuco;1_Gênesis;CAPÍTULO 07;1;1;1;7;Ao orientar Noé sobre os animais que deveriam entrar na arca, quantos pares de animais puros e de animais impuros ele deveria levar? [B] (Gênesis 7:2);;
103828;LIVROS BÍBLICOS;1_Pentateuco;1_Gênesis;CAPÍTULO 07;1;1;1;7;Além dos animais terrestres, quantos pares das aves dos céus Noé deveria levar para a arca e com que propósito? [C] (Gênesis 7:3);;
103829;LIVROS BÍBLICOS;1_Pentateuco;1_Gênesis;CAPÍTULO 07;1;1;1;7;Depois de ordenar que Noé entrasse na arca, quanto tempo o SENHOR anunciou que faltava para o início das águas do dilúvio? [B] (Gênesis 7:4,10);;
103830;LIVROS BÍBLICOS;1_Pentateuco;1_Gênesis;CAPÍTULO 07;1;1;1;7;Durante o dilúvio, por quanto tempo a chuva caiu sobre a terra? [B] (Gênesis 7:12);;
103831;LIVROS BÍBLICOS;1_Pentateuco;1_Gênesis;CAPÍTULO 07;1;1;1;7;Quantos anos Noé tinha quando as águas do dilúvio vieram sobre a terra? [B] (Gênesis 7:6);;
103832;LIVROS BÍBLICOS;1_Pentateuco;1_Gênesis;CAPÍTULO 07;1;1;1;7;Quando começou o dilúvio, quem entrou na arca com Noé para escapar das águas? [A] (Gênesis 7:7,13);;
103833;LIVROS BÍBLICOS;1_Pentateuco;1_Gênesis;CAPÍTULO 07;1;1;1;7;Durante a entrada na arca, de que maneira os animais foram para junto de Noé, conforme a ordem de Deus? [A] (Gênesis 7:8-9,15-16);;
103834;LIVROS BÍBLICOS;1_Pentateuco;1_Gênesis;CAPÍTULO 07;1;1;1;7;No início do dilúvio, no décimo sétimo dia do segundo mês, o que aconteceu com as fontes do grande abismo e com as comportas dos céus? [B] (Gênesis 7:11);;
103835;LIVROS BÍBLICOS;1_Pentateuco;1_Gênesis;CAPÍTULO 07;1;1;1;7;Depois que Noé, sua família e os animais entraram na arca, quem fechou a porta? [A] (Gênesis 7:16);;
103836;LIVROS BÍBLICOS;1_Pentateuco;1_Gênesis;CAPÍTULO 07;1;1;1;7;À medida que as águas do dilúvio aumentavam sobre a terra, o que aconteceu com a arca? [A] (Gênesis 7:17-18);;
103837;LIVROS BÍBLICOS;1_Pentateuco;1_Gênesis;CAPÍTULO 07;1;1;1;7;Quando as águas do dilúvio prevaleceram excessivamente sobre a terra, até onde elas chegaram? [C] (Gênesis 7:19-20);;
103838;LIVROS BÍBLICOS;1_Pentateuco;1_Gênesis;CAPÍTULO 07;1;1;1;7;Depois que as águas do dilúvio cobriram a terra e os seres que estavam fora da arca foram exterminados, quem permaneceu vivo? [B] (Gênesis 7:21-23);;
103839;LIVROS BÍBLICOS;1_Pentateuco;1_Gênesis;CAPÍTULO 07;1;1;1;7;Durante quanto tempo as águas do dilúvio prevaleceram sobre a terra? [B] (Gênesis 7:24);;
103840;LIVROS BÍBLICOS;1_Pentateuco;1_Gênesis;CAPÍTULO 08;1;1;1;8;Depois que as águas do dilúvio prevaleceram sobre a terra, Deus se lembrou de Noé e dos animais que estavam com ele na arca. O que Deus fez para que as águas começassem a baixar? [A] (Gênesis 8:1);;
103841;LIVROS BÍBLICOS;1_Pentateuco;1_Gênesis;CAPÍTULO 08;1;1;1;8;Enquanto as águas do dilúvio começavam a diminuir, o que aconteceu com as fontes do abismo, as comportas dos céus e a chuva? [B] (Gênesis 8:2);;
103842;LIVROS BÍBLICOS;1_Pentateuco;1_Gênesis;CAPÍTULO 08;1;1;1;8;Depois que Deus fez as águas do dilúvio começarem a baixar, ao fim de quanto tempo elas haviam diminuído? [C] (Gênesis 8:3);;
103843;LIVROS BÍBLICOS;1_Pentateuco;1_Gênesis;CAPÍTULO 08;1;1;1;8;Durante a diminuição das águas do dilúvio, onde a arca repousou no décimo sétimo dia do sétimo mês? [A] (Gênesis 8:4);;
103844;LIVROS BÍBLICOS;1_Pentateuco;1_Gênesis;CAPÍTULO 08;1;1;1;8;À medida que as águas do dilúvio continuavam a baixar, o que apareceu no primeiro dia do décimo mês? [C] (Gênesis 8:5);;
103845;LIVROS BÍBLICOS;1_Pentateuco;1_Gênesis;CAPÍTULO 08;1;1;1;8;Depois que os picos das montanhas apareceram, Noé esperou quarenta dias, abriu a janela da arca e soltou um corvo. O que a ave fez? [B] (Gênesis 8:6-7);;
103846;LIVROS BÍBLICOS;1_Pentateuco;1_Gênesis;CAPÍTULO 08;1;1;1;8;Quando Noé soltou uma pomba pela primeira vez para verificar se as águas haviam diminuído, por que ela voltou para a arca? [A] (Gênesis 8:8-9);;
103847;LIVROS BÍBLICOS;1_Pentateuco;1_Gênesis;CAPÍTULO 08;1;1;1;8;Sete dias depois da primeira tentativa, Noé soltou novamente a pomba para verificar as condições da terra. O que ela trouxe ao voltar? [B] (Gênesis 8:10-11);;
103848;LIVROS BÍBLICOS;1_Pentateuco;1_Gênesis;CAPÍTULO 08;1;1;1;8;Depois de esperar outros sete dias, Noé soltou a pomba pela terceira vez. O que aconteceu nessa ocasião? [A] (Gênesis 8:12);;
103849;LIVROS BÍBLICOS;1_Pentateuco;1_Gênesis;CAPÍTULO 08;1;1;1;8;No primeiro dia do primeiro mês do ano seiscentos e um da vida de Noé, o que ele fez ao verificar que as águas haviam secado da superfície da terra? [B] (Gênesis 8:13);;
103850;LIVROS BÍBLICOS;1_Pentateuco;1_Gênesis;CAPÍTULO 08;1;1;1;8;Quando a terra ficou completamente seca depois do dilúvio, o que Deus ordenou a Noé? [B] (Gênesis 8:14-16);;
103851;LIVROS BÍBLICOS;1_Pentateuco;1_Gênesis;CAPÍTULO 08;1;1;1;8;Ao ordenar que Noé retirasse os animais da arca depois do dilúvio, qual propósito Deus declarou para eles sobre a terra? [B] (Gênesis 8:17);;
103852;LIVROS BÍBLICOS;1_Pentateuco;1_Gênesis;CAPÍTULO 08;1;1;1;8;Depois de sair da arca com sua família e os animais, o que Noé fez em adoração ao SENHOR? [A] (Gênesis 8:20);;
103853;LIVROS BÍBLICOS;1_Pentateuco;1_Gênesis;CAPÍTULO 08;1;1;1;8;Depois que Noé ofereceu holocaustos ao SENHOR após sair da arca, o que Deus decidiu não voltar a fazer como havia feito no dilúvio? [B] (Gênesis 8:21);;
103854;LIVROS BÍBLICOS;1_Pentateuco;1_Gênesis;CAPÍTULO 08;1;1;1;8;Depois do dilúvio, ao declarar que a ordem da criação continuaria enquanto durasse a terra, quais ciclos Deus afirmou que não deixariam de existir? [B] (Gênesis 8:22);;
103855;LIVROS BÍBLICOS;1_Pentateuco;1_Gênesis;CAPÍTULO 09;1;1;1;9;Depois do dilúvio, ao abençoar Noé e seus filhos, o que Deus lhes ordenou quanto à continuidade da humanidade? [A] (Gênesis 9:1);;
103856;LIVROS BÍBLICOS;1_Pentateuco;1_Gênesis;CAPÍTULO 09;1;1;1;9;Depois do dilúvio, o que Deus disse que os animais da terra, as aves e os peixes sentiriam em relação aos seres humanos? [B] (Gênesis 9:2);;
103857;LIVROS BÍBLICOS;1_Pentateuco;1_Gênesis;CAPÍTULO 09;1;1;1;9;Ao falar com Noé e seus filhos depois do dilúvio, que mudança Deus anunciou sobre o alimento disponível aos seres humanos? [B] (Gênesis 9:3-4);;
103858;LIVROS BÍBLICOS;1_Pentateuco;1_Gênesis;CAPÍTULO 09;1;1;1;9;Ao estabelecer orientações para a humanidade depois do dilúvio, por que Deus tratou o derramamento do sangue humano com especial seriedade? [A] (Gênesis 9:5-6);;
103859;LIVROS BÍBLICOS;1_Pentateuco;1_Gênesis;CAPÍTULO 09;1;1;1;9;Na aliança estabelecida depois do dilúvio, com quem Deus declarou que firmava esse compromisso? [A] (Gênesis 9:8-10);;
103860;LIVROS BÍBLICOS;1_Pentateuco;1_Gênesis;CAPÍTULO 09;1;1;1;9;Qual promessa Deus fez na aliança estabelecida com Noé, sua descendência e os seres vivos depois do dilúvio? [A] (Gênesis 9:11);;
103861;LIVROS BÍBLICOS;1_Pentateuco;1_Gênesis;CAPÍTULO 09;1;1;1;9;Qual sinal Deus colocou nas nuvens para representar a aliança estabelecida depois do dilúvio entre ele, a terra e os seres vivos? [A] (Gênesis 9:12-17);;
103862;LIVROS BÍBLICOS;1_Pentateuco;1_Gênesis;CAPÍTULO 09;1;1;1;9;Depois do dilúvio, quais eram os três filhos de Noé que saíram da arca, e qual deles era o pai de Canaã? [B] (Gênesis 9:18-19);;
103863;LIVROS BÍBLICOS;1_Pentateuco;1_Gênesis;CAPÍTULO 09;1;1;1;9;Depois do dilúvio, que atividade Noé passou a exercer e o que ele plantou? [B] (Gênesis 9:20);;
103864;LIVROS BÍBLICOS;1_Pentateuco;1_Gênesis;CAPÍTULO 09;1;1;1;9;No episódio da vinha plantada por Noé depois do dilúvio, o que aconteceu após ele beber do vinho? [B] (Gênesis 9:21);;
103865;LIVROS BÍBLICOS;1_Pentateuco;1_Gênesis;CAPÍTULO 09;1;1;1;9;No episódio em que Noé ficou nu dentro de sua tenda, o que Cam, pai de Canaã, fez ao vê-lo? [C] (Gênesis 9:22);;
103866;LIVROS BÍBLICOS;1_Pentateuco;1_Gênesis;CAPÍTULO 09;1;1;1;9;Depois que Cam contou aos irmãos sobre a nudez de Noé, como Sem e Jafé agiram para cobrir o pai sem vê-lo? [B] (Gênesis 9:23);;
103867;LIVROS BÍBLICOS;1_Pentateuco;1_Gênesis;CAPÍTULO 09;1;1;1;9;Ao despertar e saber o que havia acontecido no episódio envolvendo seus filhos, sobre quem Noé pronunciou uma maldição? [B] (Gênesis 9:24-25);;
103868;LIVROS BÍBLICOS;1_Pentateuco;1_Gênesis;CAPÍTULO 09;1;1;1;9;Na declaração de Noé depois do episódio envolvendo seus filhos, como o SENHOR é relacionado a Sem? [A] (Gênesis 9:26);;
103869;LIVROS BÍBLICOS;1_Pentateuco;1_Gênesis;CAPÍTULO 09;1;1;1;9;Na declaração de Noé a respeito de seus filhos e descendentes, o que ele disse sobre Jafé? [B] (Gênesis 9:27);;
103870;LIVROS BÍBLICOS;1_Pentateuco;1_Gênesis;CAPÍTULO 09;1;1;1;9;Segundo o encerramento de Gênesis 9, quanto tempo Noé viveu depois do dilúvio e quantos anos viveu ao todo? [C] (Gênesis 9:28-29);;
103871;LIVROS BÍBLICOS;1_Pentateuco;1_Gênesis;CAPÍTULO 10;1;1;1;10;Ao apresentar as nações formadas depois do dilúvio, Gênesis 10 registra as gerações de quais três filhos de Noé? [A] (Gênesis 10:1);;
103872;LIVROS BÍBLICOS;1_Pentateuco;1_Gênesis;CAPÍTULO 10;1;1;1;10;Na genealogia de Jafé, filho de Noé, quais são os sete filhos mencionados no início do capítulo? [C] (Gênesis 10:2);;
103873;LIVROS BÍBLICOS;1_Pentateuco;1_Gênesis;CAPÍTULO 10;1;1;1;10;Ao descrever os povos descendentes de Jafé depois do dilúvio, como Gênesis 10 apresenta o modo como se estabeleceram em seus territórios? [B] (Gênesis 10:5);;
103874;LIVROS BÍBLICOS;1_Pentateuco;1_Gênesis;CAPÍTULO 10;1;1;1;10;Na genealogia de Cam, filho de Noé, quais são os quatro filhos mencionados? [C] (Gênesis 10:6);;
103875;LIVROS BÍBLICOS;1_Pentateuco;1_Gênesis;CAPÍTULO 10;1;1;1;10;Na linhagem de Cam apresentada em Gênesis 10, quem era o pai de Cuxe, de cuja descendência veio Ninrode? [B] (Gênesis 10:6,8);;
103876;LIVROS BÍBLICOS;1_Pentateuco;1_Gênesis;CAPÍTULO 10;1;1;1;10;Na genealogia de Cam, como Ninrode, descendente de Cuxe, é descrito em Gênesis 10? [A] (Gênesis 10:8-9);;
103877;LIVROS BÍBLICOS;1_Pentateuco;1_Gênesis;CAPÍTULO 10;1;1;1;10;Ao descrever o início do reino de Ninrode, quais cidades Gênesis 10 menciona e em que região elas ficavam? [B] (Gênesis 10:10);;
103878;LIVROS BÍBLICOS;1_Pentateuco;1_Gênesis;CAPÍTULO 10;1;1;1;10;No relato sobre a expansão ligada a Ninrode, quais cidades são mencionadas depois da saída da terra de Sinar em direção à Assíria? [B] (Gênesis 10:11-12);;
103879;LIVROS BÍBLICOS;1_Pentateuco;1_Gênesis;CAPÍTULO 10;1;1;1;10;Na genealogia dos descendentes de Mizraim, filho de Cam, de qual povo procediam os filisteus? [C] (Gênesis 10:13-14);;
103880;LIVROS BÍBLICOS;1_Pentateuco;1_Gênesis;CAPÍTULO 10;1;1;1;10;Na genealogia de Canaã, filho de Cam, quais são os dois primeiros filhos mencionados? [C] (Gênesis 10:15);;
103881;LIVROS BÍBLICOS;1_Pentateuco;1_Gênesis;CAPÍTULO 10;1;1;1;10;Depois de enumerar os povos descendentes de Canaã, o que Gênesis 10 informa sobre as famílias dos cananeus? [B] (Gênesis 10:18-19);;
103882;LIVROS BÍBLICOS;1_Pentateuco;1_Gênesis;CAPÍTULO 10;1;1;1;10;Ao iniciar a genealogia de Sem, como ele é identificado em relação a Héber e Jafé? [B] (Gênesis 10:21);;
103883;LIVROS BÍBLICOS;1_Pentateuco;1_Gênesis;CAPÍTULO 10;1;1;1;10;Na genealogia de Sem, filho de Noé, quais são os cinco filhos mencionados em Gênesis 10? [C] (Gênesis 10:22);;
103884;LIVROS BÍBLICOS;1_Pentateuco;1_Gênesis;CAPÍTULO 10;1;1;1;10;Na linhagem de Sem, qual sequência genealógica liga Arfaxade a Héber? [C] (Gênesis 10:24);;
103885;LIVROS BÍBLICOS;1_Pentateuco;1_Gênesis;CAPÍTULO 10;1;1;1;10;Na genealogia de Héber, por que um de seus filhos recebeu o nome de Pelegue? [B] (Gênesis 10:25);;
103886;LIVROS BÍBLICOS;1_Pentateuco;1_Gênesis;CAPÍTULO 10;1;1;1;10;Ao concluir a genealogia dos filhos de Noé, o que Gênesis 10 informa sobre as nações formadas por essas famílias depois do dilúvio? [A] (Gênesis 10:32);;
103887;LIVROS BÍBLICOS;1_Pentateuco;1_Gênesis;CAPÍTULO 11;1;1;1;11;No início do episódio da torre de Babel, como era a comunicação entre os habitantes da terra? [A] (Gênesis 11:1);;
103888;LIVROS BÍBLICOS;1_Pentateuco;1_Gênesis;CAPÍTULO 11;1;1;1;11;No episódio da torre de Babel, depois de partirem do Oriente, onde os homens encontraram uma planície e passaram a habitar? [B] (Gênesis 11:2);;
103889;LIVROS BÍBLICOS;1_Pentateuco;1_Gênesis;CAPÍTULO 11;1;1;1;11;Ao planejarem construir a cidade e a torre de Babel, que materiais os homens decidiram usar? [B] (Gênesis 11:3);;
103890;LIVROS BÍBLICOS;1_Pentateuco;1_Gênesis;CAPÍTULO 11;1;1;1;11;No projeto da cidade e da torre de Babel, qual era o objetivo declarado pelos homens ao construir uma torre cujo topo chegasse até os céus? [B] (Gênesis 11:4);;
103891;LIVROS BÍBLICOS;1_Pentateuco;1_Gênesis;CAPÍTULO 11;1;1;1;11;Ao observar a cidade e a torre que os homens estavam construindo em Babel, o que o SENHOR fez? [A] (Gênesis 11:5);;
103892;LIVROS BÍBLICOS;1_Pentateuco;1_Gênesis;CAPÍTULO 11;1;1;1;11;No episódio de Babel, ao ver o povo unido e falando a mesma língua, o que o SENHOR decidiu fazer para impedir que continuassem executando seus planos? [A] (Gênesis 11:6-7);;
103893;LIVROS BÍBLICOS;1_Pentateuco;1_Gênesis;CAPÍTULO 11;1;1;1;11;Depois que o SENHOR confundiu a língua do povo em Babel, qual foi uma consequência imediata? [B] (Gênesis 11:8);;
103894;LIVROS BÍBLICOS;1_Pentateuco;1_Gênesis;CAPÍTULO 11;1;1;1;11;Por que a cidade recebeu o nome de Babel, segundo o relato de Gênesis 11? [A] (Gênesis 11:9);;
103895;LIVROS BÍBLICOS;1_Pentateuco;1_Gênesis;CAPÍTULO 11;1;1;1;11;Na genealogia de Sem apresentada depois do episódio de Babel, quantos anos Sem tinha quando gerou Arfaxade, dois anos após o dilúvio? [C] (Gênesis 11:10);;
103896;LIVROS BÍBLICOS;1_Pentateuco;1_Gênesis;CAPÍTULO 11;1;1;1;11;Na genealogia que conduz de Sem até Abrão, quem foi o pai de Abrão, Naor e Harã? [A] (Gênesis 11:26-27);;
103897;LIVROS BÍBLICOS;1_Pentateuco;1_Gênesis;CAPÍTULO 11;1;1;1;11;Na família de Tera apresentada em Gênesis 11, quem era Ló em relação a Harã? [C] (Gênesis 11:27);;
103898;LIVROS BÍBLICOS;1_Pentateuco;1_Gênesis;CAPÍTULO 11;1;1;1;11;Na história da família de Tera, o que aconteceu com Harã enquanto seu pai ainda estava vivo? [A] (Gênesis 11:28);;
103899;LIVROS BÍBLICOS;1_Pentateuco;1_Gênesis;CAPÍTULO 11;1;1;1;11;Na família de Tera, quais eram os nomes das mulheres de Abrão e de Naor, respectivamente? [B] (Gênesis 11:29);;
103900;LIVROS BÍBLICOS;1_Pentateuco;1_Gênesis;CAPÍTULO 11;1;1;1;11;Que informação Gênesis 11 apresenta sobre Sarai, mulher de Abrão? [B] (Gênesis 11:30);;
103901;LIVROS BÍBLICOS;1_Pentateuco;1_Gênesis;CAPÍTULO 11;1;1;1;11;Quando Tera saiu de Ur dos caldeus com Abrão, Ló e Sarai com destino à terra de Canaã, até onde eles chegaram e passaram a morar? [B] (Gênesis 11:31);;
103902;LIVROS BÍBLICOS;1_Pentateuco;1_Gênesis;CAPÍTULO 11;1;1;1;11;Ao final de Gênesis 11, quantos anos Tera viveu ao todo e onde morreu? [B] (Gênesis 11:32);;
103903;LIVROS BÍBLICOS;1_Pentateuco;1_Gênesis;CAPÍTULO 12;1;1;1;12;No chamado de Abrão, o que o SENHOR ordenou que ele deixasse para ir à terra que lhe mostraria? [A] (Gênesis 12:1);;
103904;LIVROS BÍBLICOS;1_Pentateuco;1_Gênesis;CAPÍTULO 12;1;1;1;12;Entre as promessas feitas por Deus no chamado de Abrão, o que o SENHOR disse que faria dele? [A] (Gênesis 12:2);;
103905;LIVROS BÍBLICOS;1_Pentateuco;1_Gênesis;CAPÍTULO 12;1;1;1;12;No chamado de Abrão, que alcance teria a bênção prometida por Deus por meio dele? [B] (Gênesis 12:3);;
103906;LIVROS BÍBLICOS;1_Pentateuco;1_Gênesis;CAPÍTULO 12;1;1;1;12;No chamado de Abrão, o que Deus declarou que faria em relação aos que o abençoassem ou o amaldiçoassem? [A] (Gênesis 12:3);;
103907;LIVROS BÍBLICOS;1_Pentateuco;1_Gênesis;CAPÍTULO 12;1;1;1;12;Quantos anos Abrão tinha quando saiu de Harã em obediência ao chamado do SENHOR? [B] (Gênesis 12:4);;
103908;LIVROS BÍBLICOS;1_Pentateuco;1_Gênesis;CAPÍTULO 12;1;1;1;12;Quando Abrão partiu de Harã para a terra de Canaã, além de Sarai e Ló, o que levou consigo? [C] (Gênesis 12:5);;
103909;LIVROS BÍBLICOS;1_Pentateuco;1_Gênesis;CAPÍTULO 12;1;1;1;12;Ao atravessar a terra de Canaã depois de sair de Harã, até que lugar Abrão chegou? [C] (Gênesis 12:6);;
103910;LIVROS BÍBLICOS;1_Pentateuco;1_Gênesis;CAPÍTULO 12;1;1;1;12;Quando o SENHOR apareceu a Abrão em Canaã, que promessa fez a respeito daquela terra? [A] (Gênesis 12:7);;
103911;LIVROS BÍBLICOS;1_Pentateuco;1_Gênesis;CAPÍTULO 12;1;1;1;12;Depois que o SENHOR apareceu a Abrão em Canaã e prometeu a terra à sua descendência, o que Abrão fez naquele lugar? [A] (Gênesis 12:7);;
103912;LIVROS BÍBLICOS;1_Pentateuco;1_Gênesis;CAPÍTULO 12;1;1;1;12;Ao armar sua tenda entre Betel, a oeste, e Ai, a leste, o que Abrão fez naquele lugar? [B] (Gênesis 12:8);;
103913;LIVROS BÍBLICOS;1_Pentateuco;1_Gênesis;CAPÍTULO 12;1;1;1;12;Depois de deixar a região entre Betel e Ai, em que direção Abrão continuou sua viagem por Canaã? [C] (Gênesis 12:9);;
103914;LIVROS BÍBLICOS;1_Pentateuco;1_Gênesis;CAPÍTULO 12;1;1;1;12;Durante a permanência de Abrão em Canaã, o que o levou a descer ao Egito para ficar ali por algum tempo? [B] (Gênesis 12:10);;
103915;LIVROS BÍBLICOS;1_Pentateuco;1_Gênesis;CAPÍTULO 12;1;1;1;12;Ao se aproximar do Egito durante a fome, por que Abrão pediu a Sarai que dissesse ser sua irmã? [B] (Gênesis 12:11-13);;
103916;LIVROS BÍBLICOS;1_Pentateuco;1_Gênesis;CAPÍTULO 12;1;1;1;12;No episódio de Abrão e Sarai no Egito, o que aconteceu com Sarai depois que os príncipes de Faraó viram sua beleza e falaram dela ao rei? [B] (Gênesis 12:14-15);;
103917;LIVROS BÍBLICOS;1_Pentateuco;1_Gênesis;CAPÍTULO 12;1;1;1;12;No episódio de Abrão e Sarai no Egito, como Faraó tratou Abrão por causa de Sarai? [B] (Gênesis 12:16);;
103918;LIVROS BÍBLICOS;1_Pentateuco;1_Gênesis;CAPÍTULO 12;1;1;1;12;Depois que Sarai foi levada para a casa de Faraó no Egito, o que o SENHOR fez a Faraó e à sua casa por causa dela? [A] (Gênesis 12:17);;
103919;LIVROS BÍBLICOS;1_Pentateuco;1_Gênesis;CAPÍTULO 12;1;1;1;12;Ao descobrir que Sarai era mulher de Abrão, o que Faraó fez no desfecho do episódio no Egito? [B] (Gênesis 12:18-20);;
103920;LIVROS BÍBLICOS;1_Pentateuco;1_Gênesis;CAPÍTULO 13;1;1;1;13;Depois de sair do Egito, para onde Abrão foi com sua mulher, Ló e tudo o que possuía? [B] (Gênesis 13:1);;
103921;LIVROS BÍBLICOS;1_Pentateuco;1_Gênesis;CAPÍTULO 13;1;1;1;13;Ao retornar do Egito para a região do Neguebe, como Abrão é descrito quanto aos seus bens? [C] (Gênesis 13:2);;
103922;LIVROS BÍBLICOS;1_Pentateuco;1_Gênesis;CAPÍTULO 13;1;1;1;13;Ao voltar para a região entre Betel e Ai, no lugar onde havia construído anteriormente um altar, o que Abrão fez? [B] (Gênesis 13:3-4);;
103923;LIVROS BÍBLICOS;1_Pentateuco;1_Gênesis;CAPÍTULO 13;1;1;1;13;Além de acompanhar Abrão, que bens Ló possuía quando os dois estavam novamente na terra de Canaã? [C] (Gênesis 13:5);;
103924;LIVROS BÍBLICOS;1_Pentateuco;1_Gênesis;CAPÍTULO 13;1;1;1;13;Por que Abrão e Ló não podiam continuar morando juntos na mesma região? [A] (Gênesis 13:6);;
103925;LIVROS BÍBLICOS;1_Pentateuco;1_Gênesis;CAPÍTULO 13;1;1;1;13;Enquanto Abrão e Ló possuíam muitos rebanhos, o que aconteceu entre os pastores do gado de ambos? [B] (Gênesis 13:7);;
103926;LIVROS BÍBLICOS;1_Pentateuco;1_Gênesis;CAPÍTULO 13;1;1;1;13;Ao propor uma solução para o conflito entre seus pastores e os de Ló, que motivo Abrão apresentou para que não houvesse desentendimento entre eles? [C] (Gênesis 13:8);;
103927;LIVROS BÍBLICOS;1_Pentateuco;1_Gênesis;CAPÍTULO 13;1;1;1;13;Para evitar conflito entre seus rebanhos e os de Ló, que proposta Abrão fez ao sobrinho? [B] (Gênesis 13:9);;
103928;LIVROS BÍBLICOS;1_Pentateuco;1_Gênesis;CAPÍTULO 13;1;1;1;13;Antes de Ló escolher a região onde moraria, como ele viu a campina do Jordão, antes da destruição de Sodoma e Gomorra? [B] (Gênesis 13:10);;
103929;LIVROS BÍBLICOS;1_Pentateuco;1_Gênesis;CAPÍTULO 13;1;1;1;13;Quando Abrão e Ló decidiram se separar para evitar conflitos, que região Ló escolheu para si? [B] (Gênesis 13:11);;
103930;LIVROS BÍBLICOS;1_Pentateuco;1_Gênesis;CAPÍTULO 13;1;1;1;13;Depois da separação entre Abrão e Ló, onde cada um passou a habitar? [B] (Gênesis 13:12);;
103931;LIVROS BÍBLICOS;1_Pentateuco;1_Gênesis;CAPÍTULO 13;1;1;1;13;Depois que Ló passou a armar suas tendas até Sodoma, como os moradores daquela cidade são descritos? [A] (Gênesis 13:13);;
103932;LIVROS BÍBLICOS;1_Pentateuco;1_Gênesis;CAPÍTULO 13;1;1;1;13;Depois que Ló se separou de Abrão, o que o SENHOR mandou Abrão fazer ao contemplar a terra ao seu redor? [A] (Gênesis 13:14);;
103933;LIVROS BÍBLICOS;1_Pentateuco;1_Gênesis;CAPÍTULO 13;1;1;1;13;Depois da separação de Ló, como Deus descreveu a futura descendência de Abrão? [A] (Gênesis 13:15-16);;
103934;LIVROS BÍBLICOS;1_Pentateuco;1_Gênesis;CAPÍTULO 13;1;1;1;13;Depois de reafirmar a promessa da terra a Abrão, o que Deus lhe ordenou fazer, e onde Abrão passou a morar em seguida? [B] (Gênesis 13:17-18);;
103935;LIVROS BÍBLICOS;1_Pentateuco;1_Gênesis;CAPÍTULO 14;1;1;1;14;Na guerra narrada no início de Gênesis 14, quantos reis lutaram de cada lado? [B] (Gênesis 14:1-9);;
103936;LIVROS BÍBLICOS;1_Pentateuco;1_Gênesis;CAPÍTULO 14;1;1;1;14;Antes da rebelião dos reis da região contra Quedorlaomer, por quantos anos eles o haviam servido? [C] (Gênesis 14:4);;
103937;LIVROS BÍBLICOS;1_Pentateuco;1_Gênesis;CAPÍTULO 14;1;1;1;14;No conflito envolvendo Quedorlaomer e os reis da região, em que ano ocorreu a rebelião e em que ano Quedorlaomer voltou com seus aliados? [C] (Gênesis 14:4-5);;
103938;LIVROS BÍBLICOS;1_Pentateuco;1_Gênesis;CAPÍTULO 14;1;1;1;14;Em que vale os reis de Sodoma, Gomorra, Admá, Zeboim e Bela se reuniram para a batalha contra os reis liderados por Quedorlaomer? [C] (Gênesis 14:8-10);;
103939;LIVROS BÍBLICOS;1_Pentateuco;1_Gênesis;CAPÍTULO 14;1;1;1;14;Depois da derrota dos reis de Sodoma e Gomorra na batalha do vale de Sidim, o que os vencedores fizeram? [B] (Gênesis 14:10-11);;
103940;LIVROS BÍBLICOS;1_Pentateuco;1_Gênesis;CAPÍTULO 14;1;1;1;14;Quando Sodoma foi saqueada pelos vencedores da batalha, quem foi levado cativo juntamente com seus bens? [B] (Gênesis 14:12);;
103941;LIVROS BÍBLICOS;1_Pentateuco;1_Gênesis;CAPÍTULO 14;1;1;1;14;Ao saber que Ló, seu sobrinho, havia sido capturado, quantos homens dos mais capazes, nascidos em sua casa, Abrão levou consigo para o resgate? [B] (Gênesis 14:14);;
103942;LIVROS BÍBLICOS;1_Pentateuco;1_Gênesis;CAPÍTULO 14;1;1;1;14;Na operação de resgate de Ló, como Abrão atacou os inimigos e até onde os perseguiu? [A] (Gênesis 14:15);;
103943;LIVROS BÍBLICOS;1_Pentateuco;1_Gênesis;CAPÍTULO 14;1;1;1;14;Depois de derrotar os inimigos que haviam levado Ló cativo, o que Abrão conseguiu recuperar? [B] (Gênesis 14:16);;
103944;LIVROS BÍBLICOS;1_Pentateuco;1_Gênesis;CAPÍTULO 14;1;1;1;14;Quando Abrão retornava da vitória sobre Quedorlaomer e seus aliados, quem saiu ao seu encontro no vale de Savé? [B] (Gênesis 14:17-18);;
103945;LIVROS BÍBLICOS;1_Pentateuco;1_Gênesis;CAPÍTULO 14;1;1;1;14;No encontro com Abrão após a vitória, quem era Melquisedeque e o que ele trouxe? [B] (Gênesis 14:18);;
103946;LIVROS BÍBLICOS;1_Pentateuco;1_Gênesis;CAPÍTULO 14;1;1;1;14;Ao abençoar Abrão depois da vitória sobre os inimigos, a quem Melquisedeque atribuiu a entrega dos adversários nas mãos de Abrão? [B] (Gênesis 14:19-20);;
103947;LIVROS BÍBLICOS;1_Pentateuco;1_Gênesis;CAPÍTULO 14;1;1;1;14;Depois de receber a bênção de Melquisedeque, o que Abrão lhe deu? [A] (Gênesis 14:20);;
103948;LIVROS BÍBLICOS;1_Pentateuco;1_Gênesis;CAPÍTULO 14;1;1;1;14;Depois que Abrão recuperou as pessoas e os bens levados na guerra, que proposta o rei de Sodoma lhe fez? [A] (Gênesis 14:21);;
103949;LIVROS BÍBLICOS;1_Pentateuco;1_Gênesis;CAPÍTULO 14;1;1;1;14;Ao responder ao rei de Sodoma depois da vitória, por que Abrão recusou tomar para si os bens e que exceção mencionou? [A] (Gênesis 14:22-24);;
103950;LIVROS BÍBLICOS;1_Pentateuco;1_Gênesis;CAPÍTULO 15;1;1;1;15;Em uma visão dada a Abrão depois do resgate de Ló e do encontro com Melquisedeque, que segurança o SENHOR lhe deu? [B] (Gênesis 15:1);;
103951;LIVROS BÍBLICOS;1_Pentateuco;1_Gênesis;CAPÍTULO 15;1;1;1;15;Por continuar sem filhos, quem Abrão mencionou diante do SENHOR como possível herdeiro de sua casa? [A] (Gênesis 15:2-3);;
103952;LIVROS BÍBLICOS;1_Pentateuco;1_Gênesis;CAPÍTULO 15;1;1;1;15;Ao responder à preocupação de Abrão sobre não ter filhos, o que o SENHOR afirmou sobre seu verdadeiro herdeiro? [A] (Gênesis 15:4);;
103953;LIVROS BÍBLICOS;1_Pentateuco;1_Gênesis;CAPÍTULO 15;1;1;1;15;Para mostrar a Abrão como seria numerosa sua futura descendência, que comparação Deus usou? [A] (Gênesis 15:5);;
103954;LIVROS BÍBLICOS;1_Pentateuco;1_Gênesis;CAPÍTULO 15;1;1;1;15;Depois de ouvir a promessa de que teria uma descendência numerosa, Abrão creu no SENHOR. Como essa fé foi considerada? [A] (Gênesis 15:6);;
103955;LIVROS BÍBLICOS;1_Pentateuco;1_Gênesis;CAPÍTULO 15;1;1;1;15;Ao reafirmar a promessa da terra a Abrão, de onde o SENHOR disse tê-lo tirado para lhe dar aquela terra como herança? [B] (Gênesis 15:7);;
103956;LIVROS BÍBLICOS;1_Pentateuco;1_Gênesis;CAPÍTULO 15;1;1;1;15;Ao ouvir que receberia a terra por herança, que pergunta Abrão fez ao SENHOR? [B] (Gênesis 15:8);;
103957;LIVROS BÍBLICOS;1_Pentateuco;1_Gênesis;CAPÍTULO 15;1;1;1;15;Para o ritual da aliança com Abrão, quais animais o SENHOR mandou que ele trouxesse? [B] (Gênesis 15:9);;
103958;LIVROS BÍBLICOS;1_Pentateuco;1_Gênesis;CAPÍTULO 15;1;1;1;15;Ao preparar os animais para o ritual da aliança, o que Abrão fez com os animais maiores e com as aves? [B] (Gênesis 15:10);;
103959;LIVROS BÍBLICOS;1_Pentateuco;1_Gênesis;CAPÍTULO 15;1;1;1;15;Durante o ritual da aliança, quando aves de rapina desciam sobre os cadáveres dos animais preparados, o que Abrão fazia? [C] (Gênesis 15:11);;
103960;LIVROS BÍBLICOS;1_Pentateuco;1_Gênesis;CAPÍTULO 15;1;1;1;15;Durante o ritual da aliança, o que aconteceu com Abrão ao pôr do sol? [B] (Gênesis 15:12);;
103961;LIVROS BÍBLICOS;1_Pentateuco;1_Gênesis;CAPÍTULO 15;1;1;1;15;Na revelação dada a Abrão durante a aliança, o que Deus anunciou sobre sua descendência antes de ela retornar à terra prometida? [B] (Gênesis 15:13);;
103962;LIVROS BÍBLICOS;1_Pentateuco;1_Gênesis;CAPÍTULO 15;1;1;1;15;Na profecia sobre a futura escravidão da descendência de Abrão, o que Deus disse que faria com a nação opressora e como seus descendentes sairiam dela? [A] (Gênesis 15:14);;
103963;LIVROS BÍBLICOS;1_Pentateuco;1_Gênesis;CAPÍTULO 15;1;1;1;15;Na mesma revelação, que futuro Deus anunciou para o próprio Abrão e para o retorno de sua descendência à terra prometida? [B] (Gênesis 15:15-16);;
103964;LIVROS BÍBLICOS;1_Pentateuco;1_Gênesis;CAPÍTULO 15;1;1;1;15;No ritual da aliança com Abrão, quando o sol se pôs e houve densas trevas, o que passou entre os pedaços dos animais? [C] (Gênesis 15:17);;
103965;LIVROS BÍBLICOS;1_Pentateuco;1_Gênesis;CAPÍTULO 15;1;1;1;15;Na aliança feita com Abrão naquele dia, quais limites Deus indicou para a terra dada à sua descendência? [A] (Gênesis 15:18-21);;
103966;LIVROS BÍBLICOS;1_Pentateuco;1_Gênesis;CAPÍTULO 16;1;1;1;16;Antes do nascimento de Ismael, Sarai, mulher de Abrão, ainda não lhe havia dado filhos. Qual era o nome e a origem de sua serva? [B] (Gênesis 16:1);;
103967;LIVROS BÍBLICOS;1_Pentateuco;1_Gênesis;CAPÍTULO 16;1;1;1;16;Por não ter filhos, que proposta Sarai fez a Abrão envolvendo sua serva Agar? [B] (Gênesis 16:2);;
103968;LIVROS BÍBLICOS;1_Pentateuco;1_Gênesis;CAPÍTULO 16;1;1;1;16;Quando Sarai deu Agar, sua serva egípcia, por mulher a Abrão, há quanto tempo Abrão já morava na terra de Canaã? [B] (Gênesis 16:3);;
103969;LIVROS BÍBLICOS;1_Pentateuco;1_Gênesis;CAPÍTULO 16;1;1;1;16;Depois que Abrão teve relações com Agar, sua serva egípcia, o que aconteceu entre Agar e Sarai? [A] (Gênesis 16:4);;
103970;LIVROS BÍBLICOS;1_Pentateuco;1_Gênesis;CAPÍTULO 16;1;1;1;16;Quando Agar, já grávida, passou a desprezar Sarai, a quem Sarai atribuiu a afronta e a quem pediu que julgasse entre ela e Abrão? [B] (Gênesis 16:5);;
103971;LIVROS BÍBLICOS;1_Pentateuco;1_Gênesis;CAPÍTULO 16;1;1;1;16;Quando Sarai se queixou a Abrão por causa do desprezo de Agar, qual foi a resposta dele? [B] (Gênesis 16:6);;
103972;LIVROS BÍBLICOS;1_Pentateuco;1_Gênesis;CAPÍTULO 16;1;1;1;16;Depois que Sarai humilhou Agar, sua serva, o que Agar fez? [B] (Gênesis 16:6);;
103973;LIVROS BÍBLICOS;1_Pentateuco;1_Gênesis;CAPÍTULO 16;1;1;1;16;Durante a fuga de Agar da presença de Sarai, onde o Anjo do SENHOR a encontrou? [C] (Gênesis 16:7);;
103974;LIVROS BÍBLICOS;1_Pentateuco;1_Gênesis;CAPÍTULO 16;1;1;1;16;Quando o Anjo do SENHOR encontrou Agar no deserto, que ordem lhe deu em relação a Sarai? [A] (Gênesis 16:9);;
103975;LIVROS BÍBLICOS;1_Pentateuco;1_Gênesis;CAPÍTULO 16;1;1;1;16;Durante o encontro de Agar com o Anjo do SENHOR no deserto, que promessa foi feita a respeito de sua descendência? [A] (Gênesis 16:10);;
103976;LIVROS BÍBLICOS;1_Pentateuco;1_Gênesis;CAPÍTULO 16;1;1;1;16;Ao anunciar a Agar o nascimento de seu filho, que nome o Anjo do SENHOR disse que ele deveria receber e qual razão apresentou? [C] (Gênesis 16:11);;
103977;LIVROS BÍBLICOS;1_Pentateuco;1_Gênesis;CAPÍTULO 16;1;1;1;16;Ao falar sobre o filho que Agar teria, como o Anjo do SENHOR descreveu Ismael em sua relação com os outros homens e com seus irmãos? [A] (Gênesis 16:12);;
103978;LIVROS BÍBLICOS;1_Pentateuco;1_Gênesis;CAPÍTULO 16;1;1;1;16;Depois do encontro com o Anjo do SENHOR no deserto, que nome Agar deu ao SENHOR que havia falado com ela? [C] (Gênesis 16:13);;
103979;LIVROS BÍBLICOS;1_Pentateuco;1_Gênesis;CAPÍTULO 16;1;1;1;16;Depois do encontro de Agar com o SENHOR no deserto, como passou a ser chamado o poço ligado àquele episódio e onde ele ficava? [B] (Gênesis 16:14);;
103980;LIVROS BÍBLICOS;1_Pentateuco;1_Gênesis;CAPÍTULO 16;1;1;1;16;Quando Agar deu à luz o filho de Abrão, quem lhe deu o nome de Ismael e quantos anos Abrão tinha nessa ocasião? [B] (Gênesis 16:15-16);;
103981;LIVROS BÍBLICOS;1_Pentateuco;1_Gênesis;CAPÍTULO 17;1;1;1;17;Quantos anos Abrão tinha quando o SENHOR lhe apareceu para reafirmar a aliança e o chamou a andar em sua presença com integridade? [C] (Gênesis 17:1);;
103982;LIVROS BÍBLICOS;1_Pentateuco;1_Gênesis;CAPÍTULO 17;1;1;1;17;Ao estabelecer sua aliança com Abrão, o que Deus prometeu fazer em relação à sua descendência? [A] (Gênesis 17:2);;
103983;LIVROS BÍBLICOS;1_Pentateuco;1_Gênesis;CAPÍTULO 17;1;1;1;17;Quando Deus começou a falar com Abrão sobre a aliança em Gênesis 17, qual foi a reação de Abrão? [B] (Gênesis 17:3);;
103984;LIVROS BÍBLICOS;1_Pentateuco;1_Gênesis;CAPÍTULO 17;1;1;1;17;No contexto da aliança, por que Deus mudou o nome de Abrão para Abraão? [A] (Gênesis 17:4-5);;
103985;LIVROS BÍBLICOS;1_Pentateuco;1_Gênesis;CAPÍTULO 17;1;1;1;17;Ao explicar a Abraão os resultados da aliança, o que Deus declarou que procederia dele, além de muitas nações? [A] (Gênesis 17:6);;
103986;LIVROS BÍBLICOS;1_Pentateuco;1_Gênesis;CAPÍTULO 17;1;1;1;17;Como Deus descreveu a aliança com Abraão e sua descendência, e que terra prometeu lhes dar? [A] (Gênesis 17:7-8);;
103987;LIVROS BÍBLICOS;1_Pentateuco;1_Gênesis;CAPÍTULO 17;1;1;1;17;Qual sinal Deus estabeleceu para marcar a aliança com Abraão e sua descendência? [A] (Gênesis 17:9-11);;
103988;LIVROS BÍBLICOS;1_Pentateuco;1_Gênesis;CAPÍTULO 17;1;1;1;17;Segundo as instruções da aliança dadas a Abraão, com quantos dias de vida os meninos deveriam ser circuncidados? [C] (Gênesis 17:12);;
103989;LIVROS BÍBLICOS;1_Pentateuco;1_Gênesis;CAPÍTULO 17;1;1;1;17;Além dos descendentes naturais de Abraão, quem também deveria ser circuncidado entre os homens de sua casa? [B] (Gênesis 17:12-13);;
103990;LIVROS BÍBLICOS;1_Pentateuco;1_Gênesis;CAPÍTULO 17;1;1;1;17;Segundo a aliança da circuncisão, o que aconteceria com o homem que não fosse circuncidado conforme a ordem de Deus? [B] (Gênesis 17:14);;
103991;LIVROS BÍBLICOS;1_Pentateuco;1_Gênesis;CAPÍTULO 17;1;1;1;17;No mesmo encontro em que Deus reafirmou a aliança com Abraão, que novo nome deu a Sarai e o que prometeu a respeito dela? [B] (Gênesis 17:15-16);;
103992;LIVROS BÍBLICOS;1_Pentateuco;1_Gênesis;CAPÍTULO 17;1;1;1;17;Ao ouvir que Sara teria um filho, como Abraão reagiu ao considerar a idade dos dois? [B] (Gênesis 17:17);;
103993;LIVROS BÍBLICOS;1_Pentateuco;1_Gênesis;CAPÍTULO 17;1;1;1;17;Depois de ouvir a promessa de que Sara teria um filho, o que Abraão pediu a Deus a respeito de Ismael? [B] (Gênesis 17:18);;
103994;LIVROS BÍBLICOS;1_Pentateuco;1_Gênesis;CAPÍTULO 17;1;1;1;17;Que nome Deus determinou para o filho que Sara daria a Abraão, e com quem estabeleceria a aliança perpétua? [B] (Gênesis 17:19);;
103995;LIVROS BÍBLICOS;1_Pentateuco;1_Gênesis;CAPÍTULO 17;1;1;1;17;Embora a aliança fosse estabelecida por meio de Isaque, o que Deus prometeu especificamente a respeito de Ismael? [A] (Gênesis 17:20);;
103996;LIVROS BÍBLICOS;1_Pentateuco;1_Gênesis;CAPÍTULO 17;1;1;1;17;Quando Abraão obedeceu à ordem da circuncisão, quem foi circuncidado naquele mesmo dia e quais eram as idades de Abraão e Ismael? [B] (Gênesis 17:23-27);;
103997;LIVROS BÍBLICOS;1_Pentateuco;1_Gênesis;CAPÍTULO 18;1;1;1;18;Quando o SENHOR apareceu a Abraão nos carvalhais de Manre, onde Abraão estava naquele momento? [B] (Gênesis 18:1);;
103998;LIVROS BÍBLICOS;1_Pentateuco;1_Gênesis;CAPÍTULO 18;1;1;1;18;Durante a aparição do SENHOR a Abraão nos carvalhais de Manre, quantos homens Abraão viu diante de si e qual foi sua reação imediata? [C] (Gênesis 18:2);;
103999;LIVROS BÍBLICOS;1_Pentateuco;1_Gênesis;CAPÍTULO 18;1;1;1;18;Ao receber os visitantes junto à sua tenda nos carvalhais de Manre, o que Abraão lhes ofereceu antes de servir a refeição? [B] (Gênesis 18:4-5);;
104000;LIVROS BÍBLICOS;1_Pentateuco;1_Gênesis;CAPÍTULO 18;1;1;1;18;Para preparar a refeição dos visitantes nos carvalhais de Manre, o que Abraão pediu a Sara que fizesse com três medidas da melhor farinha? [B] (Gênesis 18:6);;
104001;LIVROS BÍBLICOS;1_Pentateuco;1_Gênesis;CAPÍTULO 18;1;1;1;18;Na refeição preparada por Abraão para os visitantes, quem preparou o novilho que ele havia escolhido? [C] (Gênesis 18:7-8);;
104002;LIVROS BÍBLICOS;1_Pentateuco;1_Gênesis;CAPÍTULO 18;1;1;1;18;Durante a visita recebida por Abraão nos carvalhais de Manre, quando os visitantes perguntaram por Sara, onde ela estava e que promessa foi anunciada a respeito dela? [A] (Gênesis 18:9-10);;
104003;LIVROS BÍBLICOS;1_Pentateuco;1_Gênesis;CAPÍTULO 18;1;1;1;18;Ao ouvir a promessa de que teria um filho dali a um ano, por que Sara riu consigo mesma? [A] (Gênesis 18:11-12);;
104004;LIVROS BÍBLICOS;1_Pentateuco;1_Gênesis;CAPÍTULO 18;1;1;1;18;Ao responder ao riso de Sara e reafirmar a promessa de que ela teria um filho, que verdade o SENHOR destacou? [A] (Gênesis 18:13-14);;
104005;LIVROS BÍBLICOS;1_Pentateuco;1_Gênesis;CAPÍTULO 18;1;1;1;18;Quando Sara, por estar com medo, negou ter rido ao ouvir a promessa do filho, como o SENHOR respondeu? [A] (Gênesis 18:15);;
104006;LIVROS BÍBLICOS;1_Pentateuco;1_Gênesis;CAPÍTULO 18;1;1;1;18;Antes de tratar da situação de Sodoma e Gomorra, por que o SENHOR disse que havia escolhido Abraão? [B] (Gênesis 18:17-19);;
104007;LIVROS BÍBLICOS;1_Pentateuco;1_Gênesis;CAPÍTULO 18;1;1;1;18;Ao falar com Abraão sobre Sodoma e Gomorra, como o SENHOR descreveu a situação dessas cidades? [A] (Gênesis 18:20);;
104008;LIVROS BÍBLICOS;1_Pentateuco;1_Gênesis;CAPÍTULO 18;1;1;1;18;Diante do clamor contra Sodoma e Gomorra, o que o SENHOR declarou que faria para verificar a situação das cidades? [A] (Gênesis 18:21);;
104009;LIVROS BÍBLICOS;1_Pentateuco;1_Gênesis;CAPÍTULO 18;1;1;1;18;Depois que os homens seguiram em direção a Sodoma e Abraão permaneceu diante do SENHOR, qual questão ele apresentou ao iniciar sua intercessão? [B] (Gênesis 18:22-23);;
104010;LIVROS BÍBLICOS;1_Pentateuco;1_Gênesis;CAPÍTULO 18;1;1;1;18;Na intercessão de Abraão por Sodoma, com quantos justos ele começou seu apelo ao Juiz de toda a terra? [B] (Gênesis 18:24-26);;
104011;LIVROS BÍBLICOS;1_Pentateuco;1_Gênesis;CAPÍTULO 18;1;1;1;18;Na intercessão de Abraão por Sodoma, qual foi a sequência de números de justos apresentada depois dos cinquenta? [B] (Gênesis 18:28-32);;
104012;LIVROS BÍBLICOS;1_Pentateuco;1_Gênesis;CAPÍTULO 18;1;1;1;18;Ao final da intercessão de Abraão por Sodoma, qual foi a resposta do SENHOR quanto à presença de dez justos e o que aconteceu depois da conversa? [B] (Gênesis 18:32-33);;
104013;LIVROS BÍBLICOS;1_Pentateuco;1_Gênesis;CAPÍTULO 19;1;1;1;19;Ao anoitecer, quando os dois anjos chegaram à cidade de Sodoma, quem estava sentado junto ao portão e os recebeu? [A] (Gênesis 19:1);;
104014;LIVROS BÍBLICOS;1_Pentateuco;1_Gênesis;CAPÍTULO 19;1;1;1;19;Depois que Ló insistiu para que os dois anjos entrassem em sua casa em Sodoma, o que ele preparou para os visitantes? [B] (Gênesis 19:2-3);;
104015;LIVROS BÍBLICOS;1_Pentateuco;1_Gênesis;CAPÍTULO 19;1;1;1;19;Antes que os dois visitantes se deitassem na casa de Ló, o que os homens de Sodoma fizeram? [B] (Gênesis 19:4-5);;
104016;LIVROS BÍBLICOS;1_Pentateuco;1_Gênesis;CAPÍTULO 19;1;1;1;19;Quando os homens de Sodoma cercaram sua casa e exigiram que os visitantes fossem entregues, quem Ló ofereceu em lugar dos hóspedes? [A] (Gênesis 19:6-8);;
104017;LIVROS BÍBLICOS;1_Pentateuco;1_Gênesis;CAPÍTULO 19;1;1;1;19;Quando a multidão de Sodoma avançou contra Ló junto à porta de sua casa, o que os anjos fizeram? [B] (Gênesis 19:9-11);;
104018;LIVROS BÍBLICOS;1_Pentateuco;1_Gênesis;CAPÍTULO 19;1;1;1;19;Depois do confronto com os homens de Sodoma, por que os anjos disseram a Ló que retirasse da cidade sua família e os que lhe pertenciam? [A] (Gênesis 19:12-13);;
104019;LIVROS BÍBLICOS;1_Pentateuco;1_Gênesis;CAPÍTULO 19;1;1;1;19;Quando Ló avisou seus genros de que Sodoma seria destruída, como eles reagiram? [C] (Gênesis 19:14);;
104020;LIVROS BÍBLICOS;1_Pentateuco;1_Gênesis;CAPÍTULO 19;1;1;1;19;Ao amanhecer, quando Ló demorava a sair de Sodoma, o que os anjos fizeram por causa da misericórdia do SENHOR para com ele? [A] (Gênesis 19:15-16);;
104021;LIVROS BÍBLICOS;1_Pentateuco;1_Gênesis;CAPÍTULO 19;1;1;1;19;Depois que Ló e sua família foram levados para fora de Sodoma, que instruções receberam para escapar da destruição? [B] (Gênesis 19:17);;
104022;LIVROS BÍBLICOS;1_Pentateuco;1_Gênesis;CAPÍTULO 19;1;1;1;19;Depois de ser retirado de Sodoma, por que Ló pediu permissão para fugir para uma pequena cidade em vez de ir para o monte? [A] (Gênesis 19:18-20);;
104023;LIVROS BÍBLICOS;1_Pentateuco;1_Gênesis;CAPÍTULO 19;1;1;1;19;Que nome recebeu a pequena cidade para a qual Ló teve permissão de fugir antes da destruição de Sodoma e Gomorra? [B] (Gênesis 19:21-22);;
104024;LIVROS BÍBLICOS;1_Pentateuco;1_Gênesis;CAPÍTULO 19;1;1;1;19;Depois que Ló entrou em Zoar, o que aconteceu com Sodoma, Gomorra e a campina? [C] (Gênesis 19:23-25);;
104025;LIVROS BÍBLICOS;1_Pentateuco;1_Gênesis;CAPÍTULO 19;1;1;1;19;Durante a fuga da região de Sodoma, o que aconteceu com a mulher de Ló quando ela olhou para trás? [A] (Gênesis 19:26);;
104026;LIVROS BÍBLICOS;1_Pentateuco;1_Gênesis;CAPÍTULO 19;1;1;1;19;Na manhã seguinte à destruição de Sodoma e Gomorra, o que Abraão viu ao olhar para a região das cidades e da campina? [B] (Gênesis 19:27-28);;
104027;LIVROS BÍBLICOS;1_Pentateuco;1_Gênesis;CAPÍTULO 19;1;1;1;19;Segundo o relato da destruição das cidades da campina, de quem Deus se lembrou ao retirar Ló do meio da destruição? [B] (Gênesis 19:29);;
104028;LIVROS BÍBLICOS;1_Pentateuco;1_Gênesis;CAPÍTULO 19;1;1;1;19;Depois de sair de Zoar, onde Ló passou a morar com suas duas filhas? [C] (Gênesis 19:30);;
104029;LIVROS BÍBLICOS;1_Pentateuco;1_Gênesis;CAPÍTULO 19;1;1;1;19;Quando Ló e suas duas filhas passaram a morar numa caverna na região montanhosa, que estratégia as filhas usaram por temerem ficar sem descendência? [B] (Gênesis 19:31-36);;
104030;LIVROS BÍBLICOS;1_Pentateuco;1_Gênesis;CAPÍTULO 19;1;1;1;19;Quais foram os nomes dos filhos nascidos das duas filhas de Ló e de quais povos eles se tornaram ancestrais? [B] (Gênesis 19:37-38);;
104031;LIVROS BÍBLICOS;1_Pentateuco;1_Gênesis;CAPÍTULO 20;1;1;1;20;Depois dos acontecimentos em Sodoma e Gomorra, para que região Abraão se mudou e onde passou a morar? [C] (Gênesis 20:1);;
104032;LIVROS BÍBLICOS;1_Pentateuco;1_Gênesis;CAPÍTULO 20;1;1;1;20;Enquanto morava em Gerar, o que Abraão dizia a respeito de Sara e quem mandou buscá-la? [B] (Gênesis 20:2);;
104033;LIVROS BÍBLICOS;1_Pentateuco;1_Gênesis;CAPÍTULO 20;1;1;1;20;Depois que Abimeleque, rei de Gerar, mandou buscar Sara, que aviso Deus lhe deu em sonho? [B] (Gênesis 20:3);;
104034;LIVROS BÍBLICOS;1_Pentateuco;1_Gênesis;CAPÍTULO 20;1;1;1;20;No sonho em que Deus o advertiu por causa de Sara, por que Abimeleque afirmou ter agido com inocência? [A] (Gênesis 20:4-5);;
104035;LIVROS BÍBLICOS;1_Pentateuco;1_Gênesis;CAPÍTULO 20;1;1;1;20;No sonho de Abimeleque, o que Deus declarou ter feito para impedir que ele pecasse contra o SENHOR por causa de Sara? [A] (Gênesis 20:6);;
104036;LIVROS BÍBLICOS;1_Pentateuco;1_Gênesis;CAPÍTULO 20;1;1;1;20;Depois de advertir Abimeleque em sonho, que ordem Deus lhe deu a respeito de Sara e de Abraão? [A] (Gênesis 20:7);;
104037;LIVROS BÍBLICOS;1_Pentateuco;1_Gênesis;CAPÍTULO 20;1;1;1;20;Na manhã seguinte ao sonho em que Deus o advertiu por causa de Sara, o que aconteceu quando Abimeleque contou aos seus servos tudo o que havia ouvido? [A] (Gênesis 20:8);;
104038;LIVROS BÍBLICOS;1_Pentateuco;1_Gênesis;CAPÍTULO 20;1;1;1;20;Depois do sonho e da advertência divina, que questão Abimeleque levantou ao repreender Abraão por ter apresentado Sara como sua irmã? [B] (Gênesis 20:9-10);;
104039;LIVROS BÍBLICOS;1_Pentateuco;1_Gênesis;CAPÍTULO 20;1;1;1;20;Ao explicar a Abimeleque por que havia dito que Sara era sua irmã em Gerar, que motivo Abraão apresentou? [B] (Gênesis 20:11);;
104040;LIVROS BÍBLICOS;1_Pentateuco;1_Gênesis;CAPÍTULO 20;1;1;1;20;Ao explicar sua relação com Sara a Abimeleque, que parentesco Abraão afirmou existir entre os dois? [B] (Gênesis 20:12);;
104041;LIVROS BÍBLICOS;1_Pentateuco;1_Gênesis;CAPÍTULO 20;1;1;1;20;Ao explicar a Abimeleque a origem de sua conduta, que acordo Abraão disse ter feito com Sara quando Deus o fez sair da casa de seu pai? [B] (Gênesis 20:13);;
104042;LIVROS BÍBLICOS;1_Pentateuco;1_Gênesis;CAPÍTULO 20;1;1;1;20;Ao devolver Sara a Abraão depois da advertência recebida de Deus, o que Abimeleque também deu a Abraão? [B] (Gênesis 20:14);;
104043;LIVROS BÍBLICOS;1_Pentateuco;1_Gênesis;CAPÍTULO 20;1;1;1;20;Depois de devolver Sara a Abraão, que liberdade Abimeleque lhe deu quanto ao lugar onde poderia morar? [C] (Gênesis 20:15);;
104044;LIVROS BÍBLICOS;1_Pentateuco;1_Gênesis;CAPÍTULO 20;1;1;1;20;No desfecho do episódio em Gerar, o que Abimeleque disse a Sara depois de dar mil moedas de prata a Abraão? [C] (Gênesis 20:16);;
104045;LIVROS BÍBLICOS;1_Pentateuco;1_Gênesis;CAPÍTULO 20;1;1;1;20;Depois que Sara foi devolvida a Abraão, o que aconteceu quando Abraão intercedeu junto a Deus por Abimeleque? [B] (Gênesis 20:17-18);;
104046;LIVROS BÍBLICOS;1_Pentateuco;1_Gênesis;CAPÍTULO 21;1;1;1;21;Quando o SENHOR visitou Sara conforme havia prometido, o que aconteceu no tempo determinado por Deus? [C] (Gênesis 21:1-2);;
104047;LIVROS BÍBLICOS;1_Pentateuco;1_Gênesis;CAPÍTULO 21;1;1;1;21;Que nome Abraão deu ao filho que Sara lhe deu à luz conforme a promessa de Deus? [C] (Gênesis 21:3);;
104048;LIVROS BÍBLICOS;1_Pentateuco;1_Gênesis;CAPÍTULO 21;1;1;1;21;Quando Isaque, filho de Abraão e Sara, tinha oito dias de vida, o que Abraão fez conforme a ordem de Deus? [B] (Gênesis 21:4);;
104049;LIVROS BÍBLICOS;1_Pentateuco;1_Gênesis;CAPÍTULO 21;1;1;1;21;Quantos anos Abraão tinha quando nasceu Isaque, o filho que Sara lhe deu à luz? [B] (Gênesis 21:5);;
104050;LIVROS BÍBLICOS;1_Pentateuco;1_Gênesis;CAPÍTULO 21;1;1;1;21;Depois do nascimento de Isaque, o que Sara declarou a respeito do que Deus havia feito por ela? [B] (Gênesis 21:6-7);;
104051;LIVROS BÍBLICOS;1_Pentateuco;1_Gênesis;CAPÍTULO 21;1;1;1;21;No dia em que Isaque foi desmamado, o que Abraão fez para marcar a ocasião? [B] (Gênesis 21:8);;
104052;LIVROS BÍBLICOS;1_Pentateuco;1_Gênesis;CAPÍTULO 21;1;1;1;21;Durante o período em que Isaque foi desmamado, o que Sara viu o filho de Agar fazendo e o que pediu a Abraão? [B] (Gênesis 21:9-10);;
104053;LIVROS BÍBLICOS;1_Pentateuco;1_Gênesis;CAPÍTULO 21;1;1;1;21;Por que Abraão ficou muito incomodado com o pedido de Sara para mandar embora Agar e seu filho? [C] (Gênesis 21:11);;
104054;LIVROS BÍBLICOS;1_Pentateuco;1_Gênesis;CAPÍTULO 21;1;1;1;21;Ao orientar Abraão sobre o pedido de Sara, o que Deus declarou a respeito de Isaque e do filho da escrava? [A] (Gênesis 21:12-13);;
104055;LIVROS BÍBLICOS;1_Pentateuco;1_Gênesis;CAPÍTULO 21;1;1;1;21;Quando Abraão despediu Agar e Ismael, o que deu a Agar e para onde ela foi? [B] (Gênesis 21:14);;
104056;LIVROS BÍBLICOS;1_Pentateuco;1_Gênesis;CAPÍTULO 21;1;1;1;21;No deserto de Berseba, quando a água do odre acabou, o que Agar fez com o menino e por quê? [A] (Gênesis 21:15-16);;
104057;LIVROS BÍBLICOS;1_Pentateuco;1_Gênesis;CAPÍTULO 21;1;1;1;21;Quando Agar e o menino estavam no deserto de Berseba, quem Deus ouviu e que promessa o Anjo de Deus repetiu a Agar? [A] (Gênesis 21:17-18);;
104058;LIVROS BÍBLICOS;1_Pentateuco;1_Gênesis;CAPÍTULO 21;1;1;1;21;No deserto de Berseba, como Agar conseguiu água para o menino depois que o odre havia se esvaziado? [A] (Gênesis 21:19);;
104059;LIVROS BÍBLICOS;1_Pentateuco;1_Gênesis;CAPÍTULO 21;1;1;1;21;Depois dos acontecimentos no deserto, como Ismael é descrito quanto à presença de Deus, sua ocupação, moradia e casamento? [A] (Gênesis 21:20-21);;
104060;LIVROS BÍBLICOS;1_Pentateuco;1_Gênesis;CAPÍTULO 21;1;1;1;21;Quando Abimeleque e Ficol procuraram Abraão, o que reconheceram a respeito dele e que compromisso pediram que assumisse? [B] (Gênesis 21:22-24);;
104061;LIVROS BÍBLICOS;1_Pentateuco;1_Gênesis;CAPÍTULO 21;1;1;1;21;Durante as tratativas entre Abraão e Abimeleque, sobre que problema Abraão repreendeu o rei? [B] (Gênesis 21:25-26);;
104062;LIVROS BÍBLICOS;1_Pentateuco;1_Gênesis;CAPÍTULO 21;1;1;1;21;Na aliança entre Abraão e Abimeleque, que sinal Abraão separou como testemunho de que havia cavado o poço, e que nome recebeu o lugar da aliança? [B] (Gênesis 21:27-32);;
104063;LIVROS BÍBLICOS;1_Pentateuco;1_Gênesis;CAPÍTULO 21;1;1;1;21;Depois de fazer a aliança com Abimeleque em Berseba, o que Abraão fez naquele lugar? [A] (Gênesis 21:33-34);;
104064;LIVROS BÍBLICOS;1_Pentateuco;1_Gênesis;CAPÍTULO 22;1;1;1;22;No início de Gênesis 22, antes da viagem à terra de Moriá, o que Deus fez com Abraão? [B] (Gênesis 22:1);;
104065;LIVROS BÍBLICOS;1_Pentateuco;1_Gênesis;CAPÍTULO 22;1;1;1;22;Que ordem Deus deu a Abraão a respeito de Isaque e para onde deveria levá-lo? [A] (Gênesis 22:2);;
104066;LIVROS BÍBLICOS;1_Pentateuco;1_Gênesis;CAPÍTULO 22;1;1;1;22;Na manhã seguinte à ordem recebida de Deus a respeito de Isaque, como Abraão se preparou para a viagem à terra de Moriá? [B] (Gênesis 22:3);;
104067;LIVROS BÍBLICOS;1_Pentateuco;1_Gênesis;CAPÍTULO 22;1;1;1;22;Durante a viagem de Abraão e Isaque à terra de Moriá, em que momento Abraão viu de longe o lugar indicado por Deus? [C] (Gênesis 22:4);;
104068;LIVROS BÍBLICOS;1_Pentateuco;1_Gênesis;CAPÍTULO 22;1;1;1;22;Ao ver de longe o lugar indicado por Deus na terra de Moriá, o que Abraão disse aos servos antes de seguir somente com Isaque? [A] (Gênesis 22:5);;
104069;LIVROS BÍBLICOS;1_Pentateuco;1_Gênesis;CAPÍTULO 22;1;1;1;22;No trecho final da viagem até o lugar indicado por Deus, quem carregou a lenha do holocausto enquanto Abraão levava o fogo e a faca? [B] (Gênesis 22:6);;
104070;LIVROS BÍBLICOS;1_Pentateuco;1_Gênesis;CAPÍTULO 22;1;1;1;22;Durante a caminhada de Abraão e Isaque até o lugar indicado por Deus, o que Abraão respondeu quando Isaque perguntou onde estava o cordeiro para o holocausto? [A] (Gênesis 22:7-8);;
104071;LIVROS BÍBLICOS;1_Pentateuco;1_Gênesis;CAPÍTULO 22;1;1;1;22;Ao chegarem ao lugar indicado por Deus na terra de Moriá, o que Abraão fez antes de ser interrompido pelo Anjo do SENHOR? [B] (Gênesis 22:9-11);;
104072;LIVROS BÍBLICOS;1_Pentateuco;1_Gênesis;CAPÍTULO 22;1;1;1;22;Quando o Anjo do SENHOR chamou Abraão no lugar indicado por Deus, por que mandou que ele não fizesse nada ao menino? [B] (Gênesis 22:11-12);;
104073;LIVROS BÍBLICOS;1_Pentateuco;1_Gênesis;CAPÍTULO 22;1;1;1;22;Depois que o Anjo do SENHOR interrompeu Abraão no monte, o que Abraão viu ao olhar ao redor? [B] (Gênesis 22:13);;
104074;LIVROS BÍBLICOS;1_Pentateuco;1_Gênesis;CAPÍTULO 22;1;1;1;22;Depois de encontrar um carneiro preso entre os arbustos, o que Abraão fez com o animal? [A] (Gênesis 22:13);;
104075;LIVROS BÍBLICOS;1_Pentateuco;1_Gênesis;CAPÍTULO 22;1;1;1;22;Que nome Abraão deu ao lugar onde Deus providenciou o carneiro? [C] (Gênesis 22:14);;
104076;LIVROS BÍBLICOS;1_Pentateuco;1_Gênesis;CAPÍTULO 22;1;1;1;22;Quando o Anjo do SENHOR chamou Abraão pela segunda vez depois daquele episódio, que promessa fez sobre sua descendência? [A] (Gênesis 22:15-17);;
104077;LIVROS BÍBLICOS;1_Pentateuco;1_Gênesis;CAPÍTULO 22;1;1;1;22;Na promessa reafirmada a Abraão depois do episódio em Moriá, o que sua descendência possuiria? [A] (Gênesis 22:17);;
104078;LIVROS BÍBLICOS;1_Pentateuco;1_Gênesis;CAPÍTULO 22;1;1;1;22;Segundo a promessa reafirmada pelo SENHOR a Abraão, por que todas as nações da terra seriam benditas em sua descendência? [B] (Gênesis 22:18);;
104079;LIVROS BÍBLICOS;1_Pentateuco;1_Gênesis;CAPÍTULO 22;1;1;1;22;Depois dos acontecimentos na terra de Moriá, para onde Abraão voltou com seus servos e onde passou a morar? [B] (Gênesis 22:19);;
104080;LIVROS BÍBLICOS;1_Pentateuco;1_Gênesis;CAPÍTULO 22;1;1;1;22;No encerramento de Gênesis 22, quantos filhos Milca deu a Naor, irmão de Abraão, e qual descendente mencionada nessa genealogia se tornaria importante na história de Isaque? [C] (Gênesis 22:20-23);;
104081;LIVROS BÍBLICOS;1_Pentateuco;1_Gênesis;CAPÍTULO 23;1;1;1;23;Quantos anos Sara viveu e em que lugar ela morreu? [B] (Gênesis 23:1-2);;
104082;LIVROS BÍBLICOS;1_Pentateuco;1_Gênesis;CAPÍTULO 23;1;1;1;23;Depois da morte de Sara em Quiriate-Arba, que é Hebrom, o que Abraão fez? [A] (Gênesis 23:2-3);;
104083;LIVROS BÍBLICOS;1_Pentateuco;1_Gênesis;CAPÍTULO 23;1;1;1;23;Ao procurar um local para sepultar Sara, como Abraão se apresentou aos filhos de Hete e o que lhes pediu? [C] (Gênesis 23:4);;
104084;LIVROS BÍBLICOS;1_Pentateuco;1_Gênesis;CAPÍTULO 23;1;1;1;23;Quando Abraão pediu aos filhos de Hete uma propriedade para sepultar Sara, como eles o descreveram e o que lhe ofereceram? [C] (Gênesis 23:5-6);;
104085;LIVROS BÍBLICOS;1_Pentateuco;1_Gênesis;CAPÍTULO 23;1;1;1;23;Na negociação para obter um local de sepultamento para Sara, de quem Abraão pediu que os filhos de Hete intercedessem e qual propriedade desejava adquirir? [B] (Gênesis 23:7-9);;
104086;LIVROS BÍBLICOS;1_Pentateuco;1_Gênesis;CAPÍTULO 23;1;1;1;23;Ao negociar com os filhos de Hete a caverna de Macpela para sepultar Sara, de que maneira Abraão queria adquiri-la? [A] (Gênesis 23:9);;
104087;LIVROS BÍBLICOS;1_Pentateuco;1_Gênesis;CAPÍTULO 23;1;1;1;23;Durante a negociação da caverna de Macpela, na presença de quem Efrom respondeu a Abraão sobre o campo e a caverna? [B] (Gênesis 23:10-11);;
104088;LIVROS BÍBLICOS;1_Pentateuco;1_Gênesis;CAPÍTULO 23;1;1;1;23;Na negociação com Abraão pela sepultura de Sara, o que Efrom inicialmente declarou que faria com o campo e a caverna de Macpela? [B] (Gênesis 23:11);;
104089;LIVROS BÍBLICOS;1_Pentateuco;1_Gênesis;CAPÍTULO 23;1;1;1;23;Mesmo depois de Efrom oferecer o campo e a caverna de Macpela, o que Abraão insistiu em fazer para adquirir a propriedade? [A] (Gênesis 23:12-13);;
104090;LIVROS BÍBLICOS;1_Pentateuco;1_Gênesis;CAPÍTULO 23;1;1;1;23;Na compra do campo de Efrom e da caverna de Macpela, qual foi o valor pago por Abraão, segundo a NAA? [B] (Gênesis 23:15-16);;
104091;LIVROS BÍBLICOS;1_Pentateuco;1_Gênesis;CAPÍTULO 23;1;1;1;23;Depois que Abraão pagou a Efrom pela propriedade de Macpela, o que passou a pertencer oficialmente a Abraão? [B] (Gênesis 23:17-18);;
104092;LIVROS BÍBLICOS;1_Pentateuco;1_Gênesis;CAPÍTULO 23;1;1;1;23;Depois da compra da propriedade de Macpela, onde Sara foi sepultada e para que finalidade o campo e a caverna ficaram confirmados como propriedade de Abraão? [A] (Gênesis 23:19-20);;
104093;LIVROS BÍBLICOS;1_Pentateuco;1_Gênesis;CAPÍTULO 24;1;1;1;24;No início de Gênesis 24, como Abraão é descrito e o que o SENHOR havia feito por ele? [C] (Gênesis 24:1);;
104094;LIVROS BÍBLICOS;1_Pentateuco;1_Gênesis;CAPÍTULO 24;1;1;1;24;Ao procurar uma esposa para Isaque, que missão Abraão deu ao servo mais antigo de sua casa? [A] (Gênesis 24:2-4);;
104095;LIVROS BÍBLICOS;1_Pentateuco;1_Gênesis;CAPÍTULO 24;1;1;1;24;Na missão de buscar uma esposa para Isaque entre os parentes de Abraão, o que Abraão disse ao servo caso a mulher escolhida não quisesse ir para Canaã? [A] (Gênesis 24:5-8);;
104096;LIVROS BÍBLICOS;1_Pentateuco;1_Gênesis;CAPÍTULO 24;1;1;1;24;Ao enviar seu servo para buscar uma esposa para Isaque entre seus parentes, o que Abraão afirmou que o SENHOR faria para ajudá-lo na missão? [B] (Gênesis 24:7);;
104097;LIVROS BÍBLICOS;1_Pentateuco;1_Gênesis;CAPÍTULO 24;1;1;1;24;Para cumprir a missão de buscar uma esposa para Isaque, com que recursos o servo de Abraão partiu e para onde foi? [B] (Gênesis 24:10);;
104098;LIVROS BÍBLICOS;1_Pentateuco;1_Gênesis;CAPÍTULO 24;1;1;1;24;Ao chegar à região da cidade para onde fora procurar uma esposa para Isaque, onde o servo de Abraão parou e em que momento do dia? [B] (Gênesis 24:11);;
104099;LIVROS BÍBLICOS;1_Pentateuco;1_Gênesis;CAPÍTULO 24;1;1;1;24;Junto ao poço, que sinal o servo de Abraão pediu ao SENHOR para reconhecer a mulher destinada a Isaque? [B] (Gênesis 24:12-14);;
104100;LIVROS BÍBLICOS;1_Pentateuco;1_Gênesis;CAPÍTULO 24;1;1;1;24;Enquanto o servo de Abraão ainda orava junto ao poço, quem apareceu e qual era sua relação com a família de Abraão? [B] (Gênesis 24:15);;
104101;LIVROS BÍBLICOS;1_Pentateuco;1_Gênesis;CAPÍTULO 24;1;1;1;24;No encontro junto ao poço, como Rebeca é descrita e o que fez quando o servo de Abraão lhe pediu água? [A] (Gênesis 24:16-20);;
104102;LIVROS BÍBLICOS;1_Pentateuco;1_Gênesis;CAPÍTULO 24;1;1;1;24;Depois que Rebeca deu água ao servo de Abraão e aos camelos, o que ele lhe entregou? [B] (Gênesis 24:22);;
104103;LIVROS BÍBLICOS;1_Pentateuco;1_Gênesis;CAPÍTULO 24;1;1;1;24;Quando o servo de Abraão perguntou a Rebeca sobre sua família e possibilidade de hospedagem, que informação ela deu? [B] (Gênesis 24:23-25);;
104104;LIVROS BÍBLICOS;1_Pentateuco;1_Gênesis;CAPÍTULO 24;1;1;1;24;Depois de falar com Rebeca junto ao poço, por que o servo de Abraão se inclinou e adorou o SENHOR? [A] (Gênesis 24:26-27);;
104105;LIVROS BÍBLICOS;1_Pentateuco;1_Gênesis;CAPÍTULO 24;1;1;1;24;Depois que Rebeca voltou para casa e contou o que havia acontecido junto ao poço, quem foi ao encontro do servo de Abraão? [C] (Gênesis 24:28-31);;
104106;LIVROS BÍBLICOS;1_Pentateuco;1_Gênesis;CAPÍTULO 24;1;1;1;24;Ao ser recebido na casa da família de Rebeca, o que o servo de Abraão insistiu em fazer antes de comer? [B] (Gênesis 24:32-34);;
104107;LIVROS BÍBLICOS;1_Pentateuco;1_Gênesis;CAPÍTULO 24;1;1;1;24;Depois de ouvirem o relato do servo sobre a missão de buscar uma esposa para Isaque, como Labão e Betuel responderam à proposta de casamento? [A] (Gênesis 24:49-51);;
104108;LIVROS BÍBLICOS;1_Pentateuco;1_Gênesis;CAPÍTULO 24;1;1;1;24;Depois que a família de Rebeca consentiu que ela fosse para se casar com Isaque, que presentes o servo de Abraão entregou? [C] (Gênesis 24:52-53);;
104109;LIVROS BÍBLICOS;1_Pentateuco;1_Gênesis;CAPÍTULO 24;1;1;1;24;Quando a família de Rebeca quis que ela permanecesse mais alguns dias antes da viagem, o que Rebeca respondeu ao ser consultada sobre partir com o servo? [B] (Gênesis 24:55-58);;
104110;LIVROS BÍBLICOS;1_Pentateuco;1_Gênesis;CAPÍTULO 24;1;1;1;24;Depois da viagem de Rebeca para Canaã, como terminou seu encontro com Isaque? [A] (Gênesis 24:62-67);;
104111;LIVROS BÍBLICOS;1_Pentateuco;1_Gênesis;CAPÍTULO 25;1;1;1;25;Depois da morte de Sara, qual era o nome da mulher que Abraão tomou e quais filhos ela lhe deu? [B] (Gênesis 25:1-2);;
104112;LIVROS BÍBLICOS;1_Pentateuco;1_Gênesis;CAPÍTULO 25;1;1;1;25;Nos últimos anos de Abraão, como ele distribuiu seus bens entre Isaque e os filhos de suas concubinas? [A] (Gênesis 25:5-6);;
104113;LIVROS BÍBLICOS;1_Pentateuco;1_Gênesis;CAPÍTULO 25;1;1;1;25;Quantos anos Abraão viveu e como Gênesis 25 descreve sua morte? [B] (Gênesis 25:7-8);;
104114;LIVROS BÍBLICOS;1_Pentateuco;1_Gênesis;CAPÍTULO 25;1;1;1;25;Depois da morte de Abraão, quem o sepultou e onde ele foi sepultado? [A] (Gênesis 25:9-10);;
104115;LIVROS BÍBLICOS;1_Pentateuco;1_Gênesis;CAPÍTULO 25;1;1;1;25;Depois da morte de Abraão, o que aconteceu com Isaque e onde ele morava? [A] (Gênesis 25:11);;
104116;LIVROS BÍBLICOS;1_Pentateuco;1_Gênesis;CAPÍTULO 25;1;1;1;25;Na genealogia de Ismael, filho de Abraão, quantos filhos são relacionados e como eles são descritos em seus povos? [C] (Gênesis 25:13-16);;
104117;LIVROS BÍBLICOS;1_Pentateuco;1_Gênesis;CAPÍTULO 25;1;1;1;25;Quantos anos Ismael viveu e em que região seus descendentes habitaram? [C] (Gênesis 25:17-18);;
104118;LIVROS BÍBLICOS;1_Pentateuco;1_Gênesis;CAPÍTULO 25;1;1;1;25;Quantos anos Isaque tinha quando tomou Rebeca por esposa, e de quem ela era filha? [B] (Gênesis 25:20);;
104119;LIVROS BÍBLICOS;1_Pentateuco;1_Gênesis;CAPÍTULO 25;1;1;1;25;Por que Isaque orou ao SENHOR por Rebeca, sua mulher, e qual foi a resposta de Deus? [A] (Gênesis 25:21);;
104120;LIVROS BÍBLICOS;1_Pentateuco;1_Gênesis;CAPÍTULO 25;1;1;1;25;Durante a gravidez de Rebeca, o que ela fez quando os filhos lutavam dentro de seu ventre? [B] (Gênesis 25:22);;
104121;LIVROS BÍBLICOS;1_Pentateuco;1_Gênesis;CAPÍTULO 25;1;1;1;25;Quando Rebeca consultou o SENHOR por causa dos filhos que lutavam em seu ventre, o que Deus revelou sobre eles? [B] (Gênesis 25:23);;
104122;LIVROS BÍBLICOS;1_Pentateuco;1_Gênesis;CAPÍTULO 25;1;1;1;25;No nascimento dos gêmeos de Isaque e Rebeca, como eram os meninos e que nomes receberam? [B] (Gênesis 25:24-26);;
104123;LIVROS BÍBLICOS;1_Pentateuco;1_Gênesis;CAPÍTULO 25;1;1;1;25;Quantos anos Isaque tinha quando nasceram seus filhos gêmeos, Esaú e Jacó? [B] (Gênesis 25:26);;
104124;LIVROS BÍBLICOS;1_Pentateuco;1_Gênesis;CAPÍTULO 25;1;1;1;25;Depois que Esaú e Jacó cresceram, como cada um deles é descrito em Gênesis 25? [A] (Gênesis 25:27);;
104125;LIVROS BÍBLICOS;1_Pentateuco;1_Gênesis;CAPÍTULO 25;1;1;1;25;Qual era a preferência de Isaque e de Rebeca em relação aos filhos Esaú e Jacó? [B] (Gênesis 25:28);;
104126;LIVROS BÍBLICOS;1_Pentateuco;1_Gênesis;CAPÍTULO 25;1;1;1;25;Quando Esaú voltou exausto do campo e encontrou Jacó preparando comida, o que pediu, por que recebeu o nome de Edom e o que aconteceu com seu direito de primogenitura? [A] (Gênesis 25:29-34);;
104127;LIVROS BÍBLICOS;1_Pentateuco;1_Gênesis;CAPÍTULO 26;1;1;1;26;Durante a fome que atingiu a terra, para onde Isaque foi e com quem se encontrou? [B] (Gênesis 26:1);;
104128;LIVROS BÍBLICOS;1_Pentateuco;1_Gênesis;CAPÍTULO 26;1;1;1;26;Quando o SENHOR apareceu a Isaque durante a fome e lhe disse que não descesse ao Egito, que orientação e promessa lhe deu? [B] (Gênesis 26:2-4);;
104129;LIVROS BÍBLICOS;1_Pentateuco;1_Gênesis;CAPÍTULO 26;1;1;1;26;Ao confirmar a Isaque as promessas anteriormente feitas a Abraão, que motivo o SENHOR apresentou relacionado à conduta de Abraão? [A] (Gênesis 26:5);;
104130;LIVROS BÍBLICOS;1_Pentateuco;1_Gênesis;CAPÍTULO 26;1;1;1;26;Enquanto Isaque morava em Gerar, o que respondeu quando os homens do lugar perguntaram sobre Rebeca, e por que deu essa resposta? [B] (Gênesis 26:7);;
104131;LIVROS BÍBLICOS;1_Pentateuco;1_Gênesis;CAPÍTULO 26;1;1;1;26;No período em que Isaque e Rebeca moravam em Gerar, como Abimeleque descobriu que Rebeca era realmente mulher de Isaque e que ordem deu ao povo? [A] (Gênesis 26:8-11);;
104132;LIVROS BÍBLICOS;1_Pentateuco;1_Gênesis;CAPÍTULO 26;1;1;1;26;Enquanto permanecia na região de Gerar, o que aconteceu quando Isaque semeou naquela terra e qual foi o resultado para sua situação econômica? [B] (Gênesis 26:12-14);;
104133;LIVROS BÍBLICOS;1_Pentateuco;1_Gênesis;CAPÍTULO 26;1;1;1;26;Por que os filisteus entulharam os poços que haviam sido cavados nos dias de Abraão, e o que Abimeleque disse a Isaque diante de sua crescente prosperidade? [B] (Gênesis 26:14-16);;
104134;LIVROS BÍBLICOS;1_Pentateuco;1_Gênesis;CAPÍTULO 26;1;1;1;26;Depois que Abimeleque pediu que Isaque se afastasse de Gerar, onde Isaque passou a morar e o que fez com os antigos poços cavados nos dias de Abraão? [A] (Gênesis 26:17-18);;
104135;LIVROS BÍBLICOS;1_Pentateuco;1_Gênesis;CAPÍTULO 26;1;1;1;26;Durante a permanência de Isaque no vale de Gerar, que nomes ele deu aos dois poços que provocaram conflitos com os pastores de Gerar? [B] (Gênesis 26:19-21);;
104136;LIVROS BÍBLICOS;1_Pentateuco;1_Gênesis;CAPÍTULO 26;1;1;1;26;Depois dos conflitos em torno dos poços Eseque e Sitna, que nome Isaque deu ao poço sobre o qual não houve disputa e o que reconheceu ao escolher esse nome? [C] (Gênesis 26:22);;
104137;LIVROS BÍBLICOS;1_Pentateuco;1_Gênesis;CAPÍTULO 26;1;1;1;26;Depois de deixar o vale de Gerar, para onde Isaque foi e que mensagem recebeu do SENHOR naquela noite? [C] (Gênesis 26:23-24);;
104138;LIVROS BÍBLICOS;1_Pentateuco;1_Gênesis;CAPÍTULO 26;1;1;1;26;Depois que o SENHOR apareceu a Isaque em Berseba, o que Isaque fez naquele lugar? [C] (Gênesis 26:25);;
104139;LIVROS BÍBLICOS;1_Pentateuco;1_Gênesis;CAPÍTULO 26;1;1;1;26;Quando Isaque estava em Berseba, quem veio de Gerar ao seu encontro e por que desejavam fazer uma aliança com ele? [A] (Gênesis 26:26-29);;
104140;LIVROS BÍBLICOS;1_Pentateuco;1_Gênesis;CAPÍTULO 26;1;1;1;26;Quando Abimeleque e seus companheiros propuseram uma aliança a Isaque em Berseba, como Isaque respondeu? [A] (Gênesis 26:30-31);;
104141;LIVROS BÍBLICOS;1_Pentateuco;1_Gênesis;CAPÍTULO 26;1;1;1;26;No mesmo dia em que Isaque fez aliança com Abimeleque e seus companheiros em Berseba, que notícia seus servos lhe deram e que nome ele deu ao poço? [B] (Gênesis 26:32-33);;
104142;LIVROS BÍBLICOS;1_Pentateuco;1_Gênesis;CAPÍTULO 26;1;1;1;26;No final de Gênesis 26, quantos anos Esaú tinha quando tomou suas esposas, quem eram elas e que efeito isso teve sobre Isaque e Rebeca? [B] (Gênesis 26:34-35);;
104143;LIVROS BÍBLICOS;1_Pentateuco;1_Gênesis;CAPÍTULO 27;1;1;1;27;Quando Isaque já estava velho e com a visão enfraquecida, o que pediu a Esaú antes de lhe dar sua bênção? [A] (Gênesis 27:1-4);;
104144;LIVROS BÍBLICOS;1_Pentateuco;1_Gênesis;CAPÍTULO 27;1;1;1;27;Depois de ouvir Isaque pedir a Esaú uma caça e uma comida antes da bênção, o que Rebeca mandou Jacó fazer? [A] (Gênesis 27:5-10);;
104145;LIVROS BÍBLICOS;1_Pentateuco;1_Gênesis;CAPÍTULO 27;1;1;1;27;Ao ouvir o plano de Rebeca para que recebesse a bênção destinada a Esaú, que temor Jacó apresentou por causa da diferença física entre ele e o irmão? [B] (Gênesis 27:11-12);;
104146;LIVROS BÍBLICOS;1_Pentateuco;1_Gênesis;CAPÍTULO 27;1;1;1;27;Quando Jacó temeu receber uma maldição ao tentar se passar por Esaú diante de Isaque, o que Rebeca lhe respondeu? [B] (Gênesis 27:13);;
104147;LIVROS BÍBLICOS;1_Pentateuco;1_Gênesis;CAPÍTULO 27;1;1;1;27;Para que Jacó parecesse Esaú diante de Isaque, como Rebeca preparou o disfarce do filho? [B] (Gênesis 27:15-16);;
104148;LIVROS BÍBLICOS;1_Pentateuco;1_Gênesis;CAPÍTULO 27;1;1;1;27;Ao entrar na presença de Isaque levando a comida preparada por Rebeca, como Jacó se identificou quando o pai perguntou quem ele era? [B] (Gênesis 27:18-19);;
104149;LIVROS BÍBLICOS;1_Pentateuco;1_Gênesis;CAPÍTULO 27;1;1;1;27;Quando Isaque perguntou como a caça havia sido encontrada tão depressa, que explicação Jacó deu enquanto se passava por Esaú? [C] (Gênesis 27:20);;
104150;LIVROS BÍBLICOS;1_Pentateuco;1_Gênesis;CAPÍTULO 27;1;1;1;27;Ao apalpar Jacó durante o disfarce, que contraste Isaque percebeu entre a voz e as mãos do filho que estava diante dele? [B] (Gênesis 27:21-22);;
104151;LIVROS BÍBLICOS;1_Pentateuco;1_Gênesis;CAPÍTULO 27;1;1;1;27;Por que Isaque acabou não reconhecendo Jacó e o abençoou pensando que ele era Esaú? [A] (Gênesis 27:23);;
104152;LIVROS BÍBLICOS;1_Pentateuco;1_Gênesis;CAPÍTULO 27;1;1;1;27;Depois de comer a comida e beber o vinho levados por Jacó, que elementos apareceram na bênção pronunciada por Isaque ao sentir o cheiro das roupas de Esaú? [B] (Gênesis 27:26-28);;
104153;LIVROS BÍBLICOS;1_Pentateuco;1_Gênesis;CAPÍTULO 27;1;1;1;27;Na bênção que Isaque pronunciou sobre Jacó pensando tratar-se de Esaú, o que foi dito sobre aqueles que o amaldiçoassem e os que o abençoassem? [A] (Gênesis 27:29);;
104154;LIVROS BÍBLICOS;1_Pentateuco;1_Gênesis;CAPÍTULO 27;1;1;1;27;Quando Esaú voltou da caça e preparou a comida para Isaque, o que pediu ao pai ao entrar em sua presença? [B] (Gênesis 27:30-31);;
104155;LIVROS BÍBLICOS;1_Pentateuco;1_Gênesis;CAPÍTULO 27;1;1;1;27;Ao perceber que havia abençoado Jacó antes da chegada de Esaú, o que Isaque declarou sobre a bênção já pronunciada? [A] (Gênesis 27:32-33);;
104156;LIVROS BÍBLICOS;1_Pentateuco;1_Gênesis;CAPÍTULO 27;1;1;1;27;Ao descobrir que Jacó havia recebido a bênção, como Esaú reagiu e quais duas perdas associou ao nome e às atitudes do irmão? [B] (Gênesis 27:34-36);;
104157;LIVROS BÍBLICOS;1_Pentateuco;1_Gênesis;CAPÍTULO 27;1;1;1;27;Quando Esaú pediu uma bênção para si, que futuro Isaque descreveu para ele em relação à terra, à espada e ao irmão? [C] (Gênesis 27:39-40);;
104158;LIVROS BÍBLICOS;1_Pentateuco;1_Gênesis;CAPÍTULO 27;1;1;1;27;Depois que Jacó recebeu a bênção de Isaque, o que Esaú planejou fazer contra o irmão quando chegassem os dias de luto pela morte do pai? [A] (Gênesis 27:41);;
104159;LIVROS BÍBLICOS;1_Pentateuco;1_Gênesis;CAPÍTULO 27;1;1;1;27;Ao saber que Esaú planejava matar Jacó, para onde Rebeca orientou Jacó a fugir e junto de quem deveria permanecer por algum tempo? [B] (Gênesis 27:42-45);;
104160;LIVROS BÍBLICOS;1_Pentateuco;1_Gênesis;CAPÍTULO 27;1;1;1;27;No final de Gênesis 27, que preocupação Rebeca expressou a Isaque a respeito de Jacó e das mulheres heteias? [C] (Gênesis 27:46);;
104161;LIVROS BÍBLICOS;1_Pentateuco;1_Gênesis;CAPÍTULO 28;1;1;1;28;Antes de Jacó partir para Padã-Arã, que ordem Isaque lhe deu ao abençoá-lo? [A] (Gênesis 28:1);;
104162;LIVROS BÍBLICOS;1_Pentateuco;1_Gênesis;CAPÍTULO 28;1;1;1;28;Ao enviar Jacó para Padã-Arã a fim de buscar esposa, de que família Isaque disse que ele deveria escolhê-la? [B] (Gênesis 28:2);;
104163;LIVROS BÍBLICOS;1_Pentateuco;1_Gênesis;CAPÍTULO 28;1;1;1;28;Na bênção dada a Jacó antes de sua partida para Padã-Arã, o que Isaque pediu que o Deus Todo-Poderoso fizesse por ele? [B] (Gênesis 28:3);;
104164;LIVROS BÍBLICOS;1_Pentateuco;1_Gênesis;CAPÍTULO 28;1;1;1;28;Na bênção dada por Isaque a Jacó antes da viagem, o que estava incluído na chamada bênção de Abraão para Jacó e sua descendência? [B] (Gênesis 28:4);;
104165;LIVROS BÍBLICOS;1_Pentateuco;1_Gênesis;CAPÍTULO 28;1;1;1;28;Depois de perceber que as filhas de Canaã não agradavam a Isaque, que atitude Esaú tomou em relação a casamento? [C] (Gênesis 28:6-9);;
104166;LIVROS BÍBLICOS;1_Pentateuco;1_Gênesis;CAPÍTULO 28;1;1;1;28;Ao iniciar a viagem durante a qual teria o sonho no lugar que depois chamou Betel, de onde Jacó partiu e para onde seguia? [B] (Gênesis 28:10);;
104167;LIVROS BÍBLICOS;1_Pentateuco;1_Gênesis;CAPÍTULO 28;1;1;1;28;Durante a viagem de Berseba para Harã, por que Jacó parou para passar a noite e o que usou como travesseiro? [A] (Gênesis 28:11);;
104168;LIVROS BÍBLICOS;1_Pentateuco;1_Gênesis;CAPÍTULO 28;1;1;1;28;Na noite em que parou durante a viagem de Berseba para Harã, o que Jacó viu em sonho? [B] (Gênesis 28:12);;
104169;LIVROS BÍBLICOS;1_Pentateuco;1_Gênesis;CAPÍTULO 28;1;1;1;28;No sonho de Jacó durante a viagem para Harã, como o SENHOR se apresentou e que promessa fez a respeito da terra onde Jacó estava deitado? [A] (Gênesis 28:13);;
104170;LIVROS BÍBLICOS;1_Pentateuco;1_Gênesis;CAPÍTULO 28;1;1;1;28;No sonho recebido durante a viagem para Harã, como Deus descreveu a futura descendência de Jacó e sua expansão pela terra? [A] (Gênesis 28:14);;
104171;LIVROS BÍBLICOS;1_Pentateuco;1_Gênesis;CAPÍTULO 28;1;1;1;28;No sonho em que Deus reafirmou suas promessas a Jacó, o que foi declarado sobre as famílias da terra em relação a Jacó e sua descendência? [A] (Gênesis 28:14);;
104172;LIVROS BÍBLICOS;1_Pentateuco;1_Gênesis;CAPÍTULO 28;1;1;1;28;Ainda no sonho recebido durante a viagem para Harã, que promessa Deus fez a Jacó sobre sua presença, proteção e retorno? [A] (Gênesis 28:15);;
104173;LIVROS BÍBLICOS;1_Pentateuco;1_Gênesis;CAPÍTULO 28;1;1;1;28;Ao despertar do sonho durante a viagem para Harã, o que Jacó reconheceu sobre o lugar onde havia passado a noite? [B] (Gênesis 28:16-17);;
104174;LIVROS BÍBLICOS;1_Pentateuco;1_Gênesis;CAPÍTULO 28;1;1;1;28;Na manhã seguinte ao sonho, o que Jacó fez com a pedra que havia usado como travesseiro? [C] (Gênesis 28:18);;
104175;LIVROS BÍBLICOS;1_Pentateuco;1_Gênesis;CAPÍTULO 28;1;1;1;28;Depois do sonho e de levantar a pedra como coluna, que nome Jacó deu ao lugar e como a cidade era chamada anteriormente? [B] (Gênesis 28:19);;
104176;LIVROS BÍBLICOS;1_Pentateuco;1_Gênesis;CAPÍTULO 28;1;1;1;28;No voto feito depois do sonho e da consagração da pedra, que condições Jacó mencionou e o que prometeu fazer? [B] (Gênesis 28:20-22);;
104177;LIVROS BÍBLICOS;1_Pentateuco;1_Gênesis;CAPÍTULO 29;1;1;1;29;Ao chegar à terra do povo do Oriente, durante a viagem para a região de Harã, o que Jacó viu no campo? [C] (Gênesis 29:1-2);;
104178;LIVROS BÍBLICOS;1_Pentateuco;1_Gênesis;CAPÍTULO 29;1;1;1;29;Ao conversar com os pastores junto ao poço na terra do povo do Oriente, de onde eles disseram ser e quem afirmaram que estava chegando com as ovelhas? [C] (Gênesis 29:4-6);;
104179;LIVROS BÍBLICOS;1_Pentateuco;1_Gênesis;CAPÍTULO 29;1;1;1;29;Junto ao poço onde Jacó encontrou os pastores de Harã, por que eles ainda não davam de beber aos rebanhos? [C] (Gênesis 29:7-8);;
104180;LIVROS BÍBLICOS;1_Pentateuco;1_Gênesis;CAPÍTULO 29;1;1;1;29;Quando Raquel, filha de Labão, chegou ao poço conduzindo as ovelhas de seu pai, o que Jacó fez? [B] (Gênesis 29:9-10);;
104181;LIVROS BÍBLICOS;1_Pentateuco;1_Gênesis;CAPÍTULO 29;1;1;1;29;Depois de dar de beber às ovelhas de Labão junto ao poço, como Jacó reagiu ao encontrar Raquel? [A] (Gênesis 29:11-12);;
104182;LIVROS BÍBLICOS;1_Pentateuco;1_Gênesis;CAPÍTULO 29;1;1;1;29;Depois que Raquel contou a Labão sobre a chegada de Jacó, como Labão recebeu Jacó? [A] (Gênesis 29:13-14);;
104183;LIVROS BÍBLICOS;1_Pentateuco;1_Gênesis;CAPÍTULO 29;1;1;1;29;Depois de Jacó permanecer um mês na casa de Labão, que assunto Labão levantou a respeito do trabalho de Jacó? [B] (Gênesis 29:14-15);;
104184;LIVROS BÍBLICOS;1_Pentateuco;1_Gênesis;CAPÍTULO 29;1;1;1;29;Ao apresentar as filhas de Labão no episódio em que Jacó passou a trabalhar para ele, quais eram seus nomes e como a NAA descreve Lia e Raquel? [C] (Gênesis 29:16-17);;
104185;LIVROS BÍBLICOS;1_Pentateuco;1_Gênesis;CAPÍTULO 29;1;1;1;29;Quando Labão perguntou qual deveria ser o salário de Jacó por seu trabalho, que proposta Jacó fez por amar Raquel? [B] (Gênesis 29:18-19);;
104186;LIVROS BÍBLICOS;1_Pentateuco;1_Gênesis;CAPÍTULO 29;1;1;1;29;Durante o período em que Jacó trabalhou sete anos para receber Raquel como esposa, por que esse tempo lhe pareceu poucos dias? [A] (Gênesis 29:20);;
104187;LIVROS BÍBLICOS;1_Pentateuco;1_Gênesis;CAPÍTULO 29;1;1;1;29;Depois que Jacó completou os sete anos de serviço combinados por Raquel, o que Labão fez quando chegou o momento do casamento? [B] (Gênesis 29:21-24);;
104188;LIVROS BÍBLICOS;1_Pentateuco;1_Gênesis;CAPÍTULO 29;1;1;1;29;Quando Labão entregou Lia a Jacó como esposa, quem ele deu para servir Lia? [B] (Gênesis 29:24);;
104189;LIVROS BÍBLICOS;1_Pentateuco;1_Gênesis;CAPÍTULO 29;1;1;1;29;Na manhã seguinte ao casamento, quando Jacó descobriu que Labão lhe havia dado Lia em vez de Raquel, o que perguntou a Labão? [B] (Gênesis 29:25);;
104190;LIVROS BÍBLICOS;1_Pentateuco;1_Gênesis;CAPÍTULO 29;1;1;1;29;Quando Jacó reclamou por ter recebido Lia em vez de Raquel, que explicação Labão apresentou para não ter entregue primeiro a filha mais nova? [B] (Gênesis 29:26);;
104191;LIVROS BÍBLICOS;1_Pentateuco;1_Gênesis;CAPÍTULO 29;1;1;1;29;Depois de explicar por que havia entregado Lia primeiro, que acordo Labão propôs para que Jacó também recebesse Raquel como esposa? [B] (Gênesis 29:27-30);;
104192;LIVROS BÍBLICOS;1_Pentateuco;1_Gênesis;CAPÍTULO 29;1;1;1;29;Quando Jacó recebeu Raquel como esposa, quem Labão deu para servi-la e como o capítulo descreve a relação de Jacó com Raquel e Lia? [A] (Gênesis 29:29-30);;
104193;LIVROS BÍBLICOS;1_Pentateuco;1_Gênesis;CAPÍTULO 29;1;1;1;29;Na casa de Jacó, depois dos casamentos com Lia e Raquel, o que o SENHOR fez ao ver que Lia era desprezada e qual era a situação de Raquel? [A] (Gênesis 29:31);;
104194;LIVROS BÍBLICOS;1_Pentateuco;1_Gênesis;CAPÍTULO 29;1;1;1;29;No final de Gênesis 29, quais foram os quatro primeiros filhos de Lia e que ideias ela associou aos nomes deles? [B] (Gênesis 29:32-35);;
104195;LIVROS BÍBLICOS;1_Pentateuco;1_Gênesis;CAPÍTULO 30;1;1;1;30;Ao perceber que continuava sem filhos enquanto Lia já os tinha, como Raquel reagiu e o que disse a Jacó? [A] (Gênesis 30:1);;
104196;LIVROS BÍBLICOS;1_Pentateuco;1_Gênesis;CAPÍTULO 30;1;1;1;30;Quando Raquel exigiu de Jacó que lhe desse filhos, o que Jacó respondeu sobre sua própria capacidade de resolver a situação? [B] (Gênesis 30:2);;
104197;LIVROS BÍBLICOS;1_Pentateuco;1_Gênesis;CAPÍTULO 30;1;1;1;30;Diante de sua falta de filhos, que solução Raquel propôs envolvendo Bila, sua serva? [B] (Gênesis 30:3-5);;
104198;LIVROS BÍBLICOS;1_Pentateuco;1_Gênesis;CAPÍTULO 30;1;1;1;30;Depois que Bila, serva de Raquel, deu à luz seu primeiro filho com Jacó, que nome Raquel lhe deu e qual motivo apresentou? [B] (Gênesis 30:5-6);;
104199;LIVROS BÍBLICOS;1_Pentateuco;1_Gênesis;CAPÍTULO 30;1;1;1;30;Quando Bila, serva de Raquel, deu à luz seu segundo filho com Jacó, que nome ele recebeu e a que Raquel relacionou esse nome? [B] (Gênesis 30:7-8);;
104200;LIVROS BÍBLICOS;1_Pentateuco;1_Gênesis;CAPÍTULO 30;1;1;1;30;Quando Lia percebeu que havia parado de ter filhos, que atitude tomou envolvendo Zilpa, sua serva? [B] (Gênesis 30:9);;
104201;LIVROS BÍBLICOS;1_Pentateuco;1_Gênesis;CAPÍTULO 30;1;1;1;30;Quais foram os dois filhos que Zilpa, serva de Lia, deu a Jacó, e como Lia reagiu aos seus nascimentos? [A] (Gênesis 30:10-13);;
104202;LIVROS BÍBLICOS;1_Pentateuco;1_Gênesis;CAPÍTULO 30;1;1;1;30;Durante a colheita do trigo, o que Rúben, filho de Lia, encontrou no campo e levou para sua mãe? [B] (Gênesis 30:14);;
104203;LIVROS BÍBLICOS;1_Pentateuco;1_Gênesis;CAPÍTULO 30;1;1;1;30;Quando Raquel pediu a Lia algumas das mandrágoras encontradas por Rúben, que acordo as duas fizeram? [C] (Gênesis 30:15-16);;
104204;LIVROS BÍBLICOS;1_Pentateuco;1_Gênesis;CAPÍTULO 30;1;1;1;30;Depois do acordo envolvendo as mandrágoras e após Deus ouvir Lia, que filho ela deu à luz e o que declarou sobre ele? [B] (Gênesis 30:17-18);;
104205;LIVROS BÍBLICOS;1_Pentateuco;1_Gênesis;CAPÍTULO 30;1;1;1;30;Qual foi o sexto filho que Lia deu a Jacó e o que ela esperava em relação ao marido após o nascimento dele? [C] (Gênesis 30:19-20);;
104206;LIVROS BÍBLICOS;1_Pentateuco;1_Gênesis;CAPÍTULO 30;1;1;1;30;Depois de dar à luz Zebulom, qual filha Lia teve? [B] (Gênesis 30:21);;
104207;LIVROS BÍBLICOS;1_Pentateuco;1_Gênesis;CAPÍTULO 30;1;1;1;30;Quando Deus se lembrou de Raquel e ouviu sua oração, o que aconteceu e que pedido ela fez depois do nascimento do filho? [A] (Gênesis 30:22-24);;
104208;LIVROS BÍBLICOS;1_Pentateuco;1_Gênesis;CAPÍTULO 30;1;1;1;30;Depois do nascimento de José, filho de Raquel, o que Jacó pediu a Labão? [B] (Gênesis 30:25-26);;
104209;LIVROS BÍBLICOS;1_Pentateuco;1_Gênesis;CAPÍTULO 30;1;1;1;30;Quando Jacó pediu para voltar à sua terra depois do nascimento de José, por que Labão pediu que ele permanecesse e o que se dispôs a fazer? [A] (Gênesis 30:27-28);;
104210;LIVROS BÍBLICOS;1_Pentateuco;1_Gênesis;CAPÍTULO 30;1;1;1;30;Ao conversar com Labão sobre seu tempo de serviço, como Jacó descreveu a mudança ocorrida nos bens de Labão? [A] (Gênesis 30:29-30);;
104211;LIVROS BÍBLICOS;1_Pentateuco;1_Gênesis;CAPÍTULO 30;1;1;1;30;Na negociação com Labão sobre seu salário, que acordo Jacó propôs em relação aos animais do rebanho? [A] (Gênesis 30:31-33);;
104212;LIVROS BÍBLICOS;1_Pentateuco;1_Gênesis;CAPÍTULO 30;1;1;1;30;Depois de aceitar a proposta de Jacó sobre os animais que serviriam como salário, o que Labão fez com os animais já separados? [B] (Gênesis 30:34-36);;
104213;LIVROS BÍBLICOS;1_Pentateuco;1_Gênesis;CAPÍTULO 30;1;1;1;30;Durante o manejo dos rebanhos de Labão, que procedimento Jacó passou a usar junto aos bebedouros e como diferenciava os animais fortes dos fracos? [C] (Gênesis 30:37-42);;
104214;LIVROS BÍBLICOS;1_Pentateuco;1_Gênesis;CAPÍTULO 30;1;1;1;30;Ao final do período descrito em Gênesis 30, qual foi o resultado da prosperidade de Jacó enquanto cuidava dos rebanhos? [C] (Gênesis 30:43);;
104215;LIVROS BÍBLICOS;1_Pentateuco;1_Gênesis;CAPÍTULO 31;1;1;1;31;Enquanto Jacó ainda servia Labão em Padã-Arã, o que os filhos de Labão diziam a respeito da riqueza de Jacó? [B] (Gênesis 31:1);;
104216;LIVROS BÍBLICOS;1_Pentateuco;1_Gênesis;CAPÍTULO 31;1;1;1;31;Depois de ouvir os comentários dos filhos de Labão, o que Jacó percebeu sobre a atitude de Labão e que ordem recebeu do SENHOR? [A] (Gênesis 31:2-3);;
104217;LIVROS BÍBLICOS;1_Pentateuco;1_Gênesis;CAPÍTULO 31;1;1;1;31;Ao chamar Raquel e Lia ao campo para explicar por que pretendia deixar a casa de Labão, o que Jacó disse sobre o tratamento de Labão e a proteção de Deus? [B] (Gênesis 31:4-9);;
104218;LIVROS BÍBLICOS;1_Pentateuco;1_Gênesis;CAPÍTULO 31;1;1;1;31;No sonho que Jacó relatou a Raquel e Lia antes de partir de Padã-Arã, como o Anjo de Deus se identificou e que ordem lhe deu? [A] (Gênesis 31:10-13);;
104219;LIVROS BÍBLICOS;1_Pentateuco;1_Gênesis;CAPÍTULO 31;1;1;1;31;Quando Jacó contou a Raquel e Lia que Deus havia ordenado sua partida, como elas responderam a respeito de Labão e da decisão de partir? [A] (Gênesis 31:14-16);;
104220;LIVROS BÍBLICOS;1_Pentateuco;1_Gênesis;CAPÍTULO 31;1;1;1;31;Depois de Raquel e Lia concordarem com a partida, para onde Jacó seguiu com sua família, seus rebanhos e os bens acumulados em Padã-Arã? [C] (Gênesis 31:17-18);;
104221;LIVROS BÍBLICOS;1_Pentateuco;1_Gênesis;CAPÍTULO 31;1;1;1;31;Enquanto Labão estava tosquiando as ovelhas, antes da partida secreta de Jacó, o que aconteceu? [A] (Gênesis 31:19-21);;
104222;LIVROS BÍBLICOS;1_Pentateuco;1_Gênesis;CAPÍTULO 31;1;1;1;31;Durante a fuga de Jacó de Padã-Arã em direção a Canaã, que rio ele atravessou e para que região seguiu? [C] (Gênesis 31:21);;
104223;LIVROS BÍBLICOS;1_Pentateuco;1_Gênesis;CAPÍTULO 31;1;1;1;31;Depois que Jacó partiu secretamente com sua família e seus bens, quando Labão soube da fuga e quanto tempo durou sua perseguição até alcançá-lo? [B] (Gênesis 31:22-23);;
104224;LIVROS BÍBLICOS;1_Pentateuco;1_Gênesis;CAPÍTULO 31;1;1;1;31;Durante a perseguição de Labão a Jacó, que advertência Deus deu a Labão em sonho? [B] (Gênesis 31:24);;
104225;LIVROS BÍBLICOS;1_Pentateuco;1_Gênesis;CAPÍTULO 31;1;1;1;31;Quando Labão alcançou Jacó nos montes de Gileade depois da fuga, do que acusou Jacó? [B] (Gênesis 31:25-30);;
104226;LIVROS BÍBLICOS;1_Pentateuco;1_Gênesis;CAPÍTULO 31;1;1;1;31;Ao responder às acusações de Labão nos montes de Gileade, por que Jacó disse que havia partido em segredo e o que declarou sobre quem estivesse com os deuses de Labão? [A] (Gênesis 31:31-32);;
104227;LIVROS BÍBLICOS;1_Pentateuco;1_Gênesis;CAPÍTULO 31;1;1;1;31;Quando Jacó permitiu que Labão procurasse seus deuses entre os pertences da família, que fato Jacó desconhecia? [B] (Gênesis 31:32-35);;
104228;LIVROS BÍBLICOS;1_Pentateuco;1_Gênesis;CAPÍTULO 31;1;1;1;31;Depois de Labão não encontrar os ídolos e Jacó se indignar com a busca, como Jacó resumiu seus vinte anos de serviço a Labão? [A] (Gênesis 31:36-41);;
104229;LIVROS BÍBLICOS;1_Pentateuco;1_Gênesis;CAPÍTULO 31;1;1;1;31;Durante a defesa de seus vinte anos de serviço diante de Labão, que dificuldades Jacó afirmou ter enfrentado ao cuidar dos rebanhos? [B] (Gênesis 31:38-40);;
104230;LIVROS BÍBLICOS;1_Pentateuco;1_Gênesis;CAPÍTULO 31;1;1;1;31;Ao concluir sua defesa diante de Labão, a quem Jacó atribuiu sua preservação apesar do sofrimento e do trabalho? [C] (Gênesis 31:42);;
104231;LIVROS BÍBLICOS;1_Pentateuco;1_Gênesis;CAPÍTULO 31;1;1;1;31;Depois da discussão entre Jacó e Labão nos montes de Gileade, o que eles fizeram para firmar uma aliança? [B] (Gênesis 31:43-48);;
104232;LIVROS BÍBLICOS;1_Pentateuco;1_Gênesis;CAPÍTULO 31;1;1;1;31;Na aliança firmada entre Jacó e Labão, que compromisso o montão de pedras e a coluna representavam? [B] (Gênesis 31:49-53);;
104233;LIVROS BÍBLICOS;1_Pentateuco;1_Gênesis;CAPÍTULO 31;1;1;1;31;Depois de Jacó e Labão firmarem a aliança nos montes de Gileade, como terminou o encontro entre eles? [A] (Gênesis 31:54-55);;
104234;LIVROS BÍBLICOS;1_Pentateuco;1_Gênesis;CAPÍTULO 32;1;1;1;32;Ao seguir viagem depois de se despedir de Labão, o que aconteceu com Jacó e que nome ele deu ao lugar do encontro? [B] (Gênesis 32:1-2);;
104235;LIVROS BÍBLICOS;1_Pentateuco;1_Gênesis;CAPÍTULO 32;1;1;1;32;Antes de reencontrar Esaú, para que região Jacó enviou mensageiros ao irmão? [B] (Gênesis 32:3);;
104236;LIVROS BÍBLICOS;1_Pentateuco;1_Gênesis;CAPÍTULO 32;1;1;1;32;Ao enviar mensageiros a Esaú antes do reencontro, que situação Jacó mandou comunicar sobre sua permanência com Labão e seus bens? [B] (Gênesis 32:4-5);;
104237;LIVROS BÍBLICOS;1_Pentateuco;1_Gênesis;CAPÍTULO 32;1;1;1;32;Quando os mensageiros voltaram dizendo que Esaú vinha ao encontro de Jacó com quatrocentos homens, como Jacó reagiu? [A] (Gênesis 32:6-7);;
104238;LIVROS BÍBLICOS;1_Pentateuco;1_Gênesis;CAPÍTULO 32;1;1;1;32;Temendo o encontro com Esaú e os quatrocentos homens que o acompanhavam, como Jacó organizou sua comitiva e com que propósito? [A] (Gênesis 32:7-8);;
104239;LIVROS BÍBLICOS;1_Pentateuco;1_Gênesis;CAPÍTULO 32;1;1;1;32;Na oração feita antes do encontro com Esaú, como Jacó comparou sua condição ao atravessar o Jordão anteriormente com a situação em que se encontrava naquele momento? [B] (Gênesis 32:9-10);;
104240;LIVROS BÍBLICOS;1_Pentateuco;1_Gênesis;CAPÍTULO 32;1;1;1;32;Na oração feita por Jacó antes de reencontrar Esaú, de quem ele pediu que Deus o livrasse e qual era seu temor? [A] (Gênesis 32:11-12);;
104241;LIVROS BÍBLICOS;1_Pentateuco;1_Gênesis;CAPÍTULO 32;1;1;1;32;Entre os animais separados por Jacó como presente para Esaú, quais são mencionados primeiro na relação apresentada no capítulo? [C] (Gênesis 32:13-15);;
104242;LIVROS BÍBLICOS;1_Pentateuco;1_Gênesis;CAPÍTULO 32;1;1;1;32;Ao organizar o presente destinado a Esaú em grupos separados, que orientação Jacó deu aos servos sobre a distância entre os rebanhos? [B] (Gênesis 32:16);;
104243;LIVROS BÍBLICOS;1_Pentateuco;1_Gênesis;CAPÍTULO 32;1;1;1;32;Quando Esaú perguntasse a quem pertenciam os animais enviados adiante, o que os servos de Jacó deveriam responder? [B] (Gênesis 32:17-20);;
104244;LIVROS BÍBLICOS;1_Pentateuco;1_Gênesis;CAPÍTULO 32;1;1;1;32;Qual era o objetivo de Jacó ao enviar sucessivos presentes à frente antes de encontrar Esaú? [A] (Gênesis 32:20-21);;
104245;LIVROS BÍBLICOS;1_Pentateuco;1_Gênesis;CAPÍTULO 32;1;1;1;32;Na noite anterior ao encontro com Esaú, quem Jacó fez atravessar o ribeiro de Jaboque antes de ficar sozinho? [C] (Gênesis 32:22-23);;
104246;LIVROS BÍBLICOS;1_Pentateuco;1_Gênesis;CAPÍTULO 32;1;1;1;32;Depois de fazer sua família e seus bens atravessarem o Jaboque, o que aconteceu com Jacó quando ficou sozinho? [A] (Gênesis 32:24);;
104247;LIVROS BÍBLICOS;1_Pentateuco;1_Gênesis;CAPÍTULO 32;1;1;1;32;Durante a luta noturna de Jacó, em que parte do corpo ele foi atingido, causando-lhe uma lesão? [B] (Gênesis 32:25);;
104248;LIVROS BÍBLICOS;1_Pentateuco;1_Gênesis;CAPÍTULO 32;1;1;1;32;Quando o homem pediu que Jacó o deixasse ir porque o dia estava amanhecendo, o que Jacó respondeu? [A] (Gênesis 32:26);;
104249;LIVROS BÍBLICOS;1_Pentateuco;1_Gênesis;CAPÍTULO 32;1;1;1;32;Depois da luta noturna, que novo nome foi dado a Jacó e qual foi a razão apresentada para essa mudança? [A] (Gênesis 32:27-28);;
104250;LIVROS BÍBLICOS;1_Pentateuco;1_Gênesis;CAPÍTULO 32;1;1;1;32;Depois da luta, por que Jacó chamou o lugar de Peniel e como o episódio afetou seu modo de caminhar? [C] (Gênesis 32:29-32);;
104251;LIVROS BÍBLICOS;1_Pentateuco;1_Gênesis;CAPÍTULO 33;1;1;1;33;Ao perceber que Esaú se aproximava com quatrocentos homens, como Jacó organizou sua família antes do reencontro? [A] (Gênesis 33:1-2);;
104252;LIVROS BÍBLICOS;1_Pentateuco;1_Gênesis;CAPÍTULO 33;1;1;1;33;Antes de encontrar Esaú, o que Jacó fez ao passar à frente de sua família e se aproximar do irmão? [B] (Gênesis 33:3);;
104253;LIVROS BÍBLICOS;1_Pentateuco;1_Gênesis;CAPÍTULO 33;1;1;1;33;No reencontro entre Jacó e Esaú, como Esaú reagiu ao ver o irmão? [A] (Gênesis 33:4);;
104254;LIVROS BÍBLICOS;1_Pentateuco;1_Gênesis;CAPÍTULO 33;1;1;1;33;Durante o reencontro com Esaú, quando ele perguntou quem eram as mulheres e as crianças que acompanhavam Jacó, o que Jacó respondeu? [B] (Gênesis 33:5);;
104255;LIVROS BÍBLICOS;1_Pentateuco;1_Gênesis;CAPÍTULO 33;1;1;1;33;Depois que Esaú perguntou sobre a família de Jacó, como os diferentes grupos se apresentaram diante dele? [A] (Gênesis 33:6-7);;
104256;LIVROS BÍBLICOS;1_Pentateuco;1_Gênesis;CAPÍTULO 33;1;1;1;33;Ao perguntar sobre os grupos de animais que havia encontrado pelo caminho, que explicação Esaú recebeu de Jacó? [B] (Gênesis 33:8);;
104257;LIVROS BÍBLICOS;1_Pentateuco;1_Gênesis;CAPÍTULO 33;1;1;1;33;Quando Jacó ofereceu presentes a Esaú durante o reencontro, o que Esaú respondeu inicialmente? [B] (Gênesis 33:9);;
104258;LIVROS BÍBLICOS;1_Pentateuco;1_Gênesis;CAPÍTULO 33;1;1;1;33;Depois de Esaú inicialmente recusar os presentes, por que Jacó insistiu para que ele os aceitasse? [A] (Gênesis 33:10-11);;
104259;LIVROS BÍBLICOS;1_Pentateuco;1_Gênesis;CAPÍTULO 33;1;1;1;33;Após a reconciliação, quando Esaú propôs que os dois seguissem viagem juntos, por que Jacó pediu para avançar mais devagar? [B] (Gênesis 33:12-14);;
104260;LIVROS BÍBLICOS;1_Pentateuco;1_Gênesis;CAPÍTULO 33;1;1;1;33;Depois de Esaú oferecer deixar alguns de seus homens com Jacó durante a viagem, o que Jacó respondeu? [B] (Gênesis 33:15);;
104261;LIVROS BÍBLICOS;1_Pentateuco;1_Gênesis;CAPÍTULO 33;1;1;1;33;Ao final do reencontro com Jacó, para onde Esaú voltou naquele mesmo dia? [B] (Gênesis 33:16);;
104262;LIVROS BÍBLICOS;1_Pentateuco;1_Gênesis;CAPÍTULO 33;1;1;1;33;Depois de se despedir de Esaú, para onde Jacó foi e o que fez naquele lugar? [B] (Gênesis 33:17);;
104263;LIVROS BÍBLICOS;1_Pentateuco;1_Gênesis;CAPÍTULO 33;1;1;1;33;Depois de retornar de Padã-Arã e passar por Sucote, onde Jacó chegou são e salvo e onde armou sua tenda? [C] (Gênesis 33:18);;
104264;LIVROS BÍBLICOS;1_Pentateuco;1_Gênesis;CAPÍTULO 33;1;1;1;33;Em Siquém, de quem Jacó comprou a parte do campo onde havia armado sua tenda e quanto pagou? [C] (Gênesis 33:19);;
104265;LIVROS BÍBLICOS;1_Pentateuco;1_Gênesis;CAPÍTULO 33;1;1;1;33;Depois de comprar o campo em Siquém, que nome Jacó deu ao altar que levantou naquele lugar? [C] (Gênesis 33:20);;
104266;LIVROS BÍBLICOS;1_Pentateuco;1_Gênesis;CAPÍTULO 34;1;1;1;34;No início do episódio ocorrido em Siquém, quem era Diná e o que ela fez? [B] (Gênesis 34:1);;
104267;LIVROS BÍBLICOS;1_Pentateuco;1_Gênesis;CAPÍTULO 34;1;1;1;34;No episódio envolvendo Diná, quem era Siquém, o homem que a desonrou? [B] (Gênesis 34:2);;
104268;LIVROS BÍBLICOS;1_Pentateuco;1_Gênesis;CAPÍTULO 34;1;1;1;34;Depois de desonrar Diná, como Siquém passou a tratá-la e o que pediu a Hamor, seu pai? [A] (Gênesis 34:3-4);;
104269;LIVROS BÍBLICOS;1_Pentateuco;1_Gênesis;CAPÍTULO 34;1;1;1;34;Quando Jacó soube do que havia acontecido com Diná enquanto seus filhos estavam no campo, o que fez? [B] (Gênesis 34:5);;
104270;LIVROS BÍBLICOS;1_Pentateuco;1_Gênesis;CAPÍTULO 34;1;1;1;34;Quando os filhos de Jacó souberam do que Siquém havia feito com Diná, como reagiram? [A] (Gênesis 34:7);;
104271;LIVROS BÍBLICOS;1_Pentateuco;1_Gênesis;CAPÍTULO 34;1;1;1;34;Quando Hamor foi falar com Jacó e seus filhos a respeito do casamento de Siquém com Diná, que proposta apresentou à família? [B] (Gênesis 34:8-10);;
104272;LIVROS BÍBLICOS;1_Pentateuco;1_Gênesis;CAPÍTULO 34;1;1;1;34;Na negociação para receber Diná como esposa, o que Siquém se dispôs a dar à família de Jacó? [A] (Gênesis 34:11-12);;
104273;LIVROS BÍBLICOS;1_Pentateuco;1_Gênesis;CAPÍTULO 34;1;1;1;34;Ao responderem à proposta de Hamor e Siquém sobre o casamento com Diná, como os filhos de Jacó agiram e que condição impuseram? [A] (Gênesis 34:13-17);;
104274;LIVROS BÍBLICOS;1_Pentateuco;1_Gênesis;CAPÍTULO 34;1;1;1;34;Na condição apresentada para o casamento de Siquém com Diná, o que os filhos de Jacó disseram que fariam se os homens da cidade não aceitassem a circuncisão? [C] (Gênesis 34:17);;
104275;LIVROS BÍBLICOS;1_Pentateuco;1_Gênesis;CAPÍTULO 34;1;1;1;34;Depois que os filhos de Jacó exigiram a circuncisão dos homens da cidade, como Siquém reagiu à condição? [B] (Gênesis 34:18-19);;
104276;LIVROS BÍBLICOS;1_Pentateuco;1_Gênesis;CAPÍTULO 34;1;1;1;34;Ao apresentar aos homens da cidade a proposta de convivência com a família de Jacó e a condição da circuncisão, que argumento Hamor e Siquém usaram para convencê-los? [C] (Gênesis 34:20-24);;
104277;LIVROS BÍBLICOS;1_Pentateuco;1_Gênesis;CAPÍTULO 34;1;1;1;34;No terceiro dia após a circuncisão dos homens da cidade, quando eles ainda sentiam dores, quais filhos de Jacó atacaram a cidade e retiraram Diná da casa de Siquém? [C] (Gênesis 34:25-26);;
104278;LIVROS BÍBLICOS;1_Pentateuco;1_Gênesis;CAPÍTULO 34;1;1;1;34;Depois que Simeão e Levi atacaram a cidade e retiraram Diná da casa de Siquém, o que os demais filhos de Jacó fizeram? [B] (Gênesis 34:27-29);;
104279;LIVROS BÍBLICOS;1_Pentateuco;1_Gênesis;CAPÍTULO 34;1;1;1;34;Depois do ataque de Simeão e Levi à cidade, por que Jacó os repreendeu? [B] (Gênesis 34:30);;
104280;LIVROS BÍBLICOS;1_Pentateuco;1_Gênesis;CAPÍTULO 34;1;1;1;34;Ao serem repreendidos por Jacó depois do ataque à cidade, como Simeão e Levi responderam? [B] (Gênesis 34:31);;
104281;LIVROS BÍBLICOS;1_Pentateuco;1_Gênesis;CAPÍTULO 35;1;1;1;35;Depois dos acontecimentos em Siquém, que ordem Deus deu a Jacó no início de Gênesis 35? [B] (Gênesis 35:1);;
104282;LIVROS BÍBLICOS;1_Pentateuco;1_Gênesis;CAPÍTULO 35;1;1;1;35;Antes de partir com sua casa para Betel por ordem de Deus, o que Jacó ordenou à sua família e a todos os que estavam com ele? [A] (Gênesis 35:2);;
104283;LIVROS BÍBLICOS;1_Pentateuco;1_Gênesis;CAPÍTULO 35;1;1;1;35;Ao preparar sua família para ir a Betel, por que Jacó disse que faria um altar naquele lugar? [A] (Gênesis 35:3);;
104284;LIVROS BÍBLICOS;1_Pentateuco;1_Gênesis;CAPÍTULO 35;1;1;1;35;Antes da partida para Betel, onde Jacó escondeu os deuses estranhos e as argolas entregues por sua família e pelos que estavam com ele? [B] (Gênesis 35:4);;
104285;LIVROS BÍBLICOS;1_Pentateuco;1_Gênesis;CAPÍTULO 35;1;1;1;35;Quando Jacó e sua família partiram da região de Siquém em direção a Betel, o que aconteceu com as cidades vizinhas? [B] (Gênesis 35:5);;
104286;LIVROS BÍBLICOS;1_Pentateuco;1_Gênesis;CAPÍTULO 35;1;1;1;35;Ao obedecer à ordem de Deus de ir para Betel, a que lugar Jacó chegou com todo o povo que estava com ele e como esse lugar era chamado? [B] (Gênesis 35:6);;
104287;LIVROS BÍBLICOS;1_Pentateuco;1_Gênesis;CAPÍTULO 35;1;1;1;35;Depois de chegar a Betel e construir ali um altar, que nome Jacó deu ao lugar e qual motivo foi apresentado? [B] (Gênesis 35:7);;
104288;LIVROS BÍBLICOS;1_Pentateuco;1_Gênesis;CAPÍTULO 35;1;1;1;35;Durante a permanência de Jacó em Betel, quem morreu e foi sepultada debaixo do carvalho chamado Alom-Bacute? [C] (Gênesis 35:8);;
104289;LIVROS BÍBLICOS;1_Pentateuco;1_Gênesis;CAPÍTULO 35;1;1;1;35;Quando Deus apareceu novamente a Jacó depois de seu retorno de Padã-Arã, que nome confirmou para ele? [C] (Gênesis 35:9-10);;
104290;LIVROS BÍBLICOS;1_Pentateuco;1_Gênesis;CAPÍTULO 35;1;1;1;35;Na aparição a Jacó depois de seu retorno de Padã-Arã, como Deus se apresentou e o que prometeu a respeito da descendência de Jacó? [C] (Gênesis 35:11);;
104291;LIVROS BÍBLICOS;1_Pentateuco;1_Gênesis;CAPÍTULO 35;1;1;1;35;Na mesma aparição em que confirmou o nome Israel, que promessa Deus repetiu a Jacó a respeito da terra? [B] (Gênesis 35:12);;
104292;LIVROS BÍBLICOS;1_Pentateuco;1_Gênesis;CAPÍTULO 35;1;1;1;35;Depois que Deus falou com Jacó em Betel, o que Jacó fez naquele lugar? [C] (Gênesis 35:13-15);;
104293;LIVROS BÍBLICOS;1_Pentateuco;1_Gênesis;CAPÍTULO 35;1;1;1;35;Durante a viagem de Betel em direção a Efrata, o que aconteceu com Raquel quando ainda faltava pequena distância para chegar ao destino? [A] (Gênesis 35:16-18);;
104294;LIVROS BÍBLICOS;1_Pentateuco;1_Gênesis;CAPÍTULO 35;1;1;1;35;Durante o parto em que Raquel morreu, que nome ela deu ao filho e que nome Jacó passou a usar para o menino? [B] (Gênesis 35:18);;
104295;LIVROS BÍBLICOS;1_Pentateuco;1_Gênesis;CAPÍTULO 35;1;1;1;35;Depois da morte de Raquel durante a viagem para Efrata, onde ela foi sepultada e o que Jacó levantou sobre sua sepultura? [B] (Gênesis 35:19-20);;
104296;LIVROS BÍBLICOS;1_Pentateuco;1_Gênesis;CAPÍTULO 35;1;1;1;35;Depois da morte e do sepultamento de Raquel, onde Israel armou sua tenda e que fato envolvendo Rúben é mencionado em seguida? [A] (Gênesis 35:21-22);;
104297;LIVROS BÍBLICOS;1_Pentateuco;1_Gênesis;CAPÍTULO 35;1;1;1;35;Ao apresentar a família de Israel em Gênesis 35, quantos filhos são relacionados e como o capítulo organiza seus nomes? [B] (Gênesis 35:22-26);;
104298;LIVROS BÍBLICOS;1_Pentateuco;1_Gênesis;CAPÍTULO 35;1;1;1;35;No encerramento de Gênesis 35, como é relatado o reencontro de Jacó com Isaque e a morte de Isaque? [A] (Gênesis 35:27-29);;
104299;LIVROS BÍBLICOS;1_Pentateuco;1_Gênesis;CAPÍTULO 36;1;1;1;36;No início da genealogia apresentada em Gênesis 36, por qual outro nome Esaú é identificado? [A] (Gênesis 36:1);;
104300;LIVROS BÍBLICOS;1_Pentateuco;1_Gênesis;CAPÍTULO 36;1;1;1;36;Quais são as três mulheres de Esaú mencionadas no início de sua genealogia em Gênesis 36? [C] (Gênesis 36:2-3);;
104301;LIVROS BÍBLICOS;1_Pentateuco;1_Gênesis;CAPÍTULO 36;1;1;1;36;Na genealogia de Esaú, quais filhos nasceram de Ada, Basemate e Oolibama, respectivamente? [C] (Gênesis 36:4-5);;
104302;LIVROS BÍBLICOS;1_Pentateuco;1_Gênesis;CAPÍTULO 36;1;1;1;36;Por que Esaú se afastou de Jacó e passou a morar em outra região? [A] (Gênesis 36:6-8);;
104303;LIVROS BÍBLICOS;1_Pentateuco;1_Gênesis;CAPÍTULO 36;1;1;1;36;Depois de se separar de Jacó por causa da grande quantidade de bens, onde Esaú passou a habitar e de que povo ele é apresentado como antepassado? [B] (Gênesis 36:8-9);;
104304;LIVROS BÍBLICOS;1_Pentateuco;1_Gênesis;CAPÍTULO 36;1;1;1;36;Na genealogia dos descendentes de Esaú, quem foi Amaleque? [B] (Gênesis 36:12);;
104305;LIVROS BÍBLICOS;1_Pentateuco;1_Gênesis;CAPÍTULO 36;1;1;1;36;Depois de apresentar os filhos e netos de Esaú, como Gênesis 36 organiza seus descendentes em Gênesis 36:15-19? [B] (Gênesis 36:15-19);;
104306;LIVROS BÍBLICOS;1_Pentateuco;1_Gênesis;CAPÍTULO 36;1;1;1;36;Na segunda genealogia apresentada em Gênesis 36, quem são os habitantes da terra de Seir mencionados no texto? [B] (Gênesis 36:20-21);;
104307;LIVROS BÍBLICOS;1_Pentateuco;1_Gênesis;CAPÍTULO 36;1;1;1;36;Na genealogia dos habitantes de Seir, que fato particular é registrado a respeito de Aná, filho de Zibeão? [C] (Gênesis 36:24);;
104308;LIVROS BÍBLICOS;1_Pentateuco;1_Gênesis;CAPÍTULO 36;1;1;1;36;Antes de apresentar a relação dos reis de Edom, que observação Gênesis 36 faz sobre o período em que eles reinaram? [B] (Gênesis 36:31);;
104309;LIVROS BÍBLICOS;1_Pentateuco;1_Gênesis;CAPÍTULO 36;1;1;1;36;Na relação dos reis de Edom apresentada em Gênesis 36, quem foi o primeiro rei mencionado e qual era o nome de sua cidade? [C] (Gênesis 36:32);;
104310;LIVROS BÍBLICOS;1_Pentateuco;1_Gênesis;CAPÍTULO 36;1;1;1;36;Entre os reis de Edom mencionados em Gênesis 36, qual deles é lembrado por derrotar Midiã no campo de Moabe? [B] (Gênesis 36:35);;
104311;LIVROS BÍBLICOS;1_Pentateuco;1_Gênesis;CAPÍTULO 36;1;1;1;36;Na sequência dos reis de Edom, quais nomes aparecem depois de Hadade, filho de Bedade? [C] (Gênesis 36:36-39);;
104312;LIVROS BÍBLICOS;1_Pentateuco;1_Gênesis;CAPÍTULO 36;1;1;1;36;No encerramento da genealogia de Esaú, quantos chefes de Edom são nomeados em Gênesis 36:40-43 e como Esaú é novamente identificado? [A] (Gênesis 36:40-43);;
104313;LIVROS BÍBLICOS;1_Pentateuco;1_Gênesis;CAPÍTULO 37;1;1;1;37;Quando José, filho de Jacó, apascentava os rebanhos com seus irmãos, quantos anos tinha e o que fazia em relação ao pai? [B] (Gênesis 37:2);;
104314;LIVROS BÍBLICOS;1_Pentateuco;1_Gênesis;CAPÍTULO 37;1;1;1;37;Durante o pastoreio em que José trabalhava com alguns de seus irmãos, quais filhos das mulheres de Jacó são mencionados como seus companheiros? [C] (Gênesis 37:2);;
104315;LIVROS BÍBLICOS;1_Pentateuco;1_Gênesis;CAPÍTULO 37;1;1;1;37;Por que Israel amava José mais do que os outros filhos e o que mandou fazer para ele? [A] (Gênesis 37:3);;
104316;LIVROS BÍBLICOS;1_Pentateuco;1_Gênesis;CAPÍTULO 37;1;1;1;37;Ao perceberem que Israel amava José mais do que os outros filhos, como os irmãos de José reagiram? [A] (Gênesis 37:4);;
104317;LIVROS BÍBLICOS;1_Pentateuco;1_Gênesis;CAPÍTULO 37;1;1;1;37;No primeiro sonho que José contou aos irmãos, envolvendo feixes no campo, o que aconteceu? [A] (Gênesis 37:5-7);;
104318;LIVROS BÍBLICOS;1_Pentateuco;1_Gênesis;CAPÍTULO 37;1;1;1;37;Depois de José contar o primeiro sonho, no qual os feixes dos irmãos se inclinavam diante do seu, o que os irmãos entenderam e como reagiram? [A] (Gênesis 37:8);;
104319;LIVROS BÍBLICOS;1_Pentateuco;1_Gênesis;CAPÍTULO 37;1;1;1;37;Qual era o conteúdo do segundo sonho que José contou à sua família? [B] (Gênesis 37:9);;
104320;LIVROS BÍBLICOS;1_Pentateuco;1_Gênesis;CAPÍTULO 37;1;1;1;37;Quando José contou o segundo sonho, envolvendo o sol, a lua e onze estrelas, como Jacó e os irmãos reagiram? [A] (Gênesis 37:10-11);;
104321;LIVROS BÍBLICOS;1_Pentateuco;1_Gênesis;CAPÍTULO 37;1;1;1;37;Quando os irmãos de José apascentavam o rebanho em Siquém, que missão Jacó deu a José? [B] (Gênesis 37:12-14);;
104322;LIVROS BÍBLICOS;1_Pentateuco;1_Gênesis;CAPÍTULO 37;1;1;1;37;Depois de ser enviado por Jacó para procurar os irmãos que haviam saído com o rebanho, onde José finalmente os encontrou? [B] (Gênesis 37:15-17);;
104323;LIVROS BÍBLICOS;1_Pentateuco;1_Gênesis;CAPÍTULO 37;1;1;1;37;Quando os irmãos de José o viram de longe em Dotã, o que planejaram fazer contra ele? [B] (Gênesis 37:18-20);;
104324;LIVROS BÍBLICOS;1_Pentateuco;1_Gênesis;CAPÍTULO 37;1;1;1;37;Diante do plano dos irmãos de matar José, qual foi a intervenção de Rúben e qual era sua intenção? [C] (Gênesis 37:21-22);;
104325;LIVROS BÍBLICOS;1_Pentateuco;1_Gênesis;CAPÍTULO 37;1;1;1;37;Quando José chegou ao lugar onde estavam seus irmãos, o que fizeram com ele e como era a cisterna em que o colocaram? [A] (Gênesis 37:23-24);;
104326;LIVROS BÍBLICOS;1_Pentateuco;1_Gênesis;CAPÍTULO 37;1;1;1;37;Enquanto José estava na cisterna e seus irmãos comiam, que caravana eles viram e o que ela transportava? [C] (Gênesis 37:25);;
104327;LIVROS BÍBLICOS;1_Pentateuco;1_Gênesis;CAPÍTULO 37;1;1;1;37;Ao ver a caravana que seguia para o Egito, que proposta Judá fez aos irmãos e por quanto José acabou sendo vendido? [B] (Gênesis 37:26-28);;
104328;LIVROS BÍBLICOS;1_Pentateuco;1_Gênesis;CAPÍTULO 37;1;1;1;37;Quando Rúben voltou à cisterna onde José havia sido colocado e percebeu que ele não estava mais lá, como reagiu? [B] (Gênesis 37:29-30);;
104329;LIVROS BÍBLICOS;1_Pentateuco;1_Gênesis;CAPÍTULO 37;1;1;1;37;Depois da venda de José, como os irmãos levaram Jacó a concluir que o filho havia morrido e como o pai reagiu? [B] (Gênesis 37:31-35);;
104330;LIVROS BÍBLICOS;1_Pentateuco;1_Gênesis;CAPÍTULO 37;1;1;1;37;Ao final de Gênesis 37, a quem José foi vendido no Egito? [B] (Gênesis 37:36);;
104331;LIVROS BÍBLICOS;1_Pentateuco;1_Gênesis;CAPÍTULO 38;1;1;1;38;Depois de se afastar de seus irmãos, com quem Judá passou a se hospedar? [B] (Gênesis 38:1);;
104332;LIVROS BÍBLICOS;1_Pentateuco;1_Gênesis;CAPÍTULO 38;1;1;1;38;Quais filhos Judá teve com a filha de Sua, o cananeu? [B] (Gênesis 38:2-5);;
104333;LIVROS BÍBLICOS;1_Pentateuco;1_Gênesis;CAPÍTULO 38;1;1;1;38;Na família de Judá, quem era Tamar e o que aconteceu com Er, seu marido? [B] (Gênesis 38:6-7);;
104334;LIVROS BÍBLICOS;1_Pentateuco;1_Gênesis;CAPÍTULO 38;1;1;1;38;Depois da morte de Er, que obrigação Judá ordenou que Onã cumprisse em relação a Tamar? [B] (Gênesis 38:8);;
104335;LIVROS BÍBLICOS;1_Pentateuco;1_Gênesis;CAPÍTULO 38;1;1;1;38;Depois de assumir o dever de cunhado em relação a Tamar, por que o SENHOR também fez Onã morrer? [A] (Gênesis 38:9-10);;
104336;LIVROS BÍBLICOS;1_Pentateuco;1_Gênesis;CAPÍTULO 38;1;1;1;38;Depois da morte de Onã, o que Judá disse a Tamar a respeito de sua condição e de Selá? [A] (Gênesis 38:11);;
104337;LIVROS BÍBLICOS;1_Pentateuco;1_Gênesis;CAPÍTULO 38;1;1;1;38;Depois da morte de sua mulher, para onde Judá foi acompanhado de Hira e com que finalidade? [C] (Gênesis 38:12);;
104338;LIVROS BÍBLICOS;1_Pentateuco;1_Gênesis;CAPÍTULO 38;1;1;1;38;Quando soube que Judá seguia para Timna, por que Tamar deixou as roupas de viúva, cobriu-se com um véu e ficou à entrada de Enaim? [B] (Gênesis 38:13-14);;
104339;LIVROS BÍBLICOS;1_Pentateuco;1_Gênesis;CAPÍTULO 38;1;1;1;38;No encontro de Judá com Tamar em Enaim, quando ele não a reconheceu, o que prometeu enviar a ela? [B] (Gênesis 38:15-17);;
104340;LIVROS BÍBLICOS;1_Pentateuco;1_Gênesis;CAPÍTULO 38;1;1;1;38;No encontro de Tamar com Judá em Enaim, que objetos ela pediu como penhor até receber o cabrito prometido? [C] (Gênesis 38:18);;
104341;LIVROS BÍBLICOS;1_Pentateuco;1_Gênesis;CAPÍTULO 38;1;1;1;38;Quando Hira, o adulamita, procurou a mulher para entregar o cabrito e recuperar o penhor de Judá, o que os homens do lugar disseram? [C] (Gênesis 38:20-22);;
104342;LIVROS BÍBLICOS;1_Pentateuco;1_Gênesis;CAPÍTULO 38;1;1;1;38;Quase três meses depois do encontro em Enaim, o que Judá ordenou ao receber a notícia de que Tamar estava grávida? [B] (Gênesis 38:24);;
104343;LIVROS BÍBLICOS;1_Pentateuco;1_Gênesis;CAPÍTULO 38;1;1;1;38;Quando Tamar foi confrontada por causa da gravidez, como provou a Judá quem era o responsável e o que Judá reconheceu? [A] (Gênesis 38:25-26);;
104344;LIVROS BÍBLICOS;1_Pentateuco;1_Gênesis;CAPÍTULO 38;1;1;1;38;Depois que Judá reconheceu o selo, o cordão e o cajado apresentados por Tamar, o que o texto diz sobre a relação entre eles? [B] (Gênesis 38:26);;
104345;LIVROS BÍBLICOS;1_Pentateuco;1_Gênesis;CAPÍTULO 38;1;1;1;38;No final de Gênesis 38, como terminou o nascimento dos gêmeos de Tamar? [A] (Gênesis 38:27-30);;
104346;LIVROS BÍBLICOS;1_Pentateuco;1_Gênesis;CAPÍTULO 39;1;1;1;39;Quando José foi levado para o Egito depois de ser vendido pelos irmãos, quem o comprou dos ismaelitas? [B] (Gênesis 39:1);;
104347;LIVROS BÍBLICOS;1_Pentateuco;1_Gênesis;CAPÍTULO 39;1;1;1;39;Logo depois de José chegar à casa de Potifar, o que o texto destaca sobre a presença do SENHOR e o resultado do trabalho de José? [B] (Gênesis 39:2-3);;
104348;LIVROS BÍBLICOS;1_Pentateuco;1_Gênesis;CAPÍTULO 39;1;1;1;39;Depois que José encontrou favor diante de Potifar, que responsabilidade recebeu na casa de seu senhor? [A] (Gênesis 39:4);;
104349;LIVROS BÍBLICOS;1_Pentateuco;1_Gênesis;CAPÍTULO 39;1;1;1;39;Depois que José passou a administrar a casa de Potifar, o que aconteceu aos bens de seu senhor? [A] (Gênesis 39:5);;
104350;LIVROS BÍBLICOS;1_Pentateuco;1_Gênesis;CAPÍTULO 39;1;1;1;39;Depois de confiar seus bens à administração de José, com o que Potifar ainda se preocupava? [B] (Gênesis 39:6);;
104351;LIVROS BÍBLICOS;1_Pentateuco;1_Gênesis;CAPÍTULO 39;1;1;1;39;Antes do episódio envolvendo a mulher de Potifar, como José é descrito fisicamente no texto? [B] (Gênesis 39:6);;
104352;LIVROS BÍBLICOS;1_Pentateuco;1_Gênesis;CAPÍTULO 39;1;1;1;39;Quando a mulher de Potifar tentou convencer José a se envolver com ela, como ele respondeu? [B] (Gênesis 39:7-9);;
104353;LIVROS BÍBLICOS;1_Pentateuco;1_Gênesis;CAPÍTULO 39;1;1;1;39;Ao recusar a proposta da mulher de Potifar, que razão José apresentou além de considerar aquilo pecado contra Deus? [A] (Gênesis 39:8-9);;
104354;LIVROS BÍBLICOS;1_Pentateuco;1_Gênesis;CAPÍTULO 39;1;1;1;39;Quando a mulher de Potifar insistia com José dia após dia, como ele agia diante dessa insistência? [B] (Gênesis 39:10);;
104355;LIVROS BÍBLICOS;1_Pentateuco;1_Gênesis;CAPÍTULO 39;1;1;1;39;Num dia em que José entrou na casa para fazer seu serviço e nenhum dos homens da casa estava presente, o que aconteceu? [B] (Gênesis 39:11-12);;
104356;LIVROS BÍBLICOS;1_Pentateuco;1_Gênesis;CAPÍTULO 39;1;1;1;39;Depois que José fugiu e deixou sua roupa nas mãos da mulher de Potifar, o que ela fez com essa roupa? [B] (Gênesis 39:13-18);;
104357;LIVROS BÍBLICOS;1_Pentateuco;1_Gênesis;CAPÍTULO 39;1;1;1;39;Ao ouvir a acusação feita por sua mulher contra José, como Potifar reagiu? [A] (Gênesis 39:19-20);;
104358;LIVROS BÍBLICOS;1_Pentateuco;1_Gênesis;CAPÍTULO 39;1;1;1;39;Mesmo depois de José ser colocado na prisão, o que o SENHOR fez por ele? [A] (Gênesis 39:21);;
104359;LIVROS BÍBLICOS;1_Pentateuco;1_Gênesis;CAPÍTULO 39;1;1;1;39;Depois que José encontrou favor diante do carcereiro, que responsabilidade recebeu dentro da prisão? [C] (Gênesis 39:22);;
104360;LIVROS BÍBLICOS;1_Pentateuco;1_Gênesis;CAPÍTULO 39;1;1;1;39;Por que o carcereiro não precisava se preocupar com aquilo que estava sob os cuidados de José? [C] (Gênesis 39:23);;
104361;LIVROS BÍBLICOS;1_Pentateuco;1_Gênesis;CAPÍTULO 40;1;1;1;40;No episódio da prisão em que José estava, quais oficiais do rei do Egito ofenderam Faraó e foram presos? [B] (Gênesis 40:1-3);;
104362;LIVROS BÍBLICOS;1_Pentateuco;1_Gênesis;CAPÍTULO 40;1;1;1;40;Depois de ofenderem Faraó, onde o copeiro-chefe e o padeiro-chefe foram colocados sob custódia? [B] (Gênesis 40:3);;
104363;LIVROS BÍBLICOS;1_Pentateuco;1_Gênesis;CAPÍTULO 40;1;1;1;40;Quando o copeiro-chefe e o padeiro-chefe foram presos no mesmo cárcere em que José estava, que responsabilidade o comandante da guarda deu a José em relação aos dois oficiais? [B] (Gênesis 40:4);;
104364;LIVROS BÍBLICOS;1_Pentateuco;1_Gênesis;CAPÍTULO 40;1;1;1;40;Antes de terem os sonhos narrados em Gênesis 40, quanto tempo o copeiro-chefe e o padeiro-chefe ficaram na prisão? [B] (Gênesis 40:4);;
104365;LIVROS BÍBLICOS;1_Pentateuco;1_Gênesis;CAPÍTULO 40;1;1;1;40;Enquanto estavam presos no cárcere onde José servia, o que aconteceu com o copeiro-chefe e o padeiro-chefe na mesma noite? [B] (Gênesis 40:5);;
104366;LIVROS BÍBLICOS;1_Pentateuco;1_Gênesis;CAPÍTULO 40;1;1;1;40;Na manhã seguinte aos sonhos do copeiro-chefe e do padeiro-chefe, o que José percebeu e o que perguntou aos dois oficiais? [C] (Gênesis 40:6-7);;
104367;LIVROS BÍBLICOS;1_Pentateuco;1_Gênesis;CAPÍTULO 40;1;1;1;40;Quando o copeiro-chefe e o padeiro-chefe disseram a José que haviam sonhado e não havia quem interpretasse os sonhos, o que José respondeu? [A] (Gênesis 40:8);;
104368;LIVROS BÍBLICOS;1_Pentateuco;1_Gênesis;CAPÍTULO 40;1;1;1;40;No sonho contado pelo copeiro-chefe a José na prisão, o que aconteceu com a videira de três ramos? [B] (Gênesis 40:9-11);;
104369;LIVROS BÍBLICOS;1_Pentateuco;1_Gênesis;CAPÍTULO 40;1;1;1;40;Na interpretação que José deu ao sonho do copeiro-chefe, o que os três ramos representavam e o que aconteceria com o oficial? [A] (Gênesis 40:12-13);;
104370;LIVROS BÍBLICOS;1_Pentateuco;1_Gênesis;CAPÍTULO 40;1;1;1;40;Depois de interpretar favoravelmente o sonho do copeiro-chefe, que pedido José fez a ele? [A] (Gênesis 40:14-15);;
104371;LIVROS BÍBLICOS;1_Pentateuco;1_Gênesis;CAPÍTULO 40;1;1;1;40;Ao explicar sua situação ao copeiro-chefe depois de interpretar o sonho, o que José afirmou sobre como havia chegado à prisão? [A] (Gênesis 40:15);;
104372;LIVROS BÍBLICOS;1_Pentateuco;1_Gênesis;CAPÍTULO 40;1;1;1;40;No sonho que o padeiro-chefe contou a José na prisão, o que havia sobre sua cabeça? [A] (Gênesis 40:16-17);;
104373;LIVROS BÍBLICOS;1_Pentateuco;1_Gênesis;CAPÍTULO 40;1;1;1;40;Na interpretação dada por José ao sonho do padeiro-chefe, o que os três cestos representavam e qual seria o resultado para o oficial? [B] (Gênesis 40:18-19);;
104374;LIVROS BÍBLICOS;1_Pentateuco;1_Gênesis;CAPÍTULO 40;1;1;1;40;No terceiro dia após José interpretar os sonhos dos dois oficiais, que também era o aniversário de Faraó, o que aconteceu com o copeiro-chefe e o padeiro-chefe? [C] (Gênesis 40:20-22);;
104375;LIVROS BÍBLICOS;1_Pentateuco;1_Gênesis;CAPÍTULO 40;1;1;1;40;Depois de ser reintegrado ao seu cargo conforme a interpretação de José, o que o copeiro-chefe fez em relação a José? [B] (Gênesis 40:23);;
104376;LIVROS BÍBLICOS;1_Pentateuco;1_Gênesis;CAPÍTULO 41;1;1;1;41;Depois de quanto tempo, contado a partir dos acontecimentos envolvendo o copeiro-chefe e o padeiro-chefe, Faraó teve os sonhos narrados no início de Gênesis 41? [B] (Gênesis 41:1);;
104377;LIVROS BÍBLICOS;1_Pentateuco;1_Gênesis;CAPÍTULO 41;1;1;1;41;No primeiro sonho de Faraó, que animais saíram do rio Nilo? [B] (Gênesis 41:1-4);;
104378;LIVROS BÍBLICOS;1_Pentateuco;1_Gênesis;CAPÍTULO 41;1;1;1;41;No primeiro sonho de Faraó, o que as sete vacas feias e magras fizeram com as sete vacas gordas? [A] (Gênesis 41:3-4);;
104379;LIVROS BÍBLICOS;1_Pentateuco;1_Gênesis;CAPÍTULO 41;1;1;1;41;No segundo sonho de Faraó, o que aconteceu com as espigas? [A] (Gênesis 41:5-7);;
104380;LIVROS BÍBLICOS;1_Pentateuco;1_Gênesis;CAPÍTULO 41;1;1;1;41;Depois de acordar perturbado com os sonhos, o que aconteceu quando Faraó os contou aos magos e sábios do Egito? [A] (Gênesis 41:8);;
104381;LIVROS BÍBLICOS;1_Pentateuco;1_Gênesis;CAPÍTULO 41;1;1;1;41;Quando Faraó buscava uma interpretação para seus sonhos, quem se lembrou de José e contou ao rei sobre as interpretações dadas na prisão? [B] (Gênesis 41:9-13);;
104382;LIVROS BÍBLICOS;1_Pentateuco;1_Gênesis;CAPÍTULO 41;1;1;1;41;Depois de ser chamado da masmorra para se apresentar a Faraó, o que José fez antes de comparecer diante do rei? [B] (Gênesis 41:14);;
104383;LIVROS BÍBLICOS;1_Pentateuco;1_Gênesis;CAPÍTULO 41;1;1;1;41;Quando Faraó disse ter ouvido que José sabia interpretar sonhos, o que José respondeu sobre a origem da interpretação? [B] (Gênesis 41:15-16);;
104384;LIVROS BÍBLICOS;1_Pentateuco;1_Gênesis;CAPÍTULO 41;1;1;1;41;Depois de ouvir os dois sonhos de Faraó, o que José afirmou sobre a relação entre eles? [B] (Gênesis 41:25-28);;
104385;LIVROS BÍBLICOS;1_Pentateuco;1_Gênesis;CAPÍTULO 41;1;1;1;41;Na interpretação dada por José, o que representavam as sete vacas boas e as sete espigas boas? [B] (Gênesis 41:26,29);;
104386;LIVROS BÍBLICOS;1_Pentateuco;1_Gênesis;CAPÍTULO 41;1;1;1;41;Na interpretação dada por José, o que representavam as sete vacas magras e as sete espigas mirradas? [B] (Gênesis 41:27,30-31);;
104387;LIVROS BÍBLICOS;1_Pentateuco;1_Gênesis;CAPÍTULO 41;1;1;1;41;Segundo a explicação de José a Faraó, por que o mesmo aviso foi apresentado em dois sonhos? [A] (Gênesis 41:32);;
104388;LIVROS BÍBLICOS;1_Pentateuco;1_Gênesis;CAPÍTULO 41;1;1;1;41;Depois de interpretar os sonhos de Faraó, que plano José aconselhou para enfrentar os anos de fome que viriam depois da fartura? [B] (Gênesis 41:33-36);;
104389;LIVROS BÍBLICOS;1_Pentateuco;1_Gênesis;CAPÍTULO 41;1;1;1;41;Depois de ouvir a interpretação e o plano apresentado por José, por que Faraó o considerou especialmente adequado para dirigir o Egito? [A] (Gênesis 41:37-40);;
104390;LIVROS BÍBLICOS;1_Pentateuco;1_Gênesis;CAPÍTULO 41;1;1;1;41;Ao colocar José sobre a terra do Egito, que sinais de autoridade Faraó lhe entregou? [C] (Gênesis 41:41-44);;
104391;LIVROS BÍBLICOS;1_Pentateuco;1_Gênesis;CAPÍTULO 41;1;1;1;41;Depois de elevar José a uma posição de autoridade no Egito, que novo nome Faraó lhe deu e com quem José se casou? [C] (Gênesis 41:45);;
104392;LIVROS BÍBLICOS;1_Pentateuco;1_Gênesis;CAPÍTULO 41;1;1;1;41;Quantos anos José tinha quando se apresentou a Faraó e passou a exercer sua função por toda a terra do Egito? [C] (Gênesis 41:46);;
104393;LIVROS BÍBLICOS;1_Pentateuco;1_Gênesis;CAPÍTULO 41;1;1;1;41;Durante os sete anos de grande abundância no Egito, o que José fez com a produção de cereais? [B] (Gênesis 41:47-49);;
104394;LIVROS BÍBLICOS;1_Pentateuco;1_Gênesis;CAPÍTULO 41;1;1;1;41;Antes de começarem os anos de fome, quais foram os dois filhos de José e que motivos ele associou aos nomes deles? [A] (Gênesis 41:50-52);;
104395;LIVROS BÍBLICOS;1_Pentateuco;1_Gênesis;CAPÍTULO 41;1;1;1;41;Quando terminaram os sete anos de abundância no Egito, o que aconteceu conforme a interpretação de José? [A] (Gênesis 41:53-57);;
104396;LIVROS BÍBLICOS;1_Pentateuco;1_Gênesis;CAPÍTULO 42;1;1;1;42;Durante a fome em Canaã, Jacó soube que havia cereais no Egito. O que ele orientou seus filhos a fazer? (Gênesis 42:1-2);;
104397;LIVROS BÍBLICOS;1_Pentateuco;1_Gênesis;CAPÍTULO 42;1;1;1;42;Quando dez dos filhos de Jacó foram ao Egito comprar cereal, qual filho permaneceu em Canaã por decisão do pai, que temia que lhe acontecesse algum desastre? (Gênesis 42:3-5);;
104398;LIVROS BÍBLICOS;1_Pentateuco;1_Gênesis;CAPÍTULO 42;1;1;1;42;José era o governador do Egito e responsável pela venda de cereal. O que seus irmãos fizeram ao se apresentarem diante dele? (Gênesis 42:6);;
104399;LIVROS BÍBLICOS;1_Pentateuco;1_Gênesis;CAPÍTULO 42;1;1;1;42;Ao encontrar os irmãos no Egito, José os reconheceu, mas eles não o reconheceram. Como José se comportou diante deles? (Gênesis 42:7-8);;
104400;LIVROS BÍBLICOS;1_Pentateuco;1_Gênesis;CAPÍTULO 42;1;1;1;42;Depois de reconhecer os irmãos, José se lembrou dos sonhos que tivera a respeito deles. De que os acusou? (Gênesis 42:9-12);;
104401;LIVROS BÍBLICOS;1_Pentateuco;1_Gênesis;CAPÍTULO 42;1;1;1;42;Ao negar a acusação de espionagem, que informação os irmãos de José deram sobre a própria família? (Gênesis 42:13);;
104402;LIVROS BÍBLICOS;1_Pentateuco;1_Gênesis;CAPÍTULO 42;1;1;1;42;Para provar se os irmãos diziam a verdade, José exigiu a presença do irmão mais novo. O que fez com eles antes de apresentar uma nova condição? (Gênesis 42:15-17);;
104403;LIVROS BÍBLICOS;1_Pentateuco;1_Gênesis;CAPÍTULO 42;1;1;1;42;No terceiro dia de prisão, José declarou que temia a Deus e modificou a forma de provar a honestidade dos irmãos. Qual foi a nova determinação? (Gênesis 42:18-20);;
104404;LIVROS BÍBLICOS;1_Pentateuco;1_Gênesis;CAPÍTULO 42;1;1;1;42;Diante da situação no Egito, os irmãos de José relacionaram a angústia que estavam sofrendo ao que haviam feito anos antes. O que reconheceram entre si? (Gênesis 42:21);;
104405;LIVROS BÍBLICOS;1_Pentateuco;1_Gênesis;CAPÍTULO 42;1;1;1;42;Quando os irmãos reconheceram sua culpa pelo que fizeram a José, o que Rúben lhes lembrou? (Gênesis 42:22);;
104406;LIVROS BÍBLICOS;1_Pentateuco;1_Gênesis;CAPÍTULO 42;1;1;1;42;Enquanto os irmãos conversavam sobre a culpa pelo que fizeram a José, por que não perceberam que ele compreendia o que diziam e como José reagiu ao ouvi-los? (Gênesis 42:23-24);;
104407;LIVROS BÍBLICOS;1_Pentateuco;1_Gênesis;CAPÍTULO 42;1;1;1;42;Depois de voltar a falar com os irmãos, qual deles José escolheu para ficar detido no Egito? (Gênesis 42:24);;
104408;LIVROS BÍBLICOS;1_Pentateuco;1_Gênesis;CAPÍTULO 42;1;1;1;42;Antes de permitir que os irmãos partissem do Egito, que providências José ordenou a respeito dos sacos de cereal e da viagem? (Gênesis 42:25-26);;
104409;LIVROS BÍBLICOS;1_Pentateuco;1_Gênesis;CAPÍTULO 42;1;1;1;42;Durante a viagem de volta a Canaã, um dos irmãos abriu o saco de cereal na estalagem para alimentar o jumento. O que encontrou? (Gênesis 42:27);;
104410;LIVROS BÍBLICOS;1_Pentateuco;1_Gênesis;CAPÍTULO 42;1;1;1;42;Quando um dos irmãos mostrou que seu dinheiro havia sido devolvido no saco de cereal, como os irmãos reagiram? (Gênesis 42:28);;
104411;LIVROS BÍBLICOS;1_Pentateuco;1_Gênesis;CAPÍTULO 42;1;1;1;42;Ao chegarem a Canaã, os filhos de Jacó relataram a exigência feita pelo governador do Egito para comprovar que eram homens honestos. O que precisariam fazer numa próxima viagem? (Gênesis 42:29-34);;
104412;LIVROS BÍBLICOS;1_Pentateuco;1_Gênesis;CAPÍTULO 42;1;1;1;42;Quando os irmãos despejaram o cereal dos sacos já em Canaã, o que todos descobriram e qual foi a reação da família? (Gênesis 42:35-36);;
104413;LIVROS BÍBLICOS;1_Pentateuco;1_Gênesis;CAPÍTULO 42;1;1;1;42;Depois que Rúben se ofereceu para cuidar de Benjamim e prometeu trazê-lo de volta, qual foi a decisão de Jacó? (Gênesis 42:37-38);;
104414;LIVROS BÍBLICOS;1_Pentateuco;1_Gênesis;CAPÍTULO 43;1;1;1;43;A fome continuava muito severa em Canaã. Depois que a família consumiu o cereal trazido do Egito, o que Jacó ordenou aos filhos? (Gênesis 43:1-2);;
104415;LIVROS BÍBLICOS;1_Pentateuco;1_Gênesis;CAPÍTULO 43;1;1;1;43;Quando Jacó pediu que os filhos voltassem ao Egito para comprar mantimento, qual condição Judá lembrou que o governador havia imposto para recebê-los novamente? (Gênesis 43:3-5);;
104416;LIVROS BÍBLICOS;1_Pentateuco;1_Gênesis;CAPÍTULO 43;1;1;1;43;Quando Israel perguntou por que os filhos haviam contado ao governador do Egito que tinham outro irmão, que explicação eles deram? (Gênesis 43:6-7);;
104417;LIVROS BÍBLICOS;1_Pentateuco;1_Gênesis;CAPÍTULO 43;1;1;1;43;Ao pedir que Israel permitisse a ida de Benjamim ao Egito, que responsabilidade Judá assumiu pelo irmão mais novo? (Gênesis 43:8-10);;
104418;LIVROS BÍBLICOS;1_Pentateuco;1_Gênesis;CAPÍTULO 43;1;1;1;43;Depois de concordar com a nova viagem ao Egito, que produtos Israel mandou levar como presente ao governador? (Gênesis 43:11);;
104419;LIVROS BÍBLICOS;1_Pentateuco;1_Gênesis;CAPÍTULO 43;1;1;1;43;Além do dinheiro necessário para uma nova compra de mantimento, por que Israel mandou os filhos levarem de volta o dinheiro encontrado na boca dos sacos de cereal? (Gênesis 43:12);;
104420;LIVROS BÍBLICOS;1_Pentateuco;1_Gênesis;CAPÍTULO 43;1;1;1;43;Antes de os filhos partirem com Benjamim para o Egito, o que Israel pediu a Deus Todo-Poderoso? (Gênesis 43:13-14);;
104421;LIVROS BÍBLICOS;1_Pentateuco;1_Gênesis;CAPÍTULO 43;1;1;1;43;Quando José viu Benjamim entre os irmãos que haviam retornado ao Egito, que ordem deu ao administrador de sua casa? (Gênesis 43:15-17);;
104422;LIVROS BÍBLICOS;1_Pentateuco;1_Gênesis;CAPÍTULO 43;1;1;1;43;Por que os irmãos de José ficaram com medo quando foram conduzidos à casa do governador? (Gênesis 43:18);;
104423;LIVROS BÍBLICOS;1_Pentateuco;1_Gênesis;CAPÍTULO 43;1;1;1;43;À porta da casa de José, o que os irmãos explicaram ao administrador sobre o dinheiro encontrado nos sacos de cereal? (Gênesis 43:19-22);;
104424;LIVROS BÍBLICOS;1_Pentateuco;1_Gênesis;CAPÍTULO 43;1;1;1;43;Como o administrador da casa de José respondeu à preocupação dos irmãos com o dinheiro encontrado nos sacos? (Gênesis 43:23);;
104425;LIVROS BÍBLICOS;1_Pentateuco;1_Gênesis;CAPÍTULO 43;1;1;1;43;Depois de tranquilizar os irmãos de José, o que o administrador fez ao recebê-los na casa? (Gênesis 43:23-24);;
104426;LIVROS BÍBLICOS;1_Pentateuco;1_Gênesis;CAPÍTULO 43;1;1;1;43;Sabendo que comeriam na casa de José ao meio-dia, o que os irmãos fizeram enquanto aguardavam a chegada dele? (Gênesis 43:25);;
104427;LIVROS BÍBLICOS;1_Pentateuco;1_Gênesis;CAPÍTULO 43;1;1;1;43;Quando José chegou à sua casa, como os irmãos o receberam? (Gênesis 43:26);;
104428;LIVROS BÍBLICOS;1_Pentateuco;1_Gênesis;CAPÍTULO 43;1;1;1;43;Durante o encontro em sua casa, que pergunta José fez aos irmãos a respeito de Jacó, seu pai? (Gênesis 43:27);;
104429;LIVROS BÍBLICOS;1_Pentateuco;1_Gênesis;CAPÍTULO 43;1;1;1;43;Depois de responderem que seu pai estava bem e ainda vivia, como os irmãos de José demonstraram respeito diante dele? (Gênesis 43:28);;
104430;LIVROS BÍBLICOS;1_Pentateuco;1_Gênesis;CAPÍTULO 43;1;1;1;43;Ao ver Benjamim, seu irmão por parte de pai e mãe, o que José lhe disse? (Gênesis 43:29);;
104431;LIVROS BÍBLICOS;1_Pentateuco;1_Gênesis;CAPÍTULO 43;1;1;1;43;José ficou profundamente emocionado ao ver Benjamim. O que fez para que os irmãos não o vissem chorar? (Gênesis 43:30-31);;
104432;LIVROS BÍBLICOS;1_Pentateuco;1_Gênesis;CAPÍTULO 43;1;1;1;43;Na refeição preparada por José, por que ele, seus irmãos e os egípcios que comiam com ele foram servidos em mesas separadas? (Gênesis 43:32);;
104433;LIVROS BÍBLICOS;1_Pentateuco;1_Gênesis;CAPÍTULO 43;1;1;1;43;Durante a refeição na casa de José, o que causou espanto aos irmãos e que distinção Benjamim recebeu? (Gênesis 43:33-34);;
104434;LIVROS BÍBLICOS;1_Pentateuco;1_Gênesis;CAPÍTULO 44;1;1;1;44;Antes de os irmãos partirem novamente do Egito, que ordem José deu ao administrador de sua casa a respeito dos sacos de mantimento e do dinheiro deles? (Gênesis 44:1);;
104435;LIVROS BÍBLICOS;1_Pentateuco;1_Gênesis;CAPÍTULO 44;1;1;1;44;Além do dinheiro do cereal, o que José mandou colocar na boca do saco de mantimento de Benjamim, o irmão mais novo? (Gênesis 44:2);;
104436;LIVROS BÍBLICOS;1_Pentateuco;1_Gênesis;CAPÍTULO 44;1;1;1;44;Depois que os irmãos saíram da cidade com seus jumentos, qual ordem José deu ao administrador de sua casa? (Gênesis 44:3-4);;
104437;LIVROS BÍBLICOS;1_Pentateuco;1_Gênesis;CAPÍTULO 44;1;1;1;44;Na acusação transmitida pelo administrador, como foi descrito o copo de José que supostamente havia sido roubado? (Gênesis 44:5);;
104438;LIVROS BÍBLICOS;1_Pentateuco;1_Gênesis;CAPÍTULO 44;1;1;1;44;Ao serem acusados de roubar o copo de José, que argumento os irmãos apresentaram para demonstrar que não seriam capazes de furtar prata ou ouro? (Gênesis 44:7-8);;
104439;LIVROS BÍBLICOS;1_Pentateuco;1_Gênesis;CAPÍTULO 44;1;1;1;44;Convencidos de sua inocência, que punição os irmãos propuseram caso o copo fosse encontrado com algum deles? (Gênesis 44:9);;
104440;LIVROS BÍBLICOS;1_Pentateuco;1_Gênesis;CAPÍTULO 44;1;1;1;44;Como o administrador de José modificou a punição proposta pelos irmãos antes de revistar os sacos? (Gênesis 44:10);;
104441;LIVROS BÍBLICOS;1_Pentateuco;1_Gênesis;CAPÍTULO 44;1;1;1;44;Ao examinar os sacos dos irmãos de José, em que ordem o administrador fez a busca e onde encontrou o copo? (Gênesis 44:11-12);;
104442;LIVROS BÍBLICOS;1_Pentateuco;1_Gênesis;CAPÍTULO 44;1;1;1;44;Quando o copo de prata foi encontrado no saco de Benjamim, como os irmãos reagiram e o que fizeram em seguida? (Gênesis 44:12-13);;
104443;LIVROS BÍBLICOS;1_Pentateuco;1_Gênesis;CAPÍTULO 44;1;1;1;44;Quando Judá e seus irmãos retornaram à casa de José após a descoberta do copo, como se apresentaram diante dele? (Gênesis 44:14);;
104444;LIVROS BÍBLICOS;1_Pentateuco;1_Gênesis;CAPÍTULO 44;1;1;1;44;Depois que José os confrontou, o que Judá declarou sobre a culpa deles e sobre a condição dos irmãos diante de José? (Gênesis 44:15-16);;
104445;LIVROS BÍBLICOS;1_Pentateuco;1_Gênesis;CAPÍTULO 44;1;1;1;44;Qual decisão José anunciou depois que Judá declarou que todos os irmãos seriam seus escravos? (Gênesis 44:17);;
104446;LIVROS BÍBLICOS;1_Pentateuco;1_Gênesis;CAPÍTULO 44;1;1;1;44;Ao iniciar seu apelo para salvar Benjamim, como Judá se dirigiu a José e que comparação fez sobre a autoridade dele? (Gênesis 44:18);;
104447;LIVROS BÍBLICOS;1_Pentateuco;1_Gênesis;CAPÍTULO 44;1;1;1;44;Ao recontar a conversa anterior com José, como Judá descreveu Jacó e Benjamim? (Gênesis 44:19-20);;
104448;LIVROS BÍBLICOS;1_Pentateuco;1_Gênesis;CAPÍTULO 44;1;1;1;44;Segundo o relato de Judá, o que os irmãos haviam advertido a José quando ele exigiu que Benjamim fosse levado ao Egito? (Gênesis 44:21-23);;
104449;LIVROS BÍBLICOS;1_Pentateuco;1_Gênesis;CAPÍTULO 44;1;1;1;44;Ao explicar o temor de Jacó de perder Benjamim, que lembrança Judá relatou sobre os dois filhos que Jacó teve de sua mulher? (Gênesis 44:27-28);;
104450;LIVROS BÍBLICOS;1_Pentateuco;1_Gênesis;CAPÍTULO 44;1;1;1;44;Que consequência Jacó havia dito que teria se também acontecesse algum desastre com Benjamim? (Gênesis 44:29);;
104451;LIVROS BÍBLICOS;1_Pentateuco;1_Gênesis;CAPÍTULO 44;1;1;1;44;Por que Judá afirmou que voltar a Jacó sem Benjamim poderia levar seu pai à morte? (Gênesis 44:30-31);;
104452;LIVROS BÍBLICOS;1_Pentateuco;1_Gênesis;CAPÍTULO 44;1;1;1;44;Que responsabilidade pessoal Judá lembrou ter assumido diante de Jacó antes de trazer Benjamim ao Egito? (Gênesis 44:32);;
104453;LIVROS BÍBLICOS;1_Pentateuco;1_Gênesis;CAPÍTULO 44;1;1;1;44;No ponto culminante de seu apelo, que proposta Judá fez a José para que Benjamim pudesse voltar ao pai? (Gênesis 44:33-34);;
104454;LIVROS BÍBLICOS;1_Pentateuco;1_Gênesis;CAPÍTULO 45;1;1;1;45;Quando José decidiu finalmente revelar sua identidade aos irmãos, o que ordenou às demais pessoas que estavam presentes? (Gênesis 45:1);;
104455;LIVROS BÍBLICOS;1_Pentateuco;1_Gênesis;CAPÍTULO 45;1;1;1;45;Ao se dar a conhecer aos irmãos, José chorou em voz alta. Quem ouviu o seu choro? (Gênesis 45:2);;
104456;LIVROS BÍBLICOS;1_Pentateuco;1_Gênesis;CAPÍTULO 45;1;1;1;45;Quando José declarou aos irmãos que era José e perguntou se seu pai ainda estava vivo, como eles reagiram? (Gênesis 45:3);;
104457;LIVROS BÍBLICOS;1_Pentateuco;1_Gênesis;CAPÍTULO 45;1;1;1;45;Depois de pedir que os irmãos se aproximassem, como José se identificou de forma mais completa? (Gênesis 45:4);;
104458;LIVROS BÍBLICOS;1_Pentateuco;1_Gênesis;CAPÍTULO 45;1;1;1;45;Ao falar sobre ter sido vendido para o Egito, por que José disse aos irmãos que não ficassem tristes nem irritados contra si mesmos? (Gênesis 45:5);;
104459;LIVROS BÍBLICOS;1_Pentateuco;1_Gênesis;CAPÍTULO 45;1;1;1;45;Ao explicar a situação da fome aos irmãos, quantos anos de fome já haviam passado e quantos ainda restavam? (Gênesis 45:6);;
104460;LIVROS BÍBLICOS;1_Pentateuco;1_Gênesis;CAPÍTULO 45;1;1;1;45;Segundo José, com que propósito Deus o havia enviado adiante de seus irmãos para o Egito? (Gênesis 45:7);;
104461;LIVROS BÍBLICOS;1_Pentateuco;1_Gênesis;CAPÍTULO 45;1;1;1;45;Ao explicar a ação de Deus em sua trajetória, quais posições José disse ter recebido no Egito? (Gênesis 45:8);;
104462;LIVROS BÍBLICOS;1_Pentateuco;1_Gênesis;CAPÍTULO 45;1;1;1;45;Que mensagem José mandou os irmãos levarem rapidamente a Jacó a respeito de sua situação no Egito? (Gênesis 45:9);;
104463;LIVROS BÍBLICOS;1_Pentateuco;1_Gênesis;CAPÍTULO 45;1;1;1;45;Em que região do Egito José disse que Jacó e sua família poderiam morar, permanecendo perto dele? (Gênesis 45:10);;
104464;LIVROS BÍBLICOS;1_Pentateuco;1_Gênesis;CAPÍTULO 45;1;1;1;45;Por que José queria que Jacó se mudasse para perto dele no Egito durante os anos restantes de fome? (Gênesis 45:11);;
104465;LIVROS BÍBLICOS;1_Pentateuco;1_Gênesis;CAPÍTULO 45;1;1;1;45;Depois de revelar sua identidade, o que José pediu aos irmãos que contassem a Jacó antes de trazê-lo ao Egito? (Gênesis 45:12-13);;
104466;LIVROS BÍBLICOS;1_Pentateuco;1_Gênesis;CAPÍTULO 45;1;1;1;45;Como ocorreu o reencontro emocional entre José e Benjamim depois que José revelou sua identidade? (Gênesis 45:14);;
104467;LIVROS BÍBLICOS;1_Pentateuco;1_Gênesis;CAPÍTULO 45;1;1;1;45;Depois de abraçar Benjamim, o que José fez com os demais irmãos, permitindo que finalmente conversassem com ele? (Gênesis 45:15);;
104468;LIVROS BÍBLICOS;1_Pentateuco;1_Gênesis;CAPÍTULO 45;1;1;1;45;Quando chegou à casa de Faraó a notícia de que os irmãos de José haviam chegado ao Egito, como Faraó e seus oficiais reagiram? (Gênesis 45:16);;
104469;LIVROS BÍBLICOS;1_Pentateuco;1_Gênesis;CAPÍTULO 45;1;1;1;45;Que promessa Faraó fez aos irmãos de José caso trouxessem Jacó e suas famílias para o Egito? (Gênesis 45:17-18);;
104470;LIVROS BÍBLICOS;1_Pentateuco;1_Gênesis;CAPÍTULO 45;1;1;1;45;Além de mandar buscar Jacó, que meio de transporte Faraó ordenou que os irmãos levassem do Egito para trazer as crianças, as mulheres e o pai? (Gênesis 45:19-20);;
104471;LIVROS BÍBLICOS;1_Pentateuco;1_Gênesis;CAPÍTULO 45;1;1;1;45;Que presentes especiais José deu a Benjamim antes da viagem de volta a Canaã? (Gênesis 45:22);;
104472;LIVROS BÍBLICOS;1_Pentateuco;1_Gênesis;CAPÍTULO 45;1;1;1;45;Que provisões José enviou especificamente a Jacó para a viagem ao Egito? (Gênesis 45:23);;
104473;LIVROS BÍBLICOS;1_Pentateuco;1_Gênesis;CAPÍTULO 45;1;1;1;45;Ao despedir os irmãos para a viagem de volta a Canaã, que recomendação José lhes deu? (Gênesis 45:24);;
104474;LIVROS BÍBLICOS;1_Pentateuco;1_Gênesis;CAPÍTULO 45;1;1;1;45;Quando os filhos de Jacó chegaram a Canaã e disseram que José ainda vivia e governava toda a terra do Egito, qual foi a reação inicial de Jacó? (Gênesis 45:25-26);;
104475;LIVROS BÍBLICOS;1_Pentateuco;1_Gênesis;CAPÍTULO 45;1;1;1;45;O que fez o espírito de Jacó reviver e qual decisão ele tomou ao se convencer de que José estava vivo? (Gênesis 45:27-28);;
104476;LIVROS BÍBLICOS;1_Pentateuco;1_Gênesis;CAPÍTULO 46;1;1;1;46;Quando Israel partiu em direção ao Egito com tudo o que possuía, em que lugar fez uma parada e ofereceu sacrifícios ao Deus de Isaque, seu pai? (Gênesis 46:1);;
104477;LIVROS BÍBLICOS;1_Pentateuco;1_Gênesis;CAPÍTULO 46;1;1;1;46;Em Berseba, Deus falou a Israel em visões durante a noite. Que motivo deu para Jacó não ter medo de descer ao Egito? (Gênesis 46:2-3);;
104478;LIVROS BÍBLICOS;1_Pentateuco;1_Gênesis;CAPÍTULO 46;1;1;1;46;Que duas promessas Deus fez a Jacó a respeito de sua ida ao Egito e do final de sua vida? (Gênesis 46:4);;
104479;LIVROS BÍBLICOS;1_Pentateuco;1_Gênesis;CAPÍTULO 46;1;1;1;46;Ao saírem de Berseba rumo ao Egito, o que os filhos de Israel utilizaram para transportar Jacó, as crianças e as mulheres? (Gênesis 46:5);;
104480;LIVROS BÍBLICOS;1_Pentateuco;1_Gênesis;CAPÍTULO 46;1;1;1;46;Além da família, o que Jacó e seus descendentes levaram consigo da terra de Canaã para o Egito? (Gênesis 46:6-7);;
104481;LIVROS BÍBLICOS;1_Pentateuco;1_Gênesis;CAPÍTULO 46;1;1;1;46;Na relação dos descendentes de Jacó que foram ao Egito, quem é identificado como o primogênito de Jacó? (Gênesis 46:8);;
104482;LIVROS BÍBLICOS;1_Pentateuco;1_Gênesis;CAPÍTULO 46;1;1;1;46;Quais eram os três filhos de Levi mencionados entre os descendentes de Jacó que foram para o Egito? (Gênesis 46:11);;
104483;LIVROS BÍBLICOS;1_Pentateuco;1_Gênesis;CAPÍTULO 46;1;1;1;46;Entre os filhos de Judá mencionados na genealogia de Gênesis 46, quais haviam morrido ainda na terra de Canaã? (Gênesis 46:12);;
104484;LIVROS BÍBLICOS;1_Pentateuco;1_Gênesis;CAPÍTULO 46;1;1;1;46;Quantas pessoas são contabilizadas no grupo dos descendentes de Lia, incluindo os filhos e filhas mencionados no texto? (Gênesis 46:15);;
104485;LIVROS BÍBLICOS;1_Pentateuco;1_Gênesis;CAPÍTULO 46;1;1;1;46;Quantas pessoas são contabilizadas como descendentes de Zilpa, serva dada por Labão a Lia? (Gênesis 46:16-18);;
104486;LIVROS BÍBLICOS;1_Pentateuco;1_Gênesis;CAPÍTULO 46;1;1;1;46;Quais dois filhos de Raquel, mulher de Jacó, são destacados na relação familiar de Gênesis 46? (Gênesis 46:19);;
104487;LIVROS BÍBLICOS;1_Pentateuco;1_Gênesis;CAPÍTULO 46;1;1;1;46;Quais filhos nasceram a José no Egito, de sua mulher Asenate, filha de Potífera, sacerdote de Om? (Gênesis 46:20);;
104488;LIVROS BÍBLICOS;1_Pentateuco;1_Gênesis;CAPÍTULO 46;1;1;1;46;Quantas pessoas são contabilizadas no grupo dos descendentes de Raquel mencionados em Gênesis 46? (Gênesis 46:19-22);;
104489;LIVROS BÍBLICOS;1_Pentateuco;1_Gênesis;CAPÍTULO 46;1;1;1;46;Qual era o nome do único filho de Dã citado na relação dos descendentes de Jacó? (Gênesis 46:23);;
104490;LIVROS BÍBLICOS;1_Pentateuco;1_Gênesis;CAPÍTULO 46;1;1;1;46;Quantas pessoas são contabilizadas entre os descendentes de Bila, serva dada por Labão a Raquel? (Gênesis 46:23-25);;
104491;LIVROS BÍBLICOS;1_Pentateuco;1_Gênesis;CAPÍTULO 46;1;1;1;46;Sem contar as mulheres dos filhos de Jacó, quantos descendentes foram com Jacó para o Egito? (Gênesis 46:26);;
104492;LIVROS BÍBLICOS;1_Pentateuco;1_Gênesis;CAPÍTULO 46;1;1;1;46;Considerando também José e seus dois filhos que já estavam no Egito, quantas pessoas da casa de Jacó são contabilizadas no total? (Gênesis 46:27);;
104493;LIVROS BÍBLICOS;1_Pentateuco;1_Gênesis;CAPÍTULO 46;1;1;1;46;Quando a família se aproximava do Egito, quem Jacó enviou adiante para encontrar José e encaminhá-los à região de Gósen? (Gênesis 46:28);;
104494;LIVROS BÍBLICOS;1_Pentateuco;1_Gênesis;CAPÍTULO 46;1;1;1;46;Como José reagiu quando foi de carruagem a Gósen e finalmente se encontrou com seu pai Israel? (Gênesis 46:29);;
104495;LIVROS BÍBLICOS;1_Pentateuco;1_Gênesis;CAPÍTULO 46;1;1;1;46;Depois de reencontrar José vivo no Egito, o que Israel disse ao filho? (Gênesis 46:30);;
104496;LIVROS BÍBLICOS;1_Pentateuco;1_Gênesis;CAPÍTULO 46;1;1;1;46;Antes de apresentar a família a Faraó, que ocupação José disse que informaria ao rei a respeito de seus irmãos e da casa de seu pai? (Gênesis 46:31-32);;
104497;LIVROS BÍBLICOS;1_Pentateuco;1_Gênesis;CAPÍTULO 46;1;1;1;46;Que resposta José orientou seus irmãos a dar quando Faraó perguntasse qual era a ocupação deles, e com que objetivo? (Gênesis 46:33-34);;
104498;LIVROS BÍBLICOS;1_Pentateuco;1_Gênesis;CAPÍTULO 47;1;1;1;47;Ao informar Faraó sobre a chegada de sua família ao Egito, em que região José disse que seu pai e seus irmãos já estavam? (Gênesis 47:1);;
104499;LIVROS BÍBLICOS;1_Pentateuco;1_Gênesis;CAPÍTULO 47;1;1;1;47;Quantos de seus irmãos José escolheu para apresentar pessoalmente a Faraó? (Gênesis 47:2);;
104500;LIVROS BÍBLICOS;1_Pentateuco;1_Gênesis;CAPÍTULO 47;1;1;1;47;Quando Faraó perguntou qual era o trabalho dos irmãos de José, como eles responderam? (Gênesis 47:3);;
104501;LIVROS BÍBLICOS;1_Pentateuco;1_Gênesis;CAPÍTULO 47;1;1;1;47;Por que os irmãos de José disseram a Faraó que haviam vindo morar no Egito e o que pediram ao rei? (Gênesis 47:4);;
104502;LIVROS BÍBLICOS;1_Pentateuco;1_Gênesis;CAPÍTULO 47;1;1;1;47;Ao autorizar a família de José a morar na melhor parte da terra, que responsabilidade Faraó sugeriu para os homens capazes entre os irmãos de José? (Gênesis 47:5-6);;
104503;LIVROS BÍBLICOS;1_Pentateuco;1_Gênesis;CAPÍTULO 47;1;1;1;47;Quando José apresentou seu pai Jacó a Faraó, o que Jacó fez diante do rei? (Gênesis 47:7);;
104504;LIVROS BÍBLICOS;1_Pentateuco;1_Gênesis;CAPÍTULO 47;1;1;1;47;Que idade Jacó declarou ter quando Faraó perguntou quantos anos ele já tinha? (Gênesis 47:8-9);;
104505;LIVROS BÍBLICOS;1_Pentateuco;1_Gênesis;CAPÍTULO 47;1;1;1;47;Como Jacó descreveu a Faraó os anos de sua vida em comparação com os anos vividos por seus antepassados? (Gênesis 47:9);;
104506;LIVROS BÍBLICOS;1_Pentateuco;1_Gênesis;CAPÍTULO 47;1;1;1;47;Depois da audiência de Jacó com Faraó, em que região José estabeleceu seu pai e seus irmãos, dando-lhes propriedades na melhor parte da terra? (Gênesis 47:10-11);;
104507;LIVROS BÍBLICOS;1_Pentateuco;1_Gênesis;CAPÍTULO 47;1;1;1;47;Enquanto a família permanecia no Egito, de que maneira José cuidou de seu pai, seus irmãos e toda a casa de seu pai? (Gênesis 47:12);;
104508;LIVROS BÍBLICOS;1_Pentateuco;1_Gênesis;CAPÍTULO 47;1;1;1;47;Durante a severa fome que atingiu o Egito e Canaã, o que José fez com o dinheiro recebido pela venda de cereal? (Gênesis 47:13-14);;
104509;LIVROS BÍBLICOS;1_Pentateuco;1_Gênesis;CAPÍTULO 47;1;1;1;47;Quando o dinheiro dos egípcios acabou, o que José passou a receber em troca de alimento? (Gênesis 47:15-17);;
104510;LIVROS BÍBLICOS;1_Pentateuco;1_Gênesis;CAPÍTULO 47;1;1;1;47;Que tipos de animais são mencionados entre aqueles entregues pelos egípcios a José em troca de mantimento? (Gênesis 47:17);;
104511;LIVROS BÍBLICOS;1_Pentateuco;1_Gênesis;CAPÍTULO 47;1;1;1;47;No ano seguinte, depois de já terem entregado o dinheiro e os animais, o que os egípcios disseram que ainda lhes restava para oferecer em troca de alimento? (Gênesis 47:18-19);;
104512;LIVROS BÍBLICOS;1_Pentateuco;1_Gênesis;CAPÍTULO 47;1;1;1;47;Por causa da extrema fome, o que José adquiriu para Faraó em toda a terra do Egito? (Gênesis 47:20-21);;
104513;LIVROS BÍBLICOS;1_Pentateuco;1_Gênesis;CAPÍTULO 47;1;1;1;47;Qual grupo teve suas terras preservadas e não precisou vendê-las a José? (Gênesis 47:22);;
104514;LIVROS BÍBLICOS;1_Pentateuco;1_Gênesis;CAPÍTULO 47;1;1;1;47;Por que os sacerdotes não precisaram vender suas terras durante a fome? (Gênesis 47:22);;
104515;LIVROS BÍBLICOS;1_Pentateuco;1_Gênesis;CAPÍTULO 47;1;1;1;47;Depois de comprar o povo e as terras para Faraó, que proporção das colheitas José determinou que fosse entregue ao rei? (Gênesis 47:23-24);;
104516;LIVROS BÍBLICOS;1_Pentateuco;1_Gênesis;CAPÍTULO 47;1;1;1;47;Para que serviriam as quatro partes restantes da colheita que ficariam com os egípcios? (Gênesis 47:24);;
104517;LIVROS BÍBLICOS;1_Pentateuco;1_Gênesis;CAPÍTULO 47;1;1;1;47;Que lei José estabeleceu no Egito a respeito das colheitas, com exceção das terras dos sacerdotes? (Gênesis 47:25-26);;
104518;LIVROS BÍBLICOS;1_Pentateuco;1_Gênesis;CAPÍTULO 47;1;1;1;47;Quanto tempo Jacó viveu no Egito e qual foi sua idade total ao final da vida? (Gênesis 47:27-28);;
104519;LIVROS BÍBLICOS;1_Pentateuco;1_Gênesis;CAPÍTULO 47;1;1;1;47;Quando percebeu que se aproximava o tempo de sua morte, que pedido Jacó fez a José a respeito de seu sepultamento? (Gênesis 47:29-31);;
104520;LIVROS BÍBLICOS;1_Pentateuco;1_Gênesis;CAPÍTULO 48;1;1;1;48;Quando José recebeu a notícia de que seu pai Jacó estava doente, quem ele levou consigo para visitá-lo? (Gênesis 48:1);;
104521;LIVROS BÍBLICOS;1_Pentateuco;1_Gênesis;CAPÍTULO 48;1;1;1;48;Ao saber que José havia chegado para visitá-lo, mesmo estando doente, o que Israel fez? (Gênesis 48:2);;
104522;LIVROS BÍBLICOS;1_Pentateuco;1_Gênesis;CAPÍTULO 48;1;1;1;48;Ao recordar a José uma manifestação de Deus ocorrida em Canaã, em que lugar Jacó disse que o Deus Todo-Poderoso lhe havia aparecido e o abençoado? (Gênesis 48:3);;
104523;LIVROS BÍBLICOS;1_Pentateuco;1_Gênesis;CAPÍTULO 48;1;1;1;48;Que promessa Jacó recordou ter recebido de Deus em Luz a respeito de sua descendência e da terra de Canaã? (Gênesis 48:3-4);;
104524;LIVROS BÍBLICOS;1_Pentateuco;1_Gênesis;CAPÍTULO 48;1;1;1;48;Como Jacó passou a considerar Efraim e Manassés, filhos de José nascidos no Egito antes da chegada de Jacó? (Gênesis 48:5);;
104525;LIVROS BÍBLICOS;1_Pentateuco;1_Gênesis;CAPÍTULO 48;1;1;1;48;Segundo Jacó, como seriam considerados os filhos que José viesse a ter depois de Efraim e Manassés? (Gênesis 48:6);;
104526;LIVROS BÍBLICOS;1_Pentateuco;1_Gênesis;CAPÍTULO 48;1;1;1;48;Ao explicar uma lembrança familiar a José, onde Jacó disse que Raquel morreu e foi sepultada? (Gênesis 48:7);;
104527;LIVROS BÍBLICOS;1_Pentateuco;1_Gênesis;CAPÍTULO 48;1;1;1;48;Quando Israel viu Efraim e Manassés diante dele, que pergunta fez a José? (Gênesis 48:8-9);;
104528;LIVROS BÍBLICOS;1_Pentateuco;1_Gênesis;CAPÍTULO 48;1;1;1;48;Como José respondeu quando Jacó perguntou quem eram Efraim e Manassés? (Gênesis 48:9);;
104529;LIVROS BÍBLICOS;1_Pentateuco;1_Gênesis;CAPÍTULO 48;1;1;1;48;Por causa da idade avançada, como estavam os olhos de Israel quando Efraim e Manassés se aproximaram para receber a bênção? (Gênesis 48:10);;
104530;LIVROS BÍBLICOS;1_Pentateuco;1_Gênesis;CAPÍTULO 48;1;1;1;48;O que Jacó disse a José ao perceber que, além de voltar a ver o filho que julgava perdido, também conhecia seus descendentes? (Gênesis 48:11);;
104531;LIVROS BÍBLICOS;1_Pentateuco;1_Gênesis;CAPÍTULO 48;1;1;1;48;Ao posicionar os filhos diante de Jacó para a bênção, como José colocou Efraim e Manassés em relação às mãos de seu pai? (Gênesis 48:13);;
104532;LIVROS BÍBLICOS;1_Pentateuco;1_Gênesis;CAPÍTULO 48;1;1;1;48;Apesar da posição preparada por José, como Israel colocou as mãos sobre Efraim e Manassés? (Gênesis 48:14);;
104533;LIVROS BÍBLICOS;1_Pentateuco;1_Gênesis;CAPÍTULO 48;1;1;1;48;Na bênção pronunciada sobre José e seus filhos, como Jacó descreveu Deus em relação à sua própria vida? (Gênesis 48:15);;
104534;LIVROS BÍBLICOS;1_Pentateuco;1_Gênesis;CAPÍTULO 48;1;1;1;48;Que pedido Jacó fez na bênção a respeito de Efraim e Manassés? (Gênesis 48:16);;
104535;LIVROS BÍBLICOS;1_Pentateuco;1_Gênesis;CAPÍTULO 48;1;1;1;48;Por que José tentou retirar a mão direita de Jacó da cabeça de Efraim e colocá-la sobre Manassés? (Gênesis 48:17-18);;
104536;LIVROS BÍBLICOS;1_Pentateuco;1_Gênesis;CAPÍTULO 48;1;1;1;48;Quando José tentou corrigir a posição das mãos, o que Jacó declarou sobre o futuro de Manassés e Efraim? (Gênesis 48:19-20);;
104537;LIVROS BÍBLICOS;1_Pentateuco;1_Gênesis;CAPÍTULO 48;1;1;1;48;Ao falar com José sobre o futuro da família, que esperança Jacó afirmou e que vantagem especial concedeu a José em relação aos irmãos? (Gênesis 48:21-22);;
104538;LIVROS BÍBLICOS;1_Pentateuco;1_Gênesis;CAPÍTULO 49;1;1;1;49;Quando Jacó reuniu seus filhos antes de morrer, o que anunciou que lhes revelaria? (Gênesis 49:1-2);;
104539;LIVROS BÍBLICOS;1_Pentateuco;1_Gênesis;CAPÍTULO 49;1;1;1;49;Rúben era o primogênito de Jacó e possuía posição de destaque. Por que perdeu a preeminência? (Gênesis 49:3-4);;
104540;LIVROS BÍBLICOS;1_Pentateuco;1_Gênesis;CAPÍTULO 49;1;1;1;49;Ao falar de Simeão e Levi, como Jacó descreveu a violência deles e que consequência anunciou? (Gênesis 49:5-7);;
104541;LIVROS BÍBLICOS;1_Pentateuco;1_Gênesis;CAPÍTULO 49;1;1;1;49;Na bênção dirigida a Judá, que posição Jacó disse que ele teria diante dos irmãos e dos inimigos? (Gênesis 49:8);;
104542;LIVROS BÍBLICOS;1_Pentateuco;1_Gênesis;CAPÍTULO 49;1;1;1;49;A que animal Jacó comparou Judá ao descrever sua força e autoridade? (Gênesis 49:9);;
104543;LIVROS BÍBLICOS;1_Pentateuco;1_Gênesis;CAPÍTULO 49;1;1;1;49;O que Jacó anunciou a respeito do cetro e do governo ligados a Judá? (Gênesis 49:10);;
104544;LIVROS BÍBLICOS;1_Pentateuco;1_Gênesis;CAPÍTULO 49;1;1;1;49;Segundo a bênção de Jacó, onde Zebulom habitaria e até onde se estenderia sua fronteira? (Gênesis 49:13);;
104545;LIVROS BÍBLICOS;1_Pentateuco;1_Gênesis;CAPÍTULO 49;1;1;1;49;Issacar foi comparado a um jumento de ossos fortes. O que ele viu e a que acabou se sujeitando? (Gênesis 49:14-15);;
104546;LIVROS BÍBLICOS;1_Pentateuco;1_Gênesis;CAPÍTULO 49;1;1;1;49;Que função Jacó associou a Dã entre as tribos de Israel? (Gênesis 49:16);;
104547;LIVROS BÍBLICOS;1_Pentateuco;1_Gênesis;CAPÍTULO 49;1;1;1;49;Na comparação feita por Jacó, como Dã agiria como uma serpente junto ao caminho? (Gênesis 49:17);;
104548;LIVROS BÍBLICOS;1_Pentateuco;1_Gênesis;CAPÍTULO 49;1;1;1;49;No meio das bênçãos pronunciadas sobre os filhos, a quem Jacó declarou esperar por salvação? (Gênesis 49:18);;
104549;LIVROS BÍBLICOS;1_Pentateuco;1_Gênesis;CAPÍTULO 49;1;1;1;49;O que Jacó anunciou a respeito de Gade quando fosse atacado por grupos inimigos? (Gênesis 49:19);;
104550;LIVROS BÍBLICOS;1_Pentateuco;1_Gênesis;CAPÍTULO 49;1;1;1;49;Que característica Jacó atribuiu à produção de Aser? (Gênesis 49:20);;
104551;LIVROS BÍBLICOS;1_Pentateuco;1_Gênesis;CAPÍTULO 49;1;1;1;49;Como Naftali foi descrito na bênção de Jacó? (Gênesis 49:21);;
104552;LIVROS BÍBLICOS;1_Pentateuco;1_Gênesis;CAPÍTULO 49;1;1;1;49;Qual imagem Jacó usou para descrever a prosperidade de José? (Gênesis 49:22);;
104553;LIVROS BÍBLICOS;1_Pentateuco;1_Gênesis;CAPÍTULO 49;1;1;1;49;Mesmo sendo hostilizado por flecheiros, por que José permaneceu firme segundo a bênção de Jacó? (Gênesis 49:23-24);;
104554;LIVROS BÍBLICOS;1_Pentateuco;1_Gênesis;CAPÍTULO 49;1;1;1;49;Que tipos de bênçãos Jacó associou à ação do Deus Todo-Poderoso sobre José? (Gênesis 49:25-26);;
104555;LIVROS BÍBLICOS;1_Pentateuco;1_Gênesis;CAPÍTULO 49;1;1;1;49;A que animal Benjamim foi comparado na bênção de Jacó, por sua característica de tomar e repartir despojos? (Gênesis 49:27);;
104556;LIVROS BÍBLICOS;1_Pentateuco;1_Gênesis;CAPÍTULO 49;1;1;1;49;Depois de pronunciar suas palavras sobre os filhos, como o texto resume as bênçãos de Jacó? (Gênesis 49:28);;
104557;LIVROS BÍBLICOS;1_Pentateuco;1_Gênesis;CAPÍTULO 49;1;1;1;49;Antes de morrer, onde Jacó ordenou que seus filhos o sepultassem? (Gênesis 49:29-30);;
104558;LIVROS BÍBLICOS;1_Pentateuco;1_Gênesis;CAPÍTULO 49;1;1;1;49;Quais familiares Jacó mencionou como já sepultados na caverna de Macpela? (Gênesis 49:31);;
104559;LIVROS BÍBLICOS;1_Pentateuco;1_Gênesis;CAPÍTULO 49;1;1;1;49;O que aconteceu depois que Jacó terminou de dar suas últimas ordens aos filhos? (Gênesis 49:33);;
104560;LIVROS BÍBLICOS;1_Pentateuco;1_Gênesis;CAPÍTULO 50;1;1;1;50;Logo após a morte de Jacó, como José reagiu diante do corpo de seu pai? (Gênesis 50:1);;
104561;LIVROS BÍBLICOS;1_Pentateuco;1_Gênesis;CAPÍTULO 50;1;1;1;50;A quem José deu a ordem para embalsamar o corpo de Israel, seu pai? (Gênesis 50:2);;
104562;LIVROS BÍBLICOS;1_Pentateuco;1_Gênesis;CAPÍTULO 50;1;1;1;50;Quanto tempo durou o processo de embalsamamento de Jacó e por quantos dias os egípcios ficaram de luto por ele? (Gênesis 50:3);;
104563;LIVROS BÍBLICOS;1_Pentateuco;1_Gênesis;CAPÍTULO 50;1;1;1;50;Depois do período de luto, que pedido José fez chegar a Faraó a respeito de Jacó? (Gênesis 50:4-5);;
104564;LIVROS BÍBLICOS;1_Pentateuco;1_Gênesis;CAPÍTULO 50;1;1;1;50;Como Faraó respondeu ao pedido de José para sepultar Jacó em Canaã? (Gênesis 50:6);;
104565;LIVROS BÍBLICOS;1_Pentateuco;1_Gênesis;CAPÍTULO 50;1;1;1;50;Quem acompanhou José na grande comitiva que saiu do Egito para o sepultamento de Jacó? (Gênesis 50:7-9);;
104566;LIVROS BÍBLICOS;1_Pentateuco;1_Gênesis;CAPÍTULO 50;1;1;1;50;Quem permaneceu na terra de Gósen enquanto a comitiva seguia para sepultar Jacó em Canaã? (Gênesis 50:8);;
104567;LIVROS BÍBLICOS;1_Pentateuco;1_Gênesis;CAPÍTULO 50;1;1;1;50;Como o texto descreve o cortejo que acompanhou José no sepultamento de Jacó? (Gênesis 50:9);;
104568;LIVROS BÍBLICOS;1_Pentateuco;1_Gênesis;CAPÍTULO 50;1;1;1;50;Ao chegar à eira de Atade, do outro lado do Jordão, por quanto tempo José pranteou seu pai? (Gênesis 50:10);;
104569;LIVROS BÍBLICOS;1_Pentateuco;1_Gênesis;CAPÍTULO 50;1;1;1;50;Que nome recebeu o lugar onde os cananeus presenciaram o intenso luto pela morte de Jacó? (Gênesis 50:11);;
104570;LIVROS BÍBLICOS;1_Pentateuco;1_Gênesis;CAPÍTULO 50;1;1;1;50;Onde os filhos de Jacó sepultaram o pai, cumprindo a ordem que ele lhes havia dado? (Gênesis 50:12-13);;
104571;LIVROS BÍBLICOS;1_Pentateuco;1_Gênesis;CAPÍTULO 50;1;1;1;50;O que José fez depois de concluir o sepultamento de Jacó em Canaã? (Gênesis 50:14);;
104572;LIVROS BÍBLICOS;1_Pentateuco;1_Gênesis;CAPÍTULO 50;1;1;1;50;Depois da morte de Jacó, o que os irmãos de José passaram a temer? (Gênesis 50:15);;
104573;LIVROS BÍBLICOS;1_Pentateuco;1_Gênesis;CAPÍTULO 50;1;1;1;50;Quando os irmãos enviaram a José o pedido de perdão atribuído à última orientação de Jacó, como José reagiu? (Gênesis 50:16-17);;
104574;LIVROS BÍBLICOS;1_Pentateuco;1_Gênesis;CAPÍTULO 50;1;1;1;50;Quando os irmãos foram pessoalmente até José após a morte de Jacó, o que fizeram e disseram? (Gênesis 50:18);;
104575;LIVROS BÍBLICOS;1_Pentateuco;1_Gênesis;CAPÍTULO 50;1;1;1;50;Ao tranquilizar os irmãos que temiam sua vingança, que pergunta José lhes fez? (Gênesis 50:19);;
104576;LIVROS BÍBLICOS;1_Pentateuco;1_Gênesis;CAPÍTULO 50;1;1;1;50;Como José interpretou o mal que seus irmãos haviam planejado contra ele à luz do que Deus realizou? (Gênesis 50:20);;
104577;LIVROS BÍBLICOS;1_Pentateuco;1_Gênesis;CAPÍTULO 50;1;1;1;50;Que garantia José deu aos irmãos e às famílias deles depois de dizer que não precisavam ter medo? (Gênesis 50:21);;
104578;LIVROS BÍBLICOS;1_Pentateuco;1_Gênesis;CAPÍTULO 50;1;1;1;50;Quantos anos José viveu e onde permaneceu com a casa de seu pai? (Gênesis 50:22);;
104579;LIVROS BÍBLICOS;1_Pentateuco;1_Gênesis;CAPÍTULO 50;1;1;1;50;Que descendentes José ainda teve a oportunidade de ver durante sua vida? (Gênesis 50:23);;
104580;LIVROS BÍBLICOS;1_Pentateuco;1_Gênesis;CAPÍTULO 50;1;1;1;50;Pouco antes de morrer, que certeza José transmitiu aos irmãos a respeito do futuro dos filhos de Israel? (Gênesis 50:24);;
104581;LIVROS BÍBLICOS;1_Pentateuco;1_Gênesis;CAPÍTULO 50;1;1;1;50;Que juramento José pediu aos filhos de Israel e o que aconteceu com seu corpo depois de sua morte? (Gênesis 50:25-26);;
103640;LIVROS BÍBLICOS;1_Pentateuco;2_Êxodo;CAPÍTULO 01;1;1;2;1;Quais filhos de Israel entraram no Egito com Jacó, cada um acompanhado de sua família? (Êxodo 1:1-4);;
103641;LIVROS BÍBLICOS;1_Pentateuco;2_Êxodo;CAPÍTULO 01;1;1;2;1;Quantos eram, ao todo, os descendentes de Jacó que foram para o Egito, considerando que José já estava naquele país? (Êxodo 1:5);;
103642;LIVROS BÍBLICOS;1_Pentateuco;2_Êxodo;CAPÍTULO 01;1;1;2;1;O que aconteceu com José, seus irmãos e toda aquela geração que havia chegado ao Egito? (Êxodo 1:6);;
103643;LIVROS BÍBLICOS;1_Pentateuco;2_Êxodo;CAPÍTULO 01;1;1;2;1;Como Êxodo descreve o crescimento dos filhos de Israel depois da morte de José e daquela geração? (Êxodo 1:7);;
103644;LIVROS BÍBLICOS;1_Pentateuco;2_Êxodo;CAPÍTULO 01;1;1;2;1;Que mudança na liderança do Egito alterou a situação dos israelitas? (Êxodo 1:8);;
103645;LIVROS BÍBLICOS;1_Pentateuco;2_Êxodo;CAPÍTULO 01;1;1;2;1;Qual preocupação o novo rei do Egito manifestou a respeito do povo de Israel? (Êxodo 1:9);;
103646;LIVROS BÍBLICOS;1_Pentateuco;2_Êxodo;CAPÍTULO 01;1;1;2;1;Por que o rei do Egito propôs agir com astúcia contra os israelitas? (Êxodo 1:10);;
103647;LIVROS BÍBLICOS;1_Pentateuco;2_Êxodo;CAPÍTULO 01;1;1;2;1;O que os egípcios fizeram para afligir os israelitas com trabalhos pesados? (Êxodo 1:11);;
103648;LIVROS BÍBLICOS;1_Pentateuco;2_Êxodo;CAPÍTULO 01;1;1;2;1;Quais cidades-armazéns os israelitas construíram para Faraó durante o período de opressão? (Êxodo 1:11);;
103649;LIVROS BÍBLICOS;1_Pentateuco;2_Êxodo;CAPÍTULO 01;1;1;2;1;Qual foi o resultado da opressão egípcia sobre o crescimento dos filhos de Israel? (Êxodo 1:12);;
103650;LIVROS BÍBLICOS;1_Pentateuco;2_Êxodo;CAPÍTULO 01;1;1;2;1;Qual reação o crescimento contínuo dos filhos de Israel provocou nos egípcios? (Êxodo 1:12);;
103651;LIVROS BÍBLICOS;1_Pentateuco;2_Êxodo;CAPÍTULO 01;1;1;2;1;De que maneira os egípcios passaram a tratar os filhos de Israel no trabalho? (Êxodo 1:13);;
103652;LIVROS BÍBLICOS;1_Pentateuco;2_Êxodo;CAPÍTULO 01;1;1;2;1;Que tipos de trabalho tornaram amarga a vida dos israelitas no Egito? (Êxodo 1:14);;
103653;LIVROS BÍBLICOS;1_Pentateuco;2_Êxodo;CAPÍTULO 01;1;1;2;1;Como se chamavam as duas parteiras das hebreias mencionadas pelo rei do Egito? (Êxodo 1:15);;
103654;LIVROS BÍBLICOS;1_Pentateuco;2_Êxodo;CAPÍTULO 01;1;1;2;1;Que ordem o rei do Egito deu a Sifrá e Puá a respeito dos nascimentos entre as mulheres hebreias? (Êxodo 1:16);;
103655;LIVROS BÍBLICOS;1_Pentateuco;2_Êxodo;CAPÍTULO 01;1;1;2;1;Por que Sifrá e Puá não cumpriram a ordem do rei do Egito de matar os meninos hebreus? (Êxodo 1:17);;
103656;LIVROS BÍBLICOS;1_Pentateuco;2_Êxodo;CAPÍTULO 01;1;1;2;1;O que o rei do Egito perguntou às parteiras depois de perceber que os meninos hebreus continuavam vivos? (Êxodo 1:18);;
103657;LIVROS BÍBLICOS;1_Pentateuco;2_Êxodo;CAPÍTULO 01;1;1;2;1;Que explicação as parteiras deram a Faraó para os meninos hebreus permanecerem vivos? (Êxodo 1:19);;
103658;LIVROS BÍBLICOS;1_Pentateuco;2_Êxodo;CAPÍTULO 01;1;1;2;1;Como Deus tratou as parteiras que temeram a Deus e preservaram a vida dos meninos hebreus? (Êxodo 1:20-21);;
103659;LIVROS BÍBLICOS;1_Pentateuco;2_Êxodo;CAPÍTULO 01;1;1;2;1;O que aconteceu com o povo de Israel enquanto Deus fazia bem às parteiras? (Êxodo 1:20);;
103660;LIVROS BÍBLICOS;1_Pentateuco;2_Êxodo;CAPÍTULO 01;1;1;2;1;Qual ordem Faraó deu a todo o seu povo depois que a ação contra os meninos hebreus por meio das parteiras não alcançou o resultado pretendido? (Êxodo 1:22);;
103661;LIVROS BÍBLICOS;1_Pentateuco;2_Êxodo;CAPÍTULO 02;1;1;2;2;De qual tribo de Israel eram o homem e a mulher que formaram a família na qual Moisés nasceu? (Êxodo 2:1);;
103662;LIVROS BÍBLICOS;1_Pentateuco;2_Êxodo;CAPÍTULO 02;1;1;2;2;O que a mãe de Moisés fez ao perceber que o menino era bonito? (Êxodo 2:2);;
103663;LIVROS BÍBLICOS;1_Pentateuco;2_Êxodo;CAPÍTULO 02;1;1;2;2;Quando já não podia esconder Moisés, como sua mãe preparou o cesto no qual colocou o menino? (Êxodo 2:3);;
103664;LIVROS BÍBLICOS;1_Pentateuco;2_Êxodo;CAPÍTULO 02;1;1;2;2;Onde a mãe de Moisés colocou o cesto com o menino? (Êxodo 2:3);;
103665;LIVROS BÍBLICOS;1_Pentateuco;2_Êxodo;CAPÍTULO 02;1;1;2;2;O que a irmã de Moisés fez depois que o menino foi colocado no cesto junto ao rio? (Êxodo 2:4);;
103666;LIVROS BÍBLICOS;1_Pentateuco;2_Êxodo;CAPÍTULO 02;1;1;2;2;Em que circunstância a filha de Faraó encontrou o cesto onde estava Moisés? (Êxodo 2:5);;
103667;LIVROS BÍBLICOS;1_Pentateuco;2_Êxodo;CAPÍTULO 02;1;1;2;2;O que a filha de Faraó fez ao ver o cesto entre os juncos? (Êxodo 2:5);;
103668;LIVROS BÍBLICOS;1_Pentateuco;2_Êxodo;CAPÍTULO 02;1;1;2;2;O que a filha de Faraó encontrou quando abriu o cesto retirado do rio? (Êxodo 2:6);;
103669;LIVROS BÍBLICOS;1_Pentateuco;2_Êxodo;CAPÍTULO 02;1;1;2;2;O que a filha de Faraó reconheceu a respeito do menino encontrado no cesto? (Êxodo 2:6);;
103670;LIVROS BÍBLICOS;1_Pentateuco;2_Êxodo;CAPÍTULO 02;1;1;2;2;Que proposta a irmã de Moisés fez à filha de Faraó depois que o menino foi encontrado? (Êxodo 2:7);;
103671;LIVROS BÍBLICOS;1_Pentateuco;2_Êxodo;CAPÍTULO 02;1;1;2;2;Quem a irmã de Moisés chamou para amamentar o menino a pedido da filha de Faraó? (Êxodo 2:8);;
103672;LIVROS BÍBLICOS;1_Pentateuco;2_Êxodo;CAPÍTULO 02;1;1;2;2;Que acordo a filha de Faraó fez com a mãe de Moisés quando lhe entregou o menino? (Êxodo 2:9);;
103673;LIVROS BÍBLICOS;1_Pentateuco;2_Êxodo;CAPÍTULO 02;1;1;2;2;O que aconteceu com Moisés depois que cresceu sob os cuidados de sua mãe? (Êxodo 2:10);;
103674;LIVROS BÍBLICOS;1_Pentateuco;2_Êxodo;CAPÍTULO 02;1;1;2;2;Por que a filha de Faraó deu ao menino o nome de Moisés? (Êxodo 2:10);;
103675;LIVROS BÍBLICOS;1_Pentateuco;2_Êxodo;CAPÍTULO 02;1;1;2;2;Quando Moisés já era adulto, o que ele viu ao sair para visitar seus irmãos hebreus? (Êxodo 2:11);;
103676;LIVROS BÍBLICOS;1_Pentateuco;2_Êxodo;CAPÍTULO 02;1;1;2;2;O que Moisés fez ao ver um egípcio espancando um hebreu, um de seus irmãos? (Êxodo 2:12);;
103677;LIVROS BÍBLICOS;1_Pentateuco;2_Êxodo;CAPÍTULO 02;1;1;2;2;No dia seguinte à morte do egípcio, que situação Moisés encontrou entre os hebreus? (Êxodo 2:13);;
103678;LIVROS BÍBLICOS;1_Pentateuco;2_Êxodo;CAPÍTULO 02;1;1;2;2;O que Moisés perguntou ao hebreu que estava agredindo o seu próximo? (Êxodo 2:13);;
103679;LIVROS BÍBLICOS;1_Pentateuco;2_Êxodo;CAPÍTULO 02;1;1;2;2;Como o hebreu respondeu quando Moisés o repreendeu por agredir seu próximo? (Êxodo 2:14);;
103680;LIVROS BÍBLICOS;1_Pentateuco;2_Êxodo;CAPÍTULO 02;1;1;2;2;O que Moisés percebeu ao ouvir a resposta do hebreu sobre a morte do egípcio? (Êxodo 2:14);;
103681;LIVROS BÍBLICOS;1_Pentateuco;2_Êxodo;CAPÍTULO 02;1;1;2;2;O que Faraó procurou fazer quando soube que Moisés havia matado o egípcio? (Êxodo 2:15);;
103682;LIVROS BÍBLICOS;1_Pentateuco;2_Êxodo;CAPÍTULO 02;1;1;2;2;Para onde Moisés fugiu quando soube que Faraó procurava matá-lo? (Êxodo 2:15);;
103683;LIVROS BÍBLICOS;1_Pentateuco;2_Êxodo;CAPÍTULO 02;1;1;2;2;Onde Moisés se encontrava depois de fugir de Faraó e chegar à terra de Midiã? (Êxodo 2:15);;
103684;LIVROS BÍBLICOS;1_Pentateuco;2_Êxodo;CAPÍTULO 02;1;1;2;2;Quantas filhas tinha o sacerdote de Midiã mencionado no episódio em que Moisés estava junto ao poço? (Êxodo 2:16);;
103685;LIVROS BÍBLICOS;1_Pentateuco;2_Êxodo;CAPÍTULO 02;1;1;2;2;O que as sete filhas do sacerdote de Midiã foram fazer junto ao poço? (Êxodo 2:16);;
103686;LIVROS BÍBLICOS;1_Pentateuco;2_Êxodo;CAPÍTULO 02;1;1;2;2;O que aconteceu quando as filhas do sacerdote de Midiã tentavam dar água ao rebanho de seu pai? (Êxodo 2:17);;
103687;LIVROS BÍBLICOS;1_Pentateuco;2_Êxodo;CAPÍTULO 02;1;1;2;2;Como o pai das mulheres que Moisés ajudou junto ao poço é chamado quando elas retornam para casa? (Êxodo 2:18);;
103688;LIVROS BÍBLICOS;1_Pentateuco;2_Êxodo;CAPÍTULO 02;1;1;2;2;Que pergunta Reuel fez às suas filhas quando elas voltaram mais cedo para casa? (Êxodo 2:18);;
103689;LIVROS BÍBLICOS;1_Pentateuco;2_Êxodo;CAPÍTULO 02;1;1;2;2;Como as filhas de Reuel descreveram Moisés ao contar ao pai o que havia acontecido junto ao poço? (Êxodo 2:19);;
103690;LIVROS BÍBLICOS;1_Pentateuco;2_Êxodo;CAPÍTULO 02;1;1;2;2;Depois de saber que Moisés havia ajudado suas filhas, o que Reuel perguntou a elas? (Êxodo 2:20);;
103691;LIVROS BÍBLICOS;1_Pentateuco;2_Êxodo;CAPÍTULO 02;1;1;2;2;O que aconteceu depois que Moisés concordou em morar com o sacerdote de Midiã? (Êxodo 2:21);;
103692;LIVROS BÍBLICOS;1_Pentateuco;2_Êxodo;CAPÍTULO 02;1;1;2;2;Qual foi o nome dado por Moisés ao filho que Zípora lhe deu? (Êxodo 2:22);;
103693;LIVROS BÍBLICOS;1_Pentateuco;2_Êxodo;CAPÍTULO 02;1;1;2;2;Que explicação Moisés deu para chamar seu filho de Gérson? (Êxodo 2:22);;
103694;LIVROS BÍBLICOS;1_Pentateuco;2_Êxodo;CAPÍTULO 02;1;1;2;2;O que aconteceu no Egito depois de decorridos muitos dias enquanto Moisés vivia em Midiã? (Êxodo 2:23);;
103695;LIVROS BÍBLICOS;1_Pentateuco;2_Êxodo;CAPÍTULO 02;1;1;2;2;Como os filhos de Israel reagiram à escravidão depois da morte do rei do Egito? (Êxodo 2:23);;
103696;LIVROS BÍBLICOS;1_Pentateuco;2_Êxodo;CAPÍTULO 02;1;1;2;2;O que Deus fez ao ouvir os gemidos dos filhos de Israel sob a escravidão no Egito? (Êxodo 2:24);;
103697;LIVROS BÍBLICOS;1_Pentateuco;2_Êxodo;CAPÍTULO 02;1;1;2;2;Como Êxodo 2 encerra a descrição da resposta de Deus à situação dos filhos de Israel? (Êxodo 2:25);;
103698;LIVROS BÍBLICOS;1_Pentateuco;2_Êxodo;CAPÍTULO 03;1;1;2;3;Enquanto cuidava do rebanho de Jetro, seu sogro e sacerdote de Midiã, para onde Moisés levou o rebanho? (Êxodo 3:1);;
103699;LIVROS BÍBLICOS;1_Pentateuco;2_Êxodo;CAPÍTULO 03;1;1;2;3;De que maneira o Anjo do Senhor apareceu a Moisés em Horebe? (Êxodo 3:2);;
103700;LIVROS BÍBLICOS;1_Pentateuco;2_Êxodo;CAPÍTULO 03;1;1;2;3;O que chamou a atenção de Moisés na sarça em Horebe? (Êxodo 3:2);;
103701;LIVROS BÍBLICOS;1_Pentateuco;2_Êxodo;CAPÍTULO 03;1;1;2;3;O que Moisés decidiu fazer ao perceber que a sarça ardia sem ser consumida? (Êxodo 3:3);;
103702;LIVROS BÍBLICOS;1_Pentateuco;2_Êxodo;CAPÍTULO 03;1;1;2;3;Como Deus chamou Moisés quando viu que ele se aproximava para observar a sarça? (Êxodo 3:4);;
103703;LIVROS BÍBLICOS;1_Pentateuco;2_Êxodo;CAPÍTULO 03;1;1;2;3;O que Moisés respondeu quando Deus o chamou do meio da sarça? (Êxodo 3:4);;
103704;LIVROS BÍBLICOS;1_Pentateuco;2_Êxodo;CAPÍTULO 03;1;1;2;3;Que ordem Deus deu a Moisés quando ele se aproximou da sarça ardente? (Êxodo 3:5);;
103705;LIVROS BÍBLICOS;1_Pentateuco;2_Êxodo;CAPÍTULO 03;1;1;2;3;Como Deus se identificou a Moisés junto à sarça ardente? (Êxodo 3:6);;
103706;LIVROS BÍBLICOS;1_Pentateuco;2_Êxodo;CAPÍTULO 03;1;1;2;3;Como Moisés reagiu ao ouvir Deus identificar-se como o Deus de Abraão, Isaque e Jacó? (Êxodo 3:6);;
103707;LIVROS BÍBLICOS;1_Pentateuco;2_Êxodo;CAPÍTULO 03;1;1;2;3;O que o Senhor declarou ter observado a respeito de seu povo no Egito? (Êxodo 3:7);;
103708;LIVROS BÍBLICOS;1_Pentateuco;2_Êxodo;CAPÍTULO 03;1;1;2;3;Com qual propósito o Senhor declarou ter descido ao falar sobre o sofrimento dos israelitas no Egito? (Êxodo 3:8);;
103709;LIVROS BÍBLICOS;1_Pentateuco;2_Êxodo;CAPÍTULO 03;1;1;2;3;Como Deus descreveu a terra para a qual pretendia levar os filhos de Israel? (Êxodo 3:8);;
103710;LIVROS BÍBLICOS;1_Pentateuco;2_Êxodo;CAPÍTULO 03;1;1;2;3;Quais povos habitavam a terra para a qual Deus prometeu levar os israelitas? (Êxodo 3:8);;
103711;LIVROS BÍBLICOS;1_Pentateuco;2_Êxodo;CAPÍTULO 03;1;1;2;3;O que Deus declarou novamente a respeito dos filhos de Israel e dos egípcios antes de enviar Moisés a Faraó? (Êxodo 3:9);;
103712;LIVROS BÍBLICOS;1_Pentateuco;2_Êxodo;CAPÍTULO 03;1;1;2;3;Qual missão Deus deu a Moisés diante da opressão dos filhos de Israel no Egito? (Êxodo 3:10);;
103713;LIVROS BÍBLICOS;1_Pentateuco;2_Êxodo;CAPÍTULO 03;1;1;2;3;Qual foi a primeira objeção apresentada por Moisés quando Deus o enviou a Faraó? (Êxodo 3:11);;
103714;LIVROS BÍBLICOS;1_Pentateuco;2_Êxodo;CAPÍTULO 03;1;1;2;3;Que garantia Deus deu a Moisés depois que ele questionou sua capacidade de cumprir a missão? (Êxodo 3:12);;
103715;LIVROS BÍBLICOS;1_Pentateuco;2_Êxodo;CAPÍTULO 03;1;1;2;3;Qual sinal Deus deu a Moisés de que era ele quem o estava enviando? (Êxodo 3:12);;
103716;LIVROS BÍBLICOS;1_Pentateuco;2_Êxodo;CAPÍTULO 03;1;1;2;3;Que dúvida Moisés apresentou a Deus sobre o que dizer aos filhos de Israel quando perguntassem pelo nome do Deus que o havia enviado? (Êxodo 3:13);;
103717;LIVROS BÍBLICOS;1_Pentateuco;2_Êxodo;CAPÍTULO 03;1;1;2;3;Qual resposta Deus deu a Moisés ao ser perguntado sobre seu nome? (Êxodo 3:14);;
103718;LIVROS BÍBLICOS;1_Pentateuco;2_Êxodo;CAPÍTULO 03;1;1;2;3;O que Deus mandou Moisés dizer aos filhos de Israel depois de declarar “EU SOU O QUE SOU”? (Êxodo 3:14);;
103719;LIVROS BÍBLICOS;1_Pentateuco;2_Êxodo;CAPÍTULO 03;1;1;2;3;Segundo as instruções dadas a Moisés, como o Senhor deveria ser apresentado aos filhos de Israel? (Êxodo 3:15);;
103720;LIVROS BÍBLICOS;1_Pentateuco;2_Êxodo;CAPÍTULO 03;1;1;2;3;O que Deus declarou a respeito de seu nome ao se identificar como o Senhor, Deus de Abraão, Isaque e Jacó? (Êxodo 3:15);;
103721;LIVROS BÍBLICOS;1_Pentateuco;2_Êxodo;CAPÍTULO 03;1;1;2;3;Quem Moisés deveria reunir ao retornar ao Egito para comunicar a mensagem de Deus? (Êxodo 3:16);;
103722;LIVROS BÍBLICOS;1_Pentateuco;2_Êxodo;CAPÍTULO 03;1;1;2;3;Que mensagem Moisés deveria transmitir aos anciãos de Israel sobre a atenção de Deus à situação do povo no Egito? (Êxodo 3:16);;
103723;LIVROS BÍBLICOS;1_Pentateuco;2_Êxodo;CAPÍTULO 03;1;1;2;3;De onde e para onde Deus prometeu levar os israelitas ao anunciar sua libertação aos anciãos? (Êxodo 3:17);;
103724;LIVROS BÍBLICOS;1_Pentateuco;2_Êxodo;CAPÍTULO 03;1;1;2;3;Segundo Deus, como os anciãos de Israel reagiriam à mensagem apresentada por Moisés? (Êxodo 3:18);;
103725;LIVROS BÍBLICOS;1_Pentateuco;2_Êxodo;CAPÍTULO 03;1;1;2;3;Quem deveria acompanhar Moisés quando ele fosse falar com o rei do Egito? (Êxodo 3:18);;
103726;LIVROS BÍBLICOS;1_Pentateuco;2_Êxodo;CAPÍTULO 03;1;1;2;3;Que pedido Moisés e os anciãos deveriam apresentar ao rei do Egito? (Êxodo 3:18);;
103727;LIVROS BÍBLICOS;1_Pentateuco;2_Êxodo;CAPÍTULO 03;1;1;2;3;O que Deus revelou antecipadamente a Moisés sobre a reação do rei do Egito ao pedido para deixar Israel partir? (Êxodo 3:19);;
103728;LIVROS BÍBLICOS;1_Pentateuco;2_Êxodo;CAPÍTULO 03;1;1;2;3;O que Deus declarou que faria diante da resistência do rei do Egito? (Êxodo 3:20);;
103729;LIVROS BÍBLICOS;1_Pentateuco;2_Êxodo;CAPÍTULO 03;1;1;2;3;Segundo Deus, o que aconteceria depois das maravilhas realizadas contra o Egito? (Êxodo 3:20);;
103730;LIVROS BÍBLICOS;1_Pentateuco;2_Êxodo;CAPÍTULO 03;1;1;2;3;Que favor Deus prometeu conceder aos israelitas diante dos egípcios quando chegasse o momento da saída? (Êxodo 3:21);;
103731;LIVROS BÍBLICOS;1_Pentateuco;2_Êxodo;CAPÍTULO 03;1;1;2;3;O que as mulheres israelitas deveriam pedir às suas vizinhas e às mulheres que estivessem hospedadas em suas casas antes da saída do Egito? (Êxodo 3:22);;
103732;LIVROS BÍBLICOS;1_Pentateuco;2_Êxodo;CAPÍTULO 03;1;1;2;3;Sobre quem os israelitas deveriam colocar os objetos e as roupas recebidos dos egípcios? (Êxodo 3:22);;
103733;LIVROS BÍBLICOS;1_Pentateuco;2_Êxodo;CAPÍTULO 03;1;1;2;3;Qual resultado final Deus anunciou em relação aos bens dos egípcios na saída de Israel? (Êxodo 3:22);;
103186;LIVROS BÍBLICOS;2_Históricos;10_2_Samuel;CAPÍTULO 01;1;2;1;1;Davi, após voltar da derrota dos amalequitas, estava havia dois dias em qual local? (2 Samuel 1:1);;
103187;LIVROS BÍBLICOS;2_Históricos;10_2_Samuel;CAPÍTULO 01;1;2;1;1;O homem que apareceu do arraial de Saul, ao chegar a Davi, trazia quais sinais de lamento? (2 Samuel 1:2);;
103188;LIVROS BÍBLICOS;2_Históricos;10_2_Samuel;CAPÍTULO 01;1;2;1;1;Davi, ao perguntar ao homem de onde vinha, recebeu qual resposta? (2 Samuel 1:3);;
103189;LIVROS BÍBLICOS;2_Históricos;10_2_Samuel;CAPÍTULO 01;1;2;1;1;O portador das notícias, ao relatar o que acontecera na batalha, afirmou que morreram Saul e quem mais? (2 Samuel 1:4);;
103190;LIVROS BÍBLICOS;2_Históricos;10_2_Samuel;CAPÍTULO 01;1;2;1;1;O moço portador das notícias, ao explicar como encontrou Saul, citou qual monte? (2 Samuel 1:6);;
103191;LIVROS BÍBLICOS;2_Históricos;10_2_Samuel;CAPÍTULO 01;1;2;1;1;Saul, ao perguntar quem era o moço, ouviu dele qual identificação? (2 Samuel 1:8);;
103192;LIVROS BÍBLICOS;2_Históricos;10_2_Samuel;CAPÍTULO 01;1;2;1;1;O moço, após dizer que matou Saul, afirmou ter trazido a Davi quais objetos? (2 Samuel 1:10);;
103193;LIVROS BÍBLICOS;2_Históricos;10_2_Samuel;CAPÍTULO 01;1;2;1;1;Davi, ao ouvir as notícias sobre Saul e Jônatas, fez o que com suas próprias vestes? (2 Samuel 1:11);;
103194;LIVROS BÍBLICOS;2_Históricos;10_2_Samuel;CAPÍTULO 01;1;2;1;1;Davi e seus homens, por causa dos mortos de Israel, prantearam, choraram e jejuaram até que período? (2 Samuel 1:12);;
103195;LIVROS BÍBLICOS;2_Históricos;10_2_Samuel;CAPÍTULO 01;1;2;1;1;Davi, ao repreender o amalequita, destacou que ele havia estendido a mão contra quem? (2 Samuel 1:14);;
103196;LIVROS BÍBLICOS;2_Históricos;10_2_Samuel;CAPÍTULO 01;1;2;1;1;Davi, depois de ouvir a confissão do amalequita, ordenou a um dos soldados que fizesse o quê? (2 Samuel 1:15);;
103197;LIVROS BÍBLICOS;2_Históricos;10_2_Samuel;CAPÍTULO 01;1;2;1;1;Davi, ao tratar da lamentação por Saul e Jônatas, determinou que os filhos de Judá aprendessem qual cântico? (2 Samuel 1:18);;
103198;LIVROS BÍBLICOS;2_Históricos;10_2_Samuel;CAPÍTULO 01;1;2;1;1;O registro citado sobre o Hino ao Arco estava escrito em qual livro? (2 Samuel 1:18);;
103199;LIVROS BÍBLICOS;2_Históricos;10_2_Samuel;CAPÍTULO 01;1;2;1;1;A lamentação de Davi declarou que a glória de Israel foi morta sobre quais montes? (2 Samuel 1:19);;
103200;LIVROS BÍBLICOS;2_Históricos;10_2_Samuel;CAPÍTULO 01;1;2;1;1;Davi, na lamentação, pediu que a notícia não fosse anunciada em Gate nem apregoada nas ruas de qual cidade? (2 Samuel 1:20);;
103201;LIVROS BÍBLICOS;2_Históricos;10_2_Samuel;CAPÍTULO 01;1;2;1;1;Davi, ao chamar as filhas de Israel para chorarem por Saul, lembrou que ele as vestia de quê? (2 Samuel 1:24);;
103202;LIVROS BÍBLICOS;2_Históricos;10_2_Samuel;CAPÍTULO 01;1;2;1;1;Davi, ao lamentar Jônatas, declarou que seu amor lhe era mais maravilhoso do que que amor? (2 Samuel 1:26);;
103203;LIVROS BÍBLICOS;2_Históricos;10_2_Samuel;CAPÍTULO 01;1;2;1;1;A lamentação de Davi termina afirmando que os valentes caíram e que pereceram o quê? (2 Samuel 1:27);;
103204;LIVROS BÍBLICOS;2_Históricos;10_2_Samuel;CAPÍTULO 02;1;2;1;2;Davi, ao consultar o Senhor sobre subir a alguma cidade de Judá, recebeu qual destino como resposta? (2 Samuel 2:1);;
103205;LIVROS BÍBLICOS;2_Históricos;10_2_Samuel;CAPÍTULO 02;1;2;1;2;Davi, ao subir para Hebrom, levou consigo os homens que estavam com ele e os fez habitar onde? (2 Samuel 2:3);;
103206;LIVROS BÍBLICOS;2_Históricos;10_2_Samuel;CAPÍTULO 02;1;2;1;2;Os homens de Judá, ao chegarem a Hebrom, realizaram qual ato em relação a Davi? (2 Samuel 2:4);;
103207;LIVROS BÍBLICOS;2_Históricos;10_2_Samuel;CAPÍTULO 02;1;2;1;2;Davi, ao enviar mensageiros aos homens de Jabes-Gileade, reconheceu que eles haviam feito bondade com quem? (2 Samuel 2:5);;
103208;LIVROS BÍBLICOS;2_Históricos;10_2_Samuel;CAPÍTULO 02;1;2;1;2;Abner, filho de Ner, tomou Isbosete, filho de Saul, e o fez passar para qual lugar? (2 Samuel 2:8);;
103209;LIVROS BÍBLICOS;2_Históricos;10_2_Samuel;CAPÍTULO 02;1;2;1;2;Isbosete, filho de Saul, tinha quantos anos quando começou a reinar sobre Israel? (2 Samuel 2:10);;
103210;LIVROS BÍBLICOS;2_Históricos;10_2_Samuel;CAPÍTULO 02;1;2;1;2;Davi, em Hebrom, reinou sobre a casa de Judá por quanto tempo? (2 Samuel 2:11);;
103211;LIVROS BÍBLICOS;2_Históricos;10_2_Samuel;CAPÍTULO 02;1;2;1;2;Abner e os servos de Isbosete saíram de Maanaim para qual local? (2 Samuel 2:12);;
103212;LIVROS BÍBLICOS;2_Históricos;10_2_Samuel;CAPÍTULO 02;1;2;1;2;Joabe e os servos de Davi se encontraram com Abner junto a qual lugar de Gibeão? (2 Samuel 2:13);;
103213;LIVROS BÍBLICOS;2_Históricos;10_2_Samuel;CAPÍTULO 02;1;2;1;2;No desafio junto à cisterna, quantos homens de Benjamim e de Isbosete se levantaram? (2 Samuel 2:15);;
103214;LIVROS BÍBLICOS;2_Históricos;10_2_Samuel;CAPÍTULO 02;1;2;1;2;O lugar onde os jovens caíram juntos recebeu qual nome? (2 Samuel 2:16);;
103215;LIVROS BÍBLICOS;2_Históricos;10_2_Samuel;CAPÍTULO 02;1;2;1;2;Asael, irmão de Joabe, é descrito como ligeiro de pés como que animal? (2 Samuel 2:18);;
103216;LIVROS BÍBLICOS;2_Históricos;10_2_Samuel;CAPÍTULO 02;1;2;1;2;Asael, durante a perseguição, não se desviava de seguir quem? (2 Samuel 2:19);;
103217;LIVROS BÍBLICOS;2_Históricos;10_2_Samuel;CAPÍTULO 02;1;2;1;2;Abner, tentando evitar o confronto com Asael, mandou-o lançar-se contra quem? (2 Samuel 2:21);;
103218;LIVROS BÍBLICOS;2_Históricos;10_2_Samuel;CAPÍTULO 02;1;2;1;2;Abner, quando Asael não quis se desviar, feriu-o com que parte da lança? (2 Samuel 2:23);;
103219;LIVROS BÍBLICOS;2_Históricos;10_2_Samuel;CAPÍTULO 02;1;2;1;2;Joabe e Abisai, ao perseguirem Abner, chegaram ao colina de Amá, defronte de qual lugar? (2 Samuel 2:24);;
103220;LIVROS BÍBLICOS;2_Históricos;10_2_Samuel;CAPÍTULO 02;1;2;1;2;Os filhos de Benjamim, reunidos após Abner, formaram um grupo e pararam onde? (2 Samuel 2:25);;
103221;LIVROS BÍBLICOS;2_Históricos;10_2_Samuel;CAPÍTULO 02;1;2;1;2;Abner, ao clamar a Joabe, perguntou se a espada devoraria para sempre e se o fim seria o quê? (2 Samuel 2:26);;
103222;LIVROS BÍBLICOS;2_Históricos;10_2_Samuel;CAPÍTULO 02;1;2;1;2;Joabe, após deixar de perseguir Abner, contou que faltavam dos servos de Davi dezenove homens e mais quem? (2 Samuel 2:30);;
103223;LIVROS BÍBLICOS;2_Históricos;10_2_Samuel;CAPÍTULO 02;1;2;1;2;Asael, depois de morto, foi enterrado na sepultura de seu pai em qual cidade? (2 Samuel 2:32);;
103224;LIVROS BÍBLICOS;2_Históricos;10_2_Samuel;CAPÍTULO 03;1;2;1;3;A guerra prolongada entre a casa de Saul e a casa de Davi resultava em qual contraste? (2 Samuel 3:1);;
103225;LIVROS BÍBLICOS;2_Históricos;10_2_Samuel;CAPÍTULO 03;1;2;1;3;Amnom, o primogênito de Davi nascido em Hebrom, era filho de quem? (2 Samuel 3:2);;
103226;LIVROS BÍBLICOS;2_Históricos;10_2_Samuel;CAPÍTULO 03;1;2;1;3;Quileabe, o segundo filho de Davi nascido em Hebrom, era filho de qual mulher? (2 Samuel 3:3);;
103227;LIVROS BÍBLICOS;2_Históricos;10_2_Samuel;CAPÍTULO 03;1;2;1;3;Absalão, filho de Davi nascido em Hebrom, era filho de Maaca, filha de quem? (2 Samuel 3:3);;
103228;LIVROS BÍBLICOS;2_Históricos;10_2_Samuel;CAPÍTULO 03;1;2;1;3;Adonias, filho de Davi nascido em Hebrom, era filho de qual mulher? (2 Samuel 3:4);;
103229;LIVROS BÍBLICOS;2_Históricos;10_2_Samuel;CAPÍTULO 03;1;2;1;3;Itreão, filho de Davi nascido em Hebrom, era filho de quem? (2 Samuel 3:5);;
103230;LIVROS BÍBLICOS;2_Históricos;10_2_Samuel;CAPÍTULO 03;1;2;1;3;Abner, durante a guerra entre as casas de Saul e Davi, se fortalecia em qual casa? (2 Samuel 3:6);;
103231;LIVROS BÍBLICOS;2_Históricos;10_2_Samuel;CAPÍTULO 03;1;2;1;3;Rispa, concubina de Saul mencionada na acusação de Isbosete contra Abner, era filha de quem? (2 Samuel 3:7);;
103232;LIVROS BÍBLICOS;2_Históricos;10_2_Samuel;CAPÍTULO 03;1;2;1;3;Abner, ao se indignar com Isbosete, perguntou se era o quê a serviço de Judá? (2 Samuel 3:8);;
103233;LIVROS BÍBLICOS;2_Históricos;10_2_Samuel;CAPÍTULO 03;1;2;1;3;Abner, ao prometer transferir o reino a Davi, falou do território desde Dã até qual lugar? (2 Samuel 3:10);;
103234;LIVROS BÍBLICOS;2_Históricos;10_2_Samuel;CAPÍTULO 03;1;2;1;3;Davi, ao aceitar fazer aliança com Abner, exigiu que ele trouxesse quem antes de ver seu rosto? (2 Samuel 3:13);;
103235;LIVROS BÍBLICOS;2_Históricos;10_2_Samuel;CAPÍTULO 03;1;2;1;3;Isbosete mandou tirar Mical de Paltiel, filho de quem? (2 Samuel 3:15);;
103236;LIVROS BÍBLICOS;2_Históricos;10_2_Samuel;CAPÍTULO 03;1;2;1;3;Paltiel, ao acompanhar Mical chorando, foi mandado voltar por Abner em qual lugar? (2 Samuel 3:16);;
103237;LIVROS BÍBLICOS;2_Históricos;10_2_Samuel;CAPÍTULO 03;1;2;1;3;Abner, ao falar aos anciãos de Israel, lembrou que havia muito tempo eles procuravam fazer quem rei sobre si? (2 Samuel 3:17);;
103238;LIVROS BÍBLICOS;2_Históricos;10_2_Samuel;CAPÍTULO 03;1;2;1;3;Abner, antes de ir a Davi em Hebrom, também falou particularmente aos homens de qual tribo? (2 Samuel 3:19);;
103239;LIVROS BÍBLICOS;2_Históricos;10_2_Samuel;CAPÍTULO 03;1;2;1;3;Abner chegou a Davi em Hebrom acompanhado de quantos homens? (2 Samuel 3:20);;
103240;LIVROS BÍBLICOS;2_Históricos;10_2_Samuel;CAPÍTULO 03;1;2;1;3;Joabe, ao voltar de uma incursão, soube que Abner viera a Davi e fora despedido em que condição? (2 Samuel 3:23);;
103241;LIVROS BÍBLICOS;2_Históricos;10_2_Samuel;CAPÍTULO 03;1;2;1;3;Joabe, ao chamar Abner de volta, matou-o no interior da porta por causa do sangue de quem? (2 Samuel 3:27);;
103242;LIVROS BÍBLICOS;2_Históricos;10_2_Samuel;CAPÍTULO 03;1;2;1;3;Davi, ao saber da morte de Abner, declarou-se inocente perante o Senhor do quê? (2 Samuel 3:28);;
103243;LIVROS BÍBLICOS;2_Históricos;10_2_Samuel;CAPÍTULO 03;1;2;1;3;Davi ordenou que Joabe e todo o povo rasgassem as vestes, cingissem-se de panos de saco e pranteassem diante de quem? (2 Samuel 3:31);;
103244;LIVROS BÍBLICOS;2_Históricos;10_2_Samuel;CAPÍTULO 03;1;2;1;3;O povo percebeu que a morte de Abner não procedera de quem? (2 Samuel 3:36);;
103245;LIVROS BÍBLICOS;2_Históricos;10_2_Samuel;CAPÍTULO 03;1;2;1;3;Davi, ao falar aos seus servos, afirmou que naquele dia caíra em Israel que tipo de homem? (2 Samuel 3:38);;
103246;LIVROS BÍBLICOS;2_Históricos;10_2_Samuel;CAPÍTULO 04;1;2;1;4;O filho de Saul, ao ouvir que Abner morrera em Hebrom, teve suas mãos em que condição? (2 Samuel 4:1);;
103247;LIVROS BÍBLICOS;2_Históricos;10_2_Samuel;CAPÍTULO 04;1;2;1;4;Baana e Recabe, chefes de tropas de Isbosete, eram filhos de quem? (2 Samuel 4:2);;
103248;LIVROS BÍBLICOS;2_Históricos;10_2_Samuel;CAPÍTULO 04;1;2;1;4;Os beerotitas, após fugirem, habitaram como estrangeiros em qual lugar? (2 Samuel 4:3);;
103249;LIVROS BÍBLICOS;2_Históricos;10_2_Samuel;CAPÍTULO 04;1;2;1;4;Mefibosete, filho de Jônatas, ficou coxo quando sua ama fugiu ao ouvir notícias sobre Saul e quem? (2 Samuel 4:4);;
103250;LIVROS BÍBLICOS;2_Históricos;10_2_Samuel;CAPÍTULO 04;1;2;1;4;Recabe e Baana entraram na casa de Isbosete em que momento do dia? (2 Samuel 4:5);;
103251;LIVROS BÍBLICOS;2_Históricos;10_2_Samuel;CAPÍTULO 04;1;2;1;4;Isbosete, quando foi morto, estava em qual lugar? (2 Samuel 4:7);;
103252;LIVROS BÍBLICOS;2_Históricos;10_2_Samuel;CAPÍTULO 04;1;2;1;4;Recabe e Baana levaram a cabeça de Isbosete a Davi em qual cidade? (2 Samuel 4:8);;
103253;LIVROS BÍBLICOS;2_Históricos;10_2_Samuel;CAPÍTULO 04;1;2;1;4;Davi, ao responder a Recabe e Baana, afirmou que o Senhor o remira de quê? (2 Samuel 4:9);;
103254;LIVROS BÍBLICOS;2_Históricos;10_2_Samuel;CAPÍTULO 04;1;2;1;4;Davi recordou que matou em Ziclague o homem que julgava trazer boas notícias sobre a morte de quem? (2 Samuel 4:10);;
103255;LIVROS BÍBLICOS;2_Históricos;10_2_Samuel;CAPÍTULO 04;1;2;1;4;Davi chamou Isbosete de justo e afirmou que os assassinos o mataram em sua casa sobre o quê? (2 Samuel 4:11);;
103256;LIVROS BÍBLICOS;2_Históricos;10_2_Samuel;CAPÍTULO 04;1;2;1;4;Davi ordenou que os corpos de Recabe e Baana fossem pendurados junto a qual lugar em Hebrom? (2 Samuel 4:12);;
103257;LIVROS BÍBLICOS;2_Históricos;10_2_Samuel;CAPÍTULO 04;1;2;1;4;A cabeça de Isbosete, depois da ordem de Davi, foi enterrada na sepultura de quem? (2 Samuel 4:12);;
103258;LIVROS BÍBLICOS;2_Históricos;10_2_Samuel;CAPÍTULO 05;1;2;1;5;As tribos de Israel, ao virem a Davi em Hebrom, afirmaram ser dele o quê? (2 Samuel 5:1);;
103259;LIVROS BÍBLICOS;2_Históricos;10_2_Samuel;CAPÍTULO 05;1;2;1;5;As tribos de Israel lembraram que, mesmo quando Saul era rei, era Davi quem conduzia Israel nas entradas e saídas militares. Qual expressão resume essa atuação de Davi? (2 Samuel 5:2);;
103260;LIVROS BÍBLICOS;2_Históricos;10_2_Samuel;CAPÍTULO 05;1;2;1;5;Os anciãos de Israel, ao chegarem a Hebrom, fizeram aliança com Davi perante quem? (2 Samuel 5:3);;
103261;LIVROS BÍBLICOS;2_Históricos;10_2_Samuel;CAPÍTULO 05;1;2;1;5;Davi tinha quantos anos quando começou a reinar? (2 Samuel 5:4);;
103262;LIVROS BÍBLICOS;2_Históricos;10_2_Samuel;CAPÍTULO 05;1;2;1;5;Davi reinou em Hebrom sobre Judá por quanto tempo? (2 Samuel 5:5);;
103263;LIVROS BÍBLICOS;2_Históricos;10_2_Samuel;CAPÍTULO 05;1;2;1;5;Davi reinou em Jerusalém sobre todo Israel e Judá por quantos anos? (2 Samuel 5:5);;
103264;LIVROS BÍBLICOS;2_Históricos;10_2_Samuel;CAPÍTULO 05;1;2;1;5;Davi tomou a fortaleza de Sião, que passou a ser chamada de quê? (2 Samuel 5:7);;
103265;LIVROS BÍBLICOS;2_Históricos;10_2_Samuel;CAPÍTULO 05;1;2;1;5;Davi, ao habitar na fortaleza, foi edificando ao redor desde Milo para onde? (2 Samuel 5:9);;
103266;LIVROS BÍBLICOS;2_Históricos;10_2_Samuel;CAPÍTULO 05;1;2;1;5;Davi ia crescendo em poder, porque o Senhor, Deus dos Exércitos, era o quê? (2 Samuel 5:10);;
103267;LIVROS BÍBLICOS;2_Históricos;10_2_Samuel;CAPÍTULO 05;1;2;1;5;Hirão, rei de Tiro, enviou a Davi mensageiros, madeira de cedro, carpinteiros e quem mais? (2 Samuel 5:11);;
103268;LIVROS BÍBLICOS;2_Históricos;10_2_Samuel;CAPÍTULO 05;1;2;1;5;Davi reconheceu que o Senhor o confirmara rei sobre Israel e exaltara seu reino por amor de quem? (2 Samuel 5:12);;
103269;LIVROS BÍBLICOS;2_Históricos;10_2_Samuel;CAPÍTULO 05;1;2;1;5;Entre os filhos que nasceram a Davi em Jerusalém, aparece qual nome? (2 Samuel 5:14);;
103270;LIVROS BÍBLICOS;2_Históricos;10_2_Samuel;CAPÍTULO 05;1;2;1;5;Os filisteus, ao ouvirem que Davi fora ungido rei sobre Israel, subiram e se estenderam por qual vale? (2 Samuel 5:18);;
103271;LIVROS BÍBLICOS;2_Históricos;10_2_Samuel;CAPÍTULO 05;1;2;1;5;Davi chamou o lugar da vitória contra os filisteus de qual nome? (2 Samuel 5:20);;
103272;LIVROS BÍBLICOS;2_Históricos;10_2_Samuel;CAPÍTULO 05;1;2;1;5;Os filisteus, ao fugirem, deixaram para trás quais objetos que Davi e seus homens levaram? (2 Samuel 5:21);;
103273;LIVROS BÍBLICOS;2_Históricos;10_2_Samuel;CAPÍTULO 05;1;2;1;5;O Senhor, na segunda consulta de Davi sobre os filisteus, mandou-o rodear por detrás e atacar defronte de quais árvores? (2 Samuel 5:23);;
103274;LIVROS BÍBLICOS;2_Históricos;10_2_Samuel;CAPÍTULO 05;1;2;1;5;Davi deveria agir quando ouvisse qual sinal nas copas das amoreiras? (2 Samuel 5:24);;
103275;LIVROS BÍBLICOS;2_Históricos;10_2_Samuel;CAPÍTULO 05;1;2;1;5;Davi, obedecendo ao Senhor, feriu os filisteus desde Geba até chegar a qual lugar? (2 Samuel 5:25);;
103276;LIVROS BÍBLICOS;2_Históricos;10_2_Samuel;CAPÍTULO 06;1;2;1;6;Davi tornou a ajuntar os escolhidos de Israel em que número? (2 Samuel 6:1);;
103277;LIVROS BÍBLICOS;2_Históricos;10_2_Samuel;CAPÍTULO 06;1;2;1;6;Davi saiu para Baalá de Judá a fim de fazer subir qual objeto sagrado? (2 Samuel 6:2);;
103278;LIVROS BÍBLICOS;2_Históricos;10_2_Samuel;CAPÍTULO 06;1;2;1;6;A arca de Deus foi posta sobre que tipo de carro ao sair da casa de Abinadabe? (2 Samuel 6:3);;
103279;LIVROS BÍBLICOS;2_Históricos;10_2_Samuel;CAPÍTULO 06;1;2;1;6;Uzá e Aiô, filhos de Abinadabe, guiavam o carroça nova a partir de qual lugar? (2 Samuel 6:3);;
103280;LIVROS BÍBLICOS;2_Históricos;10_2_Samuel;CAPÍTULO 06;1;2;1;6;Davi e toda a casa de Israel alegravam-se perante o Senhor com instrumentos de madeira de cipreste e quais outros instrumentos? (2 Samuel 6:5);;
103281;LIVROS BÍBLICOS;2_Históricos;10_2_Samuel;CAPÍTULO 06;1;2;1;6;Uzá estendeu a mão à arca de Deus no momento em que os bois fizeram o quê? (2 Samuel 6:6);;
103282;LIVROS BÍBLICOS;2_Históricos;10_2_Samuel;CAPÍTULO 06;1;2;1;6;Uzá morreu junto à arca de Deus por causa de quê? (2 Samuel 6:7);;
103283;LIVROS BÍBLICOS;2_Históricos;10_2_Samuel;CAPÍTULO 06;1;2;1;6;O lugar onde o Senhor irrompeu contra Uzá recebeu qual nome? (2 Samuel 6:8);;
103284;LIVROS BÍBLICOS;2_Históricos;10_2_Samuel;CAPÍTULO 06;1;2;1;6;Davi, não querendo levar a arca para a Cidade de Davi, a fez entrar na casa de quem? (2 Samuel 6:10);;
103285;LIVROS BÍBLICOS;2_Históricos;10_2_Samuel;CAPÍTULO 06;1;2;1;6;A arca do Senhor ficou na casa de Obede-Edom por quanto tempo? (2 Samuel 6:11);;
103286;LIVROS BÍBLICOS;2_Históricos;10_2_Samuel;CAPÍTULO 06;1;2;1;6;Davi, quando os que levavam a arca davam seis passos, sacrificava que animais? (2 Samuel 6:13);;
103287;LIVROS BÍBLICOS;2_Históricos;10_2_Samuel;CAPÍTULO 06;1;2;1;6;Davi, ao dançar com todas as suas forças perante o Senhor, vestia qual peça? (2 Samuel 6:14);;
103288;LIVROS BÍBLICOS;2_Históricos;10_2_Samuel;CAPÍTULO 06;1;2;1;6;Mical, filha de Saul, ao ver Davi saltando e dançando perante o Senhor, sentiu o quê em seu coração? (2 Samuel 6:16);;
103289;LIVROS BÍBLICOS;2_Históricos;10_2_Samuel;CAPÍTULO 06;1;2;1;6;A arca do Senhor foi colocada no lugar preparado por Davi, dentro de quê? (2 Samuel 6:17);;
103290;LIVROS BÍBLICOS;2_Históricos;10_2_Samuel;CAPÍTULO 06;1;2;1;6;Davi distribuiu a todo o povo pão, um bom pedaço de carne e o quê? (2 Samuel 6:19);;
103291;LIVROS BÍBLICOS;2_Históricos;10_2_Samuel;CAPÍTULO 06;1;2;1;6;Davi respondeu a Mical que dançara perante o Senhor, que o escolhera em lugar de quem? (2 Samuel 6:21);;
103292;LIVROS BÍBLICOS;2_Históricos;10_2_Samuel;CAPÍTULO 06;1;2;1;6;Davi afirmou que ainda mais se envileceria e se humilharia aos seus próprios olhos, mas seria honrado por quem? (2 Samuel 6:22);;
103293;LIVROS BÍBLICOS;2_Históricos;10_2_Samuel;CAPÍTULO 06;1;2;1;6;Mical, filha de Saul, teve filhos até que momento? (2 Samuel 6:23);;
103294;LIVROS BÍBLICOS;2_Históricos;10_2_Samuel;CAPÍTULO 07;1;2;1;7;Davi, habitando em casa de cedro, disse a Natã que a arca de Deus habitava onde? (2 Samuel 7:2);;
103295;LIVROS BÍBLICOS;2_Históricos;10_2_Samuel;CAPÍTULO 07;1;2;1;7;Natã, antes de receber a palavra noturna do Senhor, disse a Davi que fizesse tudo quanto estava onde? (2 Samuel 7:3);;
103296;LIVROS BÍBLICOS;2_Históricos;10_2_Samuel;CAPÍTULO 07;1;2;1;7;O Senhor mandou Natã perguntar a Davi se ele edificaria um templo para a habitação de quem? (2 Samuel 7:5);;
103297;LIVROS BÍBLICOS;2_Históricos;10_2_Samuel;CAPÍTULO 07;1;2;1;7;O Senhor declarou que, desde a saída dos filhos de Israel do Egito, não habitara em casa, mas andara em quê? (2 Samuel 7:6);;
103298;LIVROS BÍBLICOS;2_Históricos;10_2_Samuel;CAPÍTULO 07;1;2;1;7;O Senhor lembrou que havia tomado Davi das pastagens, do trabalho de andar atrás das ovelhas, para que fosse o quê? (2 Samuel 7:8);;
103299;LIVROS BÍBLICOS;2_Históricos;10_2_Samuel;CAPÍTULO 07;1;2;1;7;O Senhor afirmou que fizera grande o nome de Davi como o nome de quem? (2 Samuel 7:9);;
103300;LIVROS BÍBLICOS;2_Históricos;10_2_Samuel;CAPÍTULO 07;1;2;1;7;O Senhor prometeu preparar lugar para Israel e plantá-lo, para que habitasse em seu lugar e não fosse mais o quê? (2 Samuel 7:10);;
103301;LIVROS BÍBLICOS;2_Históricos;10_2_Samuel;CAPÍTULO 07;1;2;1;7;O Senhor declarou a Davi que ele mesmo faria para Davi o quê? (2 Samuel 7:11);;
103302;LIVROS BÍBLICOS;2_Históricos;10_2_Samuel;CAPÍTULO 07;1;2;1;7;O Senhor prometeu levantar depois de Davi o descendente que procederia de quem? (2 Samuel 7:12);;
103303;LIVROS BÍBLICOS;2_Históricos;10_2_Samuel;CAPÍTULO 07;1;2;1;7;O descendente prometido edificaria um templo ao nome do Senhor, e o Senhor estabeleceria para sempre o quê? (2 Samuel 7:13);;
103304;LIVROS BÍBLICOS;2_Históricos;10_2_Samuel;CAPÍTULO 07;1;2;1;7;O Senhor disse sobre o descendente de Davi: Eu lhe serei por pai, e ele me será por quê? (2 Samuel 7:14);;
103305;LIVROS BÍBLICOS;2_Históricos;10_2_Samuel;CAPÍTULO 07;1;2;1;7;O Senhor afirmou que sua misericórdia não se apartaria do descendente de Davi, como se apartou de quem? (2 Samuel 7:15);;
103306;LIVROS BÍBLICOS;2_Históricos;10_2_Samuel;CAPÍTULO 07;1;2;1;7;Natã falou a Davi conforme todas estas palavras e conforme toda esta quê? (2 Samuel 7:17);;
103307;LIVROS BÍBLICOS;2_Históricos;10_2_Samuel;CAPÍTULO 07;1;2;1;7;Davi, ao entrar e ficar perante o Senhor, perguntou quem era ele e quem era sua casa para ter chegado a que ponto? (2 Samuel 7:18);;
103308;LIVROS BÍBLICOS;2_Históricos;10_2_Samuel;CAPÍTULO 07;1;2;1;7;Davi declarou que o Senhor Deus era grande e que não havia quem como ele, nem Deus além de quem? (2 Samuel 7:22);;
103309;LIVROS BÍBLICOS;2_Históricos;10_2_Samuel;CAPÍTULO 07;1;2;1;7;Davi lembrou que Deus resgatara Israel do Egito, de nações e de seus quê? (2 Samuel 7:23);;
103310;LIVROS BÍBLICOS;2_Históricos;10_2_Samuel;CAPÍTULO 07;1;2;1;7;Davi pediu que a palavra sobre ele e sobre sua casa fosse confirmada para sempre e que o Senhor fizesse como havia quê? (2 Samuel 7:25);;
103311;LIVROS BÍBLICOS;2_Históricos;10_2_Samuel;CAPÍTULO 07;1;2;1;7;Davi pediu que o Senhor fosse servido de abençoar a casa de seu servo para permanecer para sempre diante de quem? (2 Samuel 7:29);;
103312;LIVROS BÍBLICOS;2_Históricos;10_2_Samuel;CAPÍTULO 08;1;2;1;8;Davi, depois dos acontecimentos anteriores, feriu os filisteus, sujeitou-os e tomou de suas mãos o quê? (2 Samuel 8:1);;
103313;LIVROS BÍBLICOS;2_Históricos;10_2_Samuel;CAPÍTULO 08;1;2;1;8;Davi, ao derrotar Moabe, mediu-os com cordel, deitando-os em terra, e deixou vivos quantos cordéis? (2 Samuel 8:2);;
103314;LIVROS BÍBLICOS;2_Históricos;10_2_Samuel;CAPÍTULO 08;1;2;1;8;Hadadezer, filho de Reobe, rei de Zobá, foi ferido por Davi quando ia restaurar seu poder junto a qual rio? (2 Samuel 8:3);;
103315;LIVROS BÍBLICOS;2_Históricos;10_2_Samuel;CAPÍTULO 08;1;2;1;8;Davi tomou de Hadadezer mil e setecentos cavaleiros e quantos soldados de infantaria? (2 Samuel 8:4);;
103316;LIVROS BÍBLICOS;2_Históricos;10_2_Samuel;CAPÍTULO 08;1;2;1;8;Davi mutilou os cavalos dos carros, mas reservou cavalos para quantos carros? (2 Samuel 8:4);;
103317;LIVROS BÍBLICOS;2_Históricos;10_2_Samuel;CAPÍTULO 08;1;2;1;8;Os sírios de Damasco, ao socorrerem Hadadezer, perderam quantos homens diante de Davi? (2 Samuel 8:5);;
103318;LIVROS BÍBLICOS;2_Históricos;10_2_Samuel;CAPÍTULO 08;1;2;1;8;Davi pôs guarnições em Damasco da Síria, e os sírios ficaram por servos, pagando o quê? (2 Samuel 8:6);;
103319;LIVROS BÍBLICOS;2_Históricos;10_2_Samuel;CAPÍTULO 08;1;2;1;8;Davi tomou dos servos de Hadadezer quais objetos de ouro? (2 Samuel 8:7);;
103320;LIVROS BÍBLICOS;2_Históricos;10_2_Samuel;CAPÍTULO 08;1;2;1;8;Davi tomou mui grande quantidade de bronze de Betá e de qual outra cidade de Hadadezer? (2 Samuel 8:8);;
103321;LIVROS BÍBLICOS;2_Históricos;10_2_Samuel;CAPÍTULO 08;1;2;1;8;Toí, rei de Hamate, ouviu que Davi ferira todo o exército de quem? (2 Samuel 8:9);;
103322;LIVROS BÍBLICOS;2_Históricos;10_2_Samuel;CAPÍTULO 08;1;2;1;8;Toí enviou Jorão a Davi para saudá-lo e felicitá-lo, trazendo objetos de prata, ouro e quê? (2 Samuel 8:10);;
103323;LIVROS BÍBLICOS;2_Históricos;10_2_Samuel;CAPÍTULO 08;1;2;1;8;Davi dedicou ao Senhor a prata e o ouro que dedicara de todas as nações que sujeitara, juntamente com o que viera de quem? (2 Samuel 8:11);;
103324;LIVROS BÍBLICOS;2_Históricos;10_2_Samuel;CAPÍTULO 08;1;2;1;8;Davi ganhou nome ao ferir os sírios no vale do Sal em que número? (2 Samuel 8:13);;
103325;LIVROS BÍBLICOS;2_Históricos;10_2_Samuel;CAPÍTULO 08;1;2;1;8;Davi reinava sobre todo Israel e administrava justiça e equidade a quem? (2 Samuel 8:15);;
103326;LIVROS BÍBLICOS;2_Históricos;10_2_Samuel;CAPÍTULO 09;1;2;1;9;Davi perguntou se ainda restava alguém da casa de Saul para usar de bondade por amor de quem? (2 Samuel 9:1);;
103327;LIVROS BÍBLICOS;2_Históricos;10_2_Samuel;CAPÍTULO 09;1;2;1;9;Ziba, servo chamado à presença de Davi, pertencia à casa de quem? (2 Samuel 9:2);;
103328;LIVROS BÍBLICOS;2_Históricos;10_2_Samuel;CAPÍTULO 09;1;2;1;9;Ziba informou que ainda havia um filho de Jônatas aleijado de quê? (2 Samuel 9:3);;
103329;LIVROS BÍBLICOS;2_Históricos;10_2_Samuel;CAPÍTULO 09;1;2;1;9;O filho de Jônatas estava em Lo-Debar, na casa de Maquir, filho de quem? (2 Samuel 9:4);;
103330;LIVROS BÍBLICOS;2_Históricos;10_2_Samuel;CAPÍTULO 09;1;2;1;9;Mefibosete, ao chegar à presença de Davi, prostrou-se com o rosto em terra e fez o quê? (2 Samuel 9:6);;
103331;LIVROS BÍBLICOS;2_Históricos;10_2_Samuel;CAPÍTULO 09;1;2;1;9;Davi prometeu a Mefibosete restituir-lhe todas as terras de quem? (2 Samuel 9:7);;
103332;LIVROS BÍBLICOS;2_Históricos;10_2_Samuel;CAPÍTULO 09;1;2;1;9;Davi também prometeu a Mefibosete que ele comeria sempre onde? (2 Samuel 9:7);;
103333;LIVROS BÍBLICOS;2_Históricos;10_2_Samuel;CAPÍTULO 09;1;2;1;9;Mefibosete, ao responder a Davi, comparou-se a que animal morto? (2 Samuel 9:8);;
103334;LIVROS BÍBLICOS;2_Históricos;10_2_Samuel;CAPÍTULO 09;1;2;1;9;Ziba recebeu ordem de lavrar a terra para Mefibosete com seus filhos e seus servos, a fim de que houvesse o quê? (2 Samuel 9:10);;
103335;LIVROS BÍBLICOS;2_Históricos;10_2_Samuel;CAPÍTULO 09;1;2;1;9;Ziba tinha quinze filhos e quantos servos? (2 Samuel 9:10);;
103336;LIVROS BÍBLICOS;2_Históricos;10_2_Samuel;CAPÍTULO 09;1;2;1;9;Mefibosete tinha um filho pequeno chamado como? (2 Samuel 9:12);;
103337;LIVROS BÍBLICOS;2_Históricos;10_2_Samuel;CAPÍTULO 09;1;2;1;9;Mefibosete morava em Jerusalém, comia sempre à mesa do rei e era coxo de quê? (2 Samuel 9:13);;
103338;LIVROS BÍBLICOS;2_Históricos;10_2_Samuel;CAPÍTULO 10;1;2;1;10;Depois da morte do rei dos filhos de Amom, quem reinou em seu lugar? (2 Samuel 10:1);;
103339;LIVROS BÍBLICOS;2_Históricos;10_2_Samuel;CAPÍTULO 10;1;2;1;10;Davi decidiu usar de bondade para com Hanum porque Naás, pai de Hanum, fizera o quê? (2 Samuel 10:2);;
103340;LIVROS BÍBLICOS;2_Históricos;10_2_Samuel;CAPÍTULO 10;1;2;1;10;Os príncipes dos filhos de Amom disseram a Hanum que os servos de Davi vinham para quê? (2 Samuel 10:3);;
103341;LIVROS BÍBLICOS;2_Históricos;10_2_Samuel;CAPÍTULO 10;1;2;1;10;Hanum tomou os servos de Davi, raspou-lhes metade da barba e cortou-lhes as vestes até onde? (2 Samuel 10:4);;
103342;LIVROS BÍBLICOS;2_Históricos;10_2_Samuel;CAPÍTULO 10;1;2;1;10;Davi mandou que seus servos ficassem em Jericó até que lhes crescesse o quê? (2 Samuel 10:5);;
103343;LIVROS BÍBLICOS;2_Históricos;10_2_Samuel;CAPÍTULO 10;1;2;1;10;Os filhos de Amom, percebendo que se fizeram odiosos a Davi, alugaram vinte mil soldados de infantaria dos sírios de Bete-Reobe e de qual outro lugar? (2 Samuel 10:6);;
103344;LIVROS BÍBLICOS;2_Históricos;10_2_Samuel;CAPÍTULO 10;1;2;1;10;Além dos sírios, os filhos de Amom alugaram mil homens do rei de Maaca e doze mil homens de onde? (2 Samuel 10:6);;
103345;LIVROS BÍBLICOS;2_Históricos;10_2_Samuel;CAPÍTULO 10;1;2;1;10;Joabe, vendo a peleja contra si pela frente e pela retaguarda, escolheu todos os melhores de Israel e os pôs em ordem contra quem? (2 Samuel 10:9);;
103346;LIVROS BÍBLICOS;2_Históricos;10_2_Samuel;CAPÍTULO 10;1;2;1;10;Joabe entregou o restante do povo a Abisai, seu irmão, para o pôr em ordem contra quem? (2 Samuel 10:10);;
103347;LIVROS BÍBLICOS;2_Históricos;10_2_Samuel;CAPÍTULO 10;1;2;1;10;Joabe combinou com Abisai que, se os sírios fossem mais fortes que ele, Abisai faria o quê? (2 Samuel 10:11);;
103348;LIVROS BÍBLICOS;2_Históricos;10_2_Samuel;CAPÍTULO 10;1;2;1;10;Joabe exortou Abisai a ser forte, pelejar pelo povo e pelas cidades de quem? (2 Samuel 10:12);;
103349;LIVROS BÍBLICOS;2_Históricos;10_2_Samuel;CAPÍTULO 10;1;2;1;10;Joabe e o povo que estava com ele se achegaram à peleja contra os sírios, e estes fizeram o quê? (2 Samuel 10:13);;
103350;LIVROS BÍBLICOS;2_Históricos;10_2_Samuel;CAPÍTULO 10;1;2;1;10;Hadadezer fez sair os sírios que estavam do outro lado de qual referência geográfica? (2 Samuel 10:16);;
103351;LIVROS BÍBLICOS;2_Históricos;10_2_Samuel;CAPÍTULO 10;1;2;1;10;Davi feriu, entre os sírios, os homens de setecentos carros e quarenta mil homens de quê? (2 Samuel 10:18);;
103352;LIVROS BÍBLICOS;2_Históricos;10_2_Samuel;CAPÍTULO 11;1;2;1;11;No tempo em que os reis costumavam sair para a guerra, Davi enviou Joabe, seus servos e todo Israel, mas ficou onde? (2 Samuel 11:1);;
103353;LIVROS BÍBLICOS;2_Históricos;10_2_Samuel;CAPÍTULO 11;1;2;1;11;Davi, ao levantar-se do leito e andar no terraço da casa real, viu uma mulher fazendo o quê? (2 Samuel 11:2);;
103354;LIVROS BÍBLICOS;2_Históricos;10_2_Samuel;CAPÍTULO 11;1;2;1;11;A mulher vista por Davi foi identificada como Bate-Seba, filha de Eliã e mulher de quem? (2 Samuel 11:3);;
103355;LIVROS BÍBLICOS;2_Históricos;10_2_Samuel;CAPÍTULO 11;1;2;1;11;Bate-Seba, depois de conceber, enviou a Davi qual mensagem? (2 Samuel 11:5);;
103356;LIVROS BÍBLICOS;2_Históricos;10_2_Samuel;CAPÍTULO 11;1;2;1;11;Davi mandou dizer a Joabe que lhe enviasse quem? (2 Samuel 11:6);;
103357;LIVROS BÍBLICOS;2_Históricos;10_2_Samuel;CAPÍTULO 11;1;2;1;11;Davi perguntou a Urias como estavam Joabe, o povo e o quê? (2 Samuel 11:7);;
103358;LIVROS BÍBLICOS;2_Históricos;10_2_Samuel;CAPÍTULO 11;1;2;1;11;Davi mandou Urias descer para sua casa e lavar o quê? (2 Samuel 11:8);;
103359;LIVROS BÍBLICOS;2_Históricos;10_2_Samuel;CAPÍTULO 11;1;2;1;11;Urias, em vez de descer para sua casa, dormiu onde? (2 Samuel 11:9);;
103360;LIVROS BÍBLICOS;2_Históricos;10_2_Samuel;CAPÍTULO 11;1;2;1;11;Urias explicou que a arca, Israel e Judá ficavam em tendas, enquanto Joabe e os servos de Davi estavam acampados onde? (2 Samuel 11:11);;
103361;LIVROS BÍBLICOS;2_Históricos;10_2_Samuel;CAPÍTULO 11;1;2;1;11;Davi convidou Urias a comer e beber, e o embebedou, mas Urias ainda dormiu onde? (2 Samuel 11:13);;
103362;LIVROS BÍBLICOS;2_Históricos;10_2_Samuel;CAPÍTULO 11;1;2;1;11;Davi escreveu uma carta a Joabe e a mandou por intermédio de quem? (2 Samuel 11:14);;
103363;LIVROS BÍBLICOS;2_Históricos;10_2_Samuel;CAPÍTULO 11;1;2;1;11;A carta de Davi ordenava que Urias fosse posto onde? (2 Samuel 11:15);;
103364;LIVROS BÍBLICOS;2_Históricos;10_2_Samuel;CAPÍTULO 11;1;2;1;11;Joabe, ao sitiar a cidade, colocou Urias no lugar onde sabia que havia quem? (2 Samuel 11:16);;
103365;LIVROS BÍBLICOS;2_Históricos;10_2_Samuel;CAPÍTULO 11;1;2;1;11;Quando os homens da cidade saíram e pelejaram contra Joabe, caiu também quem? (2 Samuel 11:17);;
103366;LIVROS BÍBLICOS;2_Históricos;10_2_Samuel;CAPÍTULO 11;1;2;1;11;Joabe orientou o mensageiro sobre o que dizer caso a indignação do rei se levantasse ao ouvir o relatório de quê? (2 Samuel 11:20);;
103367;LIVROS BÍBLICOS;2_Históricos;10_2_Samuel;CAPÍTULO 11;1;2;1;11;Joabe mandou o mensageiro lembrar o caso de Abimeleque, filho de Jerubesete, morto por uma mulher com uma mó lançada de onde? (2 Samuel 11:21);;
103368;LIVROS BÍBLICOS;2_Históricos;10_2_Samuel;CAPÍTULO 11;1;2;1;11;Davi mandou dizer a Joabe que não parecesse mal aos seus olhos, porque a espada devora tanto um como o quê? (2 Samuel 11:25);;
103369;LIVROS BÍBLICOS;2_Históricos;10_2_Samuel;CAPÍTULO 11;1;2;1;11;A mulher de Urias, ao saber que seu marido era morto, fez o quê? (2 Samuel 11:26);;
103370;LIVROS BÍBLICOS;2_Históricos;10_2_Samuel;CAPÍTULO 11;1;2;1;11;Depois do luto, Davi mandou buscar Bate-Seba, e ela se tornou sua mulher e deu à luz o quê? (2 Samuel 11:27);;
103371;LIVROS BÍBLICOS;2_Históricos;10_2_Samuel;CAPÍTULO 11;1;2;1;11;O ato praticado por Davi foi descrito como mau aos olhos de quem? (2 Samuel 11:27);;
103372;LIVROS BÍBLICOS;2_Históricos;10_2_Samuel;CAPÍTULO 12;1;2;1;12;O Senhor enviou a Davi qual profeta? (2 Samuel 12:1);;
103373;LIVROS BÍBLICOS;2_Históricos;10_2_Samuel;CAPÍTULO 12;1;2;1;12;Na parábola apresentada a Davi, havia numa cidade dois homens, um rico e outro de que condição? (2 Samuel 12:1);;
103374;LIVROS BÍBLICOS;2_Históricos;10_2_Samuel;CAPÍTULO 12;1;2;1;12;O homem rico da parábola tinha ovelhas e gado em que quantidade? (2 Samuel 12:2);;
103375;LIVROS BÍBLICOS;2_Históricos;10_2_Samuel;CAPÍTULO 12;1;2;1;12;O homem pobre da parábola possuía apenas uma pequena quê? (2 Samuel 12:3);;
103376;LIVROS BÍBLICOS;2_Históricos;10_2_Samuel;CAPÍTULO 12;1;2;1;12;A cordeirinha do pobre comia do seu bocado, bebia do seu copo e dormia onde? (2 Samuel 12:3);;
103377;LIVROS BÍBLICOS;2_Históricos;10_2_Samuel;CAPÍTULO 12;1;2;1;12;O rico, ao receber um viajante, tomou a cordeirinha de quem para preparar comida? (2 Samuel 12:4);;
103378;LIVROS BÍBLICOS;2_Históricos;10_2_Samuel;CAPÍTULO 12;1;2;1;12;Davi, ao ouvir a parábola, acendeu-se em ira contra quem? (2 Samuel 12:5);;
103379;LIVROS BÍBLICOS;2_Históricos;10_2_Samuel;CAPÍTULO 12;1;2;1;12;Davi declarou que o homem deveria restituir a cordeirinha quantas vezes? (2 Samuel 12:6);;
103380;LIVROS BÍBLICOS;2_Históricos;10_2_Samuel;CAPÍTULO 12;1;2;1;12;Natã, ao aplicar a parábola a Davi, disse qual frase direta? (2 Samuel 12:7);;
103381;LIVROS BÍBLICOS;2_Históricos;10_2_Samuel;CAPÍTULO 12;1;2;1;12;O Senhor lembrou a Davi que o ungira rei sobre Israel e o livrara das mãos de quem? (2 Samuel 12:7);;
103382;LIVROS BÍBLICOS;2_Históricos;10_2_Samuel;CAPÍTULO 12;1;2;1;12;Natã disse que Davi ferira Urias com a espada e tomara para si quem? (2 Samuel 12:9);;
103383;LIVROS BÍBLICOS;2_Históricos;10_2_Samuel;CAPÍTULO 12;1;2;1;12;A sentença anunciada a Davi afirmou que a espada jamais se apartaria de onde? (2 Samuel 12:10);;
103384;LIVROS BÍBLICOS;2_Históricos;10_2_Samuel;CAPÍTULO 12;1;2;1;12;O Senhor anunciou que suscitaria contra Davi o mal de dentro de quê? (2 Samuel 12:11);;
103385;LIVROS BÍBLICOS;2_Históricos;10_2_Samuel;CAPÍTULO 12;1;2;1;12;Davi, ao ouvir a repreensão, disse a Natã que havia pecado contra quem? (2 Samuel 12:13);;
103386;LIVROS BÍBLICOS;2_Históricos;10_2_Samuel;CAPÍTULO 12;1;2;1;12;Natã anunciou que o filho de Davi morreria porque, com o ato praticado, dera motivo para blasfemarem os inimigos de quem? (2 Samuel 12:14);;
103387;LIVROS BÍBLICOS;2_Históricos;10_2_Samuel;CAPÍTULO 12;1;2;1;12;Davi, enquanto a criança estava enferma, buscou a Deus, jejuou e passou a noite prostrado onde? (2 Samuel 12:16);;
103388;LIVROS BÍBLICOS;2_Históricos;10_2_Samuel;CAPÍTULO 12;1;2;1;12;A criança morreu em que dia? (2 Samuel 12:18);;
103389;LIVROS BÍBLICOS;2_Históricos;10_2_Samuel;CAPÍTULO 12;1;2;1;12;Davi, ao saber da morte da criança, levantou-se, lavou-se, ungiu-se, mudou de vestes e entrou onde? (2 Samuel 12:20);;
103390;LIVROS BÍBLICOS;2_Históricos;10_2_Samuel;CAPÍTULO 12;1;2;1;12;Davi consolou Bate-Seba, e ela deu à luz um filho chamado como? (2 Samuel 12:24);;
103391;LIVROS BÍBLICOS;2_Históricos;10_2_Samuel;CAPÍTULO 12;1;2;1;12;O Senhor, por intermédio de Natã, chamou o menino de qual nome? (2 Samuel 12:25);;
103392;LIVROS BÍBLICOS;2_Históricos;10_2_Samuel;CAPÍTULO 12;1;2;1;12;Joabe enviou mensageiros a Davi dizendo que pelejara contra Rabá e tomara o quê? (2 Samuel 12:27);;
103393;LIVROS BÍBLICOS;2_Históricos;10_2_Samuel;CAPÍTULO 12;1;2;1;12;Davi tirou da cabeça do rei de Rabá uma coroa cujo peso era de quê? (2 Samuel 12:30);;
103394;LIVROS BÍBLICOS;2_Históricos;10_2_Samuel;CAPÍTULO 13;1;2;1;13;Tamar, formosa irmã de Absalão, era filha de quem? (2 Samuel 13:1);;
103395;LIVROS BÍBLICOS;2_Históricos;10_2_Samuel;CAPÍTULO 13;1;2;1;13;Amnom se angustiou até adoecer por causa de Tamar, porque ela era o quê? (2 Samuel 13:2);;
103396;LIVROS BÍBLICOS;2_Históricos;10_2_Samuel;CAPÍTULO 13;1;2;1;13;Jonadabe, amigo de Amnom, era filho de Simeia, irmão de quem? (2 Samuel 13:3);;
103397;LIVROS BÍBLICOS;2_Históricos;10_2_Samuel;CAPÍTULO 13;1;2;1;13;Jonadabe é descrito no relato como homem de que característica? (2 Samuel 13:3);;
103398;LIVROS BÍBLICOS;2_Históricos;10_2_Samuel;CAPÍTULO 13;1;2;1;13;Jonadabe aconselhou Amnom a deitar-se e fingir o quê? (2 Samuel 13:5);;
103399;LIVROS BÍBLICOS;2_Históricos;10_2_Samuel;CAPÍTULO 13;1;2;1;13;Amnom pediu que Tamar viesse preparar, diante dele, quantos bolos? (2 Samuel 13:6);;
103400;LIVROS BÍBLICOS;2_Históricos;10_2_Samuel;CAPÍTULO 13;1;2;1;13;Davi mandou Tamar ir à casa de Amnom para fazer o quê? (2 Samuel 13:7);;
103401;LIVROS BÍBLICOS;2_Históricos;10_2_Samuel;CAPÍTULO 13;1;2;1;13;Tamar tomou a assadeira e tirou os bolos diante de Amnom, mas ele recusou o quê? (2 Samuel 13:9);;
103402;LIVROS BÍBLICOS;2_Históricos;10_2_Samuel;CAPÍTULO 13;1;2;1;13;Amnom mandou Tamar trazer a comida a qual lugar para que comesse de sua mão? (2 Samuel 13:10);;
103403;LIVROS BÍBLICOS;2_Históricos;10_2_Samuel;CAPÍTULO 13;1;2;1;13;Amnom, ao segurar Tamar, pediu que ela se deitasse com quem? (2 Samuel 13:11);;
103404;LIVROS BÍBLICOS;2_Históricos;10_2_Samuel;CAPÍTULO 13;1;2;1;13;Tamar, ao resistir, afirmou que tal coisa não se fazia onde? (2 Samuel 13:12);;
103405;LIVROS BÍBLICOS;2_Históricos;10_2_Samuel;CAPÍTULO 13;1;2;1;13;Tamar perguntou a Amnom aonde iria ela com sua vergonha e disse que ele seria como um dos quê em Israel? (2 Samuel 13:13);;
103406;LIVROS BÍBLICOS;2_Históricos;10_2_Samuel;CAPÍTULO 13;1;2;1;13;Amnom, não querendo ouvir Tamar, foi mais forte que ela e a quê? (2 Samuel 13:14);;
103407;LIVROS BÍBLICOS;2_Históricos;10_2_Samuel;CAPÍTULO 13;1;2;1;13;Depois de violentar Tamar, Amnom sentiu por ela um ódio maior do que qual sentimento anterior? (2 Samuel 13:15);;
103408;LIVROS BÍBLICOS;2_Históricos;10_2_Samuel;CAPÍTULO 13;1;2;1;13;Amnom chamou o moço que o servia e mandou pôr Tamar fora, fechando após ela o quê? (2 Samuel 13:17);;
103409;LIVROS BÍBLICOS;2_Históricos;10_2_Samuel;CAPÍTULO 13;1;2;1;13;Tamar usava uma túnica talar de mangas compridas, vestimenta das filhas do rei que eram o quê? (2 Samuel 13:18);;
103410;LIVROS BÍBLICOS;2_Históricos;10_2_Samuel;CAPÍTULO 13;1;2;1;13;Tamar pôs cinza sobre a cabeça, rasgou a túnica, pôs a mão sobre a cabeça e saiu fazendo o quê? (2 Samuel 13:19);;
103411;LIVROS BÍBLICOS;2_Históricos;10_2_Samuel;CAPÍTULO 13;1;2;1;13;Absalão perguntou a Tamar se Amnom havia estado com ela e mandou que, por enquanto, ela se calasse, pois ele era o quê? (2 Samuel 13:20);;
103412;LIVROS BÍBLICOS;2_Históricos;10_2_Samuel;CAPÍTULO 13;1;2;1;13;Absalão não falou com Amnom nem mal nem bem, porque o odiava por causa do que fizera a quem? (2 Samuel 13:22);;
103413;LIVROS BÍBLICOS;2_Históricos;10_2_Samuel;CAPÍTULO 13;1;2;1;13;Dois anos depois, Absalão tinha tosquiadores em Baal-Hazor, junto de qual lugar? (2 Samuel 13:23);;
103414;LIVROS BÍBLICOS;2_Históricos;10_2_Samuel;CAPÍTULO 13;1;2;1;13;Absalão ordenou a seus moços que matassem Amnom quando seu coração estivesse alegre de quê? (2 Samuel 13:28);;
103415;LIVROS BÍBLICOS;2_Históricos;10_2_Samuel;CAPÍTULO 13;1;2;1;13;Enquanto os filhos do rei vinham pelo caminho, chegou a Davi a notícia falsa de que Absalão matara quem? (2 Samuel 13:30);;
103416;LIVROS BÍBLICOS;2_Históricos;10_2_Samuel;CAPÍTULO 13;1;2;1;13;Jonadabe corrigiu a notícia, dizendo que somente quem havia morrido? (2 Samuel 13:32);;
103417;LIVROS BÍBLICOS;2_Históricos;10_2_Samuel;CAPÍTULO 13;1;2;1;13;Absalão fugiu para Gesur e ali esteve por quanto tempo? (2 Samuel 13:38);;
103418;LIVROS BÍBLICOS;2_Históricos;10_2_Samuel;CAPÍTULO 14;1;2;1;14;Joabe percebeu que o coração do rei começava a inclinar-se para quem? (2 Samuel 14:1);;
103419;LIVROS BÍBLICOS;2_Históricos;10_2_Samuel;CAPÍTULO 14;1;2;1;14;Joabe mandou buscar de Tecoa uma mulher de que característica? (2 Samuel 14:2);;
103420;LIVROS BÍBLICOS;2_Históricos;10_2_Samuel;CAPÍTULO 14;1;2;1;14;A mulher de Tecoa deveria fingir-se de enlutada e não se ungir com quê? (2 Samuel 14:2);;
103421;LIVROS BÍBLICOS;2_Históricos;10_2_Samuel;CAPÍTULO 14;1;2;1;14;A mulher de Tecoa, ao falar com o rei, apresentou-se como mulher de que condição? (2 Samuel 14:5);;
103422;LIVROS BÍBLICOS;2_Históricos;10_2_Samuel;CAPÍTULO 14;1;2;1;14;A mulher disse que seus dois filhos brigaram no campo, sem ninguém que os separasse, e um feriu quem? (2 Samuel 14:6);;
103423;LIVROS BÍBLICOS;2_Históricos;10_2_Samuel;CAPÍTULO 14;1;2;1;14;A parentela da mulher queria entregar o feridor para matá-lo e extinguir o quê? (2 Samuel 14:7);;
103424;LIVROS BÍBLICOS;2_Históricos;10_2_Samuel;CAPÍTULO 14;1;2;1;14;O rei respondeu à mulher que ela fosse para casa e que ele daria ordens a respeito de quem? (2 Samuel 14:8);;
103425;LIVROS BÍBLICOS;2_Históricos;10_2_Samuel;CAPÍTULO 14;1;2;1;14;A mulher disse que a culpa ficaria sobre ela e sobre a casa de seu pai, mas o rei e seu trono seriam o quê? (2 Samuel 14:9);;
103426;LIVROS BÍBLICOS;2_Históricos;10_2_Samuel;CAPÍTULO 14;1;2;1;14;O rei jurou pelo Senhor que não cairia em terra nem um quê de seu filho? (2 Samuel 14:11);;
103427;LIVROS BÍBLICOS;2_Históricos;10_2_Samuel;CAPÍTULO 14;1;2;1;14;A mulher, ao aplicar seu discurso, perguntou por que o rei não fazia voltar o quê? (2 Samuel 14:13);;
103428;LIVROS BÍBLICOS;2_Históricos;10_2_Samuel;CAPÍTULO 14;1;2;1;14;A mulher afirmou que todos morrem e são como águas derramadas na terra que não se podem quê? (2 Samuel 14:14);;
103429;LIVROS BÍBLICOS;2_Históricos;10_2_Samuel;CAPÍTULO 14;1;2;1;14;Davi perguntou à mulher se a mão de Joabe estava com ela em tudo aquilo, e ela respondeu que ninguém poderia desviar-se nem para a direita nem para onde? (2 Samuel 14:18);;
103430;LIVROS BÍBLICOS;2_Históricos;10_2_Samuel;CAPÍTULO 14;1;2;1;14;Davi mandou Joabe ir e fazer voltar qual jovem? (2 Samuel 14:21);;
103431;LIVROS BÍBLICOS;2_Históricos;10_2_Samuel;CAPÍTULO 14;1;2;1;14;Joabe levantou-se, foi a Gesur e trouxe Absalão para qual cidade? (2 Samuel 14:23);;
103432;LIVROS BÍBLICOS;2_Históricos;10_2_Samuel;CAPÍTULO 14;1;2;1;14;Davi permitiu que Absalão voltasse para sua casa, mas não permitiu que ele visse o quê? (2 Samuel 14:24);;
103433;LIVROS BÍBLICOS;2_Históricos;10_2_Samuel;CAPÍTULO 14;1;2;1;14;Absalão, em todo Israel, era elogiado por causa de quê? (2 Samuel 14:25);;
103434;LIVROS BÍBLICOS;2_Históricos;10_2_Samuel;CAPÍTULO 14;1;2;1;14;Quando Absalão cortava o cabelo, o peso era de duzentos siclos conforme qual peso? (2 Samuel 14:26);;
103435;LIVROS BÍBLICOS;2_Históricos;10_2_Samuel;CAPÍTULO 14;1;2;1;14;A filha de Absalão recebeu qual nome? (2 Samuel 14:27);;
103436;LIVROS BÍBLICOS;2_Históricos;10_2_Samuel;CAPÍTULO 14;1;2;1;14;Absalão morou em Jerusalém por dois anos inteiros sem ver o quê? (2 Samuel 14:28);;
103437;LIVROS BÍBLICOS;2_Históricos;10_2_Samuel;CAPÍTULO 14;1;2;1;14;Absalão mandou seus servos queimarem o campo de Joabe, que estava cheio de quê? (2 Samuel 14:30);;
103438;LIVROS BÍBLICOS;2_Históricos;10_2_Samuel;CAPÍTULO 15;1;2;1;15;Absalão aparelhou para si um carro, cavalos e quantos homens que corressem adiante dele? (2 Samuel 15:1);;
103439;LIVROS BÍBLICOS;2_Históricos;10_2_Samuel;CAPÍTULO 15;1;2;1;15;Absalão se levantava pela manhã e parava junto ao caminho de que lugar? (2 Samuel 15:2);;
103440;LIVROS BÍBLICOS;2_Históricos;10_2_Samuel;CAPÍTULO 15;1;2;1;15;Absalão dizia aos homens que suas demandas eram boas e retas, mas que não havia quem os ouvisse da parte de quem? (2 Samuel 15:3);;
103441;LIVROS BÍBLICOS;2_Históricos;10_2_Samuel;CAPÍTULO 15;1;2;1;15;Absalão dizia que gostaria de ser constituído o quê na terra? (2 Samuel 15:4);;
103442;LIVROS BÍBLICOS;2_Históricos;10_2_Samuel;CAPÍTULO 15;1;2;1;15;Quando alguém se chegava para inclinar-se diante de Absalão, ele estendia a mão, segurava-o e fazia o quê? (2 Samuel 15:5);;
103443;LIVROS BÍBLICOS;2_Históricos;10_2_Samuel;CAPÍTULO 15;1;2;1;15;Absalão, procedendo assim com todos os israelitas que vinham ao rei para juízo, furtava o quê? (2 Samuel 15:6);;
103444;LIVROS BÍBLICOS;2_Históricos;10_2_Samuel;CAPÍTULO 15;1;2;1;15;Aa extremidade inferior da lança de quatro anos, Absalão pediu licença ao rei para ir a qual lugar cumprir um voto? (2 Samuel 15:7);;
103445;LIVROS BÍBLICOS;2_Históricos;10_2_Samuel;CAPÍTULO 15;1;2;1;15;Absalão disse que fizera um voto enquanto estava em qual lugar? (2 Samuel 15:8);;
103446;LIVROS BÍBLICOS;2_Históricos;10_2_Samuel;CAPÍTULO 15;1;2;1;15;Absalão enviou emissários secretos pelas tribos de Israel, mandando dizer que, ao som das trombetas, ele reinava em qual lugar? (2 Samuel 15:10);;
103447;LIVROS BÍBLICOS;2_Históricos;10_2_Samuel;CAPÍTULO 15;1;2;1;15;Com Absalão foram de Jerusalém duzentos homens convidados, que iam em sua simplicidade e nada quê? (2 Samuel 15:11);;
103448;LIVROS BÍBLICOS;2_Históricos;10_2_Samuel;CAPÍTULO 15;1;2;1;15;Absalão mandou chamar Aitofel, conselheiro de Davi, de qual cidade? (2 Samuel 15:12);;
103449;LIVROS BÍBLICOS;2_Históricos;10_2_Samuel;CAPÍTULO 15;1;2;1;15;O mensageiro disse a Davi que o coração de todos os homens de Israel seguia quem? (2 Samuel 15:13);;
103450;LIVROS BÍBLICOS;2_Históricos;10_2_Samuel;CAPÍTULO 15;1;2;1;15;Davi disse aos seus servos em Jerusalém que deveriam levantar-se e fazer o quê? (2 Samuel 15:14);;
103451;LIVROS BÍBLICOS;2_Históricos;10_2_Samuel;CAPÍTULO 15;1;2;1;15;Davi deixou dez mulheres concubinas para guardarem o quê? (2 Samuel 15:16);;
103452;LIVROS BÍBLICOS;2_Históricos;10_2_Samuel;CAPÍTULO 15;1;2;1;15;Passaram junto a Davi todos os seus servos, os quereteus, os peleteus e todos os geteus, em número de quantos homens vindos de Gate? (2 Samuel 15:18);;
103453;LIVROS BÍBLICOS;2_Históricos;10_2_Samuel;CAPÍTULO 15;1;2;1;15;Davi perguntou a Itai, o geteu, por que iria também com ele, mandando-o voltar e ficar com quem? (2 Samuel 15:19);;
103454;LIVROS BÍBLICOS;2_Históricos;10_2_Samuel;CAPÍTULO 15;1;2;1;15;Itai respondeu que, onde estivesse o rei Davi, para morte ou vida, ali estaria também quem? (2 Samuel 15:21);;
103455;LIVROS BÍBLICOS;2_Históricos;10_2_Samuel;CAPÍTULO 15;1;2;1;15;Davi e o povo passaram pelo ribeiro de Cedrom, seguindo pelo caminho de qual lugar? (2 Samuel 15:23);;
103456;LIVROS BÍBLICOS;2_Históricos;10_2_Samuel;CAPÍTULO 15;1;2;1;15;Zadoque estava com todos os levitas levando qual objeto? (2 Samuel 15:24);;
103457;LIVROS BÍBLICOS;2_Históricos;10_2_Samuel;CAPÍTULO 15;1;2;1;15;Davi mandou que Zadoque tornasse a levar a arca de Deus para onde? (2 Samuel 15:25);;
103458;LIVROS BÍBLICOS;2_Históricos;10_2_Samuel;CAPÍTULO 15;1;2;1;15;Davi subiu o monte das Oliveiras chorando, com a cabeça coberta e caminhando como? (2 Samuel 15:30);;
103459;LIVROS BÍBLICOS;2_Históricos;10_2_Samuel;CAPÍTULO 15;1;2;1;15;Ao saber que Aitofel estava entre os conspiradores, Davi pediu ao Senhor que transtornasse em loucura o quê? (2 Samuel 15:31);;
103460;LIVROS BÍBLICOS;2_Históricos;10_2_Samuel;CAPÍTULO 15;1;2;1;15;Husai, o arquita, veio ao encontro de Davi com a túnica rasgada e terra sobre o quê? (2 Samuel 15:32);;
103461;LIVROS BÍBLICOS;2_Históricos;10_2_Samuel;CAPÍTULO 15;1;2;1;15;Husai, amigo de Davi, veio para a cidade quando quem entrou em Jerusalém? (2 Samuel 15:37);;
103462;LIVROS BÍBLICOS;2_Históricos;10_2_Samuel;CAPÍTULO 16;1;2;1;16;Ziba encontrou Davi com dois jumentos albardados, duzentos pães, cem cachos de passas, cem frutas de verão e um odre de quê? (2 Samuel 16:1);;
103463;LIVROS BÍBLICOS;2_Históricos;10_2_Samuel;CAPÍTULO 16;1;2;1;16;Ziba disse que os jumentos eram para a casa do rei montar, e que pão e frutas eram para quem comer? (2 Samuel 16:2);;
103464;LIVROS BÍBLICOS;2_Históricos;10_2_Samuel;CAPÍTULO 16;1;2;1;16;Ziba afirmou que Mefibosete ficara em Jerusalém esperando que a casa de Israel lhe restituísse o reino de quem? (2 Samuel 16:3);;
103465;LIVROS BÍBLICOS;2_Históricos;10_2_Samuel;CAPÍTULO 16;1;2;1;16;Davi, ao ouvir Ziba, declarou que tudo o que pertencia a Mefibosete passaria a pertencer a quem? (2 Samuel 16:4);;
103466;LIVROS BÍBLICOS;2_Históricos;10_2_Samuel;CAPÍTULO 16;1;2;1;16;Simei, filho de Gera, saiu de Baurim e vinha fazendo o quê? (2 Samuel 16:5);;
103467;LIVROS BÍBLICOS;2_Históricos;10_2_Samuel;CAPÍTULO 16;1;2;1;16;Simei atirava pedras contra Davi e contra todos os servos do rei, enquanto todo o povo e todos os valentes estavam em quais lados? (2 Samuel 16:6);;
103468;LIVROS BÍBLICOS;2_Históricos;10_2_Samuel;CAPÍTULO 16;1;2;1;16;Simei chamou Davi de homem de sangue e homem de quê? (2 Samuel 16:7);;
103469;LIVROS BÍBLICOS;2_Históricos;10_2_Samuel;CAPÍTULO 16;1;2;1;16;Abisai, filho de Zeruia, perguntou por que aquele cão morto amaldiçoaria o rei e pediu permissão para fazer o quê? (2 Samuel 16:9);;
103470;LIVROS BÍBLICOS;2_Históricos;10_2_Samuel;CAPÍTULO 16;1;2;1;16;Davi respondeu a Abisai que, se o Senhor mandara Simei amaldiçoar, ninguém poderia perguntar qual frase? (2 Samuel 16:10);;
103471;LIVROS BÍBLICOS;2_Históricos;10_2_Samuel;CAPÍTULO 16;1;2;1;16;Davi considerou que talvez o Senhor olharia para sua aflição e lhe pagaria com bem a maldição daquele quê? (2 Samuel 16:12);;
103472;LIVROS BÍBLICOS;2_Históricos;10_2_Samuel;CAPÍTULO 16;1;2;1;16;Davi e seus homens seguiram seu caminho enquanto Simei ia pelo lado do monte, amaldiçoando, atirando pedras e levantando o quê? (2 Samuel 16:13);;
103473;LIVROS BÍBLICOS;2_Históricos;10_2_Samuel;CAPÍTULO 16;1;2;1;16;O rei e todo o povo que ia com ele chegaram cansados e ali fizeram o quê? (2 Samuel 16:14);;
103474;LIVROS BÍBLICOS;2_Históricos;10_2_Samuel;CAPÍTULO 16;1;2;1;16;Husai, amigo de Davi, ao chegar a Absalão, saudou-o com qual expressão? (2 Samuel 16:16);;
103475;LIVROS BÍBLICOS;2_Históricos;10_2_Samuel;CAPÍTULO 16;1;2;1;16;Husai disse a Absalão que serviria diante dele, assim como servira diante de quem? (2 Samuel 16:19);;
103476;LIVROS BÍBLICOS;2_Históricos;10_2_Samuel;CAPÍTULO 16;1;2;1;16;Aitofel aconselhou Absalão a possuir quais mulheres deixadas por Davi? (2 Samuel 16:21);;
103477;LIVROS BÍBLICOS;2_Históricos;10_2_Samuel;CAPÍTULO 16;1;2;1;16;Absalão armou uma tenda no terraço e possuiu as concubinas de seu pai perante quem? (2 Samuel 16:22);;
103478;LIVROS BÍBLICOS;2_Históricos;10_2_Samuel;CAPÍTULO 16;1;2;1;16;O conselho de Aitofel naqueles dias era considerado como resposta de Deus a quê? (2 Samuel 16:23);;
103479;LIVROS BÍBLICOS;2_Históricos;10_2_Samuel;CAPÍTULO 16;1;2;1;16;O conselho de Aitofel tinha tal reputação tanto para Absalão como para quem? (2 Samuel 16:23);;
103480;LIVROS BÍBLICOS;2_Históricos;10_2_Samuel;CAPÍTULO 17;1;2;1;17;Aitofel pediu a Absalão que o deixasse escolher quantos homens para perseguir Davi naquela noite? (2 Samuel 17:1);;
103481;LIVROS BÍBLICOS;2_Históricos;10_2_Samuel;CAPÍTULO 17;1;2;1;17;Aitofel planejava atacar Davi enquanto ele estivesse cansado e de mãos o quê? (2 Samuel 17:2);;
103482;LIVROS BÍBLICOS;2_Históricos;10_2_Samuel;CAPÍTULO 17;1;2;1;17;Aitofel afirmou que a volta de todo o povo dependia daquele a quem ele procurava fazer o quê? (2 Samuel 17:3);;
103483;LIVROS BÍBLICOS;2_Históricos;10_2_Samuel;CAPÍTULO 17;1;2;1;17;O conselho de Aitofel pareceu bem aos olhos de Absalão e de quem mais? (2 Samuel 17:4);;
103484;LIVROS BÍBLICOS;2_Históricos;10_2_Samuel;CAPÍTULO 17;1;2;1;17;Absalão, depois de ouvir Aitofel, mandou chamar quem para também ouvir seu parecer? (2 Samuel 17:5);;
103485;LIVROS BÍBLICOS;2_Históricos;10_2_Samuel;CAPÍTULO 17;1;2;1;17;Husai respondeu a Absalão que o conselho de Aitofel não era bom desta vez por qual motivo inicial? (2 Samuel 17:7);;
103486;LIVROS BÍBLICOS;2_Históricos;10_2_Samuel;CAPÍTULO 17;1;2;1;17;Husai comparou Davi e seus homens, consequências amargasdos, a qual animal no campo? (2 Samuel 17:8);;
103487;LIVROS BÍBLICOS;2_Históricos;10_2_Samuel;CAPÍTULO 17;1;2;1;17;Husai afirmou que Davi já estaria escondido em uma cova ou em algum outro quê? (2 Samuel 17:9);;
103488;LIVROS BÍBLICOS;2_Históricos;10_2_Samuel;CAPÍTULO 17;1;2;1;17;Husai aconselhou ajuntar todo Israel desde Dã até Berseba, em multidão como a areia que está onde? (2 Samuel 17:11);;
103489;LIVROS BÍBLICOS;2_Históricos;10_2_Samuel;CAPÍTULO 17;1;2;1;17;Husai também aconselhou que o próprio Absalão fosse à batalha em quê? (2 Samuel 17:11);;
103490;LIVROS BÍBLICOS;2_Históricos;10_2_Samuel;CAPÍTULO 17;1;2;1;17;Husai disse que cairiam sobre Davi como cai sobre a terra o quê? (2 Samuel 17:12);;
103491;LIVROS BÍBLICOS;2_Históricos;10_2_Samuel;CAPÍTULO 17;1;2;1;17;Husai afirmou que, se Davi se recolhesse a uma cidade, todo Israel traria cordas e arrastaria a cidade até onde? (2 Samuel 17:13);;
103492;LIVROS BÍBLICOS;2_Históricos;10_2_Samuel;CAPÍTULO 17;1;2;1;17;O Senhor ordenara que fosse dissipado o bom conselho de Aitofel para trazer o mal sobre quem? (2 Samuel 17:14);;
103493;LIVROS BÍBLICOS;2_Históricos;10_2_Samuel;CAPÍTULO 17;1;2;1;17;Jônatas e Aimaás estavam junto a En-Rogel, e uma criada ia avisá-los para que eles fossem informar quem? (2 Samuel 17:17);;
103494;LIVROS BÍBLICOS;2_Históricos;10_2_Samuel;CAPÍTULO 17;1;2;1;17;Jônatas e Aimaás, vistos por um moço, esconderam-se na casa de um homem em Baurim, dentro de quê? (2 Samuel 17:18);;
103495;LIVROS BÍBLICOS;2_Históricos;10_2_Samuel;CAPÍTULO 17;1;2;1;17;A mulher tomou uma coberta, estendeu-a sobre a boca do poço e espalhou sobre ela o quê? (2 Samuel 17:19);;
103496;LIVROS BÍBLICOS;2_Históricos;10_2_Samuel;CAPÍTULO 17;1;2;1;17;Os mensageiros disseram a Davi que se levantasse e passasse depressa as águas, porque Aitofel aconselhara contra ele de que maneira? (2 Samuel 17:21);;
103497;LIVROS BÍBLICOS;2_Históricos;10_2_Samuel;CAPÍTULO 17;1;2;1;17;Aitofel, vendo que seu conselho não fora seguido, albardou o jumento, pôs em ordem a casa e fez o quê? (2 Samuel 17:23);;
103498;LIVROS BÍBLICOS;2_Históricos;10_2_Samuel;CAPÍTULO 17;1;2;1;17;Davi chegou a Maanaim, e Absalão passou o Jordão com quem? (2 Samuel 17:24);;
103499;LIVROS BÍBLICOS;2_Históricos;10_2_Samuel;CAPÍTULO 17;1;2;1;17;Quando Davi chegou a Maanaim, Sobi, Maquir e Barzilai trouxeram utensílios e alimentos para quem? (2 Samuel 17:27);;
103500;LIVROS BÍBLICOS;2_Históricos;10_2_Samuel;CAPÍTULO 18;1;2;1;18;Davi contou o povo que tinha consigo e pôs sobre eles capitães de mil e capitães de quê? (2 Samuel 18:1);;
103501;LIVROS BÍBLICOS;2_Históricos;10_2_Samuel;CAPÍTULO 18;1;2;1;18;Davi repartiu o povo em três grupos sob Joabe, Abisai e qual geteu? (2 Samuel 18:2);;
103502;LIVROS BÍBLICOS;2_Históricos;10_2_Samuel;CAPÍTULO 18;1;2;1;18;O povo disse a Davi que ele não deveria sair, pois valia por quantos de nós? (2 Samuel 18:3);;
103503;LIVROS BÍBLICOS;2_Históricos;10_2_Samuel;CAPÍTULO 18;1;2;1;18;Davi ficou junto a qual lugar enquanto todo o povo saiu por centenas e milhares? (2 Samuel 18:4);;
103504;LIVROS BÍBLICOS;2_Históricos;10_2_Samuel;CAPÍTULO 18;1;2;1;18;Davi ordenou a Joabe, Abisai e Itai que, por amor dele, tratassem brandamente quem? (2 Samuel 18:5);;
103505;LIVROS BÍBLICOS;2_Históricos;10_2_Samuel;CAPÍTULO 18;1;2;1;18;O povo saiu a campo contra Israel, e a peleja se deu na floresta de qual região? (2 Samuel 18:6);;
103506;LIVROS BÍBLICOS;2_Históricos;10_2_Samuel;CAPÍTULO 18;1;2;1;18;O povo de Israel foi derrotado pelos servos de Davi, e houve grande matança de quantos homens? (2 Samuel 18:7);;
103507;LIVROS BÍBLICOS;2_Históricos;10_2_Samuel;CAPÍTULO 18;1;2;1;18;A floresta consumiu mais gente naquele dia do que o quê? (2 Samuel 18:8);;
103508;LIVROS BÍBLICOS;2_Históricos;10_2_Samuel;CAPÍTULO 18;1;2;1;18;Absalão, montado em um mulo, ficou preso pela cabeça em qual árvore? (2 Samuel 18:9);;
103509;LIVROS BÍBLICOS;2_Históricos;10_2_Samuel;CAPÍTULO 18;1;2;1;18;Joabe disse ao homem que viu Absalão que, se o tivesse ferido, receberia dez moedas de prata e o quê? (2 Samuel 18:11);;
103510;LIVROS BÍBLICOS;2_Históricos;10_2_Samuel;CAPÍTULO 18;1;2;1;18;O homem respondeu que, ainda que pesassem em suas mãos mil siclos de prata, não estenderia a mão contra quem? (2 Samuel 18:12);;
103511;LIVROS BÍBLICOS;2_Históricos;10_2_Samuel;CAPÍTULO 18;1;2;1;18;Joabe tomou três dardos e transpassou o coração de Absalão enquanto ele ainda estava vivo onde? (2 Samuel 18:14);;
103512;LIVROS BÍBLICOS;2_Históricos;10_2_Samuel;CAPÍTULO 18;1;2;1;18;Dez jovens que levavam as armas de Joabe cercaram Absalão, feriram-no e fizeram o quê? (2 Samuel 18:15);;
103513;LIVROS BÍBLICOS;2_Históricos;10_2_Samuel;CAPÍTULO 18;1;2;1;18;Joabe tocou a trombeta, e o povo voltou de perseguir Israel, porque Joabe fez o quê? (2 Samuel 18:16);;
103514;LIVROS BÍBLICOS;2_Históricos;10_2_Samuel;CAPÍTULO 18;1;2;1;18;O corpo de Absalão foi lançado em uma grande cova na floresta e coberto com quê? (2 Samuel 18:17);;
103515;LIVROS BÍBLICOS;2_Históricos;10_2_Samuel;CAPÍTULO 18;1;2;1;18;Absalão levantara para si uma coluna no vale do Rei, porque dizia não ter quem conservasse a memória de quê? (2 Samuel 18:18);;
103516;LIVROS BÍBLICOS;2_Históricos;10_2_Samuel;CAPÍTULO 18;1;2;1;18;Joabe mandou qual mensageiro levar ao rei as notícias do que vira? (2 Samuel 18:21);;
103517;LIVROS BÍBLICOS;2_Históricos;10_2_Samuel;CAPÍTULO 18;1;2;1;18;Aimaás insistiu em correr e, indo pelo caminho da planície, passou adiante de quem? (2 Samuel 18:23);;
103518;LIVROS BÍBLICOS;2_Históricos;10_2_Samuel;CAPÍTULO 18;1;2;1;18;Davi estava assentado entre as duas portas, e a sentinela subiu ao terraço da porta junto ao quê? (2 Samuel 18:24);;
103519;LIVROS BÍBLICOS;2_Históricos;10_2_Samuel;CAPÍTULO 18;1;2;1;18;A sentinela reconheceu a maneira de correr de Aimaás, filho de quem? (2 Samuel 18:27);;
103520;LIVROS BÍBLICOS;2_Históricos;10_2_Samuel;CAPÍTULO 18;1;2;1;18;Aimaás, ao ser perguntado sobre Absalão, disse que viu grande alvoroço, mas não sabia o quê? (2 Samuel 18:29);;
103521;LIVROS BÍBLICOS;2_Históricos;10_2_Samuel;CAPÍTULO 18;1;2;1;18;O etíope respondeu a Davi que fossem como aquele jovem os inimigos do rei e todos os que se levantassem para quê? (2 Samuel 18:32);;
103522;LIVROS BÍBLICOS;2_Históricos;10_2_Samuel;CAPÍTULO 18;1;2;1;18;Davi, profundamente comovido, chorou repetindo o nome de qual filho? (2 Samuel 18:33);;
103523;LIVROS BÍBLICOS;2_Históricos;10_2_Samuel;CAPÍTULO 18;1;2;1;18;Davi, ao lamentar Absalão, declarou que desejava ter morrido em lugar de quem? (2 Samuel 18:33);;
103524;LIVROS BÍBLICOS;2_Históricos;10_2_Samuel;CAPÍTULO 19;1;2;1;19;Joabe recebeu a notícia de que o rei chorava e se lamentava por quem? (2 Samuel 19:1);;
103525;LIVROS BÍBLICOS;2_Históricos;10_2_Samuel;CAPÍTULO 19;1;2;1;19;A vitória daquele dia se tornou em quê para todo o povo? (2 Samuel 19:2);;
103526;LIVROS BÍBLICOS;2_Históricos;10_2_Samuel;CAPÍTULO 19;1;2;1;19;O povo entrou às furtadelas na cidade como se envergonha o povo que foge de quê? (2 Samuel 19:3);;
103527;LIVROS BÍBLICOS;2_Históricos;10_2_Samuel;CAPÍTULO 19;1;2;1;19;O rei cobriu o rosto e clamava em alta voz por qual filho? (2 Samuel 19:4);;
103528;LIVROS BÍBLICOS;2_Históricos;10_2_Samuel;CAPÍTULO 19;1;2;1;19;Joabe acusou Davi de amar os que o aborreciam e aborrecer os que o quê? (2 Samuel 19:6);;
103529;LIVROS BÍBLICOS;2_Históricos;10_2_Samuel;CAPÍTULO 19;1;2;1;19;Joabe disse que, se Davi não saísse, ninguém ficaria com ele naquela quê? (2 Samuel 19:7);;
103530;LIVROS BÍBLICOS;2_Históricos;10_2_Samuel;CAPÍTULO 19;1;2;1;19;Davi levantou-se e se assentou onde? (2 Samuel 19:8);;
103531;LIVROS BÍBLICOS;2_Históricos;10_2_Samuel;CAPÍTULO 19;1;2;1;19;O povo de Israel discutia que o rei os livrara das mãos dos inimigos e também das mãos de quem? (2 Samuel 19:9);;
103532;LIVROS BÍBLICOS;2_Históricos;10_2_Samuel;CAPÍTULO 19;1;2;1;19;Davi mandou dizer aos anciãos de Judá, por meio de Zadoque e Abiatar, que eram seus irmãos, seus ossos e sua quê? (2 Samuel 19:11);;
103533;LIVROS BÍBLICOS;2_Históricos;10_2_Samuel;CAPÍTULO 19;1;2;1;19;Davi prometeu fazer Amasa chefe do exército em lugar de quem? (2 Samuel 19:13);;
103534;LIVROS BÍBLICOS;2_Históricos;10_2_Samuel;CAPÍTULO 19;1;2;1;19;Davi inclinou o coração de todos os homens de Judá como se fosse de quem? (2 Samuel 19:14);;
103535;LIVROS BÍBLICOS;2_Históricos;10_2_Samuel;CAPÍTULO 19;1;2;1;19;Simei, filho de Gera, benjamita de Baurim, apressou-se a descer com os homens de Judá ao encontro de quem? (2 Samuel 19:16);;
103536;LIVROS BÍBLICOS;2_Históricos;10_2_Samuel;CAPÍTULO 19;1;2;1;19;Com Simei havia mil homens de Benjamim, e Ziba veio com quinze filhos e quantos servos? (2 Samuel 19:17);;
103537;LIVROS BÍBLICOS;2_Históricos;10_2_Samuel;CAPÍTULO 19;1;2;1;19;Simei pediu ao rei que não lhe imputasse o que fizera perversamente no dia em que o rei saíra de onde? (2 Samuel 19:19);;
103538;LIVROS BÍBLICOS;2_Históricos;10_2_Samuel;CAPÍTULO 19;1;2;1;19;Abisai perguntou se Simei não deveria morrer por ter amaldiçoado quem? (2 Samuel 19:21);;
103539;LIVROS BÍBLICOS;2_Históricos;10_2_Samuel;CAPÍTULO 19;1;2;1;19;Davi jurou a Simei que ele não faria o quê? (2 Samuel 19:23);;
103540;LIVROS BÍBLICOS;2_Históricos;10_2_Samuel;CAPÍTULO 19;1;2;1;19;Mefibosete desceu ao encontro do rei sem ter tratado dos pés, da barba e das vestes desde que o rei saíra até que voltou em quê? (2 Samuel 19:24);;
103541;LIVROS BÍBLICOS;2_Históricos;10_2_Samuel;CAPÍTULO 19;1;2;1;19;Mefibosete disse que seu servo o enganara, pois ele pedira que lhe albardasse um jumento para ir com quem? (2 Samuel 19:26);;
103542;LIVROS BÍBLICOS;2_Históricos;10_2_Samuel;CAPÍTULO 19;1;2;1;19;Davi decidiu que Mefibosete e Ziba repartiriam o quê? (2 Samuel 19:29);;
103543;LIVROS BÍBLICOS;2_Históricos;10_2_Samuel;CAPÍTULO 19;1;2;1;19;Mefibosete disse que Ziba poderia tomar tudo, pois o rei já voltara em paz para onde? (2 Samuel 19:30);;
103544;LIVROS BÍBLICOS;2_Históricos;10_2_Samuel;CAPÍTULO 19;1;2;1;19;Barzilai era mui velho, de quantos anos? (2 Samuel 19:32);;
103545;LIVROS BÍBLICOS;2_Históricos;10_2_Samuel;CAPÍTULO 19;1;2;1;19;Davi convidou Barzilai a passar com ele para Jerusalém, onde o sustentaria junto de quem? (2 Samuel 19:33);;
103546;LIVROS BÍBLICOS;2_Históricos;10_2_Samuel;CAPÍTULO 19;1;2;1;19;Barzilai pediu que Quimã passasse com Davi e recebesse dele o que parecesse bom aos seus quê? (2 Samuel 19:37);;
103547;LIVROS BÍBLICOS;2_Históricos;10_2_Samuel;CAPÍTULO 19;1;2;1;19;Os homens de Israel disseram aos homens de Judá que tinham no rei quantas partes? (2 Samuel 19:43);;
103548;LIVROS BÍBLICOS;2_Históricos;10_2_Samuel;CAPÍTULO 20;1;2;1;20;Seba, filho de Bicri, homem de Benjamim, é descrito como homem de quê? (2 Samuel 20:1);;
103549;LIVROS BÍBLICOS;2_Históricos;10_2_Samuel;CAPÍTULO 20;1;2;1;20;Seba tocou a trombeta e declarou que Israel não tinha parte em Davi nem herança no filho de quem? (2 Samuel 20:1);;
103550;LIVROS BÍBLICOS;2_Históricos;10_2_Samuel;CAPÍTULO 20;1;2;1;20;Todos os homens de Israel deixaram de seguir Davi e seguiram quem? (2 Samuel 20:2);;
103551;LIVROS BÍBLICOS;2_Históricos;10_2_Samuel;CAPÍTULO 20;1;2;1;20;Davi, ao chegar a Jerusalém, tomou as dez concubinas que deixara e as pôs em quê? (2 Samuel 20:3);;
103552;LIVROS BÍBLICOS;2_Históricos;10_2_Samuel;CAPÍTULO 20;1;2;1;20;Davi mandou Amasa convocar os homens de Judá dentro de quantos dias? (2 Samuel 20:4);;
103553;LIVROS BÍBLICOS;2_Históricos;10_2_Samuel;CAPÍTULO 20;1;2;1;20;Amasa foi convocar Judá, mas demorou-se além de quê? (2 Samuel 20:5);;
103554;LIVROS BÍBLICOS;2_Históricos;10_2_Samuel;CAPÍTULO 20;1;2;1;20;Davi disse a Abisai que Seba, filho de Bicri, faria mais mal que quem? (2 Samuel 20:6);;
103555;LIVROS BÍBLICOS;2_Históricos;10_2_Samuel;CAPÍTULO 20;1;2;1;20;Quando estavam junto à pedra grande de Gibeão, Amasa veio perante quem? (2 Samuel 20:8);;
103556;LIVROS BÍBLICOS;2_Históricos;10_2_Samuel;CAPÍTULO 20;1;2;1;20;Joabe perguntou a Amasa se ia tudo bem e tomou-o pela barba com qual mão? (2 Samuel 20:9);;
103557;LIVROS BÍBLICOS;2_Históricos;10_2_Samuel;CAPÍTULO 20;1;2;1;20;Amasa não se guardou da espada na mão de Joabe, e Joabe o feriu em qual parte? (2 Samuel 20:10);;
103558;LIVROS BÍBLICOS;2_Históricos;10_2_Samuel;CAPÍTULO 20;1;2;1;20;Amasa ficou revolvendo-se em sangue no meio do caminho, até ser removido para onde? (2 Samuel 20:12);;
103559;LIVROS BÍBLICOS;2_Históricos;10_2_Samuel;CAPÍTULO 20;1;2;1;20;Seba passou por todas as tribos de Israel até chegar a Abel-Bete-Maaca, e todos os beritas se ajuntaram e o quê? (2 Samuel 20:14);;
103560;LIVROS BÍBLICOS;2_Históricos;10_2_Samuel;CAPÍTULO 20;1;2;1;20;Joabe e seus homens cercaram Seba em Abel-Bete-Maaca e levantaram contra a cidade uma quê? (2 Samuel 20:15);;
103561;LIVROS BÍBLICOS;2_Históricos;10_2_Samuel;CAPÍTULO 20;1;2;1;20;Uma mulher sábia gritou da cidade pedindo que dissessem a Joabe que chegasse para quê? (2 Samuel 20:16);;
103562;LIVROS BÍBLICOS;2_Históricos;10_2_Samuel;CAPÍTULO 20;1;2;1;20;A mulher sábia disse que Joabe procurava destruir uma cidade que era mãe em Israel e perguntou por que devoraria a herança de quem? (2 Samuel 20:19);;
103563;LIVROS BÍBLICOS;2_Históricos;10_2_Samuel;CAPÍTULO 20;1;2;1;20;Joabe disse que bastava entregar Seba, filho de Bicri, que levantara a mão contra quem? (2 Samuel 20:21);;
103564;LIVROS BÍBLICOS;2_Históricos;10_2_Samuel;CAPÍTULO 20;1;2;1;20;A mulher sábia falou a todo o povo com sua sabedoria, e eles cortaram a cabeça de Seba e a lançaram a quem? (2 Samuel 20:22);;
103565;LIVROS BÍBLICOS;2_Históricos;10_2_Samuel;CAPÍTULO 20;1;2;1;20;Joabe ficou sobre todo o exército de Israel, e Benaia, filho de Joiada, sobre quais grupos? (2 Samuel 20:23);;
103566;LIVROS BÍBLICOS;2_Históricos;10_2_Samuel;CAPÍTULO 21;1;2;1;21;Nos dias de Davi houve fome por quantos anos consecutivos? (2 Samuel 21:1);;
103567;LIVROS BÍBLICOS;2_Históricos;10_2_Samuel;CAPÍTULO 21;1;2;1;21;O Senhor explicou que havia culpa de sangue sobre Saul e sua casa porque ele matara quem? (2 Samuel 21:1);;
103568;LIVROS BÍBLICOS;2_Históricos;10_2_Samuel;CAPÍTULO 21;1;2;1;21;Os gibeonitas não eram dos filhos de Israel, mas do restante de qual povo? (2 Samuel 21:2);;
103569;LIVROS BÍBLICOS;2_Históricos;10_2_Samuel;CAPÍTULO 21;1;2;1;21;Davi perguntou aos gibeonitas como poderia fazer expiação para que eles abençoassem a herança de quem? (2 Samuel 21:3);;
103570;LIVROS BÍBLICOS;2_Históricos;10_2_Samuel;CAPÍTULO 21;1;2;1;21;Os gibeonitas disseram que não era questão de prata ou ouro com Saul e sua casa, nem lhes cabia matar homem em qual povo? (2 Samuel 21:4);;
103571;LIVROS BÍBLICOS;2_Históricos;10_2_Samuel;CAPÍTULO 21;1;2;1;21;Os gibeonitas pediram que lhes fossem entregues sete homens dos filhos de Saul para os enforcarem perante o Senhor em qual lugar? (2 Samuel 21:6);;
103572;LIVROS BÍBLICOS;2_Históricos;10_2_Samuel;CAPÍTULO 21;1;2;1;21;Davi poupou Mefibosete, filho de Jônatas, por causa do juramento do Senhor que havia entre Davi e quem? (2 Samuel 21:7);;
103573;LIVROS BÍBLICOS;2_Históricos;10_2_Samuel;CAPÍTULO 21;1;2;1;21;Entre os entregues aos gibeonitas estavam Armoni e Mefibosete, filhos de Rispa, filha de quem? (2 Samuel 21:8);;
103574;LIVROS BÍBLICOS;2_Históricos;10_2_Samuel;CAPÍTULO 21;1;2;1;21;Os sete foram enforcados no monte perante o Senhor nos primeiros dias da ceifa de qual cereal? (2 Samuel 21:9);;
103575;LIVROS BÍBLICOS;2_Históricos;10_2_Samuel;CAPÍTULO 21;1;2;1;21;Rispa, filha de Aiá, tomou um pano de cilício e o estendeu para si sobre o quê? (2 Samuel 21:10);;
103576;LIVROS BÍBLICOS;2_Históricos;10_2_Samuel;CAPÍTULO 21;1;2;1;21;Rispa não permitiu que as aves do céu pousassem sobre eles de dia, nem os animais do campo de quê? (2 Samuel 21:10);;
103577;LIVROS BÍBLICOS;2_Históricos;10_2_Samuel;CAPÍTULO 21;1;2;1;21;Davi tomou os ossos de Saul e de Jônatas dos moradores de qual lugar? (2 Samuel 21:12);;
103578;LIVROS BÍBLICOS;2_Históricos;10_2_Samuel;CAPÍTULO 21;1;2;1;21;Davi fez subir dali os ossos de Saul e de Jônatas, e ajuntaram também os ossos de quem? (2 Samuel 21:13);;
103579;LIVROS BÍBLICOS;2_Históricos;10_2_Samuel;CAPÍTULO 21;1;2;1;21;Os ossos de Saul e Jônatas foram sepultados na terra de Benjamim, em Zela, na sepultura de quem? (2 Samuel 21:14);;
103580;LIVROS BÍBLICOS;2_Históricos;10_2_Samuel;CAPÍTULO 21;1;2;1;21;Houve ainda guerra dos filisteus contra Israel, e Davi se cansou quando desceu com seus servos para quê? (2 Samuel 21:15);;
103581;LIVROS BÍBLICOS;2_Históricos;10_2_Samuel;CAPÍTULO 21;1;2;1;21;Isbi-Benobe, descendente dos gigantes, tinha uma lança cujo peso era de trezentos siclos de quê? (2 Samuel 21:16);;
103582;LIVROS BÍBLICOS;2_Históricos;10_2_Samuel;CAPÍTULO 21;1;2;1;21;Abisai socorreu Davi e feriu qual filisteu? (2 Samuel 21:17);;
103583;LIVROS BÍBLICOS;2_Históricos;10_2_Samuel;CAPÍTULO 21;1;2;1;21;O gigante de Gate tinha seis dedos em cada mão e em cada pé, somando quantos dedos? (2 Samuel 21:20);;
103584;LIVROS BÍBLICOS;2_Históricos;10_2_Samuel;CAPÍTULO 22;1;2;1;22;Davi falou ao Senhor as palavras deste cântico no dia em que o Senhor o livrou das mãos de todos os seus inimigos e das mãos de quem? (2 Samuel 22:1);;
103585;LIVROS BÍBLICOS;2_Históricos;10_2_Samuel;CAPÍTULO 22;1;2;1;22;Davi chamou o Senhor de rocha, cidadela e quê? (2 Samuel 22:2);;
103586;LIVROS BÍBLICOS;2_Históricos;10_2_Samuel;CAPÍTULO 22;1;2;1;22;Davi chamou Deus de rochedo, refúgio, escudo, força da salvação, alto retiro e quê? (2 Samuel 22:3);;
103587;LIVROS BÍBLICOS;2_Históricos;10_2_Samuel;CAPÍTULO 22;1;2;1;22;Davi declarou que invocaria o Senhor, digno de ser louvado, e seria salvo de quem? (2 Samuel 22:4);;
103588;LIVROS BÍBLICOS;2_Históricos;10_2_Samuel;CAPÍTULO 22;1;2;1;22;Davi descreveu que ondas de morte o cercaram e torrentes de impiedade lhe causaram o quê? (2 Samuel 22:5);;
103589;LIVROS BÍBLICOS;2_Históricos;10_2_Samuel;CAPÍTULO 22;1;2;1;22;Davi afirmou que cadeias do inferno o cingiram e laços de morte o quê? (2 Samuel 22:6);;
103590;LIVROS BÍBLICOS;2_Históricos;10_2_Samuel;CAPÍTULO 22;1;2;1;22;Davi, na sua angústia, invocou o Senhor e clamou a quem? (2 Samuel 22:7);;
103591;LIVROS BÍBLICOS;2_Históricos;10_2_Samuel;CAPÍTULO 22;1;2;1;22;Quando o Senhor ouviu, a terra se abalou e tremeu, e os fundamentos dos céus se moveram e se abalaram porque ele se quê? (2 Samuel 22:8);;
103592;LIVROS BÍBLICOS;2_Históricos;10_2_Samuel;CAPÍTULO 22;1;2;1;22;O Senhor abaixou os céus e desceu, e havia escuridão debaixo de quê? (2 Samuel 22:10);;
103593;LIVROS BÍBLICOS;2_Históricos;10_2_Samuel;CAPÍTULO 22;1;2;1;22;O Senhor montou num querubim e voou, sendo visto sobre as asas de quê? (2 Samuel 22:11);;
103594;LIVROS BÍBLICOS;2_Históricos;10_2_Samuel;CAPÍTULO 22;1;2;1;22;O Senhor trovejou desde os céus, e o Altíssimo fez soar a sua quê? (2 Samuel 22:14);;
103595;LIVROS BÍBLICOS;2_Históricos;10_2_Samuel;CAPÍTULO 22;1;2;1;22;O Senhor estendeu a mão do alto, tomou Davi e o tirou das muitas quê? (2 Samuel 22:17);;
103596;LIVROS BÍBLICOS;2_Históricos;10_2_Samuel;CAPÍTULO 22;1;2;1;22;O Senhor tirou Davi para um lugar espaçoso e o livrou, porque tinha prazer em quem? (2 Samuel 22:20);;
103597;LIVROS BÍBLICOS;2_Históricos;10_2_Samuel;CAPÍTULO 22;1;2;1;22;Davi disse que o Senhor lhe retribuiu conforme sua justiça e a pureza de suas quê? (2 Samuel 22:21);;
103598;LIVROS BÍBLICOS;2_Históricos;10_2_Samuel;CAPÍTULO 22;1;2;1;22;Davi declarou que, para com o benigno, o Senhor se mostra quê? (2 Samuel 22:26);;
103599;LIVROS BÍBLICOS;2_Históricos;10_2_Samuel;CAPÍTULO 22;1;2;1;22;Davi afirmou que o Senhor era sua lâmpada e que o Senhor derramava luz nas suas quê? (2 Samuel 22:29);;
103600;LIVROS BÍBLICOS;2_Históricos;10_2_Samuel;CAPÍTULO 22;1;2;1;22;Davi disse que Deus adestrava suas mãos para o combate, de sorte que seus braços vergavam um arco de quê? (2 Samuel 22:35);;
103601;LIVROS BÍBLICOS;2_Históricos;10_2_Samuel;CAPÍTULO 22;1;2;1;22;Davi encerrou dizendo que Deus dá grandes vitórias ao seu rei e usa de benignidade para com seu ungido, com Davi e sua posteridade para quanto tempo? (2 Samuel 22:51);;
103602;LIVROS BÍBLICOS;2_Históricos;10_2_Samuel;CAPÍTULO 23;1;2;1;23;As últimas palavras de Davi o apresentam como filho de quem? (2 Samuel 23:1);;
103603;LIVROS BÍBLICOS;2_Históricos;10_2_Samuel;CAPÍTULO 23;1;2;1;23;Davi é chamado de ungido do Deus de Jacó e suave salmista de qual povo? (2 Samuel 23:1);;
103604;LIVROS BÍBLICOS;2_Históricos;10_2_Samuel;CAPÍTULO 23;1;2;1;23;Davi afirmou que o Espírito do Senhor falava por seu intermédio, e a palavra do Senhor estava onde? (2 Samuel 23:2);;
103605;LIVROS BÍBLICOS;2_Históricos;10_2_Samuel;CAPÍTULO 23;1;2;1;23;O Deus de Israel falou da necessidade de o que domina sobre os homens exercer domínio com quê? (2 Samuel 23:3);;
103606;LIVROS BÍBLICOS;2_Históricos;10_2_Samuel;CAPÍTULO 23;1;2;1;23;O justo dominador é comparado à luz da manhã quando sai o quê? (2 Samuel 23:4);;
103607;LIVROS BÍBLICOS;2_Históricos;10_2_Samuel;CAPÍTULO 23;1;2;1;23;Davi afirmou que Deus fizera com ele uma aliança eterna, em tudo bem definida e quê? (2 Samuel 23:5);;
103608;LIVROS BÍBLICOS;2_Históricos;10_2_Samuel;CAPÍTULO 23;1;2;1;23;Os homens malignos são comparados a espinhos que se lançam fora, pois não se pode tocar neles com quê? (2 Samuel 23:6);;
103609;LIVROS BÍBLICOS;2_Históricos;10_2_Samuel;CAPÍTULO 23;1;2;1;23;Josebe-Bassebete, o taquemonita, principal dos capitães, brandiu sua lança contra quantos mortos de uma vez? (2 Samuel 23:8);;
103610;LIVROS BÍBLICOS;2_Históricos;10_2_Samuel;CAPÍTULO 23;1;2;1;23;Eleazar, filho de Dodô, o aoíta, estava entre os três valentes que estavam com Davi quando desafiaram quem? (2 Samuel 23:9);;
103611;LIVROS BÍBLICOS;2_Históricos;10_2_Samuel;CAPÍTULO 23;1;2;1;23;Eleazar pelejou contra os filisteus até a mão ficar cansada e a mão ficar pegada a quê? (2 Samuel 23:10);;
103612;LIVROS BÍBLICOS;2_Históricos;10_2_Samuel;CAPÍTULO 23;1;2;1;23;Sama, filho de Agé, defendeu um terreno cheio de qual plantação? (2 Samuel 23:11);;
103613;LIVROS BÍBLICOS;2_Históricos;10_2_Samuel;CAPÍTULO 23;1;2;1;23;Três dos trinta chefes desceram e vieram a Davi na caverna de qual lugar? (2 Samuel 23:13);;
103614;LIVROS BÍBLICOS;2_Históricos;10_2_Samuel;CAPÍTULO 23;1;2;1;23;Davi desejou beber água do poço de Belém, que estava junto a quê? (2 Samuel 23:15);;
103615;LIVROS BÍBLICOS;2_Históricos;10_2_Samuel;CAPÍTULO 23;1;2;1;23;Os três valentes romperam pelo acampamento dos filisteus, tiraram água do poço de Belém e a trouxeram a Davi, mas ele a derramou perante quem? (2 Samuel 23:16);;
103616;LIVROS BÍBLICOS;2_Históricos;10_2_Samuel;CAPÍTULO 23;1;2;1;23;Abisai, irmão de Joabe, era chefe de três e brandiu sua lança contra quantos mortos? (2 Samuel 23:18);;
103617;LIVROS BÍBLICOS;2_Históricos;10_2_Samuel;CAPÍTULO 23;1;2;1;23;Benaia, filho de Joiada, matou dois heróis de Moabe e também desceu e matou um leão dentro de uma cova em dia de quê? (2 Samuel 23:20);;
103618;LIVROS BÍBLICOS;2_Históricos;10_2_Samuel;CAPÍTULO 23;1;2;1;23;Benaia matou um egípcio de grande estatura, arrancando-lhe a lança da mão e matando-o com a própria quê? (2 Samuel 23:21);;
103619;LIVROS BÍBLICOS;2_Históricos;10_2_Samuel;CAPÍTULO 23;1;2;1;23;A lista dos valentes termina mencionando Urias, o heteu, e informa o total de quantos? (2 Samuel 23:39);;
103620;LIVROS BÍBLICOS;2_Históricos;10_2_Samuel;CAPÍTULO 24;1;2;1;24;A ira do Senhor tornou a acender-se contra os israelitas, e Davi foi incitado a levantar o quê? (2 Samuel 24:1);;
103621;LIVROS BÍBLICOS;2_Históricos;10_2_Samuel;CAPÍTULO 24;1;2;1;24;Davi mandou Joabe percorrer todas as tribos de Israel, desde Dã até onde? (2 Samuel 24:2);;
103622;LIVROS BÍBLICOS;2_Históricos;10_2_Samuel;CAPÍTULO 24;1;2;1;24;Joabe perguntou por que o rei tinha prazer em fazer aquilo, ainda que o Senhor multiplicasse o povo por quantas vezes? (2 Samuel 24:3);;
103623;LIVROS BÍBLICOS;2_Históricos;10_2_Samuel;CAPÍTULO 24;1;2;1;24;A palavra do rei prevaleceu contra Joabe e contra quem? (2 Samuel 24:4);;
103624;LIVROS BÍBLICOS;2_Históricos;10_2_Samuel;CAPÍTULO 24;1;2;1;24;Os recenseadores passaram o Jordão e acamparam em Aroer, à direita da cidade que está no meio do vale, para o lado de qual tribo? (2 Samuel 24:5);;
103625;LIVROS BÍBLICOS;2_Históricos;10_2_Samuel;CAPÍTULO 24;1;2;1;24;Depois passaram a Gileade, à terra de Tahtim-Hodsi, depois a Dã-Jaã e aos arredores de qual cidade? (2 Samuel 24:6);;
103626;LIVROS BÍBLICOS;2_Históricos;10_2_Samuel;CAPÍTULO 24;1;2;1;24;Os recenseadores foram à fortaleza de Tiro, às cidades dos heveus e cananeus, e saíram ao Neguebe de Judá, em qual cidade? (2 Samuel 24:7);;
103627;LIVROS BÍBLICOS;2_Históricos;10_2_Samuel;CAPÍTULO 24;1;2;1;24;Depois de percorrerem toda a terra, voltaram a Jerusalém aa extremidade inferior da lança de quanto tempo? (2 Samuel 24:8);;
103628;LIVROS BÍBLICOS;2_Históricos;10_2_Samuel;CAPÍTULO 24;1;2;1;24;Joabe deu ao rei o resultado do censo: Israel tinha oitocentos mil homens de guerra que puxavam da espada, e Judá tinha quantos homens? (2 Samuel 24:9);;
103629;LIVROS BÍBLICOS;2_Históricos;10_2_Samuel;CAPÍTULO 24;1;2;1;24;O coração de Davi doeu depois de haver numerado o povo, e ele confessou ter pecado de que modo? (2 Samuel 24:10);;
103630;LIVROS BÍBLICOS;2_Históricos;10_2_Samuel;CAPÍTULO 24;1;2;1;24;Gade, profeta que veio a Davi pela manhã, é identificado como o quê de Davi? (2 Samuel 24:11);;
103631;LIVROS BÍBLICOS;2_Históricos;10_2_Samuel;CAPÍTULO 24;1;2;1;24;Gade apresentou três alternativas a Davi: sete anos de fome, três meses fugindo dos adversários ou três dias de quê? (2 Samuel 24:13);;
103632;LIVROS BÍBLICOS;2_Históricos;10_2_Samuel;CAPÍTULO 24;1;2;1;24;Davi preferiu cair nas mãos do Senhor, porque muitas eram as suas misericórdias, e não cair nas mãos de quem? (2 Samuel 24:14);;
103633;LIVROS BÍBLICOS;2_Históricos;10_2_Samuel;CAPÍTULO 24;1;2;1;24;O Senhor enviou peste a Israel desde pela manhã até ao tempo determinado, e morreram quantos homens? (2 Samuel 24:15);;
103634;LIVROS BÍBLICOS;2_Históricos;10_2_Samuel;CAPÍTULO 24;1;2;1;24;Quando o anjo estendia a mão sobre Jerusalém para destruí-la, o Senhor disse basta, estando o anjo junto à eira de quem? (2 Samuel 24:16);;
103635;LIVROS BÍBLICOS;2_Históricos;10_2_Samuel;CAPÍTULO 24;1;2;1;24;Davi, ao ver o anjo que feria o povo, disse que ele havia pecado e procedido perversamente, mas aquelas ovelhas tinham feito o quê? (2 Samuel 24:17);;
103636;LIVROS BÍBLICOS;2_Históricos;10_2_Samuel;CAPÍTULO 24;1;2;1;24;Gade mandou Davi subir e levantar um altar ao Senhor na eira de quem? (2 Samuel 24:18);;
103637;LIVROS BÍBLICOS;2_Históricos;10_2_Samuel;CAPÍTULO 24;1;2;1;24;Araúna perguntou por que o rei vinha a ele, e Davi respondeu que vinha comprar a eira para edificar o quê? (2 Samuel 24:21);;
103638;LIVROS BÍBLICOS;2_Históricos;10_2_Samuel;CAPÍTULO 24;1;2;1;24;Davi recusou oferecer ao Senhor holocaustos que não lhe custassem nada e comprou a eira e os bois por quantos siclos de prata? (2 Samuel 24:24);;
103639;LIVROS BÍBLICOS;2_Históricos;10_2_Samuel;CAPÍTULO 24;1;2;1;24;Davi edificou ali um altar ao Senhor, apresentou holocaustos e ofertas pacíficas, e a praga cessou de sobre quem? (2 Samuel 24:25);;
100813;LIVROS BÍBLICOS;6_Evangelhos;42_Lucas;CAPITULO 01;1;3;1;1;No prefácio do Evangelho, a quem Lucas dirige a exposição escrita e organizada dos fatos que investigou cuidadosamente? (Lucas 1:1-4);;
100814;LIVROS BÍBLICOS;6_Evangelhos;42_Lucas;CAPITULO 01;1;3;1;1;Segundo o propósito declarado no prefácio, por que Lucas escreveu uma exposição em ordem para Teófilo? (Lucas 1:3-4);;
100815;LIVROS BÍBLICOS;6_Evangelhos;42_Lucas;CAPITULO 01;1;3;1;1;Zacarias, sacerdote mencionado nos dias de Herodes, pertencia a qual turno sacerdotal? (Lucas 1:5);;
100816;LIVROS BÍBLICOS;6_Evangelhos;42_Lucas;CAPITULO 01;1;3;1;1;Qual era a origem familiar de Isabel, esposa do sacerdote Zacarias? (Lucas 1:5);;
100817;LIVROS BÍBLICOS;6_Evangelhos;42_Lucas;CAPITULO 01;1;3;1;1;Como Zacarias e Isabel são descritos quanto à vida diante de Deus? (Lucas 1:6);;
100818;LIVROS BÍBLICOS;6_Evangelhos;42_Lucas;CAPITULO 01;1;3;1;1;Por que Zacarias e Isabel não tinham filhos, apesar de já terem idade avançada? (Lucas 1:7);;
100819;LIVROS BÍBLICOS;6_Evangelhos;42_Lucas;CAPITULO 01;1;3;1;1;Durante o serviço de Zacarias, que tarefa lhe coube por sorteio segundo o costume sacerdotal? (Lucas 1:8-9);;
100820;LIVROS BÍBLICOS;6_Evangelhos;42_Lucas;CAPITULO 01;1;3;1;1;Enquanto Zacarias queimava o incenso no santuário, o que a multidão fazia do lado de fora? (Lucas 1:10);;
100821;LIVROS BÍBLICOS;6_Evangelhos;42_Lucas;CAPITULO 01;1;3;1;1;Em que lugar o anjo do Senhor apareceu a Zacarias dentro do santuário? (Lucas 1:11);;
100822;LIVROS BÍBLICOS;6_Evangelhos;42_Lucas;CAPITULO 01;1;3;1;1;Qual foi a reação inicial de Zacarias ao ver o anjo do Senhor? (Lucas 1:12);;
100823;LIVROS BÍBLICOS;6_Evangelhos;42_Lucas;CAPITULO 01;1;3;1;1;Que nome o anjo ordenou que Zacarias desse ao filho que Isabel teria? (Lucas 1:13);;
100824;LIVROS BÍBLICOS;6_Evangelhos;42_Lucas;CAPITULO 01;1;3;1;1;Que efeito o nascimento de João teria sobre Zacarias e sobre muitas outras pessoas? (Lucas 1:14);;
100825;LIVROS BÍBLICOS;6_Evangelhos;42_Lucas;CAPITULO 01;1;3;1;1;Qual característica foi anunciada a respeito de João em relação a vinho e bebida forte? (Lucas 1:15);;
100826;LIVROS BÍBLICOS;6_Evangelhos;42_Lucas;CAPITULO 01;1;3;1;1;Desde quando João seria cheio do Espírito Santo, segundo a mensagem do anjo? (Lucas 1:15);;
100827;LIVROS BÍBLICOS;6_Evangelhos;42_Lucas;CAPITULO 01;1;3;1;1;A quem João converteria muitos dos filhos de Israel? (Lucas 1:16);;
100828;LIVROS BÍBLICOS;6_Evangelhos;42_Lucas;CAPITULO 01;1;3;1;1;No espírito e poder de quem João iria adiante do Senhor? (Lucas 1:17);;
100829;LIVROS BÍBLICOS;6_Evangelhos;42_Lucas;CAPITULO 01;1;3;1;1;Qual finalidade fazia parte da missão anunciada para João? (Lucas 1:17);;
100830;LIVROS BÍBLICOS;6_Evangelhos;42_Lucas;CAPITULO 01;1;3;1;1;Que razão Zacarias apresentou ao pedir certeza sobre o anúncio do nascimento de João? (Lucas 1:18);;
100831;LIVROS BÍBLICOS;6_Evangelhos;42_Lucas;CAPITULO 01;1;3;1;1;Como o anjo que falou com Zacarias se identificou? (Lucas 1:19);;
100832;LIVROS BÍBLICOS;6_Evangelhos;42_Lucas;CAPITULO 01;1;3;1;1;Por que Zacarias ficaria mudo até o cumprimento das palavras do anjo? (Lucas 1:20);;
100833;LIVROS BÍBLICOS;6_Evangelhos;42_Lucas;CAPITULO 01;1;3;1;1;O que o povo concluiu quando Zacarias saiu do santuário sem conseguir falar? (Lucas 1:21-22);;
100834;LIVROS BÍBLICOS;6_Evangelhos;42_Lucas;CAPITULO 01;1;3;1;1;Por quanto tempo Isabel permaneceu sem sair de casa depois de ficar grávida? (Lucas 1:24);;
100835;LIVROS BÍBLICOS;6_Evangelhos;42_Lucas;CAPITULO 01;1;3;1;1;Segundo Isabel, o que o Senhor havia feito por ela ao conceder-lhe a gravidez? (Lucas 1:25);;
100836;LIVROS BÍBLICOS;6_Evangelhos;42_Lucas;CAPITULO 01;1;3;1;1;No sexto mês da gravidez de Isabel, para qual cidade da Galileia Gabriel foi enviado? (Lucas 1:26);;
100837;LIVROS BÍBLICOS;6_Evangelhos;42_Lucas;CAPITULO 01;1;3;1;1;Com quem Maria estava comprometida a casar quando recebeu a visita de Gabriel? (Lucas 1:27);;
100838;LIVROS BÍBLICOS;6_Evangelhos;42_Lucas;CAPITULO 01;1;3;1;1;Como Gabriel saudou Maria ao aproximar-se dela? (Lucas 1:28);;
100839;LIVROS BÍBLICOS;6_Evangelhos;42_Lucas;CAPITULO 01;1;3;1;1;Qual nome deveria ser dado ao filho que Maria teria? (Lucas 1:31);;
100840;LIVROS BÍBLICOS;6_Evangelhos;42_Lucas;CAPITULO 01;1;3;1;1;Que título o filho de Maria receberia, segundo o anúncio de Gabriel? (Lucas 1:32);;
100841;LIVROS BÍBLICOS;6_Evangelhos;42_Lucas;CAPITULO 01;1;3;1;1;Que trono Deus daria ao filho de Maria? (Lucas 1:32);;
100842;LIVROS BÍBLICOS;6_Evangelhos;42_Lucas;CAPITULO 01;1;3;1;1;Como seria o reinado do filho anunciado a Maria? (Lucas 1:33);;
100843;LIVROS BÍBLICOS;6_Evangelhos;42_Lucas;CAPITULO 01;1;3;1;1;Que explicação Gabriel deu sobre como Maria teria o filho anunciado? (Lucas 1:35);;
100844;LIVROS BÍBLICOS;6_Evangelhos;42_Lucas;CAPITULO 01;1;3;1;1;Que informação sobre Isabel foi apresentada a Maria como sinal do poder de Deus? (Lucas 1:36);;
100845;LIVROS BÍBLICOS;6_Evangelhos;42_Lucas;CAPITULO 01;1;3;1;1;Qual afirmação encerra a explicação do anjo sobre a gravidez de Isabel e o nascimento de Jesus? (Lucas 1:37);;
100846;LIVROS BÍBLICOS;6_Evangelhos;42_Lucas;CAPITULO 01;1;3;1;1;Como Maria respondeu ao aceitar a mensagem trazida por Gabriel? (Lucas 1:38);;
100847;LIVROS BÍBLICOS;6_Evangelhos;42_Lucas;CAPITULO 01;1;3;1;1;Para onde Maria foi depressa depois da partida do anjo? (Lucas 1:39-40);;
100848;LIVROS BÍBLICOS;6_Evangelhos;42_Lucas;CAPITULO 01;1;3;1;1;O que aconteceu com a criança no ventre de Isabel quando ela ouviu a saudação de Maria? (Lucas 1:41);;
100849;LIVROS BÍBLICOS;6_Evangelhos;42_Lucas;CAPITULO 01;1;3;1;1;De que Isabel ficou cheia ao ouvir a saudação de Maria? (Lucas 1:41);;
100850;LIVROS BÍBLICOS;6_Evangelhos;42_Lucas;CAPITULO 01;1;3;1;1;Por que Isabel chamou Maria de bem-aventurada? (Lucas 1:45);;
100851;LIVROS BÍBLICOS;6_Evangelhos;42_Lucas;CAPITULO 01;1;3;1;1;No início de seu cântico, o que Maria declarou que sua alma fazia? (Lucas 1:46);;
100852;LIVROS BÍBLICOS;6_Evangelhos;42_Lucas;CAPITULO 01;1;3;1;1;Segundo o cântico de Maria, o que Deus fez com os poderosos e com os humildes? (Lucas 1:52);;
100853;LIVROS BÍBLICOS;6_Evangelhos;42_Lucas;CAPITULO 01;1;3;1;1;Quanto tempo Maria permaneceu aproximadamente com Isabel antes de voltar para casa? (Lucas 1:56);;
100854;LIVROS BÍBLICOS;6_Evangelhos;42_Lucas;CAPITULO 01;1;3;1;1;Que nome os vizinhos e parentes queriam dar ao filho de Isabel no dia da circuncisão? (Lucas 1:59);;
100855;LIVROS BÍBLICOS;6_Evangelhos;42_Lucas;CAPITULO 01;1;3;1;1;O que Zacarias escreveu na tabuinha quando lhe perguntaram o nome do menino? (Lucas 1:62-63);;
100856;LIVROS BÍBLICOS;6_Evangelhos;42_Lucas;CAPITULO 01;1;3;1;1;O que aconteceu imediatamente depois que Zacarias confirmou por escrito o nome João? (Lucas 1:64);;
100857;LIVROS BÍBLICOS;6_Evangelhos;42_Lucas;CAPITULO 01;1;3;1;1;Como Zacarias começou a falar sobre seu filho ao profetizar cheio do Espírito Santo? (Lucas 1:76);;
100858;LIVROS BÍBLICOS;6_Evangelhos;42_Lucas;CAPITULO 01;1;3;1;1;Onde João viveu até o dia em que deveria manifestar-se a Israel? (Lucas 1:80);;
100859;LIVROS BÍBLICOS;6_Evangelhos;42_Lucas;CAPITULO 02;1;3;1;2;Quem publicou o decreto que convocava toda a população do Império para o recenseamento? (Lucas 2:1);;
100860;LIVROS BÍBLICOS;6_Evangelhos;42_Lucas;CAPITULO 02;1;3;1;2;Quem governava a Síria quando foi realizado o primeiro recenseamento mencionado por Lucas? (Lucas 2:2);;
100861;LIVROS BÍBLICOS;6_Evangelhos;42_Lucas;CAPITULO 02;1;3;1;2;De qual cidade da Galileia José saiu para ir a Belém durante o recenseamento? (Lucas 2:4);;
100862;LIVROS BÍBLICOS;6_Evangelhos;42_Lucas;CAPITULO 02;1;3;1;2;Por que José foi até Belém, a cidade de Davi, para alistar-se? (Lucas 2:4);;
100863;LIVROS BÍBLICOS;6_Evangelhos;42_Lucas;CAPITULO 02;1;3;1;2;Com quem José foi alistar-se em Belém? (Lucas 2:5);;
100864;LIVROS BÍBLICOS;6_Evangelhos;42_Lucas;CAPITULO 02;1;3;1;2;Por que Maria colocou o filho recém-nascido em uma manjedoura? (Lucas 2:7);;
100865;LIVROS BÍBLICOS;6_Evangelhos;42_Lucas;CAPITULO 02;1;3;1;2;O que os pastores daquela região faziam durante as vigílias da noite? (Lucas 2:8);;
100866;LIVROS BÍBLICOS;6_Evangelhos;42_Lucas;CAPITULO 02;1;3;1;2;Como os pastores reagiram quando a glória do Senhor brilhou ao redor deles? (Lucas 2:9);;
100867;LIVROS BÍBLICOS;6_Evangelhos;42_Lucas;CAPITULO 02;1;3;1;2;Para quem seria a boa-nova de grande alegria anunciada pelo anjo aos pastores? (Lucas 2:10);;
100868;LIVROS BÍBLICOS;6_Evangelhos;42_Lucas;CAPITULO 02;1;3;1;2;Quem havia nascido na cidade de Davi, segundo o anúncio do anjo? (Lucas 2:11);;
100869;LIVROS BÍBLICOS;6_Evangelhos;42_Lucas;CAPITULO 02;1;3;1;2;Qual sinal permitiria aos pastores identificar a criança anunciada pelo anjo? (Lucas 2:12);;
100870;LIVROS BÍBLICOS;6_Evangelhos;42_Lucas;CAPITULO 02;1;3;1;2;O que apareceu de repente junto ao anjo depois do anúncio aos pastores? (Lucas 2:13);;
100871;LIVROS BÍBLICOS;6_Evangelhos;42_Lucas;CAPITULO 02;1;3;1;2;Para onde os pastores decidiram ir depois que os anjos voltaram para o céu? (Lucas 2:15);;
100872;LIVROS BÍBLICOS;6_Evangelhos;42_Lucas;CAPITULO 02;1;3;1;2;Quem os pastores encontraram ao chegarem depressa ao local indicado? (Lucas 2:16);;
100873;LIVROS BÍBLICOS;6_Evangelhos;42_Lucas;CAPITULO 02;1;3;1;2;O que os pastores fizeram depois de ver a criança? (Lucas 2:17);;
100874;LIVROS BÍBLICOS;6_Evangelhos;42_Lucas;CAPITULO 02;1;3;1;2;Qual foi a atitude de Maria diante das palavras relatadas pelos pastores? (Lucas 2:19);;
100875;LIVROS BÍBLICOS;6_Evangelhos;42_Lucas;CAPITULO 02;1;3;1;2;Quando o menino recebeu o nome de Jesus? (Lucas 2:21);;
100876;LIVROS BÍBLICOS;6_Evangelhos;42_Lucas;CAPITULO 02;1;3;1;2;Para qual cidade os pais levaram Jesus a fim de apresentá-lo ao Senhor? (Lucas 2:22);;
100877;LIVROS BÍBLICOS;6_Evangelhos;42_Lucas;CAPITULO 02;1;3;1;2;Que oferta foi levada segundo a Lei no momento da apresentação de Jesus? (Lucas 2:24);;
100878;LIVROS BÍBLICOS;6_Evangelhos;42_Lucas;CAPITULO 02;1;3;1;2;Como Simeão é descrito antes de encontrar o menino Jesus no templo? (Lucas 2:25);;
100879;LIVROS BÍBLICOS;6_Evangelhos;42_Lucas;CAPITULO 02;1;3;1;2;Que revelação Simeão havia recebido do Espírito Santo? (Lucas 2:26);;
100880;LIVROS BÍBLICOS;6_Evangelhos;42_Lucas;CAPITULO 02;1;3;1;2;O que Simeão fez ao receber o menino Jesus nos braços? (Lucas 2:28);;
100881;LIVROS BÍBLICOS;6_Evangelhos;42_Lucas;CAPITULO 02;1;3;1;2;Segundo o cântico de Simeão, para quem a salvação havia sido preparada? (Lucas 2:30-31);;
100882;LIVROS BÍBLICOS;6_Evangelhos;42_Lucas;CAPITULO 02;1;3;1;2;Como Simeão descreveu a salvação em relação aos gentios e a Israel? (Lucas 2:32);;
100883;LIVROS BÍBLICOS;6_Evangelhos;42_Lucas;CAPITULO 02;1;3;1;2;O que Simeão disse que atravessaria a alma de Maria? (Lucas 2:34-35);;
100884;LIVROS BÍBLICOS;6_Evangelhos;42_Lucas;CAPITULO 02;1;3;1;2;Qual era o nome da profetisa, filha de Fanuel, da tribo de Aser? (Lucas 2:36);;
100885;LIVROS BÍBLICOS;6_Evangelhos;42_Lucas;CAPITULO 02;1;3;1;2;Como Ana servia a Deus no templo? (Lucas 2:37);;
100886;LIVROS BÍBLICOS;6_Evangelhos;42_Lucas;CAPITULO 02;1;3;1;2;Para onde a família voltou depois de cumprir tudo conforme a Lei do Senhor? (Lucas 2:39);;
100887;LIVROS BÍBLICOS;6_Evangelhos;42_Lucas;CAPITULO 02;1;3;1;2;Quantos anos Jesus tinha quando foi a Jerusalém com seus pais para a Festa da Páscoa e ficou na cidade? (Lucas 2:42-43);;
100888;LIVROS BÍBLICOS;6_Evangelhos;42_Lucas;CAPITULO 02;1;3;1;2;Por quanto tempo os pais de Jesus viajaram antes de perceberem que ele não estava entre os companheiros? (Lucas 2:44);;
100889;LIVROS BÍBLICOS;6_Evangelhos;42_Lucas;CAPITULO 02;1;3;1;2;Onde os pais encontraram Jesus três dias depois? (Lucas 2:46);;
100890;LIVROS BÍBLICOS;6_Evangelhos;42_Lucas;CAPITULO 02;1;3;1;2;O que Jesus fazia enquanto estava sentado no meio dos doutores no templo? (Lucas 2:46);;
100891;LIVROS BÍBLICOS;6_Evangelhos;42_Lucas;CAPITULO 02;1;3;1;2;Por que todos os que ouviam o menino Jesus ficavam admirados? (Lucas 2:47);;
100892;LIVROS BÍBLICOS;6_Evangelhos;42_Lucas;CAPITULO 02;1;3;1;2;Como Jesus explicou aos pais por que estava no templo? (Lucas 2:49);;
100893;LIVROS BÍBLICOS;6_Evangelhos;42_Lucas;CAPITULO 02;1;3;1;2;Como Jesus se comportou com seus pais depois de voltar com eles para Nazaré? (Lucas 2:51);;
100894;LIVROS BÍBLICOS;6_Evangelhos;42_Lucas;CAPITULO 03;1;3;1;3;Em que ano do reinado de Tibério César João Batista iniciou sua atividade, segundo a datação apresentada por Lucas? (Lucas 3:1-2);;
100895;LIVROS BÍBLICOS;6_Evangelhos;42_Lucas;CAPITULO 03;1;3;1;3;Quem era governador da Judeia quando a palavra de Deus veio a João no deserto? (Lucas 3:1-2);;
100896;LIVROS BÍBLICOS;6_Evangelhos;42_Lucas;CAPITULO 03;1;3;1;3;Qual região era governada por Herodes como tetrarca? (Lucas 3:1);;
100897;LIVROS BÍBLICOS;6_Evangelhos;42_Lucas;CAPITULO 03;1;3;1;3;De qual região Lisânias era tetrarca? (Lucas 3:1);;
100898;LIVROS BÍBLICOS;6_Evangelhos;42_Lucas;CAPITULO 03;1;3;1;3;Quem eram os sumos sacerdotes quando a palavra de Deus veio a João? (Lucas 3:2);;
100899;LIVROS BÍBLICOS;6_Evangelhos;42_Lucas;CAPITULO 03;1;3;1;3;Onde João, filho de Zacarias, estava quando recebeu a palavra de Deus? (Lucas 3:2);;
100900;LIVROS BÍBLICOS;6_Evangelhos;42_Lucas;CAPITULO 03;1;3;1;3;Que mensagem João pregava nas imediações do rio Jordão? (Lucas 3:3);;
100901;LIVROS BÍBLICOS;6_Evangelhos;42_Lucas;CAPITULO 03;1;3;1;3;Segundo a profecia de Isaías citada por Lucas, o que a voz no deserto ordenava preparar? (Lucas 3:4);;
100902;LIVROS BÍBLICOS;6_Evangelhos;42_Lucas;CAPITULO 03;1;3;1;3;O que toda a humanidade veria, segundo a profecia aplicada à pregação de João? (Lucas 3:6);;
100903;LIVROS BÍBLICOS;6_Evangelhos;42_Lucas;CAPITULO 03;1;3;1;3;Com que expressão severa João se dirigia às multidões que saíam para ser batizadas? (Lucas 3:7);;
100904;LIVROS BÍBLICOS;6_Evangelhos;42_Lucas;CAPITULO 03;1;3;1;3;Que tipo de frutos João exigia das multidões? (Lucas 3:8);;
100905;LIVROS BÍBLICOS;6_Evangelhos;42_Lucas;CAPITULO 03;1;3;1;3;Por que a descendência de Abraão não deveria ser usada como desculpa para evitar o arrependimento? (Lucas 3:8);;
100906;LIVROS BÍBLICOS;6_Evangelhos;42_Lucas;CAPITULO 03;1;3;1;3;O que João disse que aconteceria com a árvore que não produz bom fruto? (Lucas 3:9);;
100907;LIVROS BÍBLICOS;6_Evangelhos;42_Lucas;CAPITULO 03;1;3;1;3;Que orientação João deu a quem possuía duas túnicas? (Lucas 3:11);;
100908;LIVROS BÍBLICOS;6_Evangelhos;42_Lucas;CAPITULO 03;1;3;1;3;O que João ensinou aos publicanos que perguntaram como deveriam agir? (Lucas 3:12-13);;
100909;LIVROS BÍBLICOS;6_Evangelhos;42_Lucas;CAPITULO 03;1;3;1;3;Que três orientações João deu aos soldados? (Lucas 3:14);;
100910;LIVROS BÍBLICOS;6_Evangelhos;42_Lucas;CAPITULO 03;1;3;1;3;O que o povo cogitava a respeito de João enquanto estava na expectativa? (Lucas 3:15);;
100911;LIVROS BÍBLICOS;6_Evangelhos;42_Lucas;CAPITULO 03;1;3;1;3;Como João descreveu aquele que viria depois dele? (Lucas 3:16);;
100912;LIVROS BÍBLICOS;6_Evangelhos;42_Lucas;CAPITULO 03;1;3;1;3;Com que João batizava, e com que o mais poderoso batizaria? (Lucas 3:16);;
100913;LIVROS BÍBLICOS;6_Evangelhos;42_Lucas;CAPITULO 03;1;3;1;3;Que instrumento simbólico aquele que viria depois de João teria nas mãos para limpar a eira? (Lucas 3:17);;
100914;LIVROS BÍBLICOS;6_Evangelhos;42_Lucas;CAPITULO 03;1;3;1;3;Por qual motivo relacionado a Herodias João repreendia Herodes? (Lucas 3:19);;
100915;LIVROS BÍBLICOS;6_Evangelhos;42_Lucas;CAPITULO 03;1;3;1;3;Que nova maldade Herodes acrescentou às demais depois de ser repreendido por João? (Lucas 3:20);;
100916;LIVROS BÍBLICOS;6_Evangelhos;42_Lucas;CAPITULO 03;1;3;1;3;O que Jesus fazia quando o céu se abriu depois de ser batizado? (Lucas 3:21);;
100917;LIVROS BÍBLICOS;6_Evangelhos;42_Lucas;CAPITULO 03;1;3;1;3;De que maneira visível o Espírito Santo desceu sobre Jesus? (Lucas 3:22);;
100918;LIVROS BÍBLICOS;6_Evangelhos;42_Lucas;CAPITULO 03;1;3;1;3;O que a voz do céu declarou a respeito de Jesus no batismo? (Lucas 3:22);;
100919;LIVROS BÍBLICOS;6_Evangelhos;42_Lucas;CAPITULO 03;1;3;1;3;Que idade aproximada Jesus tinha quando começou seu ministério? (Lucas 3:23);;
100920;LIVROS BÍBLICOS;6_Evangelhos;42_Lucas;CAPITULO 03;1;3;1;3;Na genealogia, de quem Jesus era considerado filho conforme se pensava? (Lucas 3:23);;
100921;LIVROS BÍBLICOS;6_Evangelhos;42_Lucas;CAPITULO 03;1;3;1;3;Com quem termina a genealogia apresentada por Lucas? (Lucas 3:38);;
100922;LIVROS BÍBLICOS;6_Evangelhos;42_Lucas;CAPITULO 04;1;3;1;4;Depois de voltar do Jordão cheio do Espírito Santo, por quem Jesus foi guiado no deserto? (Lucas 4:1);;
100923;LIVROS BÍBLICOS;6_Evangelhos;42_Lucas;CAPITULO 04;1;3;1;4;Durante quantos dias Jesus foi tentado pelo diabo no deserto? (Lucas 4:2);;
100924;LIVROS BÍBLICOS;6_Evangelhos;42_Lucas;CAPITULO 04;1;3;1;4;Que desafio o diabo apresentou ao mencionar que Jesus era o Filho de Deus e uma pedra? (Lucas 4:3);;
100925;LIVROS BÍBLICOS;6_Evangelhos;42_Lucas;CAPITULO 04;1;3;1;4;Como Jesus respondeu à tentação de transformar a pedra em pão? (Lucas 4:4);;
100926;LIVROS BÍBLICOS;6_Evangelhos;42_Lucas;CAPITULO 04;1;3;1;4;O que o diabo mostrou a Jesus num instante, depois de levá-lo a um lugar mais alto? (Lucas 4:5);;
100927;LIVROS BÍBLICOS;6_Evangelhos;42_Lucas;CAPITULO 04;1;3;1;4;Que condição o diabo impôs para entregar a Jesus o poder e a glória dos reinos? (Lucas 4:6-7);;
100928;LIVROS BÍBLICOS;6_Evangelhos;42_Lucas;CAPITULO 04;1;3;1;4;A quem Jesus afirmou que se deve adorar e prestar culto exclusivamente? (Lucas 4:8);;
100929;LIVROS BÍBLICOS;6_Evangelhos;42_Lucas;CAPITULO 04;1;3;1;4;Em que lugar de Jerusalém o diabo colocou Jesus durante uma das tentações? (Lucas 4:9);;
100930;LIVROS BÍBLICOS;6_Evangelhos;42_Lucas;CAPITULO 04;1;3;1;4;Qual princípio Jesus usou para rejeitar a proposta de lançar-se do alto do templo? (Lucas 4:12);;
100931;LIVROS BÍBLICOS;6_Evangelhos;42_Lucas;CAPITULO 04;1;3;1;4;Depois de concluir todas as tentações, até quando o diabo se afastou de Jesus? (Lucas 4:13);;
100932;LIVROS BÍBLICOS;6_Evangelhos;42_Lucas;CAPITULO 04;1;3;1;4;De que maneira Jesus voltou para a Galileia depois das tentações? (Lucas 4:14);;
100933;LIVROS BÍBLICOS;6_Evangelhos;42_Lucas;CAPITULO 04;1;3;1;4;Onde Jesus ensinava ao iniciar sua missão na Galileia? (Lucas 4:15);;
100934;LIVROS BÍBLICOS;6_Evangelhos;42_Lucas;CAPITULO 04;1;3;1;4;Em qual cidade Jesus entrou na sinagoga num sábado, conforme seu costume, e levantou-se para ler? (Lucas 4:16);;
100935;LIVROS BÍBLICOS;6_Evangelhos;42_Lucas;CAPITULO 04;1;3;1;4;Qual livro profético foi entregue a Jesus na sinagoga de Nazaré? (Lucas 4:17);;
100936;LIVROS BÍBLICOS;6_Evangelhos;42_Lucas;CAPITULO 04;1;3;1;4;Segundo a passagem lida por Jesus, para que o Espírito do Senhor o havia ungido? (Lucas 4:18);;
100937;LIVROS BÍBLICOS;6_Evangelhos;42_Lucas;CAPITULO 04;1;3;1;4;Além de libertação aos cativos, o que a passagem de Isaías mencionava para os cegos? (Lucas 4:18);;
100938;LIVROS BÍBLICOS;6_Evangelhos;42_Lucas;CAPITULO 04;1;3;1;4;O que Jesus declarou após fechar o livro e sentar-se na sinagoga? (Lucas 4:20-21);;
100939;LIVROS BÍBLICOS;6_Evangelhos;42_Lucas;CAPITULO 04;1;3;1;4;Que pergunta os moradores de Nazaré faziam ao se maravilharem com as palavras de Jesus? (Lucas 4:22);;
100940;LIVROS BÍBLICOS;6_Evangelhos;42_Lucas;CAPITULO 04;1;3;1;4;Qual provérbio Jesus disse que certamente lhe citariam? (Lucas 4:23);;
100941;LIVROS BÍBLICOS;6_Evangelhos;42_Lucas;CAPITULO 04;1;3;1;4;O que Jesus afirmou sobre a recepção de um profeta em sua própria terra? (Lucas 4:24);;
100942;LIVROS BÍBLICOS;6_Evangelhos;42_Lucas;CAPITULO 04;1;3;1;4;Para qual viúva Elias foi enviado durante a grande fome? (Lucas 4:25-26);;
100943;LIVROS BÍBLICOS;6_Evangelhos;42_Lucas;CAPITULO 04;1;3;1;4;Qual leproso foi purificado nos dias do profeta Eliseu, segundo o exemplo dado por Jesus? (Lucas 4:27);;
100944;LIVROS BÍBLICOS;6_Evangelhos;42_Lucas;CAPITULO 04;1;3;1;4;Como os presentes na sinagoga reagiram aos exemplos apresentados por Jesus? (Lucas 4:28-29);;
100945;LIVROS BÍBLICOS;6_Evangelhos;42_Lucas;CAPITULO 04;1;3;1;4;Como Jesus escapou da tentativa de lançá-lo do alto do monte? (Lucas 4:29-30);;
100946;LIVROS BÍBLICOS;6_Evangelhos;42_Lucas;CAPITULO 04;1;3;1;4;Por que os moradores de Cafarnaum se maravilhavam com o ensino de Jesus? (Lucas 4:31-32);;
100947;LIVROS BÍBLICOS;6_Evangelhos;42_Lucas;CAPITULO 04;1;3;1;4;Como o espírito imundo identificou Jesus na sinagoga de Cafarnaum? (Lucas 4:33-34);;
100948;LIVROS BÍBLICOS;6_Evangelhos;42_Lucas;CAPITULO 04;1;3;1;4;Que ordem Jesus deu ao demônio que possuía o homem na sinagoga? (Lucas 4:35);;
100949;LIVROS BÍBLICOS;6_Evangelhos;42_Lucas;CAPITULO 04;1;3;1;4;Qual enfermidade atingia a sogra de Simão quando Jesus entrou na casa dele? (Lucas 4:38);;
100950;LIVROS BÍBLICOS;6_Evangelhos;42_Lucas;CAPITULO 04;1;3;1;4;O que a sogra de Simão fez imediatamente depois que a febre a deixou? (Lucas 4:39);;
100951;LIVROS BÍBLICOS;6_Evangelhos;42_Lucas;CAPITULO 04;1;3;1;4;Por que Jesus não permitia que os demônios falassem ao saírem das pessoas? (Lucas 4:41);;
100952;LIVROS BÍBLICOS;6_Evangelhos;42_Lucas;CAPITULO 04;1;3;1;4;Por que Jesus disse que precisava anunciar o evangelho do Reino de Deus em outras cidades? (Lucas 4:43);;
100953;LIVROS BÍBLICOS;6_Evangelhos;42_Lucas;CAPITULO 05;1;3;1;5;Em que lago Jesus estava quando a multidão o apertava para ouvir a palavra de Deus? (Lucas 5:1);;
100954;LIVROS BÍBLICOS;6_Evangelhos;42_Lucas;CAPITULO 05;1;3;1;5;O que os pescadores faziam depois de desembarcar dos dois barcos vistos por Jesus? (Lucas 5:2);;
100955;LIVROS BÍBLICOS;6_Evangelhos;42_Lucas;CAPITULO 05;1;3;1;5;De quem era o barco no qual Jesus entrou para ensinar a multidão? (Lucas 5:3);;
100956;LIVROS BÍBLICOS;6_Evangelhos;42_Lucas;CAPITULO 05;1;3;1;5;Depois de terminar o ensino, que ordem Jesus deu a Simão? (Lucas 5:4);;
100957;LIVROS BÍBLICOS;6_Evangelhos;42_Lucas;CAPITULO 05;1;3;1;5;Que resultado Simão disse ter obtido depois de trabalhar durante toda a noite? (Lucas 5:5);;
100958;LIVROS BÍBLICOS;6_Evangelhos;42_Lucas;CAPITULO 05;1;3;1;5;O que aconteceu às redes depois que os pescadores obedeceram à palavra de Jesus? (Lucas 5:6);;
100959;LIVROS BÍBLICOS;6_Evangelhos;42_Lucas;CAPITULO 05;1;3;1;5;Por que os companheiros do outro barco foram chamados para ajudar? (Lucas 5:7);;
100960;LIVROS BÍBLICOS;6_Evangelhos;42_Lucas;CAPITULO 05;1;3;1;5;O que Simão Pedro disse ao prostrar-se aos pés de Jesus após a pesca? (Lucas 5:8);;
100961;LIVROS BÍBLICOS;6_Evangelhos;42_Lucas;CAPITULO 05;1;3;1;5;Quem eram os filhos de Zebedeu e sócios de Simão mencionados na pesca maravilhosa? (Lucas 5:10);;
100962;LIVROS BÍBLICOS;6_Evangelhos;42_Lucas;CAPITULO 05;1;3;1;5;Que nova missão Jesus anunciou a Simão? (Lucas 5:10);;
100963;LIVROS BÍBLICOS;6_Evangelhos;42_Lucas;CAPITULO 05;1;3;1;5;O que Simão e seus companheiros fizeram depois de arrastar os barcos para a praia? (Lucas 5:11);;
100964;LIVROS BÍBLICOS;6_Evangelhos;42_Lucas;CAPITULO 05;1;3;1;5;Como o homem com lepra se aproximou de Jesus e apresentou seu pedido? (Lucas 5:12);;
100965;LIVROS BÍBLICOS;6_Evangelhos;42_Lucas;CAPITULO 05;1;3;1;5;O que Jesus fez antes de declarar que o leproso ficasse limpo? (Lucas 5:13);;
100966;LIVROS BÍBLICOS;6_Evangelhos;42_Lucas;CAPITULO 05;1;3;1;5;Que instrução Jesus deu ao homem purificado da lepra? (Lucas 5:14);;
100967;LIVROS BÍBLICOS;6_Evangelhos;42_Lucas;CAPITULO 05;1;3;1;5;Para onde Jesus costumava retirar-se quando sua fama crescia e multidões o procuravam? (Lucas 5:15-16);;
100968;LIVROS BÍBLICOS;6_Evangelhos;42_Lucas;CAPITULO 05;1;3;1;5;De onde vinham os fariseus e mestres da Lei que estavam presentes quando Jesus ensinava? (Lucas 5:17);;
100969;LIVROS BÍBLICOS;6_Evangelhos;42_Lucas;CAPITULO 05;1;3;1;5;Como os homens conseguiram colocar o paralítico diante de Jesus, apesar da multidão? (Lucas 5:18-19);;
100970;LIVROS BÍBLICOS;6_Evangelhos;42_Lucas;CAPITULO 05;1;3;1;5;O que Jesus disse primeiro ao paralítico ao ver a fé dos homens que o levaram? (Lucas 5:20);;
100971;LIVROS BÍBLICOS;6_Evangelhos;42_Lucas;CAPITULO 05;1;3;1;5;Por que escribas e fariseus consideraram blasfêmia as palavras de Jesus ao paralítico? (Lucas 5:21);;
100972;LIVROS BÍBLICOS;6_Evangelhos;42_Lucas;CAPITULO 05;1;3;1;5;Que ordem Jesus deu ao paralítico para demonstrar sua autoridade? (Lucas 5:24);;
100973;LIVROS BÍBLICOS;6_Evangelhos;42_Lucas;CAPITULO 05;1;3;1;5;Como o paralítico reagiu depois de ser curado? (Lucas 5:25);;
100974;LIVROS BÍBLICOS;6_Evangelhos;42_Lucas;CAPITULO 05;1;3;1;5;Qual era a profissão de Levi quando Jesus o chamou? (Lucas 5:27);;
100975;LIVROS BÍBLICOS;6_Evangelhos;42_Lucas;CAPITULO 05;1;3;1;5;O que Levi fez ao ouvir de Jesus a ordem para segui-lo? (Lucas 5:28);;
100976;LIVROS BÍBLICOS;6_Evangelhos;42_Lucas;CAPITULO 05;1;3;1;5;Que evento Levi ofereceu a Jesus em sua casa? (Lucas 5:29);;
100977;LIVROS BÍBLICOS;6_Evangelhos;42_Lucas;CAPITULO 05;1;3;1;5;Como Jesus explicou por que comia com publicanos e pecadores? (Lucas 5:31-32);;
100978;LIVROS BÍBLICOS;6_Evangelhos;42_Lucas;CAPITULO 05;1;3;1;5;Quando Jesus disse que os convidados do casamento jejuariam? (Lucas 5:34-35);;
100979;LIVROS BÍBLICOS;6_Evangelhos;42_Lucas;CAPITULO 05;1;3;1;5;Por que não se deve colocar vinho novo em odres velhos, segundo a parábola? (Lucas 5:37-38);;
100980;LIVROS BÍBLICOS;6_Evangelhos;42_Lucas;CAPITULO 06;1;3;1;6;O que os discípulos de Jesus faziam nas searas em um sábado? (Lucas 6:1);;
100981;LIVROS BÍBLICOS;6_Evangelhos;42_Lucas;CAPITULO 06;1;3;1;6;Que episódio da vida de Davi Jesus citou ao responder aos fariseus sobre o sábado? (Lucas 6:3-4);;
100982;LIVROS BÍBLICOS;6_Evangelhos;42_Lucas;CAPITULO 06;1;3;1;6;Que autoridade Jesus atribuiu ao Filho do Homem em relação ao sábado? (Lucas 6:5);;
100983;LIVROS BÍBLICOS;6_Evangelhos;42_Lucas;CAPITULO 06;1;3;1;6;Qual mão do homem na sinagoga estava ressequida? (Lucas 6:6);;
100984;LIVROS BÍBLICOS;6_Evangelhos;42_Lucas;CAPITULO 06;1;3;1;6;Por que os escribas e fariseus observavam Jesus durante o sábado? (Lucas 6:7);;
100985;LIVROS BÍBLICOS;6_Evangelhos;42_Lucas;CAPITULO 06;1;3;1;6;Que pergunta Jesus fez antes de curar o homem da mão ressequida? (Lucas 6:9);;
100986;LIVROS BÍBLICOS;6_Evangelhos;42_Lucas;CAPITULO 06;1;3;1;6;O que aconteceu quando o homem obedeceu à ordem de estender a mão? (Lucas 6:10);;
100987;LIVROS BÍBLICOS;6_Evangelhos;42_Lucas;CAPITULO 06;1;3;1;6;Como os opositores reagiram à cura realizada no sábado? (Lucas 6:11);;
100988;LIVROS BÍBLICOS;6_Evangelhos;42_Lucas;CAPITULO 06;1;3;1;6;O que Jesus fez durante a noite antes de escolher os doze apóstolos? (Lucas 6:12);;
100989;LIVROS BÍBLICOS;6_Evangelhos;42_Lucas;CAPITULO 06;1;3;1;6;Quantos discípulos Jesus escolheu e também chamou de apóstolos? (Lucas 6:13);;
100990;LIVROS BÍBLICOS;6_Evangelhos;42_Lucas;CAPITULO 06;1;3;1;6;Que nome Jesus acrescentou a Simão? (Lucas 6:14);;
100991;LIVROS BÍBLICOS;6_Evangelhos;42_Lucas;CAPITULO 06;1;3;1;6;Qual dos doze é identificado como aquele que se tornou traidor? (Lucas 6:16);;
100992;LIVROS BÍBLICOS;6_Evangelhos;42_Lucas;CAPITULO 06;1;3;1;6;De quais regiões vinha a grande multidão que procurava ouvir Jesus e ser curada? (Lucas 6:17-18);;
100993;LIVROS BÍBLICOS;6_Evangelhos;42_Lucas;CAPITULO 06;1;3;1;6;Por que todos da multidão procuravam tocar em Jesus? (Lucas 6:19);;
100994;LIVROS BÍBLICOS;6_Evangelhos;42_Lucas;CAPITULO 06;1;3;1;6;A quem pertence o Reino de Deus na primeira bem-aventurança apresentada por Lucas? (Lucas 6:20);;
100995;LIVROS BÍBLICOS;6_Evangelhos;42_Lucas;CAPITULO 06;1;3;1;6;O que foi prometido aos que naquele momento tinham fome? (Lucas 6:21);;
100996;LIVROS BÍBLICOS;6_Evangelhos;42_Lucas;CAPITULO 06;1;3;1;6;Que atitude Jesus recomendou aos perseguidos por causa do Filho do Homem? (Lucas 6:22-23);;
100997;LIVROS BÍBLICOS;6_Evangelhos;42_Lucas;CAPITULO 06;1;3;1;6;Por que Jesus pronunciou um ai sobre os ricos? (Lucas 6:24);;
100998;LIVROS BÍBLICOS;6_Evangelhos;42_Lucas;CAPITULO 06;1;3;1;6;O que aconteceria aos que naquele momento estavam fartos? (Lucas 6:25);;
100999;LIVROS BÍBLICOS;6_Evangelhos;42_Lucas;CAPITULO 06;1;3;1;6;Que orientação Jesus deu em relação aos inimigos? (Lucas 6:27);;
101000;LIVROS BÍBLICOS;6_Evangelhos;42_Lucas;CAPITULO 06;1;3;1;6;O que os discípulos deveriam fazer por aqueles que os amaldiçoavam e maltratavam? (Lucas 6:28);;
101001;LIVROS BÍBLICOS;6_Evangelhos;42_Lucas;CAPITULO 06;1;3;1;6;Qual regra de tratamento aos outros Jesus ensinou? (Lucas 6:31);;
101002;LIVROS BÍBLICOS;6_Evangelhos;42_Lucas;CAPITULO 06;1;3;1;6;Como os discípulos deveriam emprestar para demonstrar amor semelhante ao do Altíssimo? (Lucas 6:35);;
101003;LIVROS BÍBLICOS;6_Evangelhos;42_Lucas;CAPITULO 06;1;3;1;6;Que qualidade dos discípulos deveria refletir a qualidade do Pai? (Lucas 6:36);;
101004;LIVROS BÍBLICOS;6_Evangelhos;42_Lucas;CAPITULO 06;1;3;1;6;Que promessa acompanha a ordem de não julgar e não condenar? (Lucas 6:37);;
101005;LIVROS BÍBLICOS;6_Evangelhos;42_Lucas;CAPITULO 06;1;3;1;6;Com que medida as pessoas seriam medidas, segundo Jesus? (Lucas 6:38);;
101006;LIVROS BÍBLICOS;6_Evangelhos;42_Lucas;CAPITULO 06;1;3;1;6;O que acontece quando um cego guia outro cego, segundo a parábola? (Lucas 6:39);;
101007;LIVROS BÍBLICOS;6_Evangelhos;42_Lucas;CAPITULO 06;1;3;1;6;O que deve ser retirado primeiro antes de alguém tentar tirar o cisco do olho do irmão? (Lucas 6:41-42);;
101008;LIVROS BÍBLICOS;6_Evangelhos;42_Lucas;CAPITULO 06;1;3;1;6;Como cada árvore é reconhecida, segundo o ensino de Jesus? (Lucas 6:43-44);;
101009;LIVROS BÍBLICOS;6_Evangelhos;42_Lucas;CAPITULO 06;1;3;1;6;De onde a pessoa boa tira o bem que expressa? (Lucas 6:45);;
101010;LIVROS BÍBLICOS;6_Evangelhos;42_Lucas;CAPITULO 06;1;3;1;6;A quem é semelhante aquele que ouve as palavras de Jesus e as pratica? (Lucas 6:47-48);;
101011;LIVROS BÍBLICOS;6_Evangelhos;42_Lucas;CAPITULO 06;1;3;1;6;O que aconteceu à casa construída sobre a terra sem alicerces quando as águas bateram nela? (Lucas 6:49);;
101012;LIVROS BÍBLICOS;6_Evangelhos;42_Lucas;CAPITULO 07;1;3;1;7;Em que cidade Jesus entrou depois de concluir suas palavras ao povo? (Lucas 7:1);;
101013;LIVROS BÍBLICOS;6_Evangelhos;42_Lucas;CAPITULO 07;1;3;1;7;Qual era a condição do servo muito estimado pelo centurião? (Lucas 7:2);;
101014;LIVROS BÍBLICOS;6_Evangelhos;42_Lucas;CAPITULO 07;1;3;1;7;Quem o centurião enviou primeiro para pedir que Jesus curasse o servo? (Lucas 7:3);;
101015;LIVROS BÍBLICOS;6_Evangelhos;42_Lucas;CAPITULO 07;1;3;1;7;Que razão os anciãos apresentaram para dizer que o centurião merecia ajuda? (Lucas 7:4-5);;
101016;LIVROS BÍBLICOS;6_Evangelhos;42_Lucas;CAPITULO 07;1;3;1;7;Por que o centurião pediu que Jesus não entrasse em sua casa? (Lucas 7:6);;
101017;LIVROS BÍBLICOS;6_Evangelhos;42_Lucas;CAPITULO 07;1;3;1;7;O que o centurião cria que bastaria para seu servo ser curado? (Lucas 7:7);;
101018;LIVROS BÍBLICOS;6_Evangelhos;42_Lucas;CAPITULO 07;1;3;1;7;O que Jesus declarou sobre a fé do centurião? (Lucas 7:9);;
101019;LIVROS BÍBLICOS;6_Evangelhos;42_Lucas;CAPITULO 07;1;3;1;7;Como os enviados encontraram o servo ao voltar para a casa? (Lucas 7:10);;
101020;LIVROS BÍBLICOS;6_Evangelhos;42_Lucas;CAPITULO 07;1;3;1;7;Qual era o nome da cidade para onde Jesus foi quando encontrou o enterro do filho de uma viúva? (Lucas 7:11);;
101021;LIVROS BÍBLICOS;6_Evangelhos;42_Lucas;CAPITULO 07;1;3;1;7;Que relação o falecido tinha com a mulher que acompanhava o enterro? (Lucas 7:12);;
101022;LIVROS BÍBLICOS;6_Evangelhos;42_Lucas;CAPITULO 07;1;3;1;7;Que sentimento Jesus demonstrou ao ver a viúva? (Lucas 7:13);;
101023;LIVROS BÍBLICOS;6_Evangelhos;42_Lucas;CAPITULO 07;1;3;1;7;Que ordem Jesus deu ao jovem que estava morto? (Lucas 7:14);;
101024;LIVROS BÍBLICOS;6_Evangelhos;42_Lucas;CAPITULO 07;1;3;1;7;O que o jovem fez depois da ordem de Jesus? (Lucas 7:15);;
101025;LIVROS BÍBLICOS;6_Evangelhos;42_Lucas;CAPITULO 07;1;3;1;7;Como a multidão interpretou a ressurreição do jovem? (Lucas 7:16);;
101026;LIVROS BÍBLICOS;6_Evangelhos;42_Lucas;CAPITULO 07;1;3;1;7;Que pergunta João Batista mandou dois discípulos fazerem a Jesus? (Lucas 7:18-20);;
101027;LIVROS BÍBLICOS;6_Evangelhos;42_Lucas;CAPITULO 07;1;3;1;7;Que sinais Jesus mandou os mensageiros relatarem a João? (Lucas 7:21-22);;
101028;LIVROS BÍBLICOS;6_Evangelhos;42_Lucas;CAPITULO 07;1;3;1;7;Como Jesus classificou João em relação a um profeta? (Lucas 7:26);;
101029;LIVROS BÍBLICOS;6_Evangelhos;42_Lucas;CAPITULO 07;1;3;1;7;O que o mensageiro anunciado nas Escrituras faria diante do Senhor? (Lucas 7:27);;
101030;LIVROS BÍBLICOS;6_Evangelhos;42_Lucas;CAPITULO 07;1;3;1;7;Quem reconheceu a justiça de Deus ao ouvir João e receber seu batismo? (Lucas 7:29);;
101031;LIVROS BÍBLICOS;6_Evangelhos;42_Lucas;CAPITULO 07;1;3;1;7;Quem rejeitou para si mesmo o plano de Deus ao não receber o batismo de João? (Lucas 7:30);;
101032;LIVROS BÍBLICOS;6_Evangelhos;42_Lucas;CAPITULO 07;1;3;1;7;Com quem Jesus comparou as pessoas daquela geração? (Lucas 7:31-32);;
101033;LIVROS BÍBLICOS;6_Evangelhos;42_Lucas;CAPITULO 07;1;3;1;7;Que acusações contrastantes eram feitas contra João Batista e contra o Filho do Homem? (Lucas 7:33-34);;
101034;LIVROS BÍBLICOS;6_Evangelhos;42_Lucas;CAPITULO 07;1;3;1;7;O que a mulher pecadora levou à casa do fariseu onde Jesus jantava? (Lucas 7:36-37);;
101035;LIVROS BÍBLICOS;6_Evangelhos;42_Lucas;CAPITULO 07;1;3;1;7;Como a mulher enxugava os pés de Jesus depois de molhá-los com lágrimas? (Lucas 7:38);;
101036;LIVROS BÍBLICOS;6_Evangelhos;42_Lucas;CAPITULO 07;1;3;1;7;Qual era o nome do fariseu a quem Jesus dirigiu a parábola dos dois devedores? (Lucas 7:40);;
101037;LIVROS BÍBLICOS;6_Evangelhos;42_Lucas;CAPITULO 07;1;3;1;7;Quanto deviam os dois devedores da parábola? (Lucas 7:41);;
101038;LIVROS BÍBLICOS;6_Evangelhos;42_Lucas;CAPITULO 07;1;3;1;7;Quem amaria mais o credor que perdoou os dois devedores? (Lucas 7:42-43);;
101039;LIVROS BÍBLICOS;6_Evangelhos;42_Lucas;CAPITULO 07;1;3;1;7;Que três atos de hospitalidade Simão deixou de oferecer a Jesus? (Lucas 7:44-46);;
101040;LIVROS BÍBLICOS;6_Evangelhos;42_Lucas;CAPITULO 07;1;3;1;7;Que relação Jesus estabeleceu entre perdão e amor? (Lucas 7:47);;
101041;LIVROS BÍBLICOS;6_Evangelhos;42_Lucas;CAPITULO 07;1;3;1;7;Que despedida Jesus deu à mulher depois de declarar que sua fé a havia salvado? (Lucas 7:50);;
101042;LIVROS BÍBLICOS;6_Evangelhos;42_Lucas;CAPITULO 08;1;3;1;8;Qual mensagem Jesus anunciava ao percorrer cidades e aldeias acompanhado dos doze? (Lucas 8:1);;
101043;LIVROS BÍBLICOS;6_Evangelhos;42_Lucas;CAPITULO 08;1;3;1;8;Quantos demônios haviam saído de Maria, chamada Madalena? (Lucas 8:2);;
101044;LIVROS BÍBLICOS;6_Evangelhos;42_Lucas;CAPITULO 08;1;3;1;8;Quem era o marido de Joana, uma das mulheres que ajudavam Jesus com seus bens? (Lucas 8:3);;
101045;LIVROS BÍBLICOS;6_Evangelhos;42_Lucas;CAPITULO 08;1;3;1;8;O que aconteceu à semente que caiu à beira do caminho? (Lucas 8:5);;
101046;LIVROS BÍBLICOS;6_Evangelhos;42_Lucas;CAPITULO 08;1;3;1;8;Por que a semente que caiu sobre a pedra secou depois de crescer? (Lucas 8:6);;
101047;LIVROS BÍBLICOS;6_Evangelhos;42_Lucas;CAPITULO 08;1;3;1;8;Que resultado teve a semente que caiu em boa terra? (Lucas 8:8);;
101048;LIVROS BÍBLICOS;6_Evangelhos;42_Lucas;CAPITULO 08;1;3;1;8;O que a semente representa na explicação da parábola? (Lucas 8:11);;
101049;LIVROS BÍBLICOS;6_Evangelhos;42_Lucas;CAPITULO 08;1;3;1;8;Quem tira a palavra do coração dos que são comparados à beira do caminho? (Lucas 8:12);;
101050;LIVROS BÍBLICOS;6_Evangelhos;42_Lucas;CAPITULO 08;1;3;1;8;O que falta aos ouvintes comparados à semente sobre a pedra? (Lucas 8:13);;
101051;LIVROS BÍBLICOS;6_Evangelhos;42_Lucas;CAPITULO 08;1;3;1;8;Quais coisas sufocam os ouvintes representados pela semente entre espinhos? (Lucas 8:14);;
101052;LIVROS BÍBLICOS;6_Evangelhos;42_Lucas;CAPITULO 08;1;3;1;8;Como frutificam os representados pela boa terra? (Lucas 8:15);;
101053;LIVROS BÍBLICOS;6_Evangelhos;42_Lucas;CAPITULO 08;1;3;1;8;Onde deve ser colocada uma lamparina acesa? (Lucas 8:16);;
101054;LIVROS BÍBLICOS;6_Evangelhos;42_Lucas;CAPITULO 08;1;3;1;8;Quem Jesus chamou de sua mãe e seus irmãos? (Lucas 8:21);;
101055;LIVROS BÍBLICOS;6_Evangelhos;42_Lucas;CAPITULO 08;1;3;1;8;O que aconteceu enquanto Jesus e os discípulos atravessavam o lago? (Lucas 8:22-23);;
101056;LIVROS BÍBLICOS;6_Evangelhos;42_Lucas;CAPITULO 08;1;3;1;8;O que Jesus fez para acalmar a tempestade? (Lucas 8:24);;
101057;LIVROS BÍBLICOS;6_Evangelhos;42_Lucas;CAPITULO 08;1;3;1;8;Para qual terra Jesus e os discípulos navegaram depois da tempestade? (Lucas 8:26);;
101058;LIVROS BÍBLICOS;6_Evangelhos;42_Lucas;CAPITULO 08;1;3;1;8;Onde vivia o homem possuído por demônios encontrado na terra dos gerasenos? (Lucas 8:27);;
101059;LIVROS BÍBLICOS;6_Evangelhos;42_Lucas;CAPITULO 08;1;3;1;8;Que nome os demônios deram quando Jesus perguntou o nome? (Lucas 8:30);;
101060;LIVROS BÍBLICOS;6_Evangelhos;42_Lucas;CAPITULO 08;1;3;1;8;Para onde os demônios pediram permissão para entrar? (Lucas 8:32);;
101061;LIVROS BÍBLICOS;6_Evangelhos;42_Lucas;CAPITULO 08;1;3;1;8;Como o povo encontrou o homem depois que os demônios saíram? (Lucas 8:35);;
101062;LIVROS BÍBLICOS;6_Evangelhos;42_Lucas;CAPITULO 08;1;3;1;8;Que pedido o povo dos gerasenos fez a Jesus depois do milagre? (Lucas 8:37);;
101063;LIVROS BÍBLICOS;6_Evangelhos;42_Lucas;CAPITULO 08;1;3;1;8;Que missão Jesus deu ao homem libertado dos demônios? (Lucas 8:38-39);;
101064;LIVROS BÍBLICOS;6_Evangelhos;42_Lucas;CAPITULO 08;1;3;1;8;Qual cargo Jairo exercia? (Lucas 8:41);;
101065;LIVROS BÍBLICOS;6_Evangelhos;42_Lucas;CAPITULO 08;1;3;1;8;Que idade aproximada tinha a filha única de Jairo? (Lucas 8:42);;
101066;LIVROS BÍBLICOS;6_Evangelhos;42_Lucas;CAPITULO 08;1;3;1;8;Há quanto tempo a mulher sofria de hemorragia? (Lucas 8:43);;
101067;LIVROS BÍBLICOS;6_Evangelhos;42_Lucas;CAPITULO 08;1;3;1;8;O que aconteceu quando a mulher tocou na borda da capa de Jesus? (Lucas 8:44);;
101068;LIVROS BÍBLICOS;6_Evangelhos;42_Lucas;CAPITULO 08;1;3;1;8;Como Jesus soube que alguém o havia tocado de modo especial? (Lucas 8:46);;
101069;LIVROS BÍBLICOS;6_Evangelhos;42_Lucas;CAPITULO 08;1;3;1;8;O que Jesus disse à mulher curada? (Lucas 8:48);;
101070;LIVROS BÍBLICOS;6_Evangelhos;42_Lucas;CAPITULO 08;1;3;1;8;Que notícia chegou da casa de Jairo enquanto Jesus ainda falava? (Lucas 8:49);;
101071;LIVROS BÍBLICOS;6_Evangelhos;42_Lucas;CAPITULO 08;1;3;1;8;Quem Jesus permitiu que entrasse com ele no quarto da filha de Jairo? (Lucas 8:51);;
101072;LIVROS BÍBLICOS;6_Evangelhos;42_Lucas;CAPITULO 08;1;3;1;8;Que ordem Jesus deu à menina ao tomá-la pela mão? (Lucas 8:54);;
101073;LIVROS BÍBLICOS;6_Evangelhos;42_Lucas;CAPITULO 08;1;3;1;8;O que Jesus mandou fazer depois que a menina se levantou? (Lucas 8:55);;
101074;LIVROS BÍBLICOS;6_Evangelhos;42_Lucas;CAPITULO 09;1;3;1;9;Que autoridade Jesus deu aos doze antes de enviá-los? (Lucas 9:1-2);;
101075;LIVROS BÍBLICOS;6_Evangelhos;42_Lucas;CAPITULO 09;1;3;1;9;Qual mensagem os doze deveriam pregar ao serem enviados? (Lucas 9:2);;
101076;LIVROS BÍBLICOS;6_Evangelhos;42_Lucas;CAPITULO 09;1;3;1;9;Que itens Jesus proibiu os doze de levar para o caminho? (Lucas 9:3);;
101077;LIVROS BÍBLICOS;6_Evangelhos;42_Lucas;CAPITULO 09;1;3;1;9;O que deveriam fazer ao sair de uma cidade que não os recebesse? (Lucas 9:5);;
101078;LIVROS BÍBLICOS;6_Evangelhos;42_Lucas;CAPITULO 09;1;3;1;9;Por que Herodes ficou perplexo ao ouvir falar das obras de Jesus? (Lucas 9:7-9);;
101079;LIVROS BÍBLICOS;6_Evangelhos;42_Lucas;CAPITULO 09;1;3;1;9;Para qual cidade Jesus se retirou com os apóstolos após o retorno deles? (Lucas 9:10);;
101080;LIVROS BÍBLICOS;6_Evangelhos;42_Lucas;CAPITULO 09;1;3;1;9;Quantos pães e peixes os discípulos tinham antes da multiplicação? (Lucas 9:13);;
101081;LIVROS BÍBLICOS;6_Evangelhos;42_Lucas;CAPITULO 09;1;3;1;9;Cerca de quantos homens estavam presentes na multiplicação? (Lucas 9:14);;
101082;LIVROS BÍBLICOS;6_Evangelhos;42_Lucas;CAPITULO 09;1;3;1;9;Em grupos de quantas pessoas Jesus mandou assentar a multidão? (Lucas 9:14);;
101083;LIVROS BÍBLICOS;6_Evangelhos;42_Lucas;CAPITULO 09;1;3;1;9;Quantos cestos de pedaços sobraram depois que todos comeram? (Lucas 9:17);;
101084;LIVROS BÍBLICOS;6_Evangelhos;42_Lucas;CAPITULO 09;1;3;1;9;Quem Pedro declarou que Jesus era? (Lucas 9:20);;
101085;LIVROS BÍBLICOS;6_Evangelhos;42_Lucas;CAPITULO 09;1;3;1;9;O que Jesus predisse que aconteceria ao Filho do Homem? (Lucas 9:22);;
101086;LIVROS BÍBLICOS;6_Evangelhos;42_Lucas;CAPITULO 09;1;3;1;9;Que atitude diária é exigida de quem deseja seguir Jesus? (Lucas 9:23);;
101087;LIVROS BÍBLICOS;6_Evangelhos;42_Lucas;CAPITULO 09;1;3;1;9;Que pergunta Jesus fez sobre ganhar o mundo inteiro? (Lucas 9:25);;
101088;LIVROS BÍBLICOS;6_Evangelhos;42_Lucas;CAPITULO 09;1;3;1;9;Quais discípulos Jesus levou ao monte na transfiguração? (Lucas 9:28);;
101089;LIVROS BÍBLICOS;6_Evangelhos;42_Lucas;CAPITULO 09;1;3;1;9;Quem apareceu em glória falando com Jesus no monte? (Lucas 9:30-31);;
101090;LIVROS BÍBLICOS;6_Evangelhos;42_Lucas;CAPITULO 09;1;3;1;9;Sobre qual assunto Moisés e Elias falavam com Jesus? (Lucas 9:31);;
101091;LIVROS BÍBLICOS;6_Evangelhos;42_Lucas;CAPITULO 09;1;3;1;9;Que proposta Pedro fez ao ver Jesus, Moisés e Elias? (Lucas 9:33);;
101092;LIVROS BÍBLICOS;6_Evangelhos;42_Lucas;CAPITULO 09;1;3;1;9;O que a voz da nuvem ordenou a respeito do Filho eleito? (Lucas 9:35);;
101093;LIVROS BÍBLICOS;6_Evangelhos;42_Lucas;CAPITULO 09;1;3;1;9;Por que o pai do jovem pediu ajuda diretamente a Jesus? (Lucas 9:38-40);;
101094;LIVROS BÍBLICOS;6_Evangelhos;42_Lucas;CAPITULO 09;1;3;1;9;O que Jesus fez depois de repreender o espírito imundo do menino? (Lucas 9:42);;
101095;LIVROS BÍBLICOS;6_Evangelhos;42_Lucas;CAPITULO 09;1;3;1;9;Sobre o que os discípulos discutiam entre si? (Lucas 9:46);;
101096;LIVROS BÍBLICOS;6_Evangelhos;42_Lucas;CAPITULO 09;1;3;1;9;Quem Jesus apresentou como exemplo ao ensinar sobre a verdadeira grandeza? (Lucas 9:47-48);;
101097;LIVROS BÍBLICOS;6_Evangelhos;42_Lucas;CAPITULO 09;1;3;1;9;Por que João disse que os discípulos proibiram certo homem de expulsar demônios em nome de Jesus? (Lucas 9:49);;
101098;LIVROS BÍBLICOS;6_Evangelhos;42_Lucas;CAPITULO 09;1;3;1;9;Como Jesus respondeu à proposta de Tiago e João de fazer descer fogo sobre uma aldeia samaritana? (Lucas 9:54-56);;
101099;LIVROS BÍBLICOS;6_Evangelhos;42_Lucas;CAPITULO 09;1;3;1;9;Que contraste Jesus apresentou ao homem que prometeu segui-lo por toda parte? (Lucas 9:57-58);;
101100;LIVROS BÍBLICOS;6_Evangelhos;42_Lucas;CAPITULO 09;1;3;1;9;Que missão Jesus deu ao homem que queria primeiro sepultar o pai? (Lucas 9:59-60);;
101101;LIVROS BÍBLICOS;6_Evangelhos;42_Lucas;CAPITULO 09;1;3;1;9;Quem não é apto para o Reino de Deus, segundo a figura do arado? (Lucas 9:62);;
101102;LIVROS BÍBLICOS;6_Evangelhos;42_Lucas;CAPITULO 10;1;3;1;10;Quantos outros discípulos o Senhor escolheu e enviou de dois em dois? (Lucas 10:1);;
101103;LIVROS BÍBLICOS;6_Evangelhos;42_Lucas;CAPITULO 10;1;3;1;10;O que Jesus disse sobre a relação entre a seara e os trabalhadores? (Lucas 10:2);;
101104;LIVROS BÍBLICOS;6_Evangelhos;42_Lucas;CAPITULO 10;1;3;1;10;Como Jesus descreveu os enviados em meio ao ambiente hostil? (Lucas 10:3);;
101105;LIVROS BÍBLICOS;6_Evangelhos;42_Lucas;CAPITULO 10;1;3;1;10;Qual saudação deveria ser pronunciada primeiro ao entrarem numa casa? (Lucas 10:5);;
101106;LIVROS BÍBLICOS;6_Evangelhos;42_Lucas;CAPITULO 10;1;3;1;10;Por que os enviados deveriam permanecer na mesma casa? (Lucas 10:7);;
101107;LIVROS BÍBLICOS;6_Evangelhos;42_Lucas;CAPITULO 10;1;3;1;10;Que anúncio acompanharia as curas realizadas nas cidades receptivas? (Lucas 10:9);;
101108;LIVROS BÍBLICOS;6_Evangelhos;42_Lucas;CAPITULO 10;1;3;1;10;Que cidade teria menos rigor no juízo do que uma cidade que rejeitasse os enviados? (Lucas 10:12);;
101109;LIVROS BÍBLICOS;6_Evangelhos;42_Lucas;CAPITULO 10;1;3;1;10;Quais cidades Jesus comparou desfavoravelmente com Tiro e Sidom? (Lucas 10:13-14);;
101110;LIVROS BÍBLICOS;6_Evangelhos;42_Lucas;CAPITULO 10;1;3;1;10;Quem é rejeitado quando alguém rejeita os enviados de Jesus? (Lucas 10:16);;
101111;LIVROS BÍBLICOS;6_Evangelhos;42_Lucas;CAPITULO 10;1;3;1;10;O que os setenta relataram com alegria ao regressar? (Lucas 10:17);;
101112;LIVROS BÍBLICOS;6_Evangelhos;42_Lucas;CAPITULO 10;1;3;1;10;Com que imagem Jesus descreveu a queda de Satanás? (Lucas 10:18);;
101113;LIVROS BÍBLICOS;6_Evangelhos;42_Lucas;CAPITULO 10;1;3;1;10;Qual motivo de alegria Jesus considerou superior à submissão dos espíritos? (Lucas 10:20);;
101114;LIVROS BÍBLICOS;6_Evangelhos;42_Lucas;CAPITULO 10;1;3;1;10;A quem o Pai revelou coisas escondidas dos sábios e instruídos? (Lucas 10:21);;
101115;LIVROS BÍBLICOS;6_Evangelhos;42_Lucas;CAPITULO 10;1;3;1;10;Quem quis pôr Jesus à prova perguntando sobre a vida eterna? (Lucas 10:25);;
101116;LIVROS BÍBLICOS;6_Evangelhos;42_Lucas;CAPITULO 10;1;3;1;10;Quais dois mandamentos o intérprete da Lei mencionou? (Lucas 10:27);;
101117;LIVROS BÍBLICOS;6_Evangelhos;42_Lucas;CAPITULO 10;1;3;1;10;Que pergunta o intérprete fez tentando justificar-se? (Lucas 10:29);;
101118;LIVROS BÍBLICOS;6_Evangelhos;42_Lucas;CAPITULO 10;1;3;1;10;De onde para onde viajava o homem atacado pelos ladrões? (Lucas 10:30);;
101119;LIVROS BÍBLICOS;6_Evangelhos;42_Lucas;CAPITULO 10;1;3;1;10;Quem passou de largo depois de ver o homem ferido? (Lucas 10:31-32);;
101120;LIVROS BÍBLICOS;6_Evangelhos;42_Lucas;CAPITULO 10;1;3;1;10;Quem se compadeceu do homem deixado semimorto? (Lucas 10:33);;
101121;LIVROS BÍBLICOS;6_Evangelhos;42_Lucas;CAPITULO 10;1;3;1;10;O que o samaritano aplicou aos ferimentos do homem? (Lucas 10:34);;
101122;LIVROS BÍBLICOS;6_Evangelhos;42_Lucas;CAPITULO 10;1;3;1;10;Quantos denários o samaritano entregou ao hospedeiro? (Lucas 10:35);;
101123;LIVROS BÍBLICOS;6_Evangelhos;42_Lucas;CAPITULO 10;1;3;1;10;Quem foi o próximo do homem atacado, segundo a resposta do intérprete? (Lucas 10:36-37);;
101124;LIVROS BÍBLICOS;6_Evangelhos;42_Lucas;CAPITULO 10;1;3;1;10;Quem hospedou Jesus em sua casa numa aldeia? (Lucas 10:38);;
101125;LIVROS BÍBLICOS;6_Evangelhos;42_Lucas;CAPITULO 10;1;3;1;10;Onde Maria se assentou enquanto ouvia o ensino de Jesus? (Lucas 10:39);;
101126;LIVROS BÍBLICOS;6_Evangelhos;42_Lucas;CAPITULO 10;1;3;1;10;Por que Marta pediu que Jesus mandasse Maria ajudá-la? (Lucas 10:40);;
101127;LIVROS BÍBLICOS;6_Evangelhos;42_Lucas;CAPITULO 10;1;3;1;10;Como Jesus avaliou a escolha de Maria? (Lucas 10:41-42);;
101128;LIVROS BÍBLICOS;6_Evangelhos;42_Lucas;CAPITULO 11;1;3;1;11;Que pedido um discípulo fez depois de ver Jesus orando? (Lucas 11:1);;
101129;LIVROS BÍBLICOS;6_Evangelhos;42_Lucas;CAPITULO 11;1;3;1;11;Qual pedido sobre o nome de Deus aparece no início da oração ensinada por Jesus? (Lucas 11:2);;
101130;LIVROS BÍBLICOS;6_Evangelhos;42_Lucas;CAPITULO 11;1;3;1;11;Com que frequência o pão necessário é pedido na oração? (Lucas 11:3);;
101131;LIVROS BÍBLICOS;6_Evangelhos;42_Lucas;CAPITULO 11;1;3;1;11;Qual prática humana acompanha o pedido de perdão a Deus? (Lucas 11:4);;
101132;LIVROS BÍBLICOS;6_Evangelhos;42_Lucas;CAPITULO 11;1;3;1;11;A que hora o homem da parábola procurou o amigo pedindo pães? (Lucas 11:5);;
101133;LIVROS BÍBLICOS;6_Evangelhos;42_Lucas;CAPITULO 11;1;3;1;11;Quantos pães foram pedidos ao amigo? (Lucas 11:5);;
101134;LIVROS BÍBLICOS;6_Evangelhos;42_Lucas;CAPITULO 11;1;3;1;11;Por que o amigo acabaria atendendo ao pedido, mesmo não querendo levantar-se? (Lucas 11:8);;
101135;LIVROS BÍBLICOS;6_Evangelhos;42_Lucas;CAPITULO 11;1;3;1;11;Que três ações Jesus relacionou à perseverança na oração? (Lucas 11:9);;
101136;LIVROS BÍBLICOS;6_Evangelhos;42_Lucas;CAPITULO 11;1;3;1;11;O que o Pai celeste dará aos que lhe pedirem? (Lucas 11:13);;
101137;LIVROS BÍBLICOS;6_Evangelhos;42_Lucas;CAPITULO 11;1;3;1;11;Que condição tinha o demônio que Jesus expulsou? (Lucas 11:14);;
101138;LIVROS BÍBLICOS;6_Evangelhos;42_Lucas;CAPITULO 11;1;3;1;11;A quem alguns atribuíram o poder de Jesus para expulsar demônios? (Lucas 11:15);;
101139;LIVROS BÍBLICOS;6_Evangelhos;42_Lucas;CAPITULO 11;1;3;1;11;O que acontece a um reino dividido contra si mesmo? (Lucas 11:17);;
101140;LIVROS BÍBLICOS;6_Evangelhos;42_Lucas;CAPITULO 11;1;3;1;11;O que significava Jesus expulsar demônios pelo dedo de Deus? (Lucas 11:20);;
101141;LIVROS BÍBLICOS;6_Evangelhos;42_Lucas;CAPITULO 11;1;3;1;11;Quem é contra Jesus, segundo sua declaração? (Lucas 11:23);;
101142;LIVROS BÍBLICOS;6_Evangelhos;42_Lucas;CAPITULO 11;1;3;1;11;Quantos espíritos piores o espírito imundo leva ao voltar para a casa vazia? (Lucas 11:24-26);;
101143;LIVROS BÍBLICOS;6_Evangelhos;42_Lucas;CAPITULO 11;1;3;1;11;Quem Jesus chamou de mais bem-aventurados do que os elogiados pela mulher da multidão? (Lucas 11:27-28);;
101144;LIVROS BÍBLICOS;6_Evangelhos;42_Lucas;CAPITULO 11;1;3;1;11;Qual sinal seria dado à geração que pedia um sinal? (Lucas 11:29-30);;
101145;LIVROS BÍBLICOS;6_Evangelhos;42_Lucas;CAPITULO 11;1;3;1;11;Por que a rainha do Sul condenaria aquela geração no juízo? (Lucas 11:31);;
101146;LIVROS BÍBLICOS;6_Evangelhos;42_Lucas;CAPITULO 11;1;3;1;11;Por que os ninivitas condenariam aquela geração? (Lucas 11:32);;
101147;LIVROS BÍBLICOS;6_Evangelhos;42_Lucas;CAPITULO 11;1;3;1;11;O que Jesus chamou de lâmpada do corpo? (Lucas 11:34);;
101148;LIVROS BÍBLICOS;6_Evangelhos;42_Lucas;CAPITULO 11;1;3;1;11;O que admirou o fariseu que convidou Jesus para uma refeição? (Lucas 11:37-38);;
101149;LIVROS BÍBLICOS;6_Evangelhos;42_Lucas;CAPITULO 11;1;3;1;11;O que Jesus disse que os fariseus limpavam enquanto seu interior estava cheio de maldade? (Lucas 11:39);;
101150;LIVROS BÍBLICOS;6_Evangelhos;42_Lucas;CAPITULO 11;1;3;1;11;Que virtudes os fariseus desprezavam apesar de darem dízimos de hortaliças? (Lucas 11:42);;
101151;LIVROS BÍBLICOS;6_Evangelhos;42_Lucas;CAPITULO 11;1;3;1;11;Que lugares de honra os fariseus apreciavam? (Lucas 11:43);;
101152;LIVROS BÍBLICOS;6_Evangelhos;42_Lucas;CAPITULO 11;1;3;1;11;Que acusação Jesus fez aos intérpretes da Lei sobre os fardos? (Lucas 11:46);;
101153;LIVROS BÍBLICOS;6_Evangelhos;42_Lucas;CAPITULO 11;1;3;1;11;De qual sangue até qual sangue seriam pedidas contas àquela geração? (Lucas 11:50-51);;
101154;LIVROS BÍBLICOS;6_Evangelhos;42_Lucas;CAPITULO 11;1;3;1;11;O que os intérpretes da Lei fizeram com a chave do conhecimento? (Lucas 11:52);;
101155;LIVROS BÍBLICOS;6_Evangelhos;42_Lucas;CAPITULO 11;1;3;1;11;Qual era o objetivo das muitas perguntas feitas pelos escribas e fariseus após Jesus sair? (Lucas 11:53-54);;
101156;LIVROS BÍBLICOS;6_Evangelhos;42_Lucas;CAPITULO 12;1;3;1;12;O que Jesus chamou de fermento dos fariseus? (Lucas 12:1);;
101157;LIVROS BÍBLICOS;6_Evangelhos;42_Lucas;CAPITULO 12;1;3;1;12;O que acontecerá com aquilo que está encoberto ou oculto? (Lucas 12:2);;
101158;LIVROS BÍBLICOS;6_Evangelhos;42_Lucas;CAPITULO 12;1;3;1;12;A quem Jesus disse que os discípulos não deveriam temer? (Lucas 12:4);;
101159;LIVROS BÍBLICOS;6_Evangelhos;42_Lucas;CAPITULO 12;1;3;1;12;Que pequeno pássaro Jesus usou para ensinar sobre o cuidado de Deus? (Lucas 12:6-7);;
101160;LIVROS BÍBLICOS;6_Evangelhos;42_Lucas;CAPITULO 12;1;3;1;12;O que Deus conhece em detalhe a respeito dos discípulos? (Lucas 12:7);;
101161;LIVROS BÍBLICOS;6_Evangelhos;42_Lucas;CAPITULO 12;1;3;1;12;O que o Filho do Homem fará por quem o confessar diante das pessoas? (Lucas 12:8);;
101162;LIVROS BÍBLICOS;6_Evangelhos;42_Lucas;CAPITULO 12;1;3;1;12;Quem ensinaria os discípulos o que dizer diante de autoridades? (Lucas 12:11-12);;
101163;LIVROS BÍBLICOS;6_Evangelhos;42_Lucas;CAPITULO 12;1;3;1;12;Que pedido um homem da multidão fez a Jesus sobre seu irmão? (Lucas 12:13);;
101164;LIVROS BÍBLICOS;6_Evangelhos;42_Lucas;CAPITULO 12;1;3;1;12;Contra que atitude Jesus advertiu antes da parábola do rico? (Lucas 12:15);;
101165;LIVROS BÍBLICOS;6_Evangelhos;42_Lucas;CAPITULO 12;1;3;1;12;Por que o homem rico decidiu construir celeiros maiores? (Lucas 12:16-18);;
101166;LIVROS BÍBLICOS;6_Evangelhos;42_Lucas;CAPITULO 12;1;3;1;12;Que plano o rico fez para sua alma depois de acumular bens? (Lucas 12:19);;
101167;LIVROS BÍBLICOS;6_Evangelhos;42_Lucas;CAPITULO 12;1;3;1;12;O que Deus disse que seria pedido ao rico naquela noite? (Lucas 12:20);;
101168;LIVROS BÍBLICOS;6_Evangelhos;42_Lucas;CAPITULO 12;1;3;1;12;Como Jesus descreveu quem ajunta tesouros para si, mas não é rico para com Deus? (Lucas 12:21);;
101169;LIVROS BÍBLICOS;6_Evangelhos;42_Lucas;CAPITULO 12;1;3;1;12;Que aves Jesus mandou observar como exemplo da provisão de Deus? (Lucas 12:24);;
101170;LIVROS BÍBLICOS;6_Evangelhos;42_Lucas;CAPITULO 12;1;3;1;12;Que flores Jesus comparou às vestes de Salomão? (Lucas 12:27);;
101171;LIVROS BÍBLICOS;6_Evangelhos;42_Lucas;CAPITULO 12;1;3;1;12;O que os discípulos deveriam buscar antes de tudo? (Lucas 12:31);;
101172;LIVROS BÍBLICOS;6_Evangelhos;42_Lucas;CAPITULO 12;1;3;1;12;Por que o pequenino rebanho não deveria ter medo? (Lucas 12:32);;
101173;LIVROS BÍBLICOS;6_Evangelhos;42_Lucas;CAPITULO 12;1;3;1;12;Onde está o coração de uma pessoa, segundo Jesus? (Lucas 12:34);;
101174;LIVROS BÍBLICOS;6_Evangelhos;42_Lucas;CAPITULO 12;1;3;1;12;Como os servos deveriam esperar a volta do senhor? (Lucas 12:35-36);;
101175;LIVROS BÍBLICOS;6_Evangelhos;42_Lucas;CAPITULO 12;1;3;1;12;Por que os discípulos deveriam estar preparados? (Lucas 12:40);;
101176;LIVROS BÍBLICOS;6_Evangelhos;42_Lucas;CAPITULO 12;1;3;1;12;Que responsabilidade tinha o mordomo fiel e prudente? (Lucas 12:42);;
101177;LIVROS BÍBLICOS;6_Evangelhos;42_Lucas;CAPITULO 12;1;3;1;12;O que aconteceria ao servo fiel encontrado cumprindo sua tarefa? (Lucas 12:43-44);;
101178;LIVROS BÍBLICOS;6_Evangelhos;42_Lucas;CAPITULO 12;1;3;1;12;Qual princípio Jesus ensinou sobre responsabilidade e privilégio? (Lucas 12:48);;
101179;LIVROS BÍBLICOS;6_Evangelhos;42_Lucas;CAPITULO 12;1;3;1;12;O que Jesus disse ter vindo lançar sobre a terra? (Lucas 12:49);;
101180;LIVROS BÍBLICOS;6_Evangelhos;42_Lucas;CAPITULO 12;1;3;1;12;Que efeito de divisão Jesus descreveu dentro de uma casa? (Lucas 12:51-53);;
101181;LIVROS BÍBLICOS;6_Evangelhos;42_Lucas;CAPITULO 12;1;3;1;12;Que sinais naturais o povo sabia interpretar? (Lucas 12:54-55);;
101182;LIVROS BÍBLICOS;6_Evangelhos;42_Lucas;CAPITULO 12;1;3;1;12;O que Jesus censurou nas multidões apesar de saberem interpretar o clima? (Lucas 12:56);;
101183;LIVROS BÍBLICOS;6_Evangelhos;42_Lucas;CAPITULO 12;1;3;1;12;O que alguém deveria procurar fazer com o adversário antes de chegar ao magistrado? (Lucas 12:58);;
101184;LIVROS BÍBLICOS;6_Evangelhos;42_Lucas;CAPITULO 13;1;3;1;13;Que autoridade romana foi mencionada no relato sobre galileus mortos enquanto ofereciam sacrifícios? (Lucas 13:1);;
101185;LIVROS BÍBLICOS;6_Evangelhos;42_Lucas;CAPITULO 13;1;3;1;13;Que conclusão Jesus rejeitou sobre os galileus que sofreram aquela morte? (Lucas 13:2-3);;
101186;LIVROS BÍBLICOS;6_Evangelhos;42_Lucas;CAPITULO 13;1;3;1;13;Quantas pessoas morreram quando a torre de Siloé caiu? (Lucas 13:4);;
101187;LIVROS BÍBLICOS;6_Evangelhos;42_Lucas;CAPITULO 13;1;3;1;13;Que advertência Jesus repetiu ao comentar as duas tragédias? (Lucas 13:3-5);;
101188;LIVROS BÍBLICOS;6_Evangelhos;42_Lucas;CAPITULO 13;1;3;1;13;Há quantos anos o dono procurava fruto na figueira da parábola? (Lucas 13:6-7);;
101189;LIVROS BÍBLICOS;6_Evangelhos;42_Lucas;CAPITULO 13;1;3;1;13;Que providências o cuidador propôs antes de cortar a figueira? (Lucas 13:8);;
101190;LIVROS BÍBLICOS;6_Evangelhos;42_Lucas;CAPITULO 13;1;3;1;13;Há quanto tempo a mulher curvada sofria com o espírito de enfermidade? (Lucas 13:11);;
101191;LIVROS BÍBLICOS;6_Evangelhos;42_Lucas;CAPITULO 13;1;3;1;13;O que aconteceu quando Jesus impôs as mãos sobre a mulher encurvada? (Lucas 13:12-13);;
101192;LIVROS BÍBLICOS;6_Evangelhos;42_Lucas;CAPITULO 13;1;3;1;13;Por que o chefe da sinagoga ficou indignado? (Lucas 13:14);;
101193;LIVROS BÍBLICOS;6_Evangelhos;42_Lucas;CAPITULO 13;1;3;1;13;Que exemplo de cuidado com animais Jesus citou para defender a cura no sábado? (Lucas 13:15);;
101194;LIVROS BÍBLICOS;6_Evangelhos;42_Lucas;CAPITULO 13;1;3;1;13;Como Jesus identificou a mulher libertada do cativeiro de Satanás? (Lucas 13:16);;
101195;LIVROS BÍBLICOS;6_Evangelhos;42_Lucas;CAPITULO 13;1;3;1;13;Como os adversários e o povo reagiram à resposta de Jesus? (Lucas 13:17);;
101196;LIVROS BÍBLICOS;6_Evangelhos;42_Lucas;CAPITULO 13;1;3;1;13;A que pequena semente Jesus comparou o Reino de Deus? (Lucas 13:18-19);;
101197;LIVROS BÍBLICOS;6_Evangelhos;42_Lucas;CAPITULO 13;1;3;1;13;Quantas medidas de farinha aparecem na comparação do Reino com o fermento? (Lucas 13:20-21);;
101198;LIVROS BÍBLICOS;6_Evangelhos;42_Lucas;CAPITULO 13;1;3;1;13;Para qual cidade Jesus caminhava enquanto ensinava por cidades e aldeias? (Lucas 13:22);;
101199;LIVROS BÍBLICOS;6_Evangelhos;42_Lucas;CAPITULO 13;1;3;1;13;Por qual porta Jesus disse que as pessoas deveriam esforçar-se para entrar? (Lucas 13:24);;
101200;LIVROS BÍBLICOS;6_Evangelhos;42_Lucas;CAPITULO 13;1;3;1;13;Quem seria visto no Reino enquanto outros seriam lançados fora? (Lucas 13:28);;
101201;LIVROS BÍBLICOS;6_Evangelhos;42_Lucas;CAPITULO 13;1;3;1;13;De quais direções viriam pessoas para tomar lugar à mesa no Reino de Deus? (Lucas 13:29);;
101202;LIVROS BÍBLICOS;6_Evangelhos;42_Lucas;CAPITULO 13;1;3;1;13;Que animal Jesus usou para referir-se a Herodes? (Lucas 13:32);;
101203;LIVROS BÍBLICOS;6_Evangelhos;42_Lucas;CAPITULO 13;1;3;1;13;Onde Jesus afirmou que normalmente se esperava a morte de um profeta? (Lucas 13:33);;
101204;LIVROS BÍBLICOS;6_Evangelhos;42_Lucas;CAPITULO 13;1;3;1;13;Com que ave Jesus comparou seu desejo de reunir os filhos de Jerusalém? (Lucas 13:34);;
101205;LIVROS BÍBLICOS;6_Evangelhos;42_Lucas;CAPITULO 13;1;3;1;13;Que declaração deveria ser feita antes que Jerusalém voltasse a ver Jesus? (Lucas 13:35);;
101206;LIVROS BÍBLICOS;6_Evangelhos;42_Lucas;CAPITULO 14;1;3;1;14;Em que dia Jesus entrou na casa de um dos principais fariseus para uma refeição? (Lucas 14:1);;
101207;LIVROS BÍBLICOS;6_Evangelhos;42_Lucas;CAPITULO 14;1;3;1;14;Qual enfermidade tinha o homem que estava diante de Jesus? (Lucas 14:2);;
101208;LIVROS BÍBLICOS;6_Evangelhos;42_Lucas;CAPITULO 14;1;3;1;14;Que pergunta Jesus fez aos intérpretes da Lei e fariseus antes da cura? (Lucas 14:3);;
101209;LIVROS BÍBLICOS;6_Evangelhos;42_Lucas;CAPITULO 14;1;3;1;14;Como os intérpretes da Lei e fariseus responderam à pergunta sobre curar no sábado? (Lucas 14:4);;
101210;LIVROS BÍBLICOS;6_Evangelhos;42_Lucas;CAPITULO 14;1;3;1;14;Que situações Jesus citou para mostrar uma ação imediata mesmo no sábado? (Lucas 14:5);;
101211;LIVROS BÍBLICOS;6_Evangelhos;42_Lucas;CAPITULO 14;1;3;1;14;O que Jesus observou no comportamento dos convidados da refeição? (Lucas 14:7);;
101212;LIVROS BÍBLICOS;6_Evangelhos;42_Lucas;CAPITULO 14;1;3;1;14;Onde Jesus aconselhou que o convidado se sentasse inicialmente? (Lucas 14:10);;
101213;LIVROS BÍBLICOS;6_Evangelhos;42_Lucas;CAPITULO 14;1;3;1;14;Que princípio Jesus apresentou sobre exaltação e humilhação? (Lucas 14:11);;
101214;LIVROS BÍBLICOS;6_Evangelhos;42_Lucas;CAPITULO 14;1;3;1;14;Quem deveria ser convidado para um banquete sem possibilidade de retribuição? (Lucas 14:13);;
101215;LIVROS BÍBLICOS;6_Evangelhos;42_Lucas;CAPITULO 14;1;3;1;14;Quando viria a recompensa por convidar os que não podiam retribuir? (Lucas 14:14);;
101216;LIVROS BÍBLICOS;6_Evangelhos;42_Lucas;CAPITULO 14;1;3;1;14;Que evento um homem realizou na parábola contada por Jesus? (Lucas 14:16);;
101217;LIVROS BÍBLICOS;6_Evangelhos;42_Lucas;CAPITULO 14;1;3;1;14;Qual foi a primeira desculpa apresentada por um convidado? (Lucas 14:18);;
101218;LIVROS BÍBLICOS;6_Evangelhos;42_Lucas;CAPITULO 14;1;3;1;14;Quantas juntas de bois o segundo convidado havia comprado? (Lucas 14:19);;
101219;LIVROS BÍBLICOS;6_Evangelhos;42_Lucas;CAPITULO 14;1;3;1;14;Que motivo o terceiro convidado apresentou para não ir à ceia? (Lucas 14:20);;
101220;LIVROS BÍBLICOS;6_Evangelhos;42_Lucas;CAPITULO 14;1;3;1;14;Quem o dono mandou trazer das ruas e becos da cidade? (Lucas 14:21);;
101221;LIVROS BÍBLICOS;6_Evangelhos;42_Lucas;CAPITULO 14;1;3;1;14;Por que o servo deveria ir também aos caminhos e atalhos? (Lucas 14:23);;
101222;LIVROS BÍBLICOS;6_Evangelhos;42_Lucas;CAPITULO 14;1;3;1;14;O que deve ser amado menos do que Jesus para alguém ser seu discípulo? (Lucas 14:26);;
101223;LIVROS BÍBLICOS;6_Evangelhos;42_Lucas;CAPITULO 14;1;3;1;14;O que deve ser tomado por quem deseja vir após Jesus? (Lucas 14:27);;
101224;LIVROS BÍBLICOS;6_Evangelhos;42_Lucas;CAPITULO 14;1;3;1;14;O que alguém deve calcular antes de construir uma torre? (Lucas 14:28);;
101225;LIVROS BÍBLICOS;6_Evangelhos;42_Lucas;CAPITULO 14;1;3;1;14;Que números de soldados aparecem na comparação dos dois reis? (Lucas 14:31);;
101226;LIVROS BÍBLICOS;6_Evangelhos;42_Lucas;CAPITULO 14;1;3;1;14;Que renúncia é apresentada como condição para ser discípulo? (Lucas 14:33);;
101227;LIVROS BÍBLICOS;6_Evangelhos;42_Lucas;CAPITULO 14;1;3;1;14;O que acontece ao sal que se torna insípido? (Lucas 14:34-35);;
101228;LIVROS BÍBLICOS;6_Evangelhos;42_Lucas;CAPITULO 15;1;3;1;15;Quem se aproximava de Jesus para ouvi-lo no início do capítulo? (Lucas 15:1);;
101229;LIVROS BÍBLICOS;6_Evangelhos;42_Lucas;CAPITULO 15;1;3;1;15;O que fariseus e escribas criticavam em Jesus? (Lucas 15:2);;
101230;LIVROS BÍBLICOS;6_Evangelhos;42_Lucas;CAPITULO 15;1;3;1;15;Quantas ovelhas possuía o homem da primeira parábola? (Lucas 15:4);;
101231;LIVROS BÍBLICOS;6_Evangelhos;42_Lucas;CAPITULO 15;1;3;1;15;Quantas ovelhas o homem deixou para procurar a perdida? (Lucas 15:4);;
101232;LIVROS BÍBLICOS;6_Evangelhos;42_Lucas;CAPITULO 15;1;3;1;15;Como o homem carregou a ovelha encontrada? (Lucas 15:5);;
101233;LIVROS BÍBLICOS;6_Evangelhos;42_Lucas;CAPITULO 15;1;3;1;15;Que comparação Jesus fez com a alegria no céu? (Lucas 15:7);;
101234;LIVROS BÍBLICOS;6_Evangelhos;42_Lucas;CAPITULO 15;1;3;1;15;Quantas dracmas possuía a mulher antes de perder uma? (Lucas 15:8);;
101235;LIVROS BÍBLICOS;6_Evangelhos;42_Lucas;CAPITULO 15;1;3;1;15;Que ações a mulher realizou para procurar a dracma? (Lucas 15:8);;
101236;LIVROS BÍBLICOS;6_Evangelhos;42_Lucas;CAPITULO 15;1;3;1;15;Diante de quem há alegria por um pecador que se arrepende? (Lucas 15:10);;
101237;LIVROS BÍBLICOS;6_Evangelhos;42_Lucas;CAPITULO 15;1;3;1;15;Quantos filhos tinha o homem da terceira parábola? (Lucas 15:11);;
101238;LIVROS BÍBLICOS;6_Evangelhos;42_Lucas;CAPITULO 15;1;3;1;15;O que o filho mais novo pediu ao pai? (Lucas 15:12);;
101239;LIVROS BÍBLICOS;6_Evangelhos;42_Lucas;CAPITULO 15;1;3;1;15;O que o filho mais novo fez numa terra distante? (Lucas 15:13);;
101240;LIVROS BÍBLICOS;6_Evangelhos;42_Lucas;CAPITULO 15;1;3;1;15;Que crise ocorreu depois que ele consumiu tudo? (Lucas 15:14);;
101241;LIVROS BÍBLICOS;6_Evangelhos;42_Lucas;CAPITULO 15;1;3;1;15;Que trabalho o cidadão daquela terra deu ao jovem? (Lucas 15:15);;
101242;LIVROS BÍBLICOS;6_Evangelhos;42_Lucas;CAPITULO 15;1;3;1;15;Com que alimento dos porcos o jovem desejava alimentar-se? (Lucas 15:16);;
101243;LIVROS BÍBLICOS;6_Evangelhos;42_Lucas;CAPITULO 15;1;3;1;15;Que decisão o jovem tomou ao cair em si? (Lucas 15:17-19);;
101244;LIVROS BÍBLICOS;6_Evangelhos;42_Lucas;CAPITULO 15;1;3;1;15;Como o pai reagiu ao avistar o filho ainda longe? (Lucas 15:20);;
101245;LIVROS BÍBLICOS;6_Evangelhos;42_Lucas;CAPITULO 15;1;3;1;15;Que itens o pai mandou colocar no filho que voltou? (Lucas 15:22);;
101246;LIVROS BÍBLICOS;6_Evangelhos;42_Lucas;CAPITULO 15;1;3;1;15;Por que o pai mandou fazer uma festa? (Lucas 15:23-24);;
101247;LIVROS BÍBLICOS;6_Evangelhos;42_Lucas;CAPITULO 15;1;3;1;15;Onde estava o filho mais velho quando a festa começou? (Lucas 15:25);;
101248;LIVROS BÍBLICOS;6_Evangelhos;42_Lucas;CAPITULO 15;1;3;1;15;Como o filho mais velho reagiu ao saber do retorno do irmão? (Lucas 15:28);;
101249;LIVROS BÍBLICOS;6_Evangelhos;42_Lucas;CAPITULO 15;1;3;1;15;O que o filho mais velho disse nunca ter recebido para festejar com amigos? (Lucas 15:29);;
101250;LIVROS BÍBLICOS;6_Evangelhos;42_Lucas;CAPITULO 15;1;3;1;15;Que segurança o pai deu ao filho mais velho? (Lucas 15:31);;
101251;LIVROS BÍBLICOS;6_Evangelhos;42_Lucas;CAPITULO 15;1;3;1;15;Por que era necessário festejar, segundo o pai? (Lucas 15:32);;
101252;LIVROS BÍBLICOS;6_Evangelhos;42_Lucas;CAPITULO 16;1;3;1;16;Qual acusação foi feita contra o administrador do homem rico? (Lucas 16:1);;
101253;LIVROS BÍBLICOS;6_Evangelhos;42_Lucas;CAPITULO 16;1;3;1;16;O que o patrão exigiu antes de demitir o administrador? (Lucas 16:2);;
101254;LIVROS BÍBLICOS;6_Evangelhos;42_Lucas;CAPITULO 16;1;3;1;16;Por que o administrador não queria mendigar? (Lucas 16:3);;
101255;LIVROS BÍBLICOS;6_Evangelhos;42_Lucas;CAPITULO 16;1;3;1;16;Quanto o devedor de cem barris de azeite deveria escrever na conta? (Lucas 16:5-6);;
101256;LIVROS BÍBLICOS;6_Evangelhos;42_Lucas;CAPITULO 16;1;3;1;16;Quanto o devedor de cem sacos de trigo deveria escrever? (Lucas 16:7);;
101257;LIVROS BÍBLICOS;6_Evangelhos;42_Lucas;CAPITULO 16;1;3;1;16;Por que o patrão elogiou o administrador infiel? (Lucas 16:8);;
101258;LIVROS BÍBLICOS;6_Evangelhos;42_Lucas;CAPITULO 16;1;3;1;16;Como Jesus recomendou usar a riqueza injusta? (Lucas 16:9);;
101259;LIVROS BÍBLICOS;6_Evangelhos;42_Lucas;CAPITULO 16;1;3;1;16;Que relação Jesus estabeleceu entre fidelidade no pouco e no muito? (Lucas 16:10);;
101260;LIVROS BÍBLICOS;6_Evangelhos;42_Lucas;CAPITULO 16;1;3;1;16;Quais dois senhores ninguém pode servir simultaneamente? (Lucas 16:13);;
101261;LIVROS BÍBLICOS;6_Evangelhos;42_Lucas;CAPITULO 16;1;3;1;16;Por que os fariseus zombavam do ensino de Jesus sobre riqueza? (Lucas 16:14);;
101262;LIVROS BÍBLICOS;6_Evangelhos;42_Lucas;CAPITULO 16;1;3;1;16;Quem conhece o coração daqueles que se justificam diante dos homens? (Lucas 16:15);;
101263;LIVROS BÍBLICOS;6_Evangelhos;42_Lucas;CAPITULO 16;1;3;1;16;Até quem duraram a Lei e os Profetas, segundo Jesus? (Lucas 16:16);;
101264;LIVROS BÍBLICOS;6_Evangelhos;42_Lucas;CAPITULO 16;1;3;1;16;O que é mais fácil do que cair um único sinal da Lei? (Lucas 16:17);;
101265;LIVROS BÍBLICOS;6_Evangelhos;42_Lucas;CAPITULO 16;1;3;1;16;Que roupa o homem rico usava? (Lucas 16:19);;
101266;LIVROS BÍBLICOS;6_Evangelhos;42_Lucas;CAPITULO 16;1;3;1;16;Qual era o nome do mendigo deitado à porta do rico? (Lucas 16:20);;
101267;LIVROS BÍBLICOS;6_Evangelhos;42_Lucas;CAPITULO 16;1;3;1;16;O que Lázaro desejava comer? (Lucas 16:21);;
101268;LIVROS BÍBLICOS;6_Evangelhos;42_Lucas;CAPITULO 16;1;3;1;16;Para onde Lázaro foi levado pelos anjos após morrer? (Lucas 16:22);;
101269;LIVROS BÍBLICOS;6_Evangelhos;42_Lucas;CAPITULO 16;1;3;1;16;O que o rico pediu que Lázaro fizesse por ele? (Lucas 16:24);;
101270;LIVROS BÍBLICOS;6_Evangelhos;42_Lucas;CAPITULO 16;1;3;1;16;Que barreira impedia a passagem entre o rico e Lázaro? (Lucas 16:26);;
101271;LIVROS BÍBLICOS;6_Evangelhos;42_Lucas;CAPITULO 16;1;3;1;16;Quantos irmãos o rico disse ter na casa do pai? (Lucas 16:28);;
101272;LIVROS BÍBLICOS;6_Evangelhos;42_Lucas;CAPITULO 16;1;3;1;16;A quem Abraão disse que os irmãos do rico deveriam ouvir? (Lucas 16:29);;
101273;LIVROS BÍBLICOS;6_Evangelhos;42_Lucas;CAPITULO 16;1;3;1;16;O que Abraão afirmou sobre quem não ouve Moisés e os Profetas? (Lucas 16:31);;
101274;LIVROS BÍBLICOS;6_Evangelhos;42_Lucas;CAPITULO 17;1;3;1;17;Segundo Jesus, o que é inevitável que exista, embora haja um ‘ai’ contra quem seja responsável por isso? (Lucas 17:1);;
101275;LIVROS BÍBLICOS;6_Evangelhos;42_Lucas;CAPITULO 17;1;3;1;17;Que destino Jesus disse ser preferível para quem fizesse tropeçar um dos pequeninos? (Lucas 17:2);;
101276;LIVROS BÍBLICOS;6_Evangelhos;42_Lucas;CAPITULO 17;1;3;1;17;Como o discípulo deveria agir se seu irmão pecasse e depois se arrependesse? (Lucas 17:3);;
101277;LIVROS BÍBLICOS;6_Evangelhos;42_Lucas;CAPITULO 17;1;3;1;17;Quantas vezes num mesmo dia Jesus disse que o irmão arrependido deveria ser perdoado? (Lucas 17:4);;
101278;LIVROS BÍBLICOS;6_Evangelhos;42_Lucas;CAPITULO 17;1;3;1;17;Que pedido os apóstolos fizeram ao Senhor após o ensino sobre perdão? (Lucas 17:5);;
101279;LIVROS BÍBLICOS;6_Evangelhos;42_Lucas;CAPITULO 17;1;3;1;17;A que Jesus comparou a fé capaz de ordenar que uma amoreira se arrancasse e se transplantasse no mar? (Lucas 17:6);;
101280;LIVROS BÍBLICOS;6_Evangelhos;42_Lucas;CAPITULO 17;1;3;1;17;Na ilustração do servo que volta do campo, que ordem o senhor dá antes de permitir que o servo coma? (Lucas 17:7-8);;
101281;LIVROS BÍBLICOS;6_Evangelhos;42_Lucas;CAPITULO 17;1;3;1;17;Como os discípulos deveriam se considerar depois de fazer tudo o que lhes fosse ordenado? (Lucas 17:10);;
101282;LIVROS BÍBLICOS;6_Evangelhos;42_Lucas;CAPITULO 17;1;3;1;17;Por qual região Jesus passava ao seguir para Jerusalém? (Lucas 17:11);;
101283;LIVROS BÍBLICOS;6_Evangelhos;42_Lucas;CAPITULO 17;1;3;1;17;Quantos leprosos saíram ao encontro de Jesus quando ele entrava numa aldeia? (Lucas 17:12);;
101284;LIVROS BÍBLICOS;6_Evangelhos;42_Lucas;CAPITULO 17;1;3;1;17;Por que os dez leprosos permaneceram de longe ao clamar por Jesus? (Lucas 17:12-13);;
101285;LIVROS BÍBLICOS;6_Evangelhos;42_Lucas;CAPITULO 17;1;3;1;17;Com que título os leprosos chamaram Jesus ao pedir compaixão? (Lucas 17:13);;
101286;LIVROS BÍBLICOS;6_Evangelhos;42_Lucas;CAPITULO 17;1;3;1;17;A quem Jesus mandou que os dez leprosos se apresentassem? (Lucas 17:14);;
101287;LIVROS BÍBLICOS;6_Evangelhos;42_Lucas;CAPITULO 17;1;3;1;17;Em que momento os dez leprosos foram purificados? (Lucas 17:14);;
101288;LIVROS BÍBLICOS;6_Evangelhos;42_Lucas;CAPITULO 17;1;3;1;17;Como um dos homens curados reagiu ao perceber que estava purificado? (Lucas 17:15-16);;
101289;LIVROS BÍBLICOS;6_Evangelhos;42_Lucas;CAPITULO 17;1;3;1;17;Qual era a origem do único leproso curado que voltou para agradecer? (Lucas 17:16);;
101290;LIVROS BÍBLICOS;6_Evangelhos;42_Lucas;CAPITULO 17;1;3;1;17;Que pergunta Jesus fez a respeito dos demais homens purificados? (Lucas 17:17);;
101291;LIVROS BÍBLICOS;6_Evangelhos;42_Lucas;CAPITULO 17;1;3;1;17;Como Jesus se referiu ao samaritano que voltou para dar glória a Deus? (Lucas 17:18);;
101292;LIVROS BÍBLICOS;6_Evangelhos;42_Lucas;CAPITULO 17;1;3;1;17;Que declaração Jesus fez ao samaritano curado antes de mandá-lo seguir? (Lucas 17:19);;
101293;LIVROS BÍBLICOS;6_Evangelhos;42_Lucas;CAPITULO 17;1;3;1;17;Como Jesus disse que o Reino de Deus não viria? (Lucas 17:20);;
101294;LIVROS BÍBLICOS;6_Evangelhos;42_Lucas;CAPITULO 17;1;3;1;17;Onde Jesus declarou que o Reino de Deus estava, ao responder aos fariseus? (Lucas 17:21);;
101295;LIVROS BÍBLICOS;6_Evangelhos;42_Lucas;CAPITULO 17;1;3;1;17;A que fenômeno Jesus comparou a manifestação do Filho do Homem em seu dia? (Lucas 17:24);;
101296;LIVROS BÍBLICOS;6_Evangelhos;42_Lucas;CAPITULO 17;1;3;1;17;O que deveria acontecer primeiro ao Filho do Homem antes de sua manifestação? (Lucas 17:25);;
101297;LIVROS BÍBLICOS;6_Evangelhos;42_Lucas;CAPITULO 17;1;3;1;17;Que atividades comuns continuavam nos dias de Noé até a chegada do dilúvio? (Lucas 17:26-27);;
101298;LIVROS BÍBLICOS;6_Evangelhos;42_Lucas;CAPITULO 17;1;3;1;17;O que caiu do céu no dia em que Ló saiu de Sodoma? (Lucas 17:28-29);;
101299;LIVROS BÍBLICOS;6_Evangelhos;42_Lucas;CAPITULO 17;1;3;1;17;Que pessoa Jesus ordenou aos discípulos que lembrassem ao falar sobre não voltar atrás? (Lucas 17:32);;
101300;LIVROS BÍBLICOS;6_Evangelhos;42_Lucas;CAPITULO 17;1;3;1;17;O que acontecerá, segundo Jesus, com quem tentar preservar a própria vida? (Lucas 17:33);;
101301;LIVROS BÍBLICOS;6_Evangelhos;42_Lucas;CAPITULO 17;1;3;1;17;Que imagem Jesus usou para responder onde ocorreriam os acontecimentos anunciados? (Lucas 17:37);;
101302;LIVROS BÍBLICOS;6_Evangelhos;42_Lucas;CAPITULO 18;1;3;1;18;Com que propósito Jesus contou a parábola do juiz iníquo? (Lucas 18:1);;
101303;LIVROS BÍBLICOS;6_Evangelhos;42_Lucas;CAPITULO 18;1;3;1;18;Como era descrito o juiz da parábola contada por Jesus? (Lucas 18:2);;
101304;LIVROS BÍBLICOS;6_Evangelhos;42_Lucas;CAPITULO 18;1;3;1;18;Que pedido a viúva fazia repetidamente ao juiz? (Lucas 18:3);;
101305;LIVROS BÍBLICOS;6_Evangelhos;42_Lucas;CAPITULO 18;1;3;1;18;Por que o juiz decidiu finalmente atender a viúva? (Lucas 18:4-5);;
101306;LIVROS BÍBLICOS;6_Evangelhos;42_Lucas;CAPITULO 18;1;3;1;18;A quem Jesus disse que Deus fará justiça, ainda que pareça demorado em defendê-los? (Lucas 18:7);;
101307;LIVROS BÍBLICOS;6_Evangelhos;42_Lucas;CAPITULO 18;1;3;1;18;Que pergunta Jesus fez sobre a situação da fé quando o Filho do Homem vier? (Lucas 18:8);;
101308;LIVROS BÍBLICOS;6_Evangelhos;42_Lucas;CAPITULO 18;1;3;1;18;Para que tipo de pessoas Jesus contou a parábola do fariseu e do publicano? (Lucas 18:9);;
101309;LIVROS BÍBLICOS;6_Evangelhos;42_Lucas;CAPITULO 18;1;3;1;18;Quais dois homens foram ao templo para orar na parábola? (Lucas 18:10);;
101310;LIVROS BÍBLICOS;6_Evangelhos;42_Lucas;CAPITULO 18;1;3;1;18;De quais pessoas o fariseu agradeceu a Deus por não ser semelhante? (Lucas 18:11);;
101311;LIVROS BÍBLICOS;6_Evangelhos;42_Lucas;CAPITULO 18;1;3;1;18;Com que frequência o fariseu dizia jejuar? (Lucas 18:12);;
101312;LIVROS BÍBLICOS;6_Evangelhos;42_Lucas;CAPITULO 18;1;3;1;18;Como o publicano orava no templo? (Lucas 18:13);;
101313;LIVROS BÍBLICOS;6_Evangelhos;42_Lucas;CAPITULO 18;1;3;1;18;Qual dos dois homens voltou justificado para casa? (Lucas 18:14);;
101314;LIVROS BÍBLICOS;6_Evangelhos;42_Lucas;CAPITULO 18;1;3;1;18;Que princípio Jesus apresentou ao concluir a parábola do fariseu e do publicano? (Lucas 18:14);;
101315;LIVROS BÍBLICOS;6_Evangelhos;42_Lucas;CAPITULO 18;1;3;1;18;Por que as pessoas traziam crianças a Jesus? (Lucas 18:15);;
101316;LIVROS BÍBLICOS;6_Evangelhos;42_Lucas;CAPITULO 18;1;3;1;18;Como os discípulos reagiram quando viram as crianças sendo levadas a Jesus? (Lucas 18:15);;
101317;LIVROS BÍBLICOS;6_Evangelhos;42_Lucas;CAPITULO 18;1;3;1;18;De quem Jesus disse ser o Reino de Deus? (Lucas 18:16);;
101318;LIVROS BÍBLICOS;6_Evangelhos;42_Lucas;CAPITULO 18;1;3;1;18;Como uma pessoa deve receber o Reino de Deus para entrar nele? (Lucas 18:17);;
101319;LIVROS BÍBLICOS;6_Evangelhos;42_Lucas;CAPITULO 18;1;3;1;18;Que pergunta um homem de destaque fez a Jesus? (Lucas 18:18);;
101320;LIVROS BÍBLICOS;6_Evangelhos;42_Lucas;CAPITULO 18;1;3;1;18;Quem Jesus afirmou ser o único verdadeiramente bom? (Lucas 18:19);;
101321;LIVROS BÍBLICOS;6_Evangelhos;42_Lucas;CAPITULO 18;1;3;1;18;Qual conjunto de mandamentos Jesus citou ao homem de destaque? (Lucas 18:20);;
101322;LIVROS BÍBLICOS;6_Evangelhos;42_Lucas;CAPITULO 18;1;3;1;18;Desde quando o homem afirmou observar os mandamentos mencionados por Jesus? (Lucas 18:21);;
101323;LIVROS BÍBLICOS;6_Evangelhos;42_Lucas;CAPITULO 18;1;3;1;18;Que coisa ainda faltava ao homem rico, segundo Jesus? (Lucas 18:22);;
101324;LIVROS BÍBLICOS;6_Evangelhos;42_Lucas;CAPITULO 18;1;3;1;18;Por que o homem ficou muito triste ao ouvir a orientação de Jesus? (Lucas 18:23);;
101325;LIVROS BÍBLICOS;6_Evangelhos;42_Lucas;CAPITULO 18;1;3;1;18;Que comparação Jesus usou para mostrar a dificuldade de um rico entrar no Reino de Deus? (Lucas 18:24-25);;
101326;LIVROS BÍBLICOS;6_Evangelhos;42_Lucas;CAPITULO 18;1;3;1;18;O que Jesus respondeu quando perguntaram quem poderia ser salvo? (Lucas 18:26-27);;
101327;LIVROS BÍBLICOS;6_Evangelhos;42_Lucas;CAPITULO 18;1;3;1;18;Que recompensa Jesus prometeu a quem deixasse relações e bens por causa do Reino de Deus? (Lucas 18:29-30);;
101328;LIVROS BÍBLICOS;6_Evangelhos;42_Lucas;CAPITULO 18;1;3;1;18;Para qual cidade Jesus disse que ele e os doze estavam subindo? (Lucas 18:31);;
101329;LIVROS BÍBLICOS;6_Evangelhos;42_Lucas;CAPITULO 18;1;3;1;18;O que Jesus anunciou que aconteceria ao Filho do Homem depois de ser entregue aos gentios? (Lucas 18:32-33);;
101330;LIVROS BÍBLICOS;6_Evangelhos;42_Lucas;CAPITULO 18;1;3;1;18;Em que situação estava o cego quando Jesus se aproximava de Jericó? (Lucas 18:35);;
101331;LIVROS BÍBLICOS;6_Evangelhos;42_Lucas;CAPITULO 18;1;3;1;18;Que título o cego usou ao clamar por Jesus? (Lucas 18:38);;
101332;LIVROS BÍBLICOS;6_Evangelhos;42_Lucas;CAPITULO 18;1;3;1;18;O que o cego pediu quando Jesus perguntou o que queria? (Lucas 18:41);;
101333;LIVROS BÍBLICOS;6_Evangelhos;42_Lucas;CAPITULO 18;1;3;1;18;Como o cego e o povo reagiram após a cura? (Lucas 18:42-43);;
101334;LIVROS BÍBLICOS;6_Evangelhos;42_Lucas;CAPITULO 19;1;3;1;19;Em que cidade Jesus estava quando encontrou Zaqueu? (Lucas 19:1);;
101335;LIVROS BÍBLICOS;6_Evangelhos;42_Lucas;CAPITULO 19;1;3;1;19;Que duas características Lucas apresenta sobre Zaqueu? (Lucas 19:2);;
101336;LIVROS BÍBLICOS;6_Evangelhos;42_Lucas;CAPITULO 19;1;3;1;19;Por que Zaqueu não conseguia ver Jesus por entre a multidão? (Lucas 19:3);;
101337;LIVROS BÍBLICOS;6_Evangelhos;42_Lucas;CAPITULO 19;1;3;1;19;Em que tipo de árvore Zaqueu subiu para ver Jesus? (Lucas 19:4);;
101338;LIVROS BÍBLICOS;6_Evangelhos;42_Lucas;CAPITULO 19;1;3;1;19;Que necessidade Jesus declarou ter ao chamar Zaqueu? (Lucas 19:5);;
101339;LIVROS BÍBLICOS;6_Evangelhos;42_Lucas;CAPITULO 19;1;3;1;19;Como Zaqueu recebeu Jesus em sua casa? (Lucas 19:6);;
101340;LIVROS BÍBLICOS;6_Evangelhos;42_Lucas;CAPITULO 19;1;3;1;19;Por que as pessoas murmuravam ao ver Jesus com Zaqueu? (Lucas 19:7);;
101341;LIVROS BÍBLICOS;6_Evangelhos;42_Lucas;CAPITULO 19;1;3;1;19;Que parte dos seus bens Zaqueu prometeu dar aos pobres? (Lucas 19:8);;
101342;LIVROS BÍBLICOS;6_Evangelhos;42_Lucas;CAPITULO 19;1;3;1;19;Quanto Zaqueu prometeu restituir caso tivesse extorquido alguém? (Lucas 19:8);;
101343;LIVROS BÍBLICOS;6_Evangelhos;42_Lucas;CAPITULO 19;1;3;1;19;Que declaração Jesus fez a respeito da casa de Zaqueu? (Lucas 19:9);;
101344;LIVROS BÍBLICOS;6_Evangelhos;42_Lucas;CAPITULO 19;1;3;1;19;Qual missão do Filho do Homem Jesus afirmou ao falar com Zaqueu? (Lucas 19:10);;
101345;LIVROS BÍBLICOS;6_Evangelhos;42_Lucas;CAPITULO 19;1;3;1;19;Por que Jesus contou a parábola das dez minas quando estava perto de Jerusalém? (Lucas 19:11);;
101346;LIVROS BÍBLICOS;6_Evangelhos;42_Lucas;CAPITULO 19;1;3;1;19;Para que o homem nobre partiu para uma terra distante? (Lucas 19:12);;
101347;LIVROS BÍBLICOS;6_Evangelhos;42_Lucas;CAPITULO 19;1;3;1;19;Quantos servos foram chamados e quantas minas lhes foram confiadas? (Lucas 19:13);;
101348;LIVROS BÍBLICOS;6_Evangelhos;42_Lucas;CAPITULO 19;1;3;1;19;Que ordem o homem nobre deu aos servos sobre as minas? (Lucas 19:13);;
101349;LIVROS BÍBLICOS;6_Evangelhos;42_Lucas;CAPITULO 19;1;3;1;19;Como os concidadãos reagiram à possibilidade de o homem nobre reinar sobre eles? (Lucas 19:14);;
101350;LIVROS BÍBLICOS;6_Evangelhos;42_Lucas;CAPITULO 19;1;3;1;19;Quanto rendeu a mina do primeiro servo? (Lucas 19:16);;
101351;LIVROS BÍBLICOS;6_Evangelhos;42_Lucas;CAPITULO 19;1;3;1;19;Que autoridade o primeiro servo recebeu por ser fiel no pouco? (Lucas 19:17);;
101352;LIVROS BÍBLICOS;6_Evangelhos;42_Lucas;CAPITULO 19;1;3;1;19;Quanto rendeu a mina do segundo servo? (Lucas 19:18);;
101353;LIVROS BÍBLICOS;6_Evangelhos;42_Lucas;CAPITULO 19;1;3;1;19;Onde o terceiro servo disse ter guardado a mina? (Lucas 19:20);;
101354;LIVROS BÍBLICOS;6_Evangelhos;42_Lucas;CAPITULO 19;1;3;1;19;Por que o terceiro servo afirmou ter guardado a mina sem negociar? (Lucas 19:21);;
101355;LIVROS BÍBLICOS;6_Evangelhos;42_Lucas;CAPITULO 19;1;3;1;19;Que alternativa o senhor disse que o servo deveria ter usado para ao menos obter juros? (Lucas 19:23);;
101356;LIVROS BÍBLICOS;6_Evangelhos;42_Lucas;CAPITULO 19;1;3;1;19;A quem foi entregue a mina tirada do servo que a guardou? (Lucas 19:24);;
101357;LIVROS BÍBLICOS;6_Evangelhos;42_Lucas;CAPITULO 19;1;3;1;19;Que princípio o senhor apresentou ao explicar a distribuição das minas? (Lucas 19:26);;
101358;LIVROS BÍBLICOS;6_Evangelhos;42_Lucas;CAPITULO 19;1;3;1;19;Quantos discípulos Jesus enviou para buscar o jumentinho? (Lucas 19:29);;
101359;LIVROS BÍBLICOS;6_Evangelhos;42_Lucas;CAPITULO 19;1;3;1;19;Que característica tinha o jumentinho indicado por Jesus? (Lucas 19:30);;
101360;LIVROS BÍBLICOS;6_Evangelhos;42_Lucas;CAPITULO 19;1;3;1;19;Que resposta os discípulos deveriam dar se fossem questionados ao desprender o jumentinho? (Lucas 19:31);;
101361;LIVROS BÍBLICOS;6_Evangelhos;42_Lucas;CAPITULO 19;1;3;1;19;O que as pessoas colocavam no caminho enquanto Jesus avançava montado? (Lucas 19:35-36);;
101362;LIVROS BÍBLICOS;6_Evangelhos;42_Lucas;CAPITULO 19;1;3;1;19;Por que a multidão dos discípulos louvava a Deus em alta voz? (Lucas 19:37);;
101363;LIVROS BÍBLICOS;6_Evangelhos;42_Lucas;CAPITULO 19;1;3;1;19;O que Jesus disse que aconteceria se seus discípulos se calassem? (Lucas 19:39-40);;
101364;LIVROS BÍBLICOS;6_Evangelhos;42_Lucas;CAPITULO 19;1;3;1;19;Por que Jesus chorou ao aproximar-se de Jerusalém? (Lucas 19:41-44);;
101365;LIVROS BÍBLICOS;6_Evangelhos;42_Lucas;CAPITULO 19;1;3;1;19;Como Jesus definiu a finalidade da casa de Deus ao expulsar os vendedores do templo? (Lucas 19:45-46);;
101366;LIVROS BÍBLICOS;6_Evangelhos;42_Lucas;CAPITULO 19;1;3;1;19;Por que os líderes não encontravam forma de tirar a vida de Jesus enquanto ele ensinava no templo? (Lucas 19:47-48);;
101367;LIVROS BÍBLICOS;6_Evangelhos;42_Lucas;CAPITULO 20;1;3;1;20;O que Jesus fazia no templo quando os principais sacerdotes, escribas e anciãos se aproximaram? (Lucas 20:1);;
101368;LIVROS BÍBLICOS;6_Evangelhos;42_Lucas;CAPITULO 20;1;3;1;20;Que pergunta os líderes fizeram a Jesus sobre suas ações? (Lucas 20:2);;
101369;LIVROS BÍBLICOS;6_Evangelhos;42_Lucas;CAPITULO 20;1;3;1;20;Que questão Jesus apresentou em resposta aos líderes? (Lucas 20:3-4);;
101370;LIVROS BÍBLICOS;6_Evangelhos;42_Lucas;CAPITULO 20;1;3;1;20;Por que os líderes temiam responder que o batismo de João era dos homens? (Lucas 20:5-6);;
101371;LIVROS BÍBLICOS;6_Evangelhos;42_Lucas;CAPITULO 20;1;3;1;20;Que resposta os líderes deram sobre a origem do batismo de João? (Lucas 20:7);;
101372;LIVROS BÍBLICOS;6_Evangelhos;42_Lucas;CAPITULO 20;1;3;1;20;Na parábola dos lavradores maus, o que o dono fez com a vinha antes de viajar? (Lucas 20:9);;
101373;LIVROS BÍBLICOS;6_Evangelhos;42_Lucas;CAPITULO 20;1;3;1;20;O que os lavradores fizeram com o primeiro servo enviado para receber do fruto da vinha? (Lucas 20:10);;
101374;LIVROS BÍBLICOS;6_Evangelhos;42_Lucas;CAPITULO 20;1;3;1;20;Como os lavradores trataram o segundo servo? (Lucas 20:11);;
101375;LIVROS BÍBLICOS;6_Evangelhos;42_Lucas;CAPITULO 20;1;3;1;20;O que aconteceu ao terceiro servo enviado pelo dono da vinha? (Lucas 20:12);;
101376;LIVROS BÍBLICOS;6_Evangelhos;42_Lucas;CAPITULO 20;1;3;1;20;Quem o dono decidiu enviar por último, esperando que fosse respeitado? (Lucas 20:13);;
101377;LIVROS BÍBLICOS;6_Evangelhos;42_Lucas;CAPITULO 20;1;3;1;20;Por que os lavradores decidiram matar o filho do dono? (Lucas 20:14);;
101378;LIVROS BÍBLICOS;6_Evangelhos;42_Lucas;CAPITULO 20;1;3;1;20;Que destino o dono daria aos lavradores maus? (Lucas 20:15-16);;
101379;LIVROS BÍBLICOS;6_Evangelhos;42_Lucas;CAPITULO 20;1;3;1;20;Que função recebeu a pedra rejeitada pelos construtores? (Lucas 20:17);;
101380;LIVROS BÍBLICOS;6_Evangelhos;42_Lucas;CAPITULO 20;1;3;1;20;Por que os escribas e principais sacerdotes queriam prender Jesus naquela hora? (Lucas 20:19);;
101381;LIVROS BÍBLICOS;6_Evangelhos;42_Lucas;CAPITULO 20;1;3;1;20;Com que propósito os líderes enviaram espiões que fingiam ser justos? (Lucas 20:20);;
101382;LIVROS BÍBLICOS;6_Evangelhos;42_Lucas;CAPITULO 20;1;3;1;20;Que objeto Jesus pediu que lhe mostrassem ao responder sobre o imposto? (Lucas 20:24);;
101383;LIVROS BÍBLICOS;6_Evangelhos;42_Lucas;CAPITULO 20;1;3;1;20;De quem eram a figura e a inscrição no denário mostrado a Jesus? (Lucas 20:24);;
101384;LIVROS BÍBLICOS;6_Evangelhos;42_Lucas;CAPITULO 20;1;3;1;20;Como Jesus respondeu à questão sobre pagar imposto a César? (Lucas 20:25);;
101385;LIVROS BÍBLICOS;6_Evangelhos;42_Lucas;CAPITULO 20;1;3;1;20;Qual ensino os saduceus negavam? (Lucas 20:27);;
101386;LIVROS BÍBLICOS;6_Evangelhos;42_Lucas;CAPITULO 20;1;3;1;20;Quantos irmãos aparecem no caso apresentado pelos saduceus? (Lucas 20:29);;
101387;LIVROS BÍBLICOS;6_Evangelhos;42_Lucas;CAPITULO 20;1;3;1;20;O que aconteceu com os sete irmãos do exemplo dos saduceus? (Lucas 20:29-32);;
101388;LIVROS BÍBLICOS;6_Evangelhos;42_Lucas;CAPITULO 20;1;3;1;20;O que Jesus disse sobre casamento entre os que alcançam a era vindoura e a ressurreição? (Lucas 20:34-35);;
101389;LIVROS BÍBLICOS;6_Evangelhos;42_Lucas;CAPITULO 20;1;3;1;20;Por que os ressuscitados não podem mais morrer, segundo Jesus? (Lucas 20:36);;
101390;LIVROS BÍBLICOS;6_Evangelhos;42_Lucas;CAPITULO 20;1;3;1;20;Em que trecho de Moisés Jesus encontrou indicação da ressurreição dos mortos? (Lucas 20:37);;
101391;LIVROS BÍBLICOS;6_Evangelhos;42_Lucas;CAPITULO 20;1;3;1;20;Como Deus é chamado no argumento de Jesus sobre Abraão, Isaque e Jacó? (Lucas 20:37-38);;
101392;LIVROS BÍBLICOS;6_Evangelhos;42_Lucas;CAPITULO 20;1;3;1;20;Como alguns escribas reagiram à resposta de Jesus aos saduceus? (Lucas 20:39);;
101393;LIVROS BÍBLICOS;6_Evangelhos;42_Lucas;CAPITULO 20;1;3;1;20;Que pergunta Jesus fez sobre a relação entre o Cristo e Davi? (Lucas 20:41-44);;
101394;LIVROS BÍBLICOS;6_Evangelhos;42_Lucas;CAPITULO 20;1;3;1;20;Onde o Senhor do Salmo citado deveria sentar-se? (Lucas 20:42-43);;
101395;LIVROS BÍBLICOS;6_Evangelhos;42_Lucas;CAPITULO 20;1;3;1;20;De quais preferências públicas dos escribas Jesus advertiu os discípulos? (Lucas 20:45-46);;
101396;LIVROS BÍBLICOS;6_Evangelhos;42_Lucas;CAPITULO 20;1;3;1;20;Que injustiça Jesus atribuiu aos escribas, apesar de fazerem longas orações? (Lucas 20:47);;
101397;LIVROS BÍBLICOS;6_Evangelhos;42_Lucas;CAPITULO 21;1;3;1;21;O que Jesus observava quando viu ricos e uma viúva depositando ofertas? (Lucas 21:1-2);;
101398;LIVROS BÍBLICOS;6_Evangelhos;42_Lucas;CAPITULO 21;1;3;1;21;Quantas pequenas moedas a viúva pobre colocou na oferta? (Lucas 21:2);;
101399;LIVROS BÍBLICOS;6_Evangelhos;42_Lucas;CAPITULO 21;1;3;1;21;Por que Jesus declarou que a viúva havia dado mais do que todos? (Lucas 21:3-4);;
101400;LIVROS BÍBLICOS;6_Evangelhos;42_Lucas;CAPITULO 21;1;3;1;21;O que alguns admiravam na aparência do templo? (Lucas 21:5);;
101401;LIVROS BÍBLICOS;6_Evangelhos;42_Lucas;CAPITULO 21;1;3;1;21;O que Jesus anunciou sobre as pedras do templo? (Lucas 21:6);;
101402;LIVROS BÍBLICOS;6_Evangelhos;42_Lucas;CAPITULO 21;1;3;1;21;Que duas coisas perguntaram a Jesus depois do anúncio sobre o templo? (Lucas 21:7);;
101403;LIVROS BÍBLICOS;6_Evangelhos;42_Lucas;CAPITULO 21;1;3;1;21;Que alerta Jesus deu a respeito de pessoas que viriam em seu nome? (Lucas 21:8);;
101404;LIVROS BÍBLICOS;6_Evangelhos;42_Lucas;CAPITULO 21;1;3;1;21;Como os discípulos deveriam reagir ao ouvir falar de guerras e revoluções? (Lucas 21:9);;
101405;LIVROS BÍBLICOS;6_Evangelhos;42_Lucas;CAPITULO 21;1;3;1;21;Que conflitos Jesus anunciou entre povos e governos? (Lucas 21:10);;
101406;LIVROS BÍBLICOS;6_Evangelhos;42_Lucas;CAPITULO 21;1;3;1;21;Que calamidades e sinais Jesus mencionou? (Lucas 21:11);;
101407;LIVROS BÍBLICOS;6_Evangelhos;42_Lucas;CAPITULO 21;1;3;1;21;Por que os discípulos seriam levados a reis e governadores? (Lucas 21:12);;
101408;LIVROS BÍBLICOS;6_Evangelhos;42_Lucas;CAPITULO 21;1;3;1;21;Que oportunidade surgiria por meio das perseguições? (Lucas 21:13);;
101409;LIVROS BÍBLICOS;6_Evangelhos;42_Lucas;CAPITULO 21;1;3;1;21;Por que os discípulos não deveriam preparar antecipadamente sua defesa? (Lucas 21:14-15);;
101410;LIVROS BÍBLICOS;6_Evangelhos;42_Lucas;CAPITULO 21;1;3;1;21;Por quem alguns discípulos seriam entregues, segundo Jesus? (Lucas 21:16);;
101411;LIVROS BÍBLICOS;6_Evangelhos;42_Lucas;CAPITULO 21;1;3;1;21;Por que os discípulos seriam odiados por todos? (Lucas 21:17);;
101412;LIVROS BÍBLICOS;6_Evangelhos;42_Lucas;CAPITULO 21;1;3;1;21;Por meio de que atitude os discípulos ganhariam a alma? (Lucas 21:19);;
101413;LIVROS BÍBLICOS;6_Evangelhos;42_Lucas;CAPITULO 21;1;3;1;21;Que sinal indicaria que a devastação de Jerusalém estava próxima? (Lucas 21:20);;
101414;LIVROS BÍBLICOS;6_Evangelhos;42_Lucas;CAPITULO 21;1;3;1;21;O que deveriam fazer os que estivessem na Judeia quando Jerusalém fosse sitiada? (Lucas 21:21);;
101415;LIVROS BÍBLICOS;6_Evangelhos;42_Lucas;CAPITULO 21;1;3;1;21;Até quando Jerusalém seria pisada pelos gentios? (Lucas 21:24);;
101416;LIVROS BÍBLICOS;6_Evangelhos;42_Lucas;CAPITULO 21;1;3;1;21;Em quais astros Jesus disse que haveria sinais? (Lucas 21:25);;
101417;LIVROS BÍBLICOS;6_Evangelhos;42_Lucas;CAPITULO 21;1;3;1;21;Como o Filho do Homem seria visto vindo? (Lucas 21:27);;
101418;LIVROS BÍBLICOS;6_Evangelhos;42_Lucas;CAPITULO 21;1;3;1;21;Que postura os discípulos deveriam adotar quando os sinais começassem a acontecer? (Lucas 21:28);;
101419;LIVROS BÍBLICOS;6_Evangelhos;42_Lucas;CAPITULO 21;1;3;1;21;O que o brotar da figueira e das árvores permite reconhecer? (Lucas 21:29-30);;
101420;LIVROS BÍBLICOS;6_Evangelhos;42_Lucas;CAPITULO 21;1;3;1;21;O que os discípulos deveriam saber ao ver os acontecimentos anunciados? (Lucas 21:31);;
101421;LIVROS BÍBLICOS;6_Evangelhos;42_Lucas;CAPITULO 21;1;3;1;21;O que Jesus afirmou que passaria, enquanto suas palavras não passariam? (Lucas 21:33);;
101422;LIVROS BÍBLICOS;6_Evangelhos;42_Lucas;CAPITULO 21;1;3;1;21;Quais coisas poderiam sobrecarregar o coração e fazer o dia chegar de surpresa? (Lucas 21:34);;
101423;LIVROS BÍBLICOS;6_Evangelhos;42_Lucas;CAPITULO 21;1;3;1;21;Que duas práticas Jesus ordenou para que os discípulos estivessem preparados? (Lucas 21:36);;
101424;LIVROS BÍBLICOS;6_Evangelhos;42_Lucas;CAPITULO 21;1;3;1;21;Qual era a rotina de Jesus nos últimos versículos do capítulo? (Lucas 21:37-38);;
101425;LIVROS BÍBLICOS;6_Evangelhos;42_Lucas;CAPITULO 22;1;3;1;22;Qual festa estava próxima quando os principais sacerdotes e escribas procuravam matar Jesus? (Lucas 22:1-2);;
101426;LIVROS BÍBLICOS;6_Evangelhos;42_Lucas;CAPITULO 22;1;3;1;22;Por que os principais sacerdotes e escribas buscavam uma forma discreta de matar Jesus? (Lucas 22:2);;
101427;LIVROS BÍBLICOS;6_Evangelhos;42_Lucas;CAPITULO 22;1;3;1;22;Em qual dos doze Satanás entrou antes do acordo de traição? (Lucas 22:3);;
101428;LIVROS BÍBLICOS;6_Evangelhos;42_Lucas;CAPITULO 22;1;3;1;22;Com quem Judas tratou sobre a maneira de entregar Jesus? (Lucas 22:4);;
101429;LIVROS BÍBLICOS;6_Evangelhos;42_Lucas;CAPITULO 22;1;3;1;22;Que recompensa foi combinada com Judas? (Lucas 22:5);;
101430;LIVROS BÍBLICOS;6_Evangelhos;42_Lucas;CAPITULO 22;1;3;1;22;Que condição Judas buscava para entregar Jesus? (Lucas 22:6);;
101431;LIVROS BÍBLICOS;6_Evangelhos;42_Lucas;CAPITULO 22;1;3;1;22;Quais discípulos Jesus enviou para preparar a Páscoa? (Lucas 22:8);;
101432;LIVROS BÍBLICOS;6_Evangelhos;42_Lucas;CAPITULO 22;1;3;1;22;Que sinal os discípulos encontrariam ao entrar na cidade? (Lucas 22:10);;
101433;LIVROS BÍBLICOS;6_Evangelhos;42_Lucas;CAPITULO 22;1;3;1;22;Que tipo de aposento o dono da casa mostraria para a Páscoa? (Lucas 22:11-12);;
101434;LIVROS BÍBLICOS;6_Evangelhos;42_Lucas;CAPITULO 22;1;3;1;22;Como Pedro e João encontraram a situação ao cumprir as instruções de Jesus? (Lucas 22:13);;
101435;LIVROS BÍBLICOS;6_Evangelhos;42_Lucas;CAPITULO 22;1;3;1;22;O que Jesus disse ter desejado ansiosamente fazer antes do sofrimento? (Lucas 22:15);;
101436;LIVROS BÍBLICOS;6_Evangelhos;42_Lucas;CAPITULO 22;1;3;1;22;Até quando Jesus disse que não comeria novamente a Páscoa? (Lucas 22:16);;
101437;LIVROS BÍBLICOS;6_Evangelhos;42_Lucas;CAPITULO 22;1;3;1;22;O que Jesus mandou fazer com o primeiro cálice depois de dar graças? (Lucas 22:17);;
101438;LIVROS BÍBLICOS;6_Evangelhos;42_Lucas;CAPITULO 22;1;3;1;22;O que Jesus declarou a respeito do pão partido? (Lucas 22:19);;
101439;LIVROS BÍBLICOS;6_Evangelhos;42_Lucas;CAPITULO 22;1;3;1;22;Como Jesus descreveu o cálice depois da ceia? (Lucas 22:20);;
101440;LIVROS BÍBLICOS;6_Evangelhos;42_Lucas;CAPITULO 22;1;3;1;22;Onde estava a mão do traidor enquanto Jesus falava na ceia? (Lucas 22:21);;
101441;LIVROS BÍBLICOS;6_Evangelhos;42_Lucas;CAPITULO 22;1;3;1;22;Sobre que assunto surgiu uma discussão entre os apóstolos? (Lucas 22:24);;
101442;LIVROS BÍBLICOS;6_Evangelhos;42_Lucas;CAPITULO 22;1;3;1;22;Como deveria agir o maior entre os discípulos? (Lucas 22:25-26);;
101443;LIVROS BÍBLICOS;6_Evangelhos;42_Lucas;CAPITULO 22;1;3;1;22;Como Jesus descreveu sua própria posição no meio dos apóstolos? (Lucas 22:27);;
101444;LIVROS BÍBLICOS;6_Evangelhos;42_Lucas;CAPITULO 22;1;3;1;22;Que função Jesus prometeu aos apóstolos em relação às doze tribos de Israel? (Lucas 22:29-30);;
101445;LIVROS BÍBLICOS;6_Evangelhos;42_Lucas;CAPITULO 22;1;3;1;22;O que Satanás pediu para fazer com os discípulos? (Lucas 22:31);;
101446;LIVROS BÍBLICOS;6_Evangelhos;42_Lucas;CAPITULO 22;1;3;1;22;Por que Jesus disse ter orado especificamente por Pedro? (Lucas 22:32);;
101447;LIVROS BÍBLICOS;6_Evangelhos;42_Lucas;CAPITULO 22;1;3;1;22;Que responsabilidade Pedro teria depois de voltar para Jesus? (Lucas 22:32);;
101448;LIVROS BÍBLICOS;6_Evangelhos;42_Lucas;CAPITULO 22;1;3;1;22;Quantas vezes Pedro negaria conhecer Jesus antes de o galo cantar? (Lucas 22:34);;
101449;LIVROS BÍBLICOS;6_Evangelhos;42_Lucas;CAPITULO 22;1;3;1;22;O que faltou aos discípulos quando Jesus os enviou sem bolsa, sacola e sandálias? (Lucas 22:35);;
101450;LIVROS BÍBLICOS;6_Evangelhos;42_Lucas;CAPITULO 22;1;3;1;22;Quantas espadas os discípulos disseram ter naquele momento? (Lucas 22:38);;
101451;LIVROS BÍBLICOS;6_Evangelhos;42_Lucas;CAPITULO 22;1;3;1;22;Para onde Jesus foi, como de costume, depois da ceia? (Lucas 22:39);;
101452;LIVROS BÍBLICOS;6_Evangelhos;42_Lucas;CAPITULO 22;1;3;1;22;Que orientação Jesus deu aos discípulos ao chegar ao lugar de oração? (Lucas 22:40);;
101453;LIVROS BÍBLICOS;6_Evangelhos;42_Lucas;CAPITULO 22;1;3;1;22;A que distância aproximada Jesus se afastou dos discípulos para orar? (Lucas 22:41);;
101454;LIVROS BÍBLICOS;6_Evangelhos;42_Lucas;CAPITULO 22;1;3;1;22;Que submissão Jesus expressou ao pedir que o cálice fosse afastado? (Lucas 22:42);;
101455;LIVROS BÍBLICOS;6_Evangelhos;42_Lucas;CAPITULO 22;1;3;1;22;Quem apareceu para confortar Jesus durante a oração? (Lucas 22:43);;
101456;LIVROS BÍBLICOS;6_Evangelhos;42_Lucas;CAPITULO 22;1;3;1;22;Em que estado Jesus encontrou os discípulos depois de orar? (Lucas 22:45);;
101457;LIVROS BÍBLICOS;6_Evangelhos;42_Lucas;CAPITULO 22;1;3;1;22;Quem vinha à frente da multidão que chegou para prender Jesus? (Lucas 22:47);;
101458;LIVROS BÍBLICOS;6_Evangelhos;42_Lucas;CAPITULO 22;1;3;1;22;Que gesto Judas usou para trair o Filho do Homem? (Lucas 22:47-48);;
101459;LIVROS BÍBLICOS;6_Evangelhos;42_Lucas;CAPITULO 22;1;3;1;22;Que parte do corpo do servo do sumo sacerdote foi cortada? (Lucas 22:50);;
101460;LIVROS BÍBLICOS;6_Evangelhos;42_Lucas;CAPITULO 22;1;3;1;22;O que Jesus fez ao homem ferido durante a prisão? (Lucas 22:51);;
101461;LIVROS BÍBLICOS;6_Evangelhos;42_Lucas;CAPITULO 22;1;3;1;22;A que tipo de pessoa Jesus comparou a forma como vieram prendê-lo com espadas e porretes? (Lucas 22:52);;
101462;LIVROS BÍBLICOS;6_Evangelhos;42_Lucas;CAPITULO 22;1;3;1;22;De que distância Pedro seguia Jesus após a prisão? (Lucas 22:54);;
101463;LIVROS BÍBLICOS;6_Evangelhos;42_Lucas;CAPITULO 22;1;3;1;22;Quem fez a primeira afirmação de que Pedro estava com Jesus? (Lucas 22:56);;
101464;LIVROS BÍBLICOS;6_Evangelhos;42_Lucas;CAPITULO 22;1;3;1;22;Que detalhe foi usado na terceira acusação para ligar Pedro a Jesus? (Lucas 22:59);;
101465;LIVROS BÍBLICOS;6_Evangelhos;42_Lucas;CAPITULO 22;1;3;1;22;O que aconteceu enquanto Pedro ainda fazia a terceira negação? (Lucas 22:60-61);;
101466;LIVROS BÍBLICOS;6_Evangelhos;42_Lucas;CAPITULO 22;1;3;1;22;Como Pedro reagiu ao lembrar a palavra de Jesus? (Lucas 22:62);;
101467;LIVROS BÍBLICOS;6_Evangelhos;42_Lucas;CAPITULO 22;1;3;1;22;O que os homens fizeram com Jesus enquanto zombavam dele? (Lucas 22:63-64);;
101468;LIVROS BÍBLICOS;6_Evangelhos;42_Lucas;CAPITULO 22;1;3;1;22;Para onde Jesus foi conduzido quando amanheceu? (Lucas 22:66);;
101469;LIVROS BÍBLICOS;6_Evangelhos;42_Lucas;CAPITULO 22;1;3;1;22;Onde Jesus disse que o Filho do Homem estaria desde então? (Lucas 22:69);;
101470;LIVROS BÍBLICOS;6_Evangelhos;42_Lucas;CAPITULO 22;1;3;1;22;Por que a assembleia disse não precisar mais de testemunho? (Lucas 22:70-71);;
101471;LIVROS BÍBLICOS;6_Evangelhos;42_Lucas;CAPITULO 23;1;3;1;23;A quem a assembleia levou Jesus depois da reunião do Sinédrio? (Lucas 23:1);;
101472;LIVROS BÍBLICOS;6_Evangelhos;42_Lucas;CAPITULO 23;1;3;1;23;Quais acusações políticas foram apresentadas contra Jesus diante de Pilatos? (Lucas 23:2);;
101473;LIVROS BÍBLICOS;6_Evangelhos;42_Lucas;CAPITULO 23;1;3;1;23;Que pergunta Pilatos fez diretamente a Jesus? (Lucas 23:3);;
101474;LIVROS BÍBLICOS;6_Evangelhos;42_Lucas;CAPITULO 23;1;3;1;23;Qual foi a primeira conclusão de Pilatos após interrogar Jesus? (Lucas 23:4);;
101475;LIVROS BÍBLICOS;6_Evangelhos;42_Lucas;CAPITULO 23;1;3;1;23;De onde os acusadores disseram que Jesus havia começado a agitar o povo? (Lucas 23:5);;
101476;LIVROS BÍBLICOS;6_Evangelhos;42_Lucas;CAPITULO 23;1;3;1;23;Por que Pilatos enviou Jesus a Herodes? (Lucas 23:6-7);;
101477;LIVROS BÍBLICOS;6_Evangelhos;42_Lucas;CAPITULO 23;1;3;1;23;Por que Herodes ficou contente ao ver Jesus? (Lucas 23:8);;
101478;LIVROS BÍBLICOS;6_Evangelhos;42_Lucas;CAPITULO 23;1;3;1;23;Como Jesus reagiu às muitas perguntas de Herodes? (Lucas 23:9);;
101479;LIVROS BÍBLICOS;6_Evangelhos;42_Lucas;CAPITULO 23;1;3;1;23;Como Herodes e seus soldados trataram Jesus antes de devolvê-lo a Pilatos? (Lucas 23:11);;
101480;LIVROS BÍBLICOS;6_Evangelhos;42_Lucas;CAPITULO 23;1;3;1;23;Que mudança ocorreu na relação entre Herodes e Pilatos naquele dia? (Lucas 23:12);;
101481;LIVROS BÍBLICOS;6_Evangelhos;42_Lucas;CAPITULO 23;1;3;1;23;Que conclusão Pilatos apresentou depois de examinar Jesus e receber o parecer de Herodes? (Lucas 23:13-16);;
101482;LIVROS BÍBLICOS;6_Evangelhos;42_Lucas;CAPITULO 23;1;3;1;23;Quem a multidão pediu que fosse solto em lugar de Jesus? (Lucas 23:18);;
101483;LIVROS BÍBLICOS;6_Evangelhos;42_Lucas;CAPITULO 23;1;3;1;23;Por quais crimes Barrabás estava preso? (Lucas 23:19);;
101484;LIVROS BÍBLICOS;6_Evangelhos;42_Lucas;CAPITULO 23;1;3;1;23;Quantas vezes Pilatos declarou não encontrar motivo para condenar Jesus à morte? (Lucas 23:4,14,22);;
101485;LIVROS BÍBLICOS;6_Evangelhos;42_Lucas;CAPITULO 23;1;3;1;23;O que prevaleceu apesar das tentativas de Pilatos de soltar Jesus? (Lucas 23:23);;
101486;LIVROS BÍBLICOS;6_Evangelhos;42_Lucas;CAPITULO 23;1;3;1;23;A quem Pilatos entregou Jesus depois de soltar Barrabás? (Lucas 23:24-25);;
101487;LIVROS BÍBLICOS;6_Evangelhos;42_Lucas;CAPITULO 23;1;3;1;23;Quem foi obrigado a carregar a cruz atrás de Jesus? (Lucas 23:26);;
101488;LIVROS BÍBLICOS;6_Evangelhos;42_Lucas;CAPITULO 23;1;3;1;23;Como Jesus chamou as mulheres que o lamentavam no caminho? (Lucas 23:27-28);;
101489;LIVROS BÍBLICOS;6_Evangelhos;42_Lucas;CAPITULO 23;1;3;1;23;Por quem Jesus disse que as mulheres deveriam chorar? (Lucas 23:28);;
101490;LIVROS BÍBLICOS;6_Evangelhos;42_Lucas;CAPITULO 23;1;3;1;23;Quantos malfeitores foram levados para ser executados com Jesus? (Lucas 23:32);;
101491;LIVROS BÍBLICOS;6_Evangelhos;42_Lucas;CAPITULO 23;1;3;1;23;Em que lugar Jesus foi crucificado? (Lucas 23:33);;
101492;LIVROS BÍBLICOS;6_Evangelhos;42_Lucas;CAPITULO 23;1;3;1;23;Em que posições os dois malfeitores foram crucificados em relação a Jesus? (Lucas 23:33);;
101493;LIVROS BÍBLICOS;6_Evangelhos;42_Lucas;CAPITULO 23;1;3;1;23;O que fizeram para repartir as roupas de Jesus? (Lucas 23:34);;
101494;LIVROS BÍBLICOS;6_Evangelhos;42_Lucas;CAPITULO 23;1;3;1;23;Que bebida os soldados levaram a Jesus enquanto zombavam? (Lucas 23:36);;
101495;LIVROS BÍBLICOS;6_Evangelhos;42_Lucas;CAPITULO 23;1;3;1;23;Que inscrição foi colocada acima de Jesus? (Lucas 23:38);;
101496;LIVROS BÍBLICOS;6_Evangelhos;42_Lucas;CAPITULO 23;1;3;1;23;Como um dos malfeitores crucificados tratou Jesus? (Lucas 23:39);;
101497;LIVROS BÍBLICOS;6_Evangelhos;42_Lucas;CAPITULO 23;1;3;1;23;Que reconhecimento o outro malfeitor fez sobre a própria condenação e sobre Jesus? (Lucas 23:40-41);;
101498;LIVROS BÍBLICOS;6_Evangelhos;42_Lucas;CAPITULO 23;1;3;1;23;Que pedido o malfeitor arrependido fez a Jesus? (Lucas 23:42);;
101499;LIVROS BÍBLICOS;6_Evangelhos;42_Lucas;CAPITULO 23;1;3;1;23;Que promessa Jesus fez ao malfeitor que se voltou para ele? (Lucas 23:43);;
101500;LIVROS BÍBLICOS;6_Evangelhos;42_Lucas;CAPITULO 23;1;3;1;23;Durante que período houve trevas sobre toda a terra? (Lucas 23:44);;
101501;LIVROS BÍBLICOS;6_Evangelhos;42_Lucas;CAPITULO 23;1;3;1;23;O que aconteceu ao véu do santuário? (Lucas 23:45);;
101502;LIVROS BÍBLICOS;6_Evangelhos;42_Lucas;CAPITULO 23;1;3;1;23;Que palavras Jesus clamou antes de expirar? (Lucas 23:46);;
101503;LIVROS BÍBLICOS;6_Evangelhos;42_Lucas;CAPITULO 23;1;3;1;23;Como o centurião avaliou Jesus depois de ver o que aconteceu? (Lucas 23:47);;
101504;LIVROS BÍBLICOS;6_Evangelhos;42_Lucas;CAPITULO 23;1;3;1;23;Como as multidões se retiraram depois de presenciar a morte de Jesus? (Lucas 23:48);;
101505;LIVROS BÍBLICOS;6_Evangelhos;42_Lucas;CAPITULO 23;1;3;1;23;Quem pediu a Pilatos o corpo de Jesus? (Lucas 23:50-52);;
101506;LIVROS BÍBLICOS;6_Evangelhos;42_Lucas;CAPITULO 23;1;3;1;23;Que posição José de Arimateia tomou diante do plano e da ação dos demais líderes? (Lucas 23:50-51);;
101507;LIVROS BÍBLICOS;6_Evangelhos;42_Lucas;CAPITULO 23;1;3;1;23;Como era o túmulo em que José colocou o corpo de Jesus? (Lucas 23:53);;
101508;LIVROS BÍBLICOS;6_Evangelhos;42_Lucas;CAPITULO 23;1;3;1;23;O que as mulheres fizeram depois de observar o túmulo e a colocação do corpo? (Lucas 23:55-56);;
101509;LIVROS BÍBLICOS;6_Evangelhos;42_Lucas;CAPITULO 24;1;3;1;24;Quando as mulheres foram ao túmulo levando os óleos aromáticos? (Lucas 24:1);;
101510;LIVROS BÍBLICOS;6_Evangelhos;42_Lucas;CAPITULO 24;1;3;1;24;O que as mulheres encontraram ao chegar ao túmulo? (Lucas 24:2);;
101511;LIVROS BÍBLICOS;6_Evangelhos;42_Lucas;CAPITULO 24;1;3;1;24;O que não foi encontrado dentro do túmulo? (Lucas 24:3);;
101512;LIVROS BÍBLICOS;6_Evangelhos;42_Lucas;CAPITULO 24;1;3;1;24;Quantos homens com roupas resplandecentes apareceram às mulheres? (Lucas 24:4);;
101513;LIVROS BÍBLICOS;6_Evangelhos;42_Lucas;CAPITULO 24;1;3;1;24;Que pergunta os homens fizeram às mulheres sobre a busca por Jesus? (Lucas 24:5);;
101514;LIVROS BÍBLICOS;6_Evangelhos;42_Lucas;CAPITULO 24;1;3;1;24;Que anúncio foi dado a respeito de Jesus no túmulo? (Lucas 24:6);;
101515;LIVROS BÍBLICOS;6_Evangelhos;42_Lucas;CAPITULO 24;1;3;1;24;Que sequência Jesus havia anunciado na Galileia e foi lembrada às mulheres? (Lucas 24:6-7);;
101516;LIVROS BÍBLICOS;6_Evangelhos;42_Lucas;CAPITULO 24;1;3;1;24;A quem as mulheres relataram o que havia acontecido no túmulo? (Lucas 24:9);;
101517;LIVROS BÍBLICOS;6_Evangelhos;42_Lucas;CAPITULO 24;1;3;1;24;Quais três mulheres são citadas nominalmente entre as que anunciaram a ressurreição? (Lucas 24:10);;
101518;LIVROS BÍBLICOS;6_Evangelhos;42_Lucas;CAPITULO 24;1;3;1;24;Como os apóstolos inicialmente avaliaram as palavras das mulheres? (Lucas 24:11);;
101519;LIVROS BÍBLICOS;6_Evangelhos;42_Lucas;CAPITULO 24;1;3;1;24;O que Pedro viu ao se abaixar diante do túmulo? (Lucas 24:12);;
101520;LIVROS BÍBLICOS;6_Evangelhos;42_Lucas;CAPITULO 24;1;3;1;24;Para qual aldeia dois discípulos caminhavam naquele mesmo dia? (Lucas 24:13);;
101521;LIVROS BÍBLICOS;6_Evangelhos;42_Lucas;CAPITULO 24;1;3;1;24;A que distância aproximada Emaús ficava de Jerusalém? (Lucas 24:13);;
101522;LIVROS BÍBLICOS;6_Evangelhos;42_Lucas;CAPITULO 24;1;3;1;24;O que os dois discípulos faziam durante o caminho para Emaús? (Lucas 24:14-15);;
101523;LIVROS BÍBLICOS;6_Evangelhos;42_Lucas;CAPITULO 24;1;3;1;24;Por que os discípulos não reconheceram Jesus quando ele se aproximou? (Lucas 24:16);;
101524;LIVROS BÍBLICOS;6_Evangelhos;42_Lucas;CAPITULO 24;1;3;1;24;Qual era o nome de um dos discípulos no caminho de Emaús? (Lucas 24:18);;
101525;LIVROS BÍBLICOS;6_Evangelhos;42_Lucas;CAPITULO 24;1;3;1;24;Como os discípulos descreveram Jesus, o Nazareno, ao viajante que os acompanhava? (Lucas 24:19);;
101526;LIVROS BÍBLICOS;6_Evangelhos;42_Lucas;CAPITULO 24;1;3;1;24;O que os discípulos de Emaús esperavam que Jesus fizesse? (Lucas 24:21);;
101527;LIVROS BÍBLICOS;6_Evangelhos;42_Lucas;CAPITULO 24;1;3;1;24;Que notícia as mulheres disseram ter recebido numa visão de anjos? (Lucas 24:22-23);;
101528;LIVROS BÍBLICOS;6_Evangelhos;42_Lucas;CAPITULO 24;1;3;1;24;Como Jesus repreendeu a dificuldade dos dois discípulos em crer? (Lucas 24:25);;
101529;LIVROS BÍBLICOS;6_Evangelhos;42_Lucas;CAPITULO 24;1;3;1;24;Por onde Jesus começou ao explicar o que as Escrituras diziam a seu respeito? (Lucas 24:27);;
101530;LIVROS BÍBLICOS;6_Evangelhos;42_Lucas;CAPITULO 24;1;3;1;24;Que pedido os discípulos fizeram quando chegaram perto de Emaús? (Lucas 24:28-29);;
101531;LIVROS BÍBLICOS;6_Evangelhos;42_Lucas;CAPITULO 24;1;3;1;24;Em que momento os discípulos reconheceram Jesus à mesa? (Lucas 24:30-31);;
101532;LIVROS BÍBLICOS;6_Evangelhos;42_Lucas;CAPITULO 24;1;3;1;24;O que aconteceu imediatamente depois que os discípulos reconheceram Jesus? (Lucas 24:31);;
101533;LIVROS BÍBLICOS;6_Evangelhos;42_Lucas;CAPITULO 24;1;3;1;24;Como os discípulos descreveram o efeito das palavras de Jesus durante o caminho? (Lucas 24:32);;
101534;LIVROS BÍBLICOS;6_Evangelhos;42_Lucas;CAPITULO 24;1;3;1;24;O que os dois discípulos fizeram naquela mesma hora? (Lucas 24:33);;
101535;LIVROS BÍBLICOS;6_Evangelhos;42_Lucas;CAPITULO 24;1;3;1;24;A quem os reunidos em Jerusalém disseram que o Senhor já havia aparecido? (Lucas 24:34);;
101536;LIVROS BÍBLICOS;6_Evangelhos;42_Lucas;CAPITULO 24;1;3;1;24;Como os discípulos de Emaús disseram ter reconhecido o Senhor? (Lucas 24:35);;
101537;LIVROS BÍBLICOS;6_Evangelhos;42_Lucas;CAPITULO 24;1;3;1;24;Que saudação Jesus deu ao aparecer no meio dos discípulos? (Lucas 24:36);;
101538;LIVROS BÍBLICOS;6_Evangelhos;42_Lucas;CAPITULO 24;1;3;1;24;O que os discípulos pensaram estar vendo quando Jesus apareceu? (Lucas 24:37);;
101539;LIVROS BÍBLICOS;6_Evangelhos;42_Lucas;CAPITULO 24;1;3;1;24;Que evidências Jesus apresentou para mostrar que não era um espírito? (Lucas 24:39-40);;
101540;LIVROS BÍBLICOS;6_Evangelhos;42_Lucas;CAPITULO 24;1;3;1;24;Que alimento os discípulos deram a Jesus ressuscitado? (Lucas 24:41-43);;
101541;LIVROS BÍBLICOS;6_Evangelhos;42_Lucas;CAPITULO 24;1;3;1;24;Quais três partes das Escrituras Jesus mencionou como contendo coisas a seu respeito? (Lucas 24:44);;
101542;LIVROS BÍBLICOS;6_Evangelhos;42_Lucas;CAPITULO 24;1;3;1;24;O que Jesus fez para que os discípulos compreendessem as Escrituras? (Lucas 24:45);;
101543;LIVROS BÍBLICOS;6_Evangelhos;42_Lucas;CAPITULO 24;1;3;1;24;Que mensagem deveria ser pregada em nome de Cristo a todas as nações? (Lucas 24:46-47);;
101544;LIVROS BÍBLICOS;6_Evangelhos;42_Lucas;CAPITULO 24;1;3;1;24;Em que cidade a pregação a todas as nações deveria começar? (Lucas 24:47);;
101545;LIVROS BÍBLICOS;6_Evangelhos;42_Lucas;CAPITULO 24;1;3;1;24;O que os discípulos deveriam fazer até serem revestidos do poder do alto? (Lucas 24:49);;
101546;LIVROS BÍBLICOS;6_Evangelhos;42_Lucas;CAPITULO 24;1;3;1;24;Até qual lugar Jesus levou os discípulos antes de ser elevado ao céu? (Lucas 24:50-51);;
101547;LIVROS BÍBLICOS;6_Evangelhos;42_Lucas;CAPITULO 24;1;3;1;24;Como os discípulos reagiram depois da ascensão de Jesus? (Lucas 24:52-53);;
101548;LIVROS BÍBLICOS;6_Evangelhos;43_João;CAPITULO 01;1;3;2;1;Na abertura do Evangelho, como o Verbo é apresentado em relação a Deus? (João 1:1);;
101549;LIVROS BÍBLICOS;6_Evangelhos;43_João;CAPITULO 01;1;3;2;1;Segundo o prólogo, por meio de quem todas as coisas foram feitas? (João 1:3);;
101550;LIVROS BÍBLICOS;6_Evangelhos;43_João;CAPITULO 01;1;3;2;1;O que era a vida que estava no Verbo? (João 1:4);;
101551;LIVROS BÍBLICOS;6_Evangelhos;43_João;CAPITULO 01;1;3;2;1;O que aconteceu quando a luz resplandeceu nas trevas? (João 1:5);;
101552;LIVROS BÍBLICOS;6_Evangelhos;43_João;CAPITULO 01;1;3;2;1;Qual era o nome do homem enviado por Deus para dar testemunho da luz? (João 1:6);;
101553;LIVROS BÍBLICOS;6_Evangelhos;43_João;CAPITULO 01;1;3;2;1;Com que propósito João veio como testemunha? (João 1:7);;
101554;LIVROS BÍBLICOS;6_Evangelhos;43_João;CAPITULO 01;1;3;2;1;Como é descrita a verdadeira luz que veio ao mundo? (João 1:9);;
101555;LIVROS BÍBLICOS;6_Evangelhos;43_João;CAPITULO 01;1;3;2;1;Embora o mundo tenha sido feito por meio do Verbo, qual foi a reação do mundo? (João 1:10);;
101556;LIVROS BÍBLICOS;6_Evangelhos;43_João;CAPITULO 01;1;3;2;1;O que aconteceu quando o Verbo veio para o que era seu? (João 1:11);;
101557;LIVROS BÍBLICOS;6_Evangelhos;43_João;CAPITULO 01;1;3;2;1;Que poder foi dado aos que receberam o Verbo e creram em seu nome? (João 1:12);;
101558;LIVROS BÍBLICOS;6_Evangelhos;43_João;CAPITULO 01;1;3;2;1;De quem nasceram aqueles que se tornaram filhos de Deus? (João 1:13);;
101559;LIVROS BÍBLICOS;6_Evangelhos;43_João;CAPITULO 01;1;3;2;1;Quando o Verbo se fez carne e habitou entre nós, de que estava cheio? (João 1:14);;
101560;LIVROS BÍBLICOS;6_Evangelhos;43_João;CAPITULO 01;1;3;2;1;Por que João afirmou que aquele que vinha depois dele era mais importante? (João 1:15);;
101561;LIVROS BÍBLICOS;6_Evangelhos;43_João;CAPITULO 01;1;3;2;1;Por meio de quem vieram a graça e a verdade, em contraste com a Lei dada por Moisés? (João 1:17);;
101562;LIVROS BÍBLICOS;6_Evangelhos;43_João;CAPITULO 01;1;3;2;1;Quem revelou Deus, a quem ninguém jamais viu? (João 1:18);;
101563;LIVROS BÍBLICOS;6_Evangelhos;43_João;CAPITULO 01;1;3;2;1;Quem os judeus de Jerusalém enviaram para perguntar a João quem ele era? (João 1:19);;
101564;LIVROS BÍBLICOS;6_Evangelhos;43_João;CAPITULO 01;1;3;2;1;O que João confessou claramente quando foi interrogado sobre sua identidade? (João 1:20);;
101565;LIVROS BÍBLICOS;6_Evangelhos;43_João;CAPITULO 01;1;3;2;1;Quais identidades João também negou quando os enviados o interrogaram? (João 1:21);;
101566;LIVROS BÍBLICOS;6_Evangelhos;43_João;CAPITULO 01;1;3;2;1;Como João definiu a si mesmo, citando o profeta Isaías? (João 1:23);;
101567;LIVROS BÍBLICOS;6_Evangelhos;43_João;CAPITULO 01;1;3;2;1;De qual grupo faziam parte os homens enviados para interrogar João? (João 1:24);;
101568;LIVROS BÍBLICOS;6_Evangelhos;43_João;CAPITULO 01;1;3;2;1;Com que elemento João afirmou que realizava o seu batismo? (João 1:26);;
101569;LIVROS BÍBLICOS;6_Evangelhos;43_João;CAPITULO 01;1;3;2;1;O que João declarou não ser digno de fazer ao que vinha depois dele? (João 1:27);;
101570;LIVROS BÍBLICOS;6_Evangelhos;43_João;CAPITULO 01;1;3;2;1;Onde João estava batizando quando deu esse testemunho? (João 1:28);;
101571;LIVROS BÍBLICOS;6_Evangelhos;43_João;CAPITULO 01;1;3;2;1;Como João identificou Jesus ao vê-lo aproximar-se? (João 1:29);;
101572;LIVROS BÍBLICOS;6_Evangelhos;43_João;CAPITULO 01;1;3;2;1;Por que João afirmou que veio batizando com água? (João 1:31);;
101573;LIVROS BÍBLICOS;6_Evangelhos;43_João;CAPITULO 01;1;3;2;1;De que forma João viu o Espírito descer do céu e pousar sobre Jesus? (João 1:32);;
101574;LIVROS BÍBLICOS;6_Evangelhos;43_João;CAPITULO 01;1;3;2;1;Qual sinal permitiria a João reconhecer aquele que batiza com o Espírito Santo? (João 1:33);;
101575;LIVROS BÍBLICOS;6_Evangelhos;43_João;CAPITULO 01;1;3;2;1;Depois de ver o sinal, que testemunho João deu a respeito de Jesus? (João 1:34);;
101576;LIVROS BÍBLICOS;6_Evangelhos;43_João;CAPITULO 01;1;3;2;1;O que fizeram os dois discípulos de João ao ouvi-lo chamar Jesus de Cordeiro de Deus? (João 1:37);;
101577;LIVROS BÍBLICOS;6_Evangelhos;43_João;CAPITULO 01;1;3;2;1;Qual significado o Evangelho fornece para o título “Rabi”? (João 1:38);;
101578;LIVROS BÍBLICOS;6_Evangelhos;43_João;CAPITULO 01;1;3;2;1;Aproximadamente que horas eram quando os dois discípulos ficaram com Jesus? (João 1:39);;
101579;LIVROS BÍBLICOS;6_Evangelhos;43_João;CAPITULO 01;1;3;2;1;Qual relação familiar André tinha com Simão Pedro? (João 1:40);;
101580;LIVROS BÍBLICOS;6_Evangelhos;43_João;CAPITULO 01;1;3;2;1;O que André anunciou a Simão depois de seguir Jesus? (João 1:41);;
101581;LIVROS BÍBLICOS;6_Evangelhos;43_João;CAPITULO 01;1;3;2;1;Que novo nome Jesus disse que Simão, filho de João, receberia? (João 1:42);;
101582;LIVROS BÍBLICOS;6_Evangelhos;43_João;CAPITULO 01;1;3;2;1;De que cidade era Filipe, a mesma cidade de André e Pedro? (João 1:44);;
101583;LIVROS BÍBLICOS;6_Evangelhos;43_João;CAPITULO 01;1;3;2;1;Como Filipe apresentou Jesus a Natanael? (João 1:45);;
101584;LIVROS BÍBLICOS;6_Evangelhos;43_João;CAPITULO 01;1;3;2;1;Onde Jesus disse ter visto Natanael antes que Filipe o chamasse? (João 1:48);;
101585;LIVROS BÍBLICOS;6_Evangelhos;43_João;CAPITULO 01;1;3;2;1;Que confissão Natanael fez depois de Jesus revelar que o havia visto? (João 1:49);;
101586;LIVROS BÍBLICOS;6_Evangelhos;43_João;CAPITULO 02;1;3;2;2;Quanto tempo depois dos acontecimentos anteriores houve um casamento em Caná da Galileia? (João 2:1);;
101587;LIVROS BÍBLICOS;6_Evangelhos;43_João;CAPITULO 02;1;3;2;2;Quem foi convidado para o casamento juntamente com Jesus? (João 2:2);;
101588;LIVROS BÍBLICOS;6_Evangelhos;43_João;CAPITULO 02;1;3;2;2;Que problema a mãe de Jesus comunicou a ele durante o casamento? (João 2:3);;
101589;LIVROS BÍBLICOS;6_Evangelhos;43_João;CAPITULO 02;1;3;2;2;O que Jesus disse ainda não ter chegado quando sua mãe falou sobre a falta de vinho? (João 2:4);;
101590;LIVROS BÍBLICOS;6_Evangelhos;43_João;CAPITULO 02;1;3;2;2;Que orientação a mãe de Jesus deu aos serventes? (João 2:5);;
101591;LIVROS BÍBLICOS;6_Evangelhos;43_João;CAPITULO 02;1;3;2;2;Quantos potes de pedra usados nas purificações dos judeus estavam no local? (João 2:6);;
101592;LIVROS BÍBLICOS;6_Evangelhos;43_João;CAPITULO 02;1;3;2;2;Até que ponto os serventes encheram de água os potes? (João 2:7);;
101593;LIVROS BÍBLICOS;6_Evangelhos;43_João;CAPITULO 02;1;3;2;2;A quem Jesus mandou levar um pouco do conteúdo retirado dos potes? (João 2:8);;
101594;LIVROS BÍBLICOS;6_Evangelhos;43_João;CAPITULO 02;1;3;2;2;Quem sabia de onde vinha o vinho provado pelo responsável pela festa? (João 2:9);;
101595;LIVROS BÍBLICOS;6_Evangelhos;43_João;CAPITULO 02;1;3;2;2;O que o responsável pela festa disse que o noivo havia guardado até aquele momento? (João 2:10);;
101596;LIVROS BÍBLICOS;6_Evangelhos;43_João;CAPITULO 02;1;3;2;2;O que Jesus manifestou ao realizar em Caná o início de seus sinais? (João 2:11);;
101597;LIVROS BÍBLICOS;6_Evangelhos;43_João;CAPITULO 02;1;3;2;2;Para onde Jesus foi depois do casamento, acompanhado de sua mãe, irmãos e discípulos? (João 2:12);;
101598;LIVROS BÍBLICOS;6_Evangelhos;43_João;CAPITULO 02;1;3;2;2;Por causa da proximidade de qual festa Jesus subiu a Jerusalém? (João 2:13);;
101599;LIVROS BÍBLICOS;6_Evangelhos;43_João;CAPITULO 02;1;3;2;2;O que Jesus encontrou sendo comercializado no templo? (João 2:14);;
101600;LIVROS BÍBLICOS;6_Evangelhos;43_João;CAPITULO 02;1;3;2;2;Que objeto Jesus fez antes de expulsar do templo os vendedores e os animais? (João 2:15);;
101601;LIVROS BÍBLICOS;6_Evangelhos;43_João;CAPITULO 02;1;3;2;2;Como Jesus disse que não deveriam transformar a casa de seu Pai? (João 2:16);;
101602;LIVROS BÍBLICOS;6_Evangelhos;43_João;CAPITULO 02;1;3;2;2;De qual declaração das Escrituras os discípulos se lembraram ao ver o zelo de Jesus pelo templo? (João 2:17);;
101603;LIVROS BÍBLICOS;6_Evangelhos;43_João;CAPITULO 02;1;3;2;2;O que os judeus pediram que Jesus mostrasse para justificar suas ações no templo? (João 2:18);;
101604;LIVROS BÍBLICOS;6_Evangelhos;43_João;CAPITULO 02;1;3;2;2;Em quantos dias Jesus disse que levantaria o santuário destruído? (João 2:19);;
101605;LIVROS BÍBLICOS;6_Evangelhos;43_João;CAPITULO 02;1;3;2;2;Quanto tempo os judeus disseram que havia sido gasto na edificação do santuário? (João 2:20);;
101606;LIVROS BÍBLICOS;6_Evangelhos;43_João;CAPITULO 02;1;3;2;2;A que santuário Jesus realmente se referia? (João 2:21);;
101607;LIVROS BÍBLICOS;6_Evangelhos;43_João;CAPITULO 02;1;3;2;2;Quando os discípulos compreenderam e se lembraram da declaração sobre o santuário? (João 2:22);;
101608;LIVROS BÍBLICOS;6_Evangelhos;43_João;CAPITULO 02;1;3;2;2;Por que muitos creram no nome de Jesus durante a Festa da Páscoa em Jerusalém? (João 2:23);;
101609;LIVROS BÍBLICOS;6_Evangelhos;43_João;CAPITULO 02;1;3;2;2;Por que Jesus não confiava nas pessoas que diziam crer nele? (João 2:24);;
101610;LIVROS BÍBLICOS;6_Evangelhos;43_João;CAPITULO 02;1;3;2;2;Por que Jesus não precisava que alguém lhe desse testemunho a respeito das pessoas? (João 2:25);;
101611;LIVROS BÍBLICOS;6_Evangelhos;43_João;CAPITULO 03;1;3;2;3;Qual era o nome do fariseu que fazia parte dos principais dos judeus? (João 3:1);;
101612;LIVROS BÍBLICOS;6_Evangelhos;43_João;CAPITULO 03;1;3;2;3;Em que período Nicodemos foi conversar com Jesus? (João 3:2);;
101613;LIVROS BÍBLICOS;6_Evangelhos;43_João;CAPITULO 03;1;3;2;3;Por que Nicodemos reconheceu Jesus como Mestre vindo da parte de Deus? (João 3:2);;
101614;LIVROS BÍBLICOS;6_Evangelhos;43_João;CAPITULO 03;1;3;2;3;O que Jesus disse ser necessário para alguém ver o Reino de Deus? (João 3:3);;
101615;LIVROS BÍBLICOS;6_Evangelhos;43_João;CAPITULO 03;1;3;2;3;Que pergunta Nicodemos fez ao ouvir sobre nascer de novo? (João 3:4);;
101616;LIVROS BÍBLICOS;6_Evangelhos;43_João;CAPITULO 03;1;3;2;3;De que alguém precisa nascer para entrar no Reino de Deus? (João 3:5);;
101617;LIVROS BÍBLICOS;6_Evangelhos;43_João;CAPITULO 03;1;3;2;3;Como Jesus diferenciou o que nasce da carne e o que nasce do Espírito? (João 3:6);;
101618;LIVROS BÍBLICOS;6_Evangelhos;43_João;CAPITULO 03;1;3;2;3;A que movimento invisível Jesus comparou aquele que é nascido do Espírito? (João 3:8);;
101619;LIVROS BÍBLICOS;6_Evangelhos;43_João;CAPITULO 03;1;3;2;3;Que título Jesus usou ao repreender Nicodemos por não compreender essas coisas? (João 3:10);;
101620;LIVROS BÍBLICOS;6_Evangelhos;43_João;CAPITULO 03;1;3;2;3;Qual foi a reação mencionada por Jesus ao testemunho que ele e os seus davam? (João 3:11);;
101621;LIVROS BÍBLICOS;6_Evangelhos;43_João;CAPITULO 03;1;3;2;3;Quem, segundo Jesus, desceu do céu? (João 3:13);;
101622;LIVROS BÍBLICOS;6_Evangelhos;43_João;CAPITULO 03;1;3;2;3;A que acontecimento do deserto Jesus comparou a necessidade de o Filho do Homem ser levantado? (João 3:14);;
101623;LIVROS BÍBLICOS;6_Evangelhos;43_João;CAPITULO 03;1;3;2;3;Qual é o resultado prometido a todo o que crê no Filho do Homem levantado? (João 3:15);;
101624;LIVROS BÍBLICOS;6_Evangelhos;43_João;CAPITULO 03;1;3;2;3;Por que Deus deu o seu Filho unigênito? (João 3:16);;
101625;LIVROS BÍBLICOS;6_Evangelhos;43_João;CAPITULO 03;1;3;2;3;Com que propósito Deus enviou o Filho ao mundo? (João 3:17);;
101626;LIVROS BÍBLICOS;6_Evangelhos;43_João;CAPITULO 03;1;3;2;3;Por que aquele que não crê já está condenado? (João 3:18);;
101627;LIVROS BÍBLICOS;6_Evangelhos;43_João;CAPITULO 03;1;3;2;3;Por que os homens amaram mais as trevas do que a luz? (João 3:19);;
101628;LIVROS BÍBLICOS;6_Evangelhos;43_João;CAPITULO 03;1;3;2;3;Por que aquele que pratica o mal não se aproxima da luz? (João 3:20);;
101629;LIVROS BÍBLICOS;6_Evangelhos;43_João;CAPITULO 03;1;3;2;3;Por que quem pratica a verdade se aproxima da luz? (João 3:21);;
101630;LIVROS BÍBLICOS;6_Evangelhos;43_João;CAPITULO 03;1;3;2;3;Para qual região Jesus foi com os discípulos, permanecendo ali e batizando? (João 3:22);;
101631;LIVROS BÍBLICOS;6_Evangelhos;43_João;CAPITULO 03;1;3;2;3;Onde João estava batizando por haver muitas águas? (João 3:23);;
101632;LIVROS BÍBLICOS;6_Evangelhos;43_João;CAPITULO 03;1;3;2;3;Que fato sobre João é esclarecido nesse momento da narrativa? (João 3:24);;
101633;LIVROS BÍBLICOS;6_Evangelhos;43_João;CAPITULO 03;1;3;2;3;Sobre qual assunto surgiu uma discussão entre os discípulos de João e um judeu? (João 3:25);;
101634;LIVROS BÍBLICOS;6_Evangelhos;43_João;CAPITULO 03;1;3;2;3;Que princípio João declarou ao saber que todos estavam indo até Jesus? (João 3:27);;
101635;LIVROS BÍBLICOS;6_Evangelhos;43_João;CAPITULO 03;1;3;2;3;Como João descreveu sua própria missão em relação ao Cristo? (João 3:28);;
101636;LIVROS BÍBLICOS;6_Evangelhos;43_João;CAPITULO 03;1;3;2;3;Na comparação usada por João, quem tem a noiva? (João 3:29);;
101637;LIVROS BÍBLICOS;6_Evangelhos;43_João;CAPITULO 03;1;3;2;3;Que declaração João fez sobre o crescimento de Jesus e a sua própria diminuição? (João 3:30);;
101638;LIVROS BÍBLICOS;6_Evangelhos;43_João;CAPITULO 03;1;3;2;3;Quem está acima de todos, segundo a comparação entre quem vem do céu e quem vem da terra? (João 3:31);;
101639;LIVROS BÍBLICOS;6_Evangelhos;43_João;CAPITULO 03;1;3;2;3;Por que aquele que Deus enviou fala as palavras de Deus? (João 3:34);;
101640;LIVROS BÍBLICOS;6_Evangelhos;43_João;CAPITULO 03;1;3;2;3;O que o Pai entregou nas mãos do Filho? (João 3:35);;
101641;LIVROS BÍBLICOS;6_Evangelhos;43_João;CAPITULO 03;1;3;2;3;Qual contraste encerra o capítulo a respeito da resposta ao Filho? (João 3:36);;
101642;LIVROS BÍBLICOS;6_Evangelhos;43_João;CAPITULO 04;1;3;2;4;Quem realizava os batismos ligados ao ministério de Jesus? (João 4:2);;
101643;LIVROS BÍBLICOS;6_Evangelhos;43_João;CAPITULO 04;1;3;2;4;De qual região Jesus saiu para voltar à Galileia? (João 4:3);;
101644;LIVROS BÍBLICOS;6_Evangelhos;43_João;CAPITULO 04;1;3;2;4;Por qual região era necessário Jesus passar? (João 4:4);;
101645;LIVROS BÍBLICOS;6_Evangelhos;43_João;CAPITULO 04;1;3;2;4;Qual era o nome da cidade samaritana próxima das terras dadas por Jacó a José? (João 4:5);;
101646;LIVROS BÍBLICOS;6_Evangelhos;43_João;CAPITULO 04;1;3;2;4;Em que horário aproximado Jesus, cansado da viagem, se assentou junto ao poço de Jacó? (João 4:6);;
101647;LIVROS BÍBLICOS;6_Evangelhos;43_João;CAPITULO 04;1;3;2;4;O que Jesus pediu à mulher samaritana que veio tirar água? (João 4:7);;
101648;LIVROS BÍBLICOS;6_Evangelhos;43_João;CAPITULO 04;1;3;2;4;Por que os discípulos não estavam junto ao poço quando Jesus falou com a mulher? (João 4:8);;
101649;LIVROS BÍBLICOS;6_Evangelhos;43_João;CAPITULO 04;1;3;2;4;Por que a mulher estranhou que Jesus lhe pedisse água? (João 4:9);;
101650;LIVROS BÍBLICOS;6_Evangelhos;43_João;CAPITULO 04;1;3;2;4;O que Jesus disse que daria à mulher se ela conhecesse o dom de Deus e quem falava com ela? (João 4:10);;
101651;LIVROS BÍBLICOS;6_Evangelhos;43_João;CAPITULO 04;1;3;2;4;Que dificuldade prática a mulher apresentou para obter a água viva? (João 4:11);;
101652;LIVROS BÍBLICOS;6_Evangelhos;43_João;CAPITULO 04;1;3;2;4;A quem a mulher chamou de pai que havia dado aquele poço? (João 4:12);;
101653;LIVROS BÍBLICOS;6_Evangelhos;43_João;CAPITULO 04;1;3;2;4;O que aconteceria com quem bebesse da água do poço? (João 4:13);;
101654;LIVROS BÍBLICOS;6_Evangelhos;43_João;CAPITULO 04;1;3;2;4;No que se tornaria a água dada por Jesus dentro de quem a recebesse? (João 4:14);;
101655;LIVROS BÍBLICOS;6_Evangelhos;43_João;CAPITULO 04;1;3;2;4;Por que a mulher pediu a Jesus aquela água? (João 4:15);;
101656;LIVROS BÍBLICOS;6_Evangelhos;43_João;CAPITULO 04;1;3;2;4;Quem Jesus mandou a mulher chamar antes de voltar? (João 4:16);;
101657;LIVROS BÍBLICOS;6_Evangelhos;43_João;CAPITULO 04;1;3;2;4;Quantos maridos a mulher já havia tido? (João 4:18);;
101658;LIVROS BÍBLICOS;6_Evangelhos;43_João;CAPITULO 04;1;3;2;4;Como a mulher passou a identificar Jesus depois que ele revelou sua situação? (João 4:19);;
101659;LIVROS BÍBLICOS;6_Evangelhos;43_João;CAPITULO 04;1;3;2;4;Qual divergência sobre o lugar de adoração a mulher apresentou? (João 4:20);;
101660;LIVROS BÍBLICOS;6_Evangelhos;43_João;CAPITULO 04;1;3;2;4;O que Jesus afirmou que aconteceria quanto ao lugar de adoração ao Pai? (João 4:21);;
101661;LIVROS BÍBLICOS;6_Evangelhos;43_João;CAPITULO 04;1;3;2;4;De quem Jesus disse que vem a salvação? (João 4:22);;
101662;LIVROS BÍBLICOS;6_Evangelhos;43_João;CAPITULO 04;1;3;2;4;Como os verdadeiros adoradores adorariam o Pai? (João 4:23);;
101663;LIVROS BÍBLICOS;6_Evangelhos;43_João;CAPITULO 04;1;3;2;4;Por que é necessário adorar a Deus em espírito e em verdade? (João 4:24);;
101664;LIVROS BÍBLICOS;6_Evangelhos;43_João;CAPITULO 04;1;3;2;4;Quem a mulher disse que viria e anunciaria todas as coisas? (João 4:25);;
101665;LIVROS BÍBLICOS;6_Evangelhos;43_João;CAPITULO 04;1;3;2;4;Como Jesus se identificou diretamente à mulher? (João 4:26);;
101666;LIVROS BÍBLICOS;6_Evangelhos;43_João;CAPITULO 04;1;3;2;4;Qual foi a reação dos discípulos ao verem Jesus falando com uma mulher? (João 4:27);;
101667;LIVROS BÍBLICOS;6_Evangelhos;43_João;CAPITULO 04;1;3;2;4;O que a mulher deixou junto ao poço ao voltar para a cidade? (João 4:28);;
101668;LIVROS BÍBLICOS;6_Evangelhos;43_João;CAPITULO 04;1;3;2;4;Que convite a mulher fez ao povo da cidade? (João 4:29);;
101669;LIVROS BÍBLICOS;6_Evangelhos;43_João;CAPITULO 04;1;3;2;4;Que alimento Jesus disse possuir quando os discípulos insistiram para que comesse? (João 4:32);;
101670;LIVROS BÍBLICOS;6_Evangelhos;43_João;CAPITULO 04;1;3;2;4;Em que consistia a comida de Jesus? (João 4:34);;
101671;LIVROS BÍBLICOS;6_Evangelhos;43_João;CAPITULO 04;1;3;2;4;Como Jesus descreveu os campos ao mandar os discípulos levantar os olhos? (João 4:35);;
101672;LIVROS BÍBLICOS;6_Evangelhos;43_João;CAPITULO 04;1;3;2;4;Para que se alegrariam juntos aquele que semeia e aquele que colhe? (João 4:36);;
101673;LIVROS BÍBLICOS;6_Evangelhos;43_João;CAPITULO 04;1;3;2;4;Qual ditado Jesus declarou verdadeiro ao falar da colheita? (João 4:37);;
101674;LIVROS BÍBLICOS;6_Evangelhos;43_João;CAPITULO 04;1;3;2;4;Por que muitos samaritanos daquela cidade creram inicialmente em Jesus? (João 4:39);;
101675;LIVROS BÍBLICOS;6_Evangelhos;43_João;CAPITULO 04;1;3;2;4;Por quantos dias Jesus permaneceu com os samaritanos que lhe pediram para ficar? (João 4:40);;
101676;LIVROS BÍBLICOS;6_Evangelhos;43_João;CAPITULO 04;1;3;2;4;Por que muitos outros samaritanos passaram a crer em Jesus? (João 4:41);;
101677;LIVROS BÍBLICOS;6_Evangelhos;43_João;CAPITULO 04;1;3;2;4;Que título os samaritanos deram a Jesus depois de ouvi-lo pessoalmente? (João 4:42);;
101678;LIVROS BÍBLICOS;6_Evangelhos;43_João;CAPITULO 04;1;3;2;4;Em qual cidade estava o filho do oficial do rei que procurou Jesus em Caná? (João 4:46);;
101679;LIVROS BÍBLICOS;6_Evangelhos;43_João;CAPITULO 04;1;3;2;4;O que o oficial pediu que Jesus fizesse por seu filho? (João 4:47);;
101680;LIVROS BÍBLICOS;6_Evangelhos;43_João;CAPITULO 04;1;3;2;4;Que resposta Jesus deu ao oficial depois de sua insistência? (João 4:50);;
101681;LIVROS BÍBLICOS;6_Evangelhos;43_João;CAPITULO 04;1;3;2;4;A que hora os servos disseram que a febre havia deixado o filho do oficial? (João 4:52);;
101682;LIVROS BÍBLICOS;6_Evangelhos;43_João;CAPITULO 04;1;3;2;4;Quem creu depois que o oficial reconheceu que a cura ocorreu na hora da palavra de Jesus? (João 4:53);;
101683;LIVROS BÍBLICOS;6_Evangelhos;43_João;CAPITULO 04;1;3;2;4;Como o Evangelho classifica a cura do filho do oficial depois da volta de Jesus à Galileia? (João 4:54);;
101684;LIVROS BÍBLICOS;6_Evangelhos;43_João;CAPITULO 05;1;3;2;5;Para qual cidade Jesus foi por ocasião de uma festa dos judeus? (João 5:1);;
101685;LIVROS BÍBLICOS;6_Evangelhos;43_João;CAPITULO 05;1;3;2;5;Como era chamado em hebraico o tanque junto ao Portão das Ovelhas? (João 5:2);;
101686;LIVROS BÍBLICOS;6_Evangelhos;43_João;CAPITULO 05;1;3;2;5;Quantos pórticos havia no tanque de Betesda? (João 5:2);;
101687;LIVROS BÍBLICOS;6_Evangelhos;43_João;CAPITULO 05;1;3;2;5;Que grupos de enfermos estavam deitados nos pórticos do tanque? (João 5:3);;
101688;LIVROS BÍBLICOS;6_Evangelhos;43_João;CAPITULO 05;1;3;2;5;Havia quanto tempo o homem encontrado por Jesus estava enfermo? (João 5:5);;
101689;LIVROS BÍBLICOS;6_Evangelhos;43_João;CAPITULO 05;1;3;2;5;Que pergunta Jesus fez ao homem que estava enfermo havia muito tempo? (João 5:6);;
101690;LIVROS BÍBLICOS;6_Evangelhos;43_João;CAPITULO 05;1;3;2;5;Que dificuldade o enfermo disse enfrentar quando a água era agitada? (João 5:7);;
101691;LIVROS BÍBLICOS;6_Evangelhos;43_João;CAPITULO 05;1;3;2;5;Que ordem Jesus deu ao enfermo junto ao tanque? (João 5:8);;
101692;LIVROS BÍBLICOS;6_Evangelhos;43_João;CAPITULO 05;1;3;2;5;Em que dia ocorreu a cura do homem de Betesda? (João 5:9);;
101693;LIVROS BÍBLICOS;6_Evangelhos;43_João;CAPITULO 05;1;3;2;5;O que os judeus disseram que o homem curado não podia fazer no sábado? (João 5:10);;
101694;LIVROS BÍBLICOS;6_Evangelhos;43_João;CAPITULO 05;1;3;2;5;Por que o homem não soube dizer imediatamente quem o havia curado? (João 5:13);;
101695;LIVROS BÍBLICOS;6_Evangelhos;43_João;CAPITULO 05;1;3;2;5;Que advertência Jesus deu ao homem quando o encontrou no templo? (João 5:14);;
101696;LIVROS BÍBLICOS;6_Evangelhos;43_João;CAPITULO 05;1;3;2;5;A quem o homem contou que Jesus o havia curado? (João 5:15);;
101697;LIVROS BÍBLICOS;6_Evangelhos;43_João;CAPITULO 05;1;3;2;5;Por que os judeus perseguiam Jesus? (João 5:16);;
101698;LIVROS BÍBLICOS;6_Evangelhos;43_João;CAPITULO 05;1;3;2;5;Que declaração Jesus fez sobre o trabalho do Pai e o seu próprio trabalho? (João 5:17);;
101699;LIVROS BÍBLICOS;6_Evangelhos;43_João;CAPITULO 05;1;3;2;5;Por que os judeus queriam ainda mais matar Jesus? (João 5:18);;
101700;LIVROS BÍBLICOS;6_Evangelhos;43_João;CAPITULO 05;1;3;2;5;O que o Filho faz em relação às obras do Pai? (João 5:19);;
101701;LIVROS BÍBLICOS;6_Evangelhos;43_João;CAPITULO 05;1;3;2;5;Por que o Pai mostra ao Filho tudo o que faz? (João 5:20);;
101702;LIVROS BÍBLICOS;6_Evangelhos;43_João;CAPITULO 05;1;3;2;5;A quem o Filho vivifica? (João 5:21);;
101703;LIVROS BÍBLICOS;6_Evangelhos;43_João;CAPITULO 05;1;3;2;5;A quem o Pai confiou todo julgamento? (João 5:22);;
101704;LIVROS BÍBLICOS;6_Evangelhos;43_João;CAPITULO 05;1;3;2;5;Que honra deve ser dada ao Filho? (João 5:23);;
101705;LIVROS BÍBLICOS;6_Evangelhos;43_João;CAPITULO 05;1;3;2;5;O que acontece com quem ouve a palavra de Jesus e crê naquele que o enviou? (João 5:24);;
101706;LIVROS BÍBLICOS;6_Evangelhos;43_João;CAPITULO 05;1;3;2;5;Quem ouvirá a voz do Filho de Deus e viverá? (João 5:25);;
101707;LIVROS BÍBLICOS;6_Evangelhos;43_João;CAPITULO 05;1;3;2;5;Por que o Filho recebeu autoridade para julgar? (João 5:27);;
101708;LIVROS BÍBLICOS;6_Evangelhos;43_João;CAPITULO 05;1;3;2;5;O que acontecerá quando todos os que estão nos túmulos ouvirem a voz do Filho? (João 5:28-29);;
101709;LIVROS BÍBLICOS;6_Evangelhos;43_João;CAPITULO 05;1;3;2;5;Por que o juízo de Jesus é justo? (João 5:30);;
101710;LIVROS BÍBLICOS;6_Evangelhos;43_João;CAPITULO 05;1;3;2;5;Quem deu testemunho da verdade quando os judeus lhe enviaram mensageiros? (João 5:33);;
101711;LIVROS BÍBLICOS;6_Evangelhos;43_João;CAPITULO 05;1;3;2;5;Como Jesus descreveu João em relação à luz? (João 5:35);;
101712;LIVROS BÍBLICOS;6_Evangelhos;43_João;CAPITULO 05;1;3;2;5;Que testemunho maior do que o de João Jesus afirmou possuir? (João 5:36);;
101713;LIVROS BÍBLICOS;6_Evangelhos;43_João;CAPITULO 05;1;3;2;5;Por que a palavra do Pai não permanecia nos ouvintes de Jesus? (João 5:38);;
101714;LIVROS BÍBLICOS;6_Evangelhos;43_João;CAPITULO 05;1;3;2;5;De quem as Escrituras examinadas pelos judeus davam testemunho? (João 5:39);;
101715;LIVROS BÍBLICOS;6_Evangelhos;43_João;CAPITULO 05;1;3;2;5;Apesar de examinarem as Escrituras, o que os ouvintes não queriam fazer? (João 5:40);;
101716;LIVROS BÍBLICOS;6_Evangelhos;43_João;CAPITULO 05;1;3;2;5;De quem Jesus disse não aceitar glória? (João 5:41);;
101717;LIVROS BÍBLICOS;6_Evangelhos;43_João;CAPITULO 05;1;3;2;5;Quem Jesus disse que acusaria seus opositores diante do Pai? (João 5:45);;
101718;LIVROS BÍBLICOS;6_Evangelhos;43_João;CAPITULO 05;1;3;2;5;Por que crer em Moisés deveria conduzir alguém a crer em Jesus? (João 5:46);;
101719;LIVROS BÍBLICOS;6_Evangelhos;43_João;CAPITULO 06;1;3;2;6;Qual outro nome é dado ao mar da Galileia atravessado por Jesus? (João 6:1);;
101720;LIVROS BÍBLICOS;6_Evangelhos;43_João;CAPITULO 06;1;3;2;6;Por que uma grande multidão seguia Jesus? (João 6:2);;
101721;LIVROS BÍBLICOS;6_Evangelhos;43_João;CAPITULO 06;1;3;2;6;Onde Jesus se assentou com os seus discípulos antes da multiplicação? (João 6:3);;
101722;LIVROS BÍBLICOS;6_Evangelhos;43_João;CAPITULO 06;1;3;2;6;Qual festa dos judeus estava próxima? (João 6:4);;
101723;LIVROS BÍBLICOS;6_Evangelhos;43_João;CAPITULO 06;1;3;2;6;A qual discípulo Jesus perguntou onde comprariam pão para a multidão? (João 6:5);;
101724;LIVROS BÍBLICOS;6_Evangelhos;43_João;CAPITULO 06;1;3;2;6;Por que Jesus fez a Filipe a pergunta sobre a compra de pão? (João 6:6);;
101725;LIVROS BÍBLICOS;6_Evangelhos;43_João;CAPITULO 06;1;3;2;6;Que valor de pão Filipe considerou insuficiente para que cada pessoa recebesse um pedaço? (João 6:7);;
101726;LIVROS BÍBLICOS;6_Evangelhos;43_João;CAPITULO 06;1;3;2;6;Qual discípulo informou a Jesus que havia um menino com alimento? (João 6:8);;
101727;LIVROS BÍBLICOS;6_Evangelhos;43_João;CAPITULO 06;1;3;2;6;Que alimento o menino possuía? (João 6:9);;
101728;LIVROS BÍBLICOS;6_Evangelhos;43_João;CAPITULO 06;1;3;2;6;Aproximadamente quantos homens se assentaram na relva? (João 6:10);;
101729;LIVROS BÍBLICOS;6_Evangelhos;43_João;CAPITULO 06;1;3;2;6;O que Jesus fez antes de distribuir os pães e os peixes? (João 6:11);;
101730;LIVROS BÍBLICOS;6_Evangelhos;43_João;CAPITULO 06;1;3;2;6;Por que Jesus ordenou que os discípulos recolhessem os pedaços que sobraram? (João 6:12);;
101731;LIVROS BÍBLICOS;6_Evangelhos;43_João;CAPITULO 06;1;3;2;6;Quantos cestos foram preenchidos com os pedaços que sobraram? (João 6:13);;
101732;LIVROS BÍBLICOS;6_Evangelhos;43_João;CAPITULO 06;1;3;2;6;Como as pessoas identificaram Jesus depois de ver o sinal da multiplicação? (João 6:14);;
101733;LIVROS BÍBLICOS;6_Evangelhos;43_João;CAPITULO 06;1;3;2;6;O que a multidão pretendia fazer com Jesus à força? (João 6:15);;
101734;LIVROS BÍBLICOS;6_Evangelhos;43_João;CAPITULO 06;1;3;2;6;Para onde os discípulos navegavam quando anoiteceu? (João 6:17);;
101735;LIVROS BÍBLICOS;6_Evangelhos;43_João;CAPITULO 06;1;3;2;6;Por que o mar começou a ficar agitado? (João 6:18);;
101736;LIVROS BÍBLICOS;6_Evangelhos;43_João;CAPITULO 06;1;3;2;6;Que distância os discípulos já haviam navegado quando viram Jesus andando sobre o mar? (João 6:19);;
101737;LIVROS BÍBLICOS;6_Evangelhos;43_João;CAPITULO 06;1;3;2;6;O que Jesus disse aos discípulos assustados ao aproximar-se do barco? (João 6:20);;
101738;LIVROS BÍBLICOS;6_Evangelhos;43_João;CAPITULO 06;1;3;2;6;O que aconteceu logo depois que os discípulos receberam Jesus no barco? (João 6:21);;
101739;LIVROS BÍBLICOS;6_Evangelhos;43_João;CAPITULO 06;1;3;2;6;Quantos barcos a multidão havia notado no local no dia anterior? (João 6:22);;
101740;LIVROS BÍBLICOS;6_Evangelhos;43_João;CAPITULO 06;1;3;2;6;De que cidade chegaram outros barquinhos ao lugar da multiplicação? (João 6:23);;
101741;LIVROS BÍBLICOS;6_Evangelhos;43_João;CAPITULO 06;1;3;2;6;Para onde a multidão foi à procura de Jesus? (João 6:24);;
101742;LIVROS BÍBLICOS;6_Evangelhos;43_João;CAPITULO 06;1;3;2;6;Qual motivo Jesus apontou para a multidão procurá-lo? (João 6:26);;
101743;LIVROS BÍBLICOS;6_Evangelhos;43_João;CAPITULO 06;1;3;2;6;Por qual alimento Jesus ensinou que deveriam trabalhar? (João 6:27);;
101744;LIVROS BÍBLICOS;6_Evangelhos;43_João;CAPITULO 06;1;3;2;6;Qual é a obra de Deus apresentada por Jesus? (João 6:29);;
101745;LIVROS BÍBLICOS;6_Evangelhos;43_João;CAPITULO 06;1;3;2;6;Que alimento os pais dos judeus comeram no deserto? (João 6:31);;
101746;LIVROS BÍBLICOS;6_Evangelhos;43_João;CAPITULO 06;1;3;2;6;Quem Jesus disse que dá o verdadeiro pão do céu? (João 6:32);;
101747;LIVROS BÍBLICOS;6_Evangelhos;43_João;CAPITULO 06;1;3;2;6;O que o pão de Deus faz ao mundo? (João 6:33);;
101748;LIVROS BÍBLICOS;6_Evangelhos;43_João;CAPITULO 06;1;3;2;6;Como Jesus se apresentou àqueles que pediram sempre daquele pão? (João 6:35);;
101749;LIVROS BÍBLICOS;6_Evangelhos;43_João;CAPITULO 06;1;3;2;6;O que Jesus afirmou que não faria com aquele que viesse a ele? (João 6:37);;
101750;LIVROS BÍBLICOS;6_Evangelhos;43_João;CAPITULO 06;1;3;2;6;Por que Jesus disse que desceu do céu? (João 6:38);;
101751;LIVROS BÍBLICOS;6_Evangelhos;43_João;CAPITULO 06;1;3;2;6;Qual é a vontade daquele que enviou Jesus quanto aos que lhe foram dados? (João 6:39);;
101752;LIVROS BÍBLICOS;6_Evangelhos;43_João;CAPITULO 06;1;3;2;6;Por que os judeus começaram a murmurar contra Jesus? (João 6:41);;
101753;LIVROS BÍBLICOS;6_Evangelhos;43_João;CAPITULO 06;1;3;2;6;Como os judeus identificaram Jesus ao questionar sua declaração de ter descido do céu? (João 6:42);;
101754;LIVROS BÍBLICOS;6_Evangelhos;43_João;CAPITULO 06;1;3;2;6;Quem precisa trazer uma pessoa a Jesus para que ela venha a ele? (João 6:44);;
101755;LIVROS BÍBLICOS;6_Evangelhos;43_João;CAPITULO 06;1;3;2;6;O que está escrito nos Profetas a respeito das pessoas? (João 6:45);;
101756;LIVROS BÍBLICOS;6_Evangelhos;43_João;CAPITULO 06;1;3;2;6;O que possui aquele que crê em Jesus? (João 6:47);;
101757;LIVROS BÍBLICOS;6_Evangelhos;43_João;CAPITULO 06;1;3;2;6;O que aconteceu aos pais que comeram o maná no deserto? (João 6:49);;
101758;LIVROS BÍBLICOS;6_Evangelhos;43_João;CAPITULO 06;1;3;2;6;O que Jesus disse que daria pela vida do mundo? (João 6:51);;
101759;LIVROS BÍBLICOS;6_Evangelhos;43_João;CAPITULO 06;1;3;2;6;Que promessa Jesus fez a quem come sua carne e bebe seu sangue? (João 6:54);;
101760;LIVROS BÍBLICOS;6_Evangelhos;43_João;CAPITULO 06;1;3;2;6;Que relação existe entre Jesus e aquele que se alimenta dele? (João 6:56);;
101761;LIVROS BÍBLICOS;6_Evangelhos;43_João;CAPITULO 06;1;3;2;6;Onde Jesus ensinou essas coisas sobre o pão da vida? (João 6:59);;
101762;LIVROS BÍBLICOS;6_Evangelhos;43_João;CAPITULO 06;1;3;2;6;Qual foi a reação de muitos discípulos ao discurso de Jesus? (João 6:60);;
101763;LIVROS BÍBLICOS;6_Evangelhos;43_João;CAPITULO 06;1;3;2;6;O que Jesus disse que vivifica, em contraste com a carne que para nada aproveita? (João 6:63);;
101764;LIVROS BÍBLICOS;6_Evangelhos;43_João;CAPITULO 06;1;3;2;6;O que muitos discípulos fizeram depois desse ensino? (João 6:66);;
101765;LIVROS BÍBLICOS;6_Evangelhos;43_João;CAPITULO 06;1;3;2;6;Por que Simão Pedro afirmou que não havia para quem ir? (João 6:68-69);;
101766;LIVROS BÍBLICOS;6_Evangelhos;43_João;CAPITULO 06;1;3;2;6;A quem Jesus se referia ao dizer que um dos doze era um diabo? (João 6:70-71);;
101767;LIVROS BÍBLICOS;6_Evangelhos;43_João;CAPITULO 07;1;3;2;7;Por que Jesus evitava andar pela Judeia naquele período? (João 7:1);;
101768;LIVROS BÍBLICOS;6_Evangelhos;43_João;CAPITULO 07;1;3;2;7;Qual festa judaica se aproximava enquanto Jesus permanecia na Galileia? (João 7:2);;
101769;LIVROS BÍBLICOS;6_Evangelhos;43_João;CAPITULO 07;1;3;2;7;O que os irmãos de Jesus lhe sugeriram fazer? (João 7:3-4);;
101770;LIVROS BÍBLICOS;6_Evangelhos;43_João;CAPITULO 07;1;3;2;7;Qual era a atitude dos irmãos de Jesus em relação a ele? (João 7:5);;
101771;LIVROS BÍBLICOS;6_Evangelhos;43_João;CAPITULO 07;1;3;2;7;Que diferença Jesus apresentou entre o seu tempo e o tempo dos irmãos? (João 7:6);;
101772;LIVROS BÍBLICOS;6_Evangelhos;43_João;CAPITULO 07;1;3;2;7;Por que o mundo odiava Jesus? (João 7:7);;
101773;LIVROS BÍBLICOS;6_Evangelhos;43_João;CAPITULO 07;1;3;2;7;Como Jesus foi à festa depois que seus irmãos partiram? (João 7:10);;
101774;LIVROS BÍBLICOS;6_Evangelhos;43_João;CAPITULO 07;1;3;2;7;Que pergunta os judeus faziam enquanto procuravam Jesus na festa? (João 7:11);;
101775;LIVROS BÍBLICOS;6_Evangelhos;43_João;CAPITULO 07;1;3;2;7;Que opiniões contrárias circulavam entre as multidões a respeito de Jesus? (João 7:12);;
101776;LIVROS BÍBLICOS;6_Evangelhos;43_João;CAPITULO 07;1;3;2;7;Por que ninguém falava abertamente sobre Jesus? (João 7:13);;
101777;LIVROS BÍBLICOS;6_Evangelhos;43_João;CAPITULO 07;1;3;2;7;Em que momento da festa Jesus foi ao templo ensinar? (João 7:14);;
101778;LIVROS BÍBLICOS;6_Evangelhos;43_João;CAPITULO 07;1;3;2;7;O que causou admiração nos judeus ao ouvirem Jesus ensinar? (João 7:15);;
101779;LIVROS BÍBLICOS;6_Evangelhos;43_João;CAPITULO 07;1;3;2;7;De quem Jesus disse que era o seu ensino? (João 7:16);;
101780;LIVROS BÍBLICOS;6_Evangelhos;43_João;CAPITULO 07;1;3;2;7;Como alguém poderia reconhecer se a doutrina de Jesus vinha de Deus? (João 7:17);;
101781;LIVROS BÍBLICOS;6_Evangelhos;43_João;CAPITULO 07;1;3;2;7;Quem é verdadeiro e não possui falsidade, segundo Jesus? (João 7:18);;
101782;LIVROS BÍBLICOS;6_Evangelhos;43_João;CAPITULO 07;1;3;2;7;Que acusação Jesus fez aos que se orgulhavam da Lei de Moisés? (João 7:19);;
101783;LIVROS BÍBLICOS;6_Evangelhos;43_João;CAPITULO 07;1;3;2;7;Como a multidão respondeu quando Jesus perguntou por que queriam matá-lo? (João 7:20);;
101784;LIVROS BÍBLICOS;6_Evangelhos;43_João;CAPITULO 07;1;3;2;7;Que prática os judeus realizavam até mesmo no sábado para não desrespeitar a Lei? (João 7:22-23);;
101785;LIVROS BÍBLICOS;6_Evangelhos;43_João;CAPITULO 07;1;3;2;7;Como Jesus ensinou que as pessoas deveriam julgar? (João 7:24);;
101786;LIVROS BÍBLICOS;6_Evangelhos;43_João;CAPITULO 07;1;3;2;7;Que dúvida alguns moradores de Jerusalém levantaram ao ver Jesus falando livremente? (João 7:26);;
101787;LIVROS BÍBLICOS;6_Evangelhos;43_João;CAPITULO 07;1;3;2;7;O que alguns afirmavam saber sobre Jesus, em contraste com o Cristo esperado? (João 7:27);;
101788;LIVROS BÍBLICOS;6_Evangelhos;43_João;CAPITULO 07;1;3;2;7;Por que ninguém conseguiu prender Jesus naquele momento? (João 7:30);;
101789;LIVROS BÍBLICOS;6_Evangelhos;43_João;CAPITULO 07;1;3;2;7;Que argumento levou muitos da multidão a crer em Jesus? (João 7:31);;
101790;LIVROS BÍBLICOS;6_Evangelhos;43_João;CAPITULO 07;1;3;2;7;Quem enviou guardas para prender Jesus? (João 7:32);;
101791;LIVROS BÍBLICOS;6_Evangelhos;43_João;CAPITULO 07;1;3;2;7;O que Jesus disse que faria depois de permanecer mais um pouco com eles? (João 7:33);;
101792;LIVROS BÍBLICOS;6_Evangelhos;43_João;CAPITULO 07;1;3;2;7;Para onde os judeus imaginaram que Jesus poderia ir? (João 7:35);;
101793;LIVROS BÍBLICOS;6_Evangelhos;43_João;CAPITULO 07;1;3;2;7;Em que dia da festa Jesus fez o convite a quem tivesse sede? (João 7:37);;
101794;LIVROS BÍBLICOS;6_Evangelhos;43_João;CAPITULO 07;1;3;2;7;O que fluiria do interior daquele que cresse em Jesus? (João 7:38);;
101795;LIVROS BÍBLICOS;6_Evangelhos;43_João;CAPITULO 07;1;3;2;7;A respeito de quem Jesus falou ao mencionar rios de água viva? (João 7:39);;
101796;LIVROS BÍBLICOS;6_Evangelhos;43_João;CAPITULO 07;1;3;2;7;Que identidades diferentes o povo atribuiu a Jesus depois de ouvir suas palavras? (João 7:40-41);;
101797;LIVROS BÍBLICOS;6_Evangelhos;43_João;CAPITULO 07;1;3;2;7;De onde, segundo a Escritura citada pelo povo, o Cristo deveria vir? (João 7:42);;
101798;LIVROS BÍBLICOS;6_Evangelhos;43_João;CAPITULO 07;1;3;2;7;Qual foi o resultado das opiniões diferentes a respeito de Jesus? (João 7:43);;
101799;LIVROS BÍBLICOS;6_Evangelhos;43_João;CAPITULO 07;1;3;2;7;Por que os guardas voltaram sem levar Jesus? (João 7:46);;
101800;LIVROS BÍBLICOS;6_Evangelhos;43_João;CAPITULO 07;1;3;2;7;Que pergunta Nicodemos fez em defesa de um julgamento correto? (João 7:51);;
101801;LIVROS BÍBLICOS;6_Evangelhos;43_João;CAPITULO 07;1;3;2;7;Como os líderes responderam a Nicodemos? (João 7:52);;
101802;LIVROS BÍBLICOS;6_Evangelhos;43_João;CAPITULO 07;1;3;2;7;O que cada pessoa fez ao final da discussão entre as autoridades? (João 7:53);;
101803;LIVROS BÍBLICOS;6_Evangelhos;43_João;CAPITULO 08;1;3;2;8;Para onde Jesus foi enquanto cada pessoa retornava à sua casa? (João 8:1);;
101804;LIVROS BÍBLICOS;6_Evangelhos;43_João;CAPITULO 08;1;3;2;8;Onde Jesus se assentou para ensinar o povo pela manhã? (João 8:2);;
101805;LIVROS BÍBLICOS;6_Evangelhos;43_João;CAPITULO 08;1;3;2;8;Quem levou até Jesus uma mulher apanhada em adultério? (João 8:3);;
101806;LIVROS BÍBLICOS;6_Evangelhos;43_João;CAPITULO 08;1;3;2;8;O que os acusadores disseram que a Lei de Moisés mandava fazer com mulheres em tal situação? (João 8:5);;
101807;LIVROS BÍBLICOS;6_Evangelhos;43_João;CAPITULO 08;1;3;2;8;Com que intenção os líderes perguntaram a opinião de Jesus sobre a mulher? (João 8:6);;
101808;LIVROS BÍBLICOS;6_Evangelhos;43_João;CAPITULO 08;1;3;2;8;O que Jesus fazia enquanto os acusadores insistiam na pergunta? (João 8:6-8);;
101809;LIVROS BÍBLICOS;6_Evangelhos;43_João;CAPITULO 08;1;3;2;8;Quem Jesus autorizou a lançar a primeira pedra? (João 8:7);;
101810;LIVROS BÍBLICOS;6_Evangelhos;43_João;CAPITULO 08;1;3;2;8;Em que ordem os acusadores começaram a sair depois da resposta de Jesus? (João 8:9);;
101811;LIVROS BÍBLICOS;6_Evangelhos;43_João;CAPITULO 08;1;3;2;8;Que orientação Jesus deu à mulher depois que ninguém a condenou? (João 8:11);;
101812;LIVROS BÍBLICOS;6_Evangelhos;43_João;CAPITULO 08;1;3;2;8;Como Jesus se apresentou ao falar novamente ao povo? (João 8:12);;
101813;LIVROS BÍBLICOS;6_Evangelhos;43_João;CAPITULO 08;1;3;2;8;O que terá aquele que segue Jesus, a luz do mundo? (João 8:12);;
101814;LIVROS BÍBLICOS;6_Evangelhos;43_João;CAPITULO 08;1;3;2;8;Por que os fariseus rejeitaram inicialmente o testemunho de Jesus sobre si mesmo? (João 8:13);;
101815;LIVROS BÍBLICOS;6_Evangelhos;43_João;CAPITULO 08;1;3;2;8;Por que o testemunho de Jesus era verdadeiro mesmo quando falava de si? (João 8:14);;
101816;LIVROS BÍBLICOS;6_Evangelhos;43_João;CAPITULO 08;1;3;2;8;Segundo que critério Jesus disse que os seus opositores julgavam? (João 8:15);;
101817;LIVROS BÍBLICOS;6_Evangelhos;43_João;CAPITULO 08;1;3;2;8;Quem estava com Jesus em seu julgamento, tornando-o verdadeiro? (João 8:16);;
101818;LIVROS BÍBLICOS;6_Evangelhos;43_João;CAPITULO 08;1;3;2;8;Que duas testemunhas Jesus apresentou de acordo com a Lei? (João 8:18);;
101819;LIVROS BÍBLICOS;6_Evangelhos;43_João;CAPITULO 08;1;3;2;8;O que Jesus respondeu quando perguntaram onde estava o seu Pai? (João 8:19);;
101820;LIVROS BÍBLICOS;6_Evangelhos;43_João;CAPITULO 08;1;3;2;8;Por que ninguém prendeu Jesus enquanto ensinava junto à caixa das ofertas? (João 8:20);;
101821;LIVROS BÍBLICOS;6_Evangelhos;43_João;CAPITULO 08;1;3;2;8;O que Jesus disse que aconteceria aos que morressem em seu pecado? (João 8:21);;
101822;LIVROS BÍBLICOS;6_Evangelhos;43_João;CAPITULO 08;1;3;2;8;Que conclusão equivocada os judeus levantaram ao ouvir que não poderiam ir para onde Jesus iria? (João 8:22);;
101823;LIVROS BÍBLICOS;6_Evangelhos;43_João;CAPITULO 08;1;3;2;8;Qual contraste Jesus estabeleceu entre sua origem e a de seus ouvintes? (João 8:23);;
101824;LIVROS BÍBLICOS;6_Evangelhos;43_João;CAPITULO 08;1;3;2;8;O que era necessário crer para não morrer nos próprios pecados? (João 8:24);;
101825;LIVROS BÍBLICOS;6_Evangelhos;43_João;CAPITULO 08;1;3;2;8;Quando os ouvintes entenderiam quem Jesus era? (João 8:28);;
101826;LIVROS BÍBLICOS;6_Evangelhos;43_João;CAPITULO 08;1;3;2;8;Por que aquele que enviou Jesus não o deixou sozinho? (João 8:29);;
101827;LIVROS BÍBLICOS;6_Evangelhos;43_João;CAPITULO 08;1;3;2;8;O que aconteceu com muitos enquanto Jesus dizia essas coisas? (João 8:30);;
101828;LIVROS BÍBLICOS;6_Evangelhos;43_João;CAPITULO 08;1;3;2;8;Como os que haviam crido demonstrariam ser verdadeiramente discípulos? (João 8:31);;
101829;LIVROS BÍBLICOS;6_Evangelhos;43_João;CAPITULO 08;1;3;2;8;Qual resultado Jesus associou ao conhecimento da verdade? (João 8:32);;
101830;LIVROS BÍBLICOS;6_Evangelhos;43_João;CAPITULO 08;1;3;2;8;De que escravidão Jesus falava ao responder aos descendentes de Abraão? (João 8:34);;
101831;LIVROS BÍBLICOS;6_Evangelhos;43_João;CAPITULO 08;1;3;2;8;Qual é a diferença entre a permanência do escravo e a do filho na casa? (João 8:35);;
101832;LIVROS BÍBLICOS;6_Evangelhos;43_João;CAPITULO 08;1;3;2;8;Quem pode tornar as pessoas verdadeiramente livres? (João 8:36);;
101833;LIVROS BÍBLICOS;6_Evangelhos;43_João;CAPITULO 08;1;3;2;8;Por que a palavra de Jesus não encontrava lugar nos descendentes de Abraão que queriam matá-lo? (João 8:37);;
101834;LIVROS BÍBLICOS;6_Evangelhos;43_João;CAPITULO 08;1;3;2;8;Como Jesus disse que os verdadeiros filhos de Abraão agiriam? (João 8:39);;
101835;LIVROS BÍBLICOS;6_Evangelhos;43_João;CAPITULO 08;1;3;2;8;Por que Jesus afirmou que Deus não era o Pai dos seus opositores? (João 8:42);;
101836;LIVROS BÍBLICOS;6_Evangelhos;43_João;CAPITULO 08;1;3;2;8;Quem Jesus identificou como pai espiritual dos que desejavam cumprir seus desejos maus? (João 8:44);;
101837;LIVROS BÍBLICOS;6_Evangelhos;43_João;CAPITULO 08;1;3;2;8;Como Jesus descreveu o diabo em relação à verdade e à mentira? (João 8:44);;
101838;LIVROS BÍBLICOS;6_Evangelhos;43_João;CAPITULO 08;1;3;2;8;Que desafio Jesus fez aos seus opositores a respeito de sua própria vida? (João 8:46);;
101839;LIVROS BÍBLICOS;6_Evangelhos;43_João;CAPITULO 08;1;3;2;8;Por que os opositores não ouviam as palavras de Deus? (João 8:47);;
101840;LIVROS BÍBLICOS;6_Evangelhos;43_João;CAPITULO 08;1;3;2;8;Que insultos os judeus dirigiram a Jesus? (João 8:48);;
101841;LIVROS BÍBLICOS;6_Evangelhos;43_João;CAPITULO 08;1;3;2;8;O que Jesus afirmou sobre quem guarda a sua palavra? (João 8:51);;
101842;LIVROS BÍBLICOS;6_Evangelhos;43_João;CAPITULO 08;1;3;2;8;O que Abraão fez em relação ao dia de Jesus? (João 8:56);;
101843;LIVROS BÍBLICOS;6_Evangelhos;43_João;CAPITULO 08;1;3;2;8;Que declaração de Jesus levou os judeus a pegarem pedras? (João 8:58-59);;
101844;LIVROS BÍBLICOS;6_Evangelhos;43_João;CAPITULO 09;1;3;2;9;Que condição possuía o homem visto por Jesus desde o nascimento? (João 9:1);;
101845;LIVROS BÍBLICOS;6_Evangelhos;43_João;CAPITULO 09;1;3;2;9;Que alternativas os discípulos apresentaram para explicar a cegueira do homem? (João 9:2);;
101846;LIVROS BÍBLICOS;6_Evangelhos;43_João;CAPITULO 09;1;3;2;9;Por que, segundo Jesus, aquele homem havia nascido cego? (João 9:3);;
101847;LIVROS BÍBLICOS;6_Evangelhos;43_João;CAPITULO 09;1;3;2;9;Enquanto era dia, que tipo de obras Jesus disse ser necessário realizar? (João 9:4);;
101848;LIVROS BÍBLICOS;6_Evangelhos;43_João;CAPITULO 09;1;3;2;9;Como Jesus se identificou enquanto estava no mundo? (João 9:5);;
101849;LIVROS BÍBLICOS;6_Evangelhos;43_João;CAPITULO 09;1;3;2;9;Com que Jesus fez a lama colocada nos olhos do cego? (João 9:6);;
101850;LIVROS BÍBLICOS;6_Evangelhos;43_João;CAPITULO 09;1;3;2;9;Em qual tanque Jesus mandou o cego lavar-se? (João 9:7);;
101851;LIVROS BÍBLICOS;6_Evangelhos;43_João;CAPITULO 09;1;3;2;9;Qual significado é dado ao nome Siloé? (João 9:7);;
101852;LIVROS BÍBLICOS;6_Evangelhos;43_João;CAPITULO 09;1;3;2;9;Que dúvida os vizinhos levantaram depois da cura? (João 9:8-9);;
101853;LIVROS BÍBLICOS;6_Evangelhos;43_João;CAPITULO 09;1;3;2;9;Como o homem curado explicou a maneira pela qual passou a enxergar? (João 9:11);;
101854;LIVROS BÍBLICOS;6_Evangelhos;43_João;CAPITULO 09;1;3;2;9;A quem levaram o homem que anteriormente era cego? (João 9:13);;
101855;LIVROS BÍBLICOS;6_Evangelhos;43_João;CAPITULO 09;1;3;2;9;Em que dia Jesus fez a lama e abriu os olhos do homem? (João 9:14);;
101856;LIVROS BÍBLICOS;6_Evangelhos;43_João;CAPITULO 09;1;3;2;9;Por que alguns fariseus diziam que Jesus não vinha de Deus? (João 9:16);;
101857;LIVROS BÍBLICOS;6_Evangelhos;43_João;CAPITULO 09;1;3;2;9;Que argumento outros apresentavam em favor de Jesus? (João 9:16);;
101858;LIVROS BÍBLICOS;6_Evangelhos;43_João;CAPITULO 09;1;3;2;9;Como o homem curado identificou Jesus quando lhe perguntaram o que pensava dele? (João 9:17);;
101859;LIVROS BÍBLICOS;6_Evangelhos;43_João;CAPITULO 09;1;3;2;9;Por que os judeus chamaram os pais do homem? (João 9:18);;
101860;LIVROS BÍBLICOS;6_Evangelhos;43_João;CAPITULO 09;1;3;2;9;O que os pais confirmaram a respeito do filho? (João 9:20);;
101861;LIVROS BÍBLICOS;6_Evangelhos;43_João;CAPITULO 09;1;3;2;9;Por que os pais evitaram explicar como o filho passou a ver? (João 9:22);;
101862;LIVROS BÍBLICOS;6_Evangelhos;43_João;CAPITULO 09;1;3;2;9;Que decisão os judeus já haviam tomado sobre quem confessasse Jesus como Cristo? (João 9:22);;
101863;LIVROS BÍBLICOS;6_Evangelhos;43_João;CAPITULO 09;1;3;2;9;Que ordem os fariseus deram ao homem ao chamá-lo pela segunda vez? (João 9:24);;
101864;LIVROS BÍBLICOS;6_Evangelhos;43_João;CAPITULO 09;1;3;2;9;Que fato simples o homem curado disse saber, independentemente de Jesus ser pecador? (João 9:25);;
101865;LIVROS BÍBLICOS;6_Evangelhos;43_João;CAPITULO 09;1;3;2;9;Como o homem respondeu quando insistiram em perguntar o que Jesus lhe fizera? (João 9:27);;
101866;LIVROS BÍBLICOS;6_Evangelhos;43_João;CAPITULO 09;1;3;2;9;De quem os fariseus declararam ser discípulos? (João 9:28);;
101867;LIVROS BÍBLICOS;6_Evangelhos;43_João;CAPITULO 09;1;3;2;9;O que os fariseus diziam não saber a respeito de Jesus? (João 9:29);;
101868;LIVROS BÍBLICOS;6_Evangelhos;43_João;CAPITULO 09;1;3;2;9;Que princípio sobre a oração o homem curado apresentou aos fariseus? (João 9:31);;
101869;LIVROS BÍBLICOS;6_Evangelhos;43_João;CAPITULO 09;1;3;2;9;Que conclusão o homem tirou sobre Jesus a partir do sinal realizado? (João 9:33);;
101870;LIVROS BÍBLICOS;6_Evangelhos;43_João;CAPITULO 09;1;3;2;9;O que os líderes fizeram com o homem depois de ele defendê-lo? (João 9:34);;
101871;LIVROS BÍBLICOS;6_Evangelhos;43_João;CAPITULO 09;1;3;2;9;Que pergunta Jesus fez ao homem depois de encontrá-lo? (João 9:35);;
101872;LIVROS BÍBLICOS;6_Evangelhos;43_João;CAPITULO 09;1;3;2;9;O que o homem fez quando Jesus se revelou como o Filho do Homem? (João 9:38);;
101873;LIVROS BÍBLICOS;6_Evangelhos;43_João;CAPITULO 09;1;3;2;9;Que condição Jesus atribuiu aos fariseus que diziam ver? (João 9:41);;
101874;LIVROS BÍBLICOS;6_Evangelhos;43_João;CAPITULO 10;1;3;2;10;Por onde entra no aprisco aquele que é ladrão e salteador? (João 10:1);;
101875;LIVROS BÍBLICOS;6_Evangelhos;43_João;CAPITULO 10;1;3;2;10;Quem entra pela porta do aprisco? (João 10:2);;
101876;LIVROS BÍBLICOS;6_Evangelhos;43_João;CAPITULO 10;1;3;2;10;Como as ovelhas respondem à voz do pastor? (João 10:3);;
101877;LIVROS BÍBLICOS;6_Evangelhos;43_João;CAPITULO 10;1;3;2;10;Por que as ovelhas seguem o pastor? (João 10:4);;
101878;LIVROS BÍBLICOS;6_Evangelhos;43_João;CAPITULO 10;1;3;2;10;Como as ovelhas reagem diante de um estranho? (João 10:5);;
101879;LIVROS BÍBLICOS;6_Evangelhos;43_João;CAPITULO 10;1;3;2;10;Como Jesus se identificou na explicação sobre o aprisco? (João 10:7);;
101880;LIVROS BÍBLICOS;6_Evangelhos;43_João;CAPITULO 10;1;3;2;10;O que faziam os que vieram antes de Jesus, descritos como ladrões e salteadores? (João 10:8);;
101881;LIVROS BÍBLICOS;6_Evangelhos;43_João;CAPITULO 10;1;3;2;10;O que acontecerá com quem entrar por Jesus, a porta? (João 10:9);;
101882;LIVROS BÍBLICOS;6_Evangelhos;43_João;CAPITULO 10;1;3;2;10;Qual é o propósito do ladrão? (João 10:10);;
101883;LIVROS BÍBLICOS;6_Evangelhos;43_João;CAPITULO 10;1;3;2;10;Para que Jesus disse ter vindo? (João 10:10);;
101884;LIVROS BÍBLICOS;6_Evangelhos;43_João;CAPITULO 10;1;3;2;10;Como Jesus se apresentou em contraste com o mercenário? (João 10:11);;
101885;LIVROS BÍBLICOS;6_Evangelhos;43_João;CAPITULO 10;1;3;2;10;O que o bom pastor faz pelas ovelhas? (João 10:11);;
101886;LIVROS BÍBLICOS;6_Evangelhos;43_João;CAPITULO 10;1;3;2;10;Por que o mercenário abandona as ovelhas diante do lobo? (João 10:12-13);;
101887;LIVROS BÍBLICOS;6_Evangelhos;43_João;CAPITULO 10;1;3;2;10;Que relação de conhecimento Jesus descreveu entre ele e as suas ovelhas? (João 10:14);;
101888;LIVROS BÍBLICOS;6_Evangelhos;43_João;CAPITULO 10;1;3;2;10;A que relação Jesus comparou o conhecimento entre ele e suas ovelhas? (João 10:15);;
101889;LIVROS BÍBLICOS;6_Evangelhos;43_João;CAPITULO 10;1;3;2;10;O que Jesus disse sobre outras ovelhas que não eram daquele aprisco? (João 10:16);;
101890;LIVROS BÍBLICOS;6_Evangelhos;43_João;CAPITULO 10;1;3;2;10;Por que o Pai ama Jesus, segundo sua declaração? (João 10:17);;
101891;LIVROS BÍBLICOS;6_Evangelhos;43_João;CAPITULO 10;1;3;2;10;Quem tirava a vida de Jesus? (João 10:18);;
101892;LIVROS BÍBLICOS;6_Evangelhos;43_João;CAPITULO 10;1;3;2;10;Que autoridade Jesus afirmou possuir sobre sua vida? (João 10:18);;
101893;LIVROS BÍBLICOS;6_Evangelhos;43_João;CAPITULO 10;1;3;2;10;Que efeito essas palavras tiveram entre os judeus? (João 10:19);;
101894;LIVROS BÍBLICOS;6_Evangelhos;43_João;CAPITULO 10;1;3;2;10;Como alguns judeus explicavam as palavras de Jesus? (João 10:20);;
101895;LIVROS BÍBLICOS;6_Evangelhos;43_João;CAPITULO 10;1;3;2;10;Que argumento outros judeus usaram contra a acusação de possessão demoníaca? (João 10:21);;
101896;LIVROS BÍBLICOS;6_Evangelhos;43_João;CAPITULO 10;1;3;2;10;Qual festa estava sendo celebrada em Jerusalém? (João 10:22);;
101897;LIVROS BÍBLICOS;6_Evangelhos;43_João;CAPITULO 10;1;3;2;10;Qual estação do ano é mencionada durante a Festa da Dedicação? (João 10:22);;
101898;LIVROS BÍBLICOS;6_Evangelhos;43_João;CAPITULO 10;1;3;2;10;Em que parte do templo Jesus caminhava? (João 10:23);;
101899;LIVROS BÍBLICOS;6_Evangelhos;43_João;CAPITULO 10;1;3;2;10;Por que Jesus disse que os judeus não criam? (João 10:26);;
101900;LIVROS BÍBLICOS;6_Evangelhos;43_João;CAPITULO 10;1;3;2;10;Que segurança Jesus prometeu às suas ovelhas? (João 10:28);;
101901;LIVROS BÍBLICOS;6_Evangelhos;43_João;CAPITULO 10;1;3;2;10;Que declaração Jesus fez sobre sua unidade com o Pai? (João 10:30);;
101902;LIVROS BÍBLICOS;6_Evangelhos;43_João;CAPITULO 10;1;3;2;10;Que obra Jesus pediu que apontassem como motivo para apedrejá-lo? (João 10:32);;
101903;LIVROS BÍBLICOS;6_Evangelhos;43_João;CAPITULO 10;1;3;2;10;Por que os judeus disseram querer apedrejar Jesus? (João 10:33);;
101904;LIVROS BÍBLICOS;6_Evangelhos;43_João;CAPITULO 10;1;3;2;10;Que critério Jesus apresentou para que cressem nele mesmo se não cressem em suas palavras? (João 10:38);;
101905;LIVROS BÍBLICOS;6_Evangelhos;43_João;CAPITULO 10;1;3;2;10;Para onde Jesus voltou depois de escapar das mãos dos que tentavam prendê-lo? (João 10:40);;
101906;LIVROS BÍBLICOS;6_Evangelhos;43_João;CAPITULO 11;1;3;2;11;Em que aldeia morava Lázaro, irmão de Marta e Maria? (João 11:1);;
101907;LIVROS BÍBLICOS;6_Evangelhos;43_João;CAPITULO 11;1;3;2;11;Qual das irmãs de Lázaro é identificada como aquela que ungiu o Senhor com bálsamo? (João 11:2);;
101908;LIVROS BÍBLICOS;6_Evangelhos;43_João;CAPITULO 11;1;3;2;11;Como as irmãs se referiram a Lázaro na mensagem enviada a Jesus? (João 11:3);;
101909;LIVROS BÍBLICOS;6_Evangelhos;43_João;CAPITULO 11;1;3;2;11;Qual seria o resultado final da enfermidade de Lázaro, segundo Jesus? (João 11:4);;
101910;LIVROS BÍBLICOS;6_Evangelhos;43_João;CAPITULO 11;1;3;2;11;Quanto tempo Jesus ainda permaneceu onde estava depois de saber que Lázaro estava doente? (João 11:6);;
101911;LIVROS BÍBLICOS;6_Evangelhos;43_João;CAPITULO 11;1;3;2;11;Para onde Jesus decidiu voltar, apesar do perigo? (João 11:7);;
101912;LIVROS BÍBLICOS;6_Evangelhos;43_João;CAPITULO 11;1;3;2;11;Que perigo os discípulos lembraram quando Jesus falou em voltar à Judeia? (João 11:8);;
101913;LIVROS BÍBLICOS;6_Evangelhos;43_João;CAPITULO 11;1;3;2;11;A que período Jesus comparou a oportunidade de caminhar sem tropeçar? (João 11:9);;
101914;LIVROS BÍBLICOS;6_Evangelhos;43_João;CAPITULO 11;1;3;2;11;Que expressão Jesus usou inicialmente para falar da morte de Lázaro? (João 11:11);;
101915;LIVROS BÍBLICOS;6_Evangelhos;43_João;CAPITULO 11;1;3;2;11;Como os discípulos interpretaram a declaração de que Lázaro dormia? (João 11:12-13);;
101916;LIVROS BÍBLICOS;6_Evangelhos;43_João;CAPITULO 11;1;3;2;11;O que Jesus disse claramente sobre Lázaro? (João 11:14);;
101917;LIVROS BÍBLICOS;6_Evangelhos;43_João;CAPITULO 11;1;3;2;11;Por que Jesus disse alegrar-se por não ter estado presente quando Lázaro morreu? (João 11:15);;
101918;LIVROS BÍBLICOS;6_Evangelhos;43_João;CAPITULO 11;1;3;2;11;Que outro nome de Tomé é explicado no texto? (João 11:16);;
101919;LIVROS BÍBLICOS;6_Evangelhos;43_João;CAPITULO 11;1;3;2;11;Que disposição Tomé demonstrou ao falar aos outros discípulos? (João 11:16);;
101920;LIVROS BÍBLICOS;6_Evangelhos;43_João;CAPITULO 11;1;3;2;11;Havia quantos dias Lázaro estava no túmulo quando Jesus chegou? (João 11:17);;
101921;LIVROS BÍBLICOS;6_Evangelhos;43_João;CAPITULO 11;1;3;2;11;Aproximadamente a que distância Betânia ficava de Jerusalém? (João 11:18);;
101922;LIVROS BÍBLICOS;6_Evangelhos;43_João;CAPITULO 11;1;3;2;11;Por que muitos judeus tinham ido visitar Marta e Maria? (João 11:19);;
101923;LIVROS BÍBLICOS;6_Evangelhos;43_João;CAPITULO 11;1;3;2;11;Qual das irmãs saiu ao encontro de Jesus, enquanto a outra ficou sentada em casa? (João 11:20);;
101924;LIVROS BÍBLICOS;6_Evangelhos;43_João;CAPITULO 11;1;3;2;11;O que Marta afirmou que não teria acontecido se Jesus estivesse presente? (João 11:21);;
101925;LIVROS BÍBLICOS;6_Evangelhos;43_João;CAPITULO 11;1;3;2;11;Em que momento Marta acreditava que Lázaro ressuscitaria? (João 11:24);;
101926;LIVROS BÍBLICOS;6_Evangelhos;43_João;CAPITULO 11;1;3;2;11;Como Jesus se apresentou a Marta? (João 11:25);;
101927;LIVROS BÍBLICOS;6_Evangelhos;43_João;CAPITULO 11;1;3;2;11;Que promessa Jesus fez a quem vive e crê nele? (João 11:26);;
101928;LIVROS BÍBLICOS;6_Evangelhos;43_João;CAPITULO 11;1;3;2;11;Que confissão Marta fez a respeito de Jesus? (João 11:27);;
101929;LIVROS BÍBLICOS;6_Evangelhos;43_João;CAPITULO 11;1;3;2;11;Como Marta chamou Maria para encontrar Jesus? (João 11:28);;
101930;LIVROS BÍBLICOS;6_Evangelhos;43_João;CAPITULO 11;1;3;2;11;O que Maria fez ao chegar ao lugar onde Jesus estava? (João 11:32);;
101931;LIVROS BÍBLICOS;6_Evangelhos;43_João;CAPITULO 11;1;3;2;11;Como Jesus reagiu ao ver Maria e os judeus chorando? (João 11:33);;
101932;LIVROS BÍBLICOS;6_Evangelhos;43_João;CAPITULO 11;1;3;2;11;Qual é a reação de Jesus registrada diante do túmulo de Lázaro? (João 11:35);;
101933;LIVROS BÍBLICOS;6_Evangelhos;43_João;CAPITULO 11;1;3;2;11;Que comentário alguns judeus fizeram ao ver Jesus chorar? (João 11:36);;
101934;LIVROS BÍBLICOS;6_Evangelhos;43_João;CAPITULO 11;1;3;2;11;Como era o túmulo de Lázaro? (João 11:38);;
101935;LIVROS BÍBLICOS;6_Evangelhos;43_João;CAPITULO 11;1;3;2;11;Que preocupação Marta apresentou quando Jesus mandou tirar a pedra? (João 11:39);;
101936;LIVROS BÍBLICOS;6_Evangelhos;43_João;CAPITULO 11;1;3;2;11;O que Jesus disse que Marta veria se cresse? (João 11:40);;
101937;LIVROS BÍBLICOS;6_Evangelhos;43_João;CAPITULO 11;1;3;2;11;Por que Jesus agradeceu ao Pai antes de chamar Lázaro? (João 11:41-42);;
101938;LIVROS BÍBLICOS;6_Evangelhos;43_João;CAPITULO 11;1;3;2;11;Que ordem Jesus gritou em alta voz diante do túmulo? (João 11:43);;
101939;LIVROS BÍBLICOS;6_Evangelhos;43_João;CAPITULO 11;1;3;2;11;Como Lázaro saiu do túmulo? (João 11:44);;
101940;LIVROS BÍBLICOS;6_Evangelhos;43_João;CAPITULO 11;1;3;2;11;Que ordem Jesus deu depois que Lázaro saiu? (João 11:44);;
101941;LIVROS BÍBLICOS;6_Evangelhos;43_João;CAPITULO 11;1;3;2;11;O que muitos judeus fizeram depois de ver o que Jesus realizou? (João 11:45);;
101942;LIVROS BÍBLICOS;6_Evangelhos;43_João;CAPITULO 11;1;3;2;11;Que temor os principais sacerdotes e fariseus expressaram no conselho? (João 11:47-48);;
101943;LIVROS BÍBLICOS;6_Evangelhos;43_João;CAPITULO 11;1;3;2;11;Que conselho Caifás, sumo sacerdote naquele ano, apresentou? (João 11:49-52);;
101944;LIVROS BÍBLICOS;6_Evangelhos;43_João;CAPITULO 11;1;3;2;11;Para qual cidade próxima do deserto Jesus se retirou com os discípulos? (João 11:54);;
101945;LIVROS BÍBLICOS;6_Evangelhos;43_João;CAPITULO 12;1;3;2;12;Quantos dias antes da Páscoa Jesus chegou a Betânia? (João 12:1);;
101946;LIVROS BÍBLICOS;6_Evangelhos;43_João;CAPITULO 12;1;3;2;12;Quem estava à mesa com Jesus durante a ceia oferecida em Betânia? (João 12:2);;
101947;LIVROS BÍBLICOS;6_Evangelhos;43_João;CAPITULO 12;1;3;2;12;O que Marta fazia durante a ceia? (João 12:2);;
101948;LIVROS BÍBLICOS;6_Evangelhos;43_João;CAPITULO 12;1;3;2;12;Que quantidade e tipo de bálsamo Maria usou para ungir os pés de Jesus? (João 12:3);;
101949;LIVROS BÍBLICOS;6_Evangelhos;43_João;CAPITULO 12;1;3;2;12;Com que Maria enxugou os pés de Jesus? (João 12:3);;
101950;LIVROS BÍBLICOS;6_Evangelhos;43_João;CAPITULO 12;1;3;2;12;Quem criticou o uso do bálsamo, dizendo que poderia ter sido vendido? (João 12:4-5);;
101951;LIVROS BÍBLICOS;6_Evangelhos;43_João;CAPITULO 12;1;3;2;12;Por qual valor Judas disse que o bálsamo poderia ser vendido? (João 12:5);;
101952;LIVROS BÍBLICOS;6_Evangelhos;43_João;CAPITULO 12;1;3;2;12;Por que Judas falava sobre dar o dinheiro aos pobres? (João 12:6);;
101953;LIVROS BÍBLICOS;6_Evangelhos;43_João;CAPITULO 12;1;3;2;12;Para que ocasião Jesus disse que Maria havia guardado o bálsamo? (João 12:7);;
101954;LIVROS BÍBLICOS;6_Evangelhos;43_João;CAPITULO 12;1;3;2;12;Que contraste Jesus fez entre a presença dos pobres e sua própria presença? (João 12:8);;
101955;LIVROS BÍBLICOS;6_Evangelhos;43_João;CAPITULO 12;1;3;2;12;Além de ver Jesus, quem a grande multidão queria ver em Betânia? (João 12:9);;
101956;LIVROS BÍBLICOS;6_Evangelhos;43_João;CAPITULO 12;1;3;2;12;Por que os principais sacerdotes resolveram matar também Lázaro? (João 12:10-11);;
101957;LIVROS BÍBLICOS;6_Evangelhos;43_João;CAPITULO 12;1;3;2;12;O que a multidão levou ao encontro de Jesus na entrada em Jerusalém? (João 12:13);;
101958;LIVROS BÍBLICOS;6_Evangelhos;43_João;CAPITULO 12;1;3;2;12;Que título a multidão atribuiu a Jesus ao recebê-lo? (João 12:13);;
101959;LIVROS BÍBLICOS;6_Evangelhos;43_João;CAPITULO 12;1;3;2;12;Sobre qual animal Jesus montou ao entrar em Jerusalém? (João 12:14-15);;
101960;LIVROS BÍBLICOS;6_Evangelhos;43_João;CAPITULO 12;1;3;2;12;Quando os discípulos compreenderam que os acontecimentos da entrada estavam escritos sobre Jesus? (João 12:16);;
101961;LIVROS BÍBLICOS;6_Evangelhos;43_João;CAPITULO 12;1;3;2;12;Que testemunho a multidão continuava dando? (João 12:17);;
101962;LIVROS BÍBLICOS;6_Evangelhos;43_João;CAPITULO 12;1;3;2;12;Como os fariseus descreveram o efeito da popularidade de Jesus? (João 12:19);;
101963;LIVROS BÍBLICOS;6_Evangelhos;43_João;CAPITULO 12;1;3;2;12;A qual discípulo os gregos pediram para ver Jesus? (João 12:20-21);;
101964;LIVROS BÍBLICOS;6_Evangelhos;43_João;CAPITULO 12;1;3;2;12;A quem Filipe contou o pedido dos gregos antes de ambos falarem com Jesus? (João 12:22);;
101965;LIVROS BÍBLICOS;6_Evangelhos;43_João;CAPITULO 12;1;3;2;12;O que Jesus disse ter chegado? (João 12:23);;
101966;LIVROS BÍBLICOS;6_Evangelhos;43_João;CAPITULO 12;1;3;2;12;O que precisa acontecer ao grão de trigo para produzir muito fruto? (João 12:24);;
101967;LIVROS BÍBLICOS;6_Evangelhos;43_João;CAPITULO 12;1;3;2;12;O que acontecerá com quem odeia a própria vida neste mundo? (João 12:25);;
101968;LIVROS BÍBLICOS;6_Evangelhos;43_João;CAPITULO 12;1;3;2;12;Onde estará o servo de Jesus? (João 12:26);;
101969;LIVROS BÍBLICOS;6_Evangelhos;43_João;CAPITULO 12;1;3;2;12;Que pedido Jesus fez ao Pai quando sua alma estava angustiada? (João 12:28);;
101970;LIVROS BÍBLICOS;6_Evangelhos;43_João;CAPITULO 12;1;3;2;12;Como algumas pessoas interpretaram a voz que veio do céu? (João 12:29);;
101971;LIVROS BÍBLICOS;6_Evangelhos;43_João;CAPITULO 12;1;3;2;12;Para quem Jesus disse que a voz do céu havia vindo? (João 12:30);;
101972;LIVROS BÍBLICOS;6_Evangelhos;43_João;CAPITULO 12;1;3;2;12;O que aconteceria ao príncipe deste mundo no momento do julgamento? (João 12:31);;
101973;LIVROS BÍBLICOS;6_Evangelhos;43_João;CAPITULO 12;1;3;2;12;O que Jesus disse que faria quando fosse levantado da terra? (João 12:32);;
101974;LIVROS BÍBLICOS;6_Evangelhos;43_João;CAPITULO 12;1;3;2;12;Por que a multidão questionou a ideia de o Filho do Homem ser levantado? (João 12:34);;
101975;LIVROS BÍBLICOS;6_Evangelhos;43_João;CAPITULO 12;1;3;2;12;Que orientação Jesus deu enquanto a luz ainda estava com eles? (João 12:35-36);;
101976;LIVROS BÍBLICOS;6_Evangelhos;43_João;CAPITULO 12;1;3;2;12;Apesar de tantos sinais realizados por Jesus, qual foi a reação de muitos? (João 12:37);;
101977;LIVROS BÍBLICOS;6_Evangelhos;43_João;CAPITULO 12;1;3;2;12;Por que alguns líderes que criam em Jesus não o confessavam? (João 12:42-43);;
101978;LIVROS BÍBLICOS;6_Evangelhos;43_João;CAPITULO 12;1;3;2;12;Qual era o propósito declarado por Jesus ao vir ao mundo? (João 12:47);;
101979;LIVROS BÍBLICOS;6_Evangelhos;43_João;CAPITULO 13;1;3;2;13;O que Jesus sabia antes da Festa da Páscoa? (João 13:1);;
101980;LIVROS BÍBLICOS;6_Evangelhos;43_João;CAPITULO 13;1;3;2;13;Até que ponto Jesus amou os seus que estavam no mundo? (João 13:1);;
101981;LIVROS BÍBLICOS;6_Evangelhos;43_João;CAPITULO 13;1;3;2;13;No coração de quem o diabo já havia posto o desejo de trair Jesus? (João 13:2);;
101982;LIVROS BÍBLICOS;6_Evangelhos;43_João;CAPITULO 13;1;3;2;13;O que Jesus sabia que o Pai havia colocado em suas mãos? (João 13:3);;
101983;LIVROS BÍBLICOS;6_Evangelhos;43_João;CAPITULO 13;1;3;2;13;O que Jesus fez com a roupa antes de lavar os pés dos discípulos? (João 13:4);;
101984;LIVROS BÍBLICOS;6_Evangelhos;43_João;CAPITULO 13;1;3;2;13;Em que recipiente Jesus colocou água para lavar os pés dos discípulos? (João 13:5);;
101985;LIVROS BÍBLICOS;6_Evangelhos;43_João;CAPITULO 13;1;3;2;13;Qual foi a reação inicial de Pedro quando Jesus se aproximou para lavar seus pés? (João 13:6);;
101986;LIVROS BÍBLICOS;6_Evangelhos;43_João;CAPITULO 13;1;3;2;13;Quando Pedro compreenderia o que Jesus estava fazendo? (João 13:7);;
101987;LIVROS BÍBLICOS;6_Evangelhos;43_João;CAPITULO 13;1;3;2;13;O que Jesus disse que Pedro não teria se não fosse lavado por ele? (João 13:8);;
101988;LIVROS BÍBLICOS;6_Evangelhos;43_João;CAPITULO 13;1;3;2;13;Depois de ouvir Jesus, que partes do corpo Pedro pediu que também fossem lavadas? (João 13:9);;
101989;LIVROS BÍBLICOS;6_Evangelhos;43_João;CAPITULO 13;1;3;2;13;Do que precisava aquele que já havia se banhado? (João 13:10);;
101990;LIVROS BÍBLICOS;6_Evangelhos;43_João;CAPITULO 13;1;3;2;13;Por que Jesus disse que nem todos estavam limpos? (João 13:11);;
101991;LIVROS BÍBLICOS;6_Evangelhos;43_João;CAPITULO 13;1;3;2;13;Que títulos os discípulos davam corretamente a Jesus? (João 13:13);;
101992;LIVROS BÍBLICOS;6_Evangelhos;43_João;CAPITULO 13;1;3;2;13;Que exemplo Jesus deu ao lavar os pés dos discípulos? (João 13:14-15);;
101993;LIVROS BÍBLICOS;6_Evangelhos;43_João;CAPITULO 13;1;3;2;13;Qual relação Jesus apresentou entre servo e senhor? (João 13:16);;
101994;LIVROS BÍBLICOS;6_Evangelhos;43_João;CAPITULO 13;1;3;2;13;Quando os discípulos seriam bem-aventurados em relação a esses ensinamentos? (João 13:17);;
101995;LIVROS BÍBLICOS;6_Evangelhos;43_João;CAPITULO 13;1;3;2;13;Que ação da Escritura Jesus mencionou ao falar do traidor? (João 13:18);;
101996;LIVROS BÍBLICOS;6_Evangelhos;43_João;CAPITULO 13;1;3;2;13;Por que Jesus anunciou a traição antes que acontecesse? (João 13:19);;
101997;LIVROS BÍBLICOS;6_Evangelhos;43_João;CAPITULO 13;1;3;2;13;Quem recebe aquele que Jesus envia também recebe a quem? (João 13:20);;
101998;LIVROS BÍBLICOS;6_Evangelhos;43_João;CAPITULO 13;1;3;2;13;Quantos dos discípulos Jesus disse que o trairia? (João 13:21);;
101999;LIVROS BÍBLICOS;6_Evangelhos;43_João;CAPITULO 13;1;3;2;13;Onde estava o discípulo a quem Jesus amava durante a ceia? (João 13:23);;
102000;LIVROS BÍBLICOS;6_Evangelhos;43_João;CAPITULO 13;1;3;2;13;Quem fez sinal ao discípulo amado para perguntar quem era o traidor? (João 13:24);;
102001;LIVROS BÍBLICOS;6_Evangelhos;43_João;CAPITULO 13;1;3;2;13;Que sinal Jesus deu para identificar o traidor? (João 13:26);;
102002;LIVROS BÍBLICOS;6_Evangelhos;43_João;CAPITULO 13;1;3;2;13;A quem Jesus deu o pedaço de pão molhado? (João 13:26);;
102003;LIVROS BÍBLICOS;6_Evangelhos;43_João;CAPITULO 13;1;3;2;13;O que aconteceu com Judas depois de receber o pedaço de pão? (João 13:27);;
102004;LIVROS BÍBLICOS;6_Evangelhos;43_João;CAPITULO 13;1;3;2;13;Que ordem Jesus deu a Judas? (João 13:27);;
102005;LIVROS BÍBLICOS;6_Evangelhos;43_João;CAPITULO 13;1;3;2;13;Que momento do dia é destacado quando Judas saiu? (João 13:30);;
102006;LIVROS BÍBLICOS;6_Evangelhos;43_João;CAPITULO 13;1;3;2;13;Que novo mandamento Jesus deu aos discípulos? (João 13:34);;
102007;LIVROS BÍBLICOS;6_Evangelhos;43_João;CAPITULO 13;1;3;2;13;Como todos reconheceriam os discípulos de Jesus? (João 13:35);;
102008;LIVROS BÍBLICOS;6_Evangelhos;43_João;CAPITULO 13;1;3;2;13;O que Jesus anunciou a Pedro antes que o galo cantasse? (João 13:38);;
102009;LIVROS BÍBLICOS;6_Evangelhos;43_João;CAPITULO 14;1;3;2;14;Que orientação Jesus deu aos discípulos diante da perturbação do coração? (João 14:1);;
102010;LIVROS BÍBLICOS;6_Evangelhos;43_João;CAPITULO 14;1;3;2;14;O que há na casa do Pai, segundo Jesus? (João 14:2);;
102011;LIVROS BÍBLICOS;6_Evangelhos;43_João;CAPITULO 14;1;3;2;14;Com que propósito Jesus disse que iria preparar lugar? (João 14:3);;
102012;LIVROS BÍBLICOS;6_Evangelhos;43_João;CAPITULO 14;1;3;2;14;Qual discípulo disse não saber para onde Jesus ia nem como conhecer o caminho? (João 14:5);;
102013;LIVROS BÍBLICOS;6_Evangelhos;43_João;CAPITULO 14;1;3;2;14;Como Jesus se apresentou ao responder à pergunta sobre o caminho? (João 14:6);;
102014;LIVROS BÍBLICOS;6_Evangelhos;43_João;CAPITULO 14;1;3;2;14;Por meio de quem alguém pode chegar ao Pai? (João 14:6);;
102015;LIVROS BÍBLICOS;6_Evangelhos;43_João;CAPITULO 14;1;3;2;14;O que Jesus disse que os discípulos conheceriam por conhecê-lo? (João 14:7);;
102016;LIVROS BÍBLICOS;6_Evangelhos;43_João;CAPITULO 14;1;3;2;14;Qual pedido Filipe fez a Jesus? (João 14:8);;
102017;LIVROS BÍBLICOS;6_Evangelhos;43_João;CAPITULO 14;1;3;2;14;O que Jesus respondeu sobre quem o havia visto? (João 14:9);;
102018;LIVROS BÍBLICOS;6_Evangelhos;43_João;CAPITULO 14;1;3;2;14;Quem realizava as obras feitas por Jesus? (João 14:10);;
102019;LIVROS BÍBLICOS;6_Evangelhos;43_João;CAPITULO 14;1;3;2;14;Que fundamento Jesus ofereceu caso não cressem somente por suas palavras? (João 14:11);;
102020;LIVROS BÍBLICOS;6_Evangelhos;43_João;CAPITULO 14;1;3;2;14;Por que o que crê em Jesus faria obras maiores? (João 14:12);;
102021;LIVROS BÍBLICOS;6_Evangelhos;43_João;CAPITULO 14;1;3;2;14;Com que propósito Jesus atenderia ao que fosse pedido em seu nome? (João 14:13);;
102022;LIVROS BÍBLICOS;6_Evangelhos;43_João;CAPITULO 14;1;3;2;14;Como o amor a Jesus deveria ser demonstrado? (João 14:15);;
102023;LIVROS BÍBLICOS;6_Evangelhos;43_João;CAPITULO 14;1;3;2;14;Quem o Pai daria para permanecer para sempre com os discípulos? (João 14:16);;
102024;LIVROS BÍBLICOS;6_Evangelhos;43_João;CAPITULO 14;1;3;2;14;Como é chamado o Consolador que o mundo não pode receber? (João 14:17);;
102025;LIVROS BÍBLICOS;6_Evangelhos;43_João;CAPITULO 14;1;3;2;14;Por que o mundo não pode receber o Espírito da verdade? (João 14:17);;
102026;LIVROS BÍBLICOS;6_Evangelhos;43_João;CAPITULO 14;1;3;2;14;Como Jesus prometeu não deixar os discípulos? (João 14:18);;
102027;LIVROS BÍBLICOS;6_Evangelhos;43_João;CAPITULO 14;1;3;2;14;Por que os discípulos viveriam, mesmo quando o mundo já não visse Jesus? (João 14:19);;
102028;LIVROS BÍBLICOS;6_Evangelhos;43_João;CAPITULO 14;1;3;2;14;O que os discípulos compreenderiam naquele dia sobre a união com Jesus e o Pai? (João 14:20);;
102029;LIVROS BÍBLICOS;6_Evangelhos;43_João;CAPITULO 14;1;3;2;14;Quem é aquele que ama Jesus? (João 14:21);;
102030;LIVROS BÍBLICOS;6_Evangelhos;43_João;CAPITULO 14;1;3;2;14;Qual discípulo, não o Iscariotes, perguntou por que Jesus se manifestaria aos discípulos e não ao mundo? (João 14:22);;
102031;LIVROS BÍBLICOS;6_Evangelhos;43_João;CAPITULO 14;1;3;2;14;O que o Pai e o Filho fariam com aquele que ama Jesus e guarda sua palavra? (João 14:23);;
102032;LIVROS BÍBLICOS;6_Evangelhos;43_João;CAPITULO 14;1;3;2;14;De quem era a palavra ensinada por Jesus? (João 14:24);;
102033;LIVROS BÍBLICOS;6_Evangelhos;43_João;CAPITULO 14;1;3;2;14;O que o Espírito Santo ensinaria aos discípulos? (João 14:26);;
102034;LIVROS BÍBLICOS;6_Evangelhos;43_João;CAPITULO 14;1;3;2;14;Que tipo de paz Jesus deixou aos discípulos? (João 14:27);;
102035;LIVROS BÍBLICOS;6_Evangelhos;43_João;CAPITULO 14;1;3;2;14;Por que os discípulos deveriam alegrar-se com a ida de Jesus ao Pai? (João 14:28);;
102036;LIVROS BÍBLICOS;6_Evangelhos;43_João;CAPITULO 14;1;3;2;14;O que o príncipe do mundo tinha em Jesus? (João 14:30);;
102037;LIVROS BÍBLICOS;6_Evangelhos;43_João;CAPITULO 15;1;3;2;15;Como Jesus se apresentou na comparação agrícola do início do capítulo? (João 15:1);;
102038;LIVROS BÍBLICOS;6_Evangelhos;43_João;CAPITULO 15;1;3;2;15;Quem Jesus identificou como o agricultor? (João 15:1);;
102039;LIVROS BÍBLICOS;6_Evangelhos;43_João;CAPITULO 15;1;3;2;15;O que o Pai faz com o ramo que dá fruto? (João 15:2);;
102040;LIVROS BÍBLICOS;6_Evangelhos;43_João;CAPITULO 15;1;3;2;15;Por meio de que os discípulos já estavam limpos? (João 15:3);;
102041;LIVROS BÍBLICOS;6_Evangelhos;43_João;CAPITULO 15;1;3;2;15;O que um ramo não pode fazer se não permanecer na videira? (João 15:4);;
102042;LIVROS BÍBLICOS;6_Evangelhos;43_João;CAPITULO 15;1;3;2;15;Quem são os ramos na comparação apresentada por Jesus? (João 15:5);;
102043;LIVROS BÍBLICOS;6_Evangelhos;43_João;CAPITULO 15;1;3;2;15;O que os discípulos podiam fazer sem Jesus? (João 15:5);;
102044;LIVROS BÍBLICOS;6_Evangelhos;43_João;CAPITULO 15;1;3;2;15;O que acontece com quem não permanece em Jesus? (João 15:6);;
102045;LIVROS BÍBLICOS;6_Evangelhos;43_João;CAPITULO 15;1;3;2;15;Que promessa Jesus fez aos que permanecessem nele e guardassem suas palavras? (João 15:7);;
102046;LIVROS BÍBLICOS;6_Evangelhos;43_João;CAPITULO 15;1;3;2;15;Como o Pai é glorificado pelos discípulos? (João 15:8);;
102047;LIVROS BÍBLICOS;6_Evangelhos;43_João;CAPITULO 15;1;3;2;15;Como Jesus amou os discípulos? (João 15:9);;
102048;LIVROS BÍBLICOS;6_Evangelhos;43_João;CAPITULO 15;1;3;2;15;Como os discípulos permaneceriam no amor de Jesus? (João 15:10);;
102049;LIVROS BÍBLICOS;6_Evangelhos;43_João;CAPITULO 15;1;3;2;15;Por que Jesus falou essas coisas sobre permanecer em seu amor? (João 15:11);;
102050;LIVROS BÍBLICOS;6_Evangelhos;43_João;CAPITULO 15;1;3;2;15;Qual mandamento Jesus repetiu aos discípulos? (João 15:12);;
102051;LIVROS BÍBLICOS;6_Evangelhos;43_João;CAPITULO 15;1;3;2;15;Qual é a maior demonstração de amor mencionada por Jesus? (João 15:13);;
102052;LIVROS BÍBLICOS;6_Evangelhos;43_João;CAPITULO 15;1;3;2;15;Em que condição os discípulos seriam amigos de Jesus? (João 15:14);;
102053;LIVROS BÍBLICOS;6_Evangelhos;43_João;CAPITULO 15;1;3;2;15;Por que Jesus passou a chamar os discípulos de amigos? (João 15:15);;
102054;LIVROS BÍBLICOS;6_Evangelhos;43_João;CAPITULO 15;1;3;2;15;Quem tomou a iniciativa na escolha entre Jesus e os discípulos? (João 15:16);;
102055;LIVROS BÍBLICOS;6_Evangelhos;43_João;CAPITULO 15;1;3;2;15;Com que propósito Jesus escolheu e designou os discípulos? (João 15:16);;
102056;LIVROS BÍBLICOS;6_Evangelhos;43_João;CAPITULO 15;1;3;2;15;Por que o mundo odiava os discípulos? (João 15:18-19);;
102057;LIVROS BÍBLICOS;6_Evangelhos;43_João;CAPITULO 15;1;3;2;15;Que princípio sobre servo e senhor Jesus recordou ao falar de perseguição? (João 15:20);;
102058;LIVROS BÍBLICOS;6_Evangelhos;43_João;CAPITULO 15;1;3;2;15;Por que os perseguidores fariam essas coisas contra os discípulos? (João 15:21);;
102059;LIVROS BÍBLICOS;6_Evangelhos;43_João;CAPITULO 15;1;3;2;15;O que acontecia com quem odiava Jesus? (João 15:23);;
102060;LIVROS BÍBLICOS;6_Evangelhos;43_João;CAPITULO 15;1;3;2;15;Que palavra das Escrituras se cumpria no ódio sem motivo contra Jesus? (João 15:25);;
102061;LIVROS BÍBLICOS;6_Evangelhos;43_João;CAPITULO 15;1;3;2;15;Quem daria testemunho a respeito de Jesus juntamente com os discípulos? (João 15:26-27);;
102062;LIVROS BÍBLICOS;6_Evangelhos;43_João;CAPITULO 16;1;3;2;16;Por que Jesus disse que havia falado essas coisas aos discípulos? (João 16:1);;
102063;LIVROS BÍBLICOS;6_Evangelhos;43_João;CAPITULO 16;1;3;2;16;O que alguns perseguidores pensariam estar prestando a Deus ao matar os discípulos? (João 16:2);;
102064;LIVROS BÍBLICOS;6_Evangelhos;43_João;CAPITULO 16;1;3;2;16;Por que os perseguidores fariam essas coisas? (João 16:3);;
102065;LIVROS BÍBLICOS;6_Evangelhos;43_João;CAPITULO 16;1;3;2;16;Por que Jesus não havia dito essas coisas desde o princípio? (João 16:4);;
102066;LIVROS BÍBLICOS;6_Evangelhos;43_João;CAPITULO 16;1;3;2;16;Para onde Jesus disse que estava indo? (João 16:5);;
102067;LIVROS BÍBLICOS;6_Evangelhos;43_João;CAPITULO 16;1;3;2;16;O que encheu o coração dos discípulos ao ouvirem sobre a partida de Jesus? (João 16:6);;
102068;LIVROS BÍBLICOS;6_Evangelhos;43_João;CAPITULO 16;1;3;2;16;Por que era melhor para os discípulos que Jesus fosse? (João 16:7);;
102069;LIVROS BÍBLICOS;6_Evangelhos;43_João;CAPITULO 16;1;3;2;16;De quais três realidades o Consolador convenceria o mundo? (João 16:8);;
102070;LIVROS BÍBLICOS;6_Evangelhos;43_João;CAPITULO 16;1;3;2;16;Qual pecado é destacado por Jesus na obra de convencimento do Espírito? (João 16:9);;
102071;LIVROS BÍBLICOS;6_Evangelhos;43_João;CAPITULO 16;1;3;2;16;Por que o Espírito convenceria o mundo da justiça? (João 16:10);;
102072;LIVROS BÍBLICOS;6_Evangelhos;43_João;CAPITULO 16;1;3;2;16;Por que o Espírito convenceria o mundo do juízo? (João 16:11);;
102073;LIVROS BÍBLICOS;6_Evangelhos;43_João;CAPITULO 16;1;3;2;16;Por que Jesus não disse naquele momento todas as coisas que ainda tinha para ensinar? (João 16:12);;
102074;LIVROS BÍBLICOS;6_Evangelhos;43_João;CAPITULO 16;1;3;2;16;O que o Espírito da verdade faria quando viesse? (João 16:13);;
102075;LIVROS BÍBLICOS;6_Evangelhos;43_João;CAPITULO 16;1;3;2;16;Como o Espírito glorificaria Jesus? (João 16:14);;
102076;LIVROS BÍBLICOS;6_Evangelhos;43_João;CAPITULO 16;1;3;2;16;Por que Jesus afirmou que o Espírito receberia do que era dele? (João 16:15);;
102077;LIVROS BÍBLICOS;6_Evangelhos;43_João;CAPITULO 16;1;3;2;16;Que mudança Jesus anunciou para depois de um pouco de tempo? (João 16:16);;
102078;LIVROS BÍBLICOS;6_Evangelhos;43_João;CAPITULO 16;1;3;2;16;Que dificuldade os discípulos tiveram com as palavras de Jesus? (João 16:17-18);;
102079;LIVROS BÍBLICOS;6_Evangelhos;43_João;CAPITULO 16;1;3;2;16;Que contraste Jesus fez entre a reação do mundo e a dos discípulos? (João 16:20);;
102080;LIVROS BÍBLICOS;6_Evangelhos;43_João;CAPITULO 16;1;3;2;16;A que experiência Jesus comparou a tristeza que se transforma em alegria? (João 16:21);;
102081;LIVROS BÍBLICOS;6_Evangelhos;43_João;CAPITULO 16;1;3;2;16;O que ninguém poderia tirar dos discípulos quando voltassem a ver Jesus? (João 16:22);;
102082;LIVROS BÍBLICOS;6_Evangelhos;43_João;CAPITULO 16;1;3;2;16;A quem os discípulos deveriam pedir em nome de Jesus? (João 16:23);;
102083;LIVROS BÍBLICOS;6_Evangelhos;43_João;CAPITULO 16;1;3;2;16;Qual seria o resultado de pedir e receber? (João 16:24);;
102084;LIVROS BÍBLICOS;6_Evangelhos;43_João;CAPITULO 16;1;3;2;16;Como Jesus passaria a falar sobre o Pai depois do período de figuras? (João 16:25);;
102085;LIVROS BÍBLICOS;6_Evangelhos;43_João;CAPITULO 16;1;3;2;16;Por que o próprio Pai amava os discípulos? (João 16:27);;
102086;LIVROS BÍBLICOS;6_Evangelhos;43_João;CAPITULO 16;1;3;2;16;Qual caminho Jesus resumiu a respeito de sua vinda e partida? (João 16:28);;
102087;LIVROS BÍBLICOS;6_Evangelhos;43_João;CAPITULO 16;1;3;2;16;Por que os discípulos disseram crer que Jesus havia vindo de Deus? (João 16:29-30);;
102088;LIVROS BÍBLICOS;6_Evangelhos;43_João;CAPITULO 16;1;3;2;16;O que aconteceria com os discípulos quando chegasse a hora? (João 16:32);;
102089;LIVROS BÍBLICOS;6_Evangelhos;43_João;CAPITULO 16;1;3;2;16;Por que Jesus não estaria realmente sozinho? (João 16:32);;
102090;LIVROS BÍBLICOS;6_Evangelhos;43_João;CAPITULO 16;1;3;2;16;Onde os discípulos encontrariam paz? (João 16:33);;
102091;LIVROS BÍBLICOS;6_Evangelhos;43_João;CAPITULO 16;1;3;2;16;Por que os discípulos poderiam ter coragem apesar das aflições no mundo? (João 16:33);;
102092;LIVROS BÍBLICOS;6_Evangelhos;43_João;CAPITULO 17;1;3;2;17;O que Jesus pediu ao Pai quando disse que a hora havia chegado? (João 17:1);;
102093;LIVROS BÍBLICOS;6_Evangelhos;43_João;CAPITULO 17;1;3;2;17;Sobre quem o Pai deu autoridade ao Filho? (João 17:2);;
102094;LIVROS BÍBLICOS;6_Evangelhos;43_João;CAPITULO 17;1;3;2;17;Em que consiste a vida eterna, segundo a oração de Jesus? (João 17:3);;
102095;LIVROS BÍBLICOS;6_Evangelhos;43_João;CAPITULO 17;1;3;2;17;Como Jesus glorificou o Pai na terra? (João 17:4);;
102096;LIVROS BÍBLICOS;6_Evangelhos;43_João;CAPITULO 17;1;3;2;17;Que glória Jesus pediu para receber junto do Pai? (João 17:5);;
102097;LIVROS BÍBLICOS;6_Evangelhos;43_João;CAPITULO 17;1;3;2;17;A quem Jesus manifestou o nome do Pai? (João 17:6);;
102098;LIVROS BÍBLICOS;6_Evangelhos;43_João;CAPITULO 17;1;3;2;17;O que os discípulos reconheceram sobre as coisas dadas a Jesus? (João 17:7);;
102099;LIVROS BÍBLICOS;6_Evangelhos;43_João;CAPITULO 17;1;3;2;17;Que resposta os discípulos deram às palavras recebidas de Jesus? (João 17:8);;
102100;LIVROS BÍBLICOS;6_Evangelhos;43_João;CAPITULO 17;1;3;2;17;Por quem Jesus declarou estar orando naquele momento? (João 17:9);;
102101;LIVROS BÍBLICOS;6_Evangelhos;43_João;CAPITULO 17;1;3;2;17;O que Jesus afirmou sobre tudo o que era dele e do Pai? (João 17:10);;
102102;LIVROS BÍBLICOS;6_Evangelhos;43_João;CAPITULO 17;1;3;2;17;Que pedido Jesus fez ao Pai santo em favor dos discípulos? (João 17:11);;
102103;LIVROS BÍBLICOS;6_Evangelhos;43_João;CAPITULO 17;1;3;2;17;Quem se perdeu entre os que Jesus guardou, para que se cumprisse a Escritura? (João 17:12);;
102104;LIVROS BÍBLICOS;6_Evangelhos;43_João;CAPITULO 17;1;3;2;17;O que Jesus desejava que os discípulos tivessem plenamente em si? (João 17:13);;
102105;LIVROS BÍBLICOS;6_Evangelhos;43_João;CAPITULO 17;1;3;2;17;Por que o mundo odiou os discípulos? (João 17:14);;
102106;LIVROS BÍBLICOS;6_Evangelhos;43_João;CAPITULO 17;1;3;2;17;O que Jesus pediu ao Pai em vez de retirar os discípulos do mundo? (João 17:15);;
102107;LIVROS BÍBLICOS;6_Evangelhos;43_João;CAPITULO 17;1;3;2;17;Por meio de que os discípulos seriam santificados? (João 17:17);;
102108;LIVROS BÍBLICOS;6_Evangelhos;43_João;CAPITULO 17;1;3;2;17;Como Jesus enviou os discípulos ao mundo? (João 17:18);;
102109;LIVROS BÍBLICOS;6_Evangelhos;43_João;CAPITULO 17;1;3;2;17;Por que Jesus se santificava a si mesmo? (João 17:19);;
102110;LIVROS BÍBLICOS;6_Evangelhos;43_João;CAPITULO 17;1;3;2;17;Por quem, além dos discípulos presentes, Jesus também orou? (João 17:20);;
102111;LIVROS BÍBLICOS;6_Evangelhos;43_João;CAPITULO 17;1;3;2;17;Qual seria um resultado da unidade entre os que creem? (João 17:21);;
102112;LIVROS BÍBLICOS;6_Evangelhos;43_João;CAPITULO 17;1;3;2;17;Para que Jesus deu aos discípulos a glória recebida do Pai? (João 17:22);;
102113;LIVROS BÍBLICOS;6_Evangelhos;43_João;CAPITULO 17;1;3;2;17;O que Jesus desejava que o mundo reconhecesse por meio da unidade dos discípulos? (João 17:23);;
102114;LIVROS BÍBLICOS;6_Evangelhos;43_João;CAPITULO 17;1;3;2;17;O que Jesus desejava que os que o Pai lhe deu contemplassem? (João 17:24);;
102115;LIVROS BÍBLICOS;6_Evangelhos;43_João;CAPITULO 17;1;3;2;17;Desde quando o Pai amava o Filho? (João 17:24);;
102116;LIVROS BÍBLICOS;6_Evangelhos;43_João;CAPITULO 17;1;3;2;17;Com que propósito Jesus continuaria tornando conhecido o nome do Pai? (João 17:26);;
102117;LIVROS BÍBLICOS;6_Evangelhos;43_João;CAPITULO 18;1;3;2;18;Para onde Jesus foi com os discípulos depois de terminar suas palavras? (João 18:1);;
102118;LIVROS BÍBLICOS;6_Evangelhos;43_João;CAPITULO 18;1;3;2;18;Por que Judas conhecia o lugar onde Jesus estava? (João 18:2);;
102119;LIVROS BÍBLICOS;6_Evangelhos;43_João;CAPITULO 18;1;3;2;18;O que acompanhava Judas quando ele chegou ao jardim? (João 18:3);;
102120;LIVROS BÍBLICOS;6_Evangelhos;43_João;CAPITULO 18;1;3;2;18;A quem os homens disseram estar procurando? (João 18:4-5);;
102121;LIVROS BÍBLICOS;6_Evangelhos;43_João;CAPITULO 18;1;3;2;18;O que aconteceu quando Jesus respondeu “Sou eu”? (João 18:6);;
102122;LIVROS BÍBLICOS;6_Evangelhos;43_João;CAPITULO 18;1;3;2;18;Que pedido Jesus fez em favor dos discípulos ao se entregar? (João 18:8);;
102123;LIVROS BÍBLICOS;6_Evangelhos;43_João;CAPITULO 18;1;3;2;18;Que palavra se cumpria ao Jesus proteger os discípulos? (João 18:9);;
102124;LIVROS BÍBLICOS;6_Evangelhos;43_João;CAPITULO 18;1;3;2;18;Qual discípulo usou uma espada no momento da prisão? (João 18:10);;
102125;LIVROS BÍBLICOS;6_Evangelhos;43_João;CAPITULO 18;1;3;2;18;Qual era o nome do servo do sumo sacerdote ferido por Pedro? (João 18:10);;
102126;LIVROS BÍBLICOS;6_Evangelhos;43_João;CAPITULO 18;1;3;2;18;Qual orelha do servo foi cortada? (João 18:10);;
102127;LIVROS BÍBLICOS;6_Evangelhos;43_João;CAPITULO 18;1;3;2;18;A que Jesus comparou o sofrimento que deveria aceitar? (João 18:11);;
102128;LIVROS BÍBLICOS;6_Evangelhos;43_João;CAPITULO 18;1;3;2;18;A quem Jesus foi levado primeiro depois de ser preso? (João 18:13);;
102129;LIVROS BÍBLICOS;6_Evangelhos;43_João;CAPITULO 18;1;3;2;18;Qual relação familiar Anás tinha com Caifás? (João 18:13);;
102130;LIVROS BÍBLICOS;6_Evangelhos;43_João;CAPITULO 18;1;3;2;18;Que conselho Caifás havia dado aos judeus? (João 18:14);;
102131;LIVROS BÍBLICOS;6_Evangelhos;43_João;CAPITULO 18;1;3;2;18;Como o outro discípulo conseguiu entrar com Jesus no pátio do sumo sacerdote? (João 18:15);;
102132;LIVROS BÍBLICOS;6_Evangelhos;43_João;CAPITULO 18;1;3;2;18;Quem perguntou a Pedro se ele também era discípulo de Jesus? (João 18:17);;
102133;LIVROS BÍBLICOS;6_Evangelhos;43_João;CAPITULO 18;1;3;2;18;Por que os servos e guardas acenderam um braseiro? (João 18:18);;
102134;LIVROS BÍBLICOS;6_Evangelhos;43_João;CAPITULO 18;1;3;2;18;Sobre quais assuntos o sumo sacerdote interrogou Jesus? (João 18:19);;
102135;LIVROS BÍBLICOS;6_Evangelhos;43_João;CAPITULO 18;1;3;2;18;Onde Jesus afirmou ter ensinado publicamente? (João 18:20);;
102136;LIVROS BÍBLICOS;6_Evangelhos;43_João;CAPITULO 18;1;3;2;18;A quem Jesus disse que deveriam perguntar sobre o que ele havia ensinado? (João 18:21);;
102137;LIVROS BÍBLICOS;6_Evangelhos;43_João;CAPITULO 18;1;3;2;18;O que um dos guardas fez depois da resposta de Jesus? (João 18:22);;
102138;LIVROS BÍBLICOS;6_Evangelhos;43_João;CAPITULO 18;1;3;2;18;Como Jesus respondeu ao guarda que o agrediu? (João 18:23);;
102139;LIVROS BÍBLICOS;6_Evangelhos;43_João;CAPITULO 18;1;3;2;18;Para quem Anás enviou Jesus, ainda amarrado? (João 18:24);;
102140;LIVROS BÍBLICOS;6_Evangelhos;43_João;CAPITULO 18;1;3;2;18;Quem reconheceu Pedro como alguém visto no jardim com Jesus? (João 18:26);;
102141;LIVROS BÍBLICOS;6_Evangelhos;43_João;CAPITULO 18;1;3;2;18;O que aconteceu logo após a terceira negação de Pedro? (João 18:27);;
102142;LIVROS BÍBLICOS;6_Evangelhos;43_João;CAPITULO 18;1;3;2;18;Por que os líderes não entraram no pretório? (João 18:28);;
102143;LIVROS BÍBLICOS;6_Evangelhos;43_João;CAPITULO 18;1;3;2;18;Que pergunta Pilatos fez ao receber Jesus dos líderes? (João 18:29);;
102144;LIVROS BÍBLICOS;6_Evangelhos;43_João;CAPITULO 18;1;3;2;18;Por que os líderes disseram ter entregado Jesus a Pilatos? (João 18:30);;
102145;LIVROS BÍBLICOS;6_Evangelhos;43_João;CAPITULO 18;1;3;2;18;Que limitação os judeus alegaram ao Pilatos mandar que julgassem Jesus pela própria lei? (João 18:31);;
102146;LIVROS BÍBLICOS;6_Evangelhos;43_João;CAPITULO 18;1;3;2;18;Que pergunta Pilatos fez diretamente a Jesus? (João 18:33);;
102147;LIVROS BÍBLICOS;6_Evangelhos;43_João;CAPITULO 18;1;3;2;18;Como Jesus descreveu a origem de seu reino? (João 18:36);;
102148;LIVROS BÍBLICOS;6_Evangelhos;43_João;CAPITULO 18;1;3;2;18;O que os servos de Jesus fariam se o reino dele fosse deste mundo? (João 18:36);;
102149;LIVROS BÍBLICOS;6_Evangelhos;43_João;CAPITULO 18;1;3;2;18;Para que Jesus disse ter nascido e vindo ao mundo? (João 18:37);;
102150;LIVROS BÍBLICOS;6_Evangelhos;43_João;CAPITULO 18;1;3;2;18;Que pergunta Pilatos fez depois de Jesus falar sobre a verdade? (João 18:38);;
102151;LIVROS BÍBLICOS;6_Evangelhos;43_João;CAPITULO 18;1;3;2;18;Que conclusão Pilatos comunicou sobre Jesus? (João 18:38);;
102152;LIVROS BÍBLICOS;6_Evangelhos;43_João;CAPITULO 18;1;3;2;18;Quem a multidão escolheu para ser solto em vez de Jesus? (João 18:39-40);;
102153;LIVROS BÍBLICOS;6_Evangelhos;43_João;CAPITULO 19;1;3;2;19;O que Pilatos mandou fazer com Jesus antes de apresentá-lo novamente ao povo? (João 19:1);;
102154;LIVROS BÍBLICOS;6_Evangelhos;43_João;CAPITULO 19;1;3;2;19;Que tipo de coroa os soldados colocaram na cabeça de Jesus? (João 19:2);;
102155;LIVROS BÍBLICOS;6_Evangelhos;43_João;CAPITULO 19;1;3;2;19;Que roupa os soldados colocaram em Jesus? (João 19:2);;
102156;LIVROS BÍBLICOS;6_Evangelhos;43_João;CAPITULO 19;1;3;2;19;Como os soldados zombavam de Jesus? (João 19:3);;
102157;LIVROS BÍBLICOS;6_Evangelhos;43_João;CAPITULO 19;1;3;2;19;Que conclusão Pilatos repetiu ao apresentar Jesus? (João 19:4);;
102158;LIVROS BÍBLICOS;6_Evangelhos;43_João;CAPITULO 19;1;3;2;19;Que expressão Pilatos usou ao mostrar Jesus com a coroa e o manto? (João 19:5);;
102159;LIVROS BÍBLICOS;6_Evangelhos;43_João;CAPITULO 19;1;3;2;19;O que os principais sacerdotes e guardas gritaram ao ver Jesus? (João 19:6);;
102160;LIVROS BÍBLICOS;6_Evangelhos;43_João;CAPITULO 19;1;3;2;19;Por que os judeus afirmaram que Jesus deveria morrer segundo a lei deles? (João 19:7);;
102161;LIVROS BÍBLICOS;6_Evangelhos;43_João;CAPITULO 19;1;3;2;19;Como Pilatos reagiu ao ouvir que Jesus se fizera Filho de Deus? (João 19:8);;
102162;LIVROS BÍBLICOS;6_Evangelhos;43_João;CAPITULO 19;1;3;2;19;Que pergunta de Pilatos Jesus não respondeu? (João 19:9);;
102163;LIVROS BÍBLICOS;6_Evangelhos;43_João;CAPITULO 19;1;3;2;19;De onde vinha a autoridade de Pilatos sobre Jesus? (João 19:11);;
102164;LIVROS BÍBLICOS;6_Evangelhos;43_João;CAPITULO 19;1;3;2;19;Quem, segundo Jesus, tinha maior pecado? (João 19:11);;
102165;LIVROS BÍBLICOS;6_Evangelhos;43_João;CAPITULO 19;1;3;2;19;Que acusação os judeus usaram para pressionar Pilatos a não soltar Jesus? (João 19:12);;
102166;LIVROS BÍBLICOS;6_Evangelhos;43_João;CAPITULO 19;1;3;2;19;Como era chamado em hebraico o lugar onde Pilatos se assentou para julgar? (João 19:13);;
102167;LIVROS BÍBLICOS;6_Evangelhos;43_João;CAPITULO 19;1;3;2;19;Que dia e horário aproximado são mencionados quando Pilatos apresentou o rei aos judeus? (João 19:14);;
102168;LIVROS BÍBLICOS;6_Evangelhos;43_João;CAPITULO 19;1;3;2;19;Que declaração os principais sacerdotes fizeram sobre César? (João 19:15);;
102169;LIVROS BÍBLICOS;6_Evangelhos;43_João;CAPITULO 19;1;3;2;19;Quem carregou a própria cruz ao sair para o lugar da crucificação? (João 19:17);;
102170;LIVROS BÍBLICOS;6_Evangelhos;43_João;CAPITULO 19;1;3;2;19;Qual é o nome hebraico do Lugar da Caveira? (João 19:17);;
102171;LIVROS BÍBLICOS;6_Evangelhos;43_João;CAPITULO 19;1;3;2;19;Qual posição Jesus ocupou entre os crucificados? (João 19:18);;
102172;LIVROS BÍBLICOS;6_Evangelhos;43_João;CAPITULO 19;1;3;2;19;O que Pilatos mandou escrever no título colocado na cruz? (João 19:19);;
102173;LIVROS BÍBLICOS;6_Evangelhos;43_João;CAPITULO 19;1;3;2;19;Em quais línguas o título da cruz foi escrito? (João 19:20);;
102174;LIVROS BÍBLICOS;6_Evangelhos;43_João;CAPITULO 19;1;3;2;19;Como Pilatos respondeu ao pedido de alterar o título da cruz? (João 19:22);;
102175;LIVROS BÍBLICOS;6_Evangelhos;43_João;CAPITULO 19;1;3;2;19;Em quantas partes os soldados dividiram as roupas de Jesus? (João 19:23);;
102176;LIVROS BÍBLICOS;6_Evangelhos;43_João;CAPITULO 19;1;3;2;19;Que característica tinha a túnica de Jesus? (João 19:23);;
102177;LIVROS BÍBLICOS;6_Evangelhos;43_João;CAPITULO 19;1;3;2;19;Por que os soldados lançaram sortes sobre a túnica? (João 19:24);;
102178;LIVROS BÍBLICOS;6_Evangelhos;43_João;CAPITULO 19;1;3;2;19;Quais pessoas são mencionadas entre as mulheres que estavam junto à cruz de Jesus? (João 19:25);;
102179;LIVROS BÍBLICOS;6_Evangelhos;43_João;CAPITULO 19;1;3;2;19;A quem Jesus disse “Eis aí o seu filho”? (João 19:26);;
102180;LIVROS BÍBLICOS;6_Evangelhos;43_João;CAPITULO 19;1;3;2;19;O que o discípulo amado fez depois de Jesus lhe entregar sua mãe? (João 19:27);;
102181;LIVROS BÍBLICOS;6_Evangelhos;43_João;CAPITULO 19;1;3;2;19;O que Jesus disse ao saber que tudo estava consumado, para cumprir a Escritura? (João 19:28);;
102182;LIVROS BÍBLICOS;6_Evangelhos;43_João;CAPITULO 19;1;3;2;19;O que colocaram numa esponja para aproximar da boca de Jesus? (João 19:29);;
102183;LIVROS BÍBLICOS;6_Evangelhos;43_João;CAPITULO 19;1;3;2;19;Que declaração Jesus fez antes de entregar o espírito? (João 19:30);;
102184;LIVROS BÍBLICOS;6_Evangelhos;43_João;CAPITULO 19;1;3;2;19;Por que os judeus pediram que as pernas dos crucificados fossem quebradas e os corpos retirados? (João 19:31);;
102185;LIVROS BÍBLICOS;6_Evangelhos;43_João;CAPITULO 19;1;3;2;19;Por que os soldados não quebraram as pernas de Jesus? (João 19:33);;
102186;LIVROS BÍBLICOS;6_Evangelhos;43_João;CAPITULO 19;1;3;2;19;O que saiu do lado de Jesus quando um soldado o perfurou com uma lança? (João 19:34);;
102187;LIVROS BÍBLICOS;6_Evangelhos;43_João;CAPITULO 19;1;3;2;19;Que declaração das Escrituras se cumpriu ao não quebrarem os ossos de Jesus? (João 19:36);;
102188;LIVROS BÍBLICOS;6_Evangelhos;43_João;CAPITULO 19;1;3;2;19;Quem pediu a Pilatos autorização para retirar o corpo de Jesus? (João 19:38);;
102189;LIVROS BÍBLICOS;6_Evangelhos;43_João;CAPITULO 19;1;3;2;19;Por que José de Arimateia era discípulo de Jesus em segredo? (João 19:38);;
102190;LIVROS BÍBLICOS;6_Evangelhos;43_João;CAPITULO 19;1;3;2;19;Que mistura Nicodemos levou para o sepultamento? (João 19:39);;
102191;LIVROS BÍBLICOS;6_Evangelhos;43_João;CAPITULO 19;1;3;2;19;Onde colocaram o corpo de Jesus por causa da preparação dos judeus e da proximidade do túmulo? (João 19:41-42);;
102192;LIVROS BÍBLICOS;6_Evangelhos;43_João;CAPITULO 20;1;3;2;20;Em que dia Maria Madalena foi ao túmulo de madrugada? (João 20:1);;
102193;LIVROS BÍBLICOS;6_Evangelhos;43_João;CAPITULO 20;1;3;2;20;O que Maria Madalena viu ao chegar ao túmulo ainda escuro? (João 20:1);;
102194;LIVROS BÍBLICOS;6_Evangelhos;43_João;CAPITULO 20;1;3;2;20;A quem Maria correu para contar que o corpo havia sido retirado? (João 20:2);;
102195;LIVROS BÍBLICOS;6_Evangelhos;43_João;CAPITULO 20;1;3;2;20;Quem chegou primeiro ao túmulo na corrida? (João 20:4);;
102196;LIVROS BÍBLICOS;6_Evangelhos;43_João;CAPITULO 20;1;3;2;20;O que o discípulo que chegou primeiro fez inicialmente? (João 20:5);;
102197;LIVROS BÍBLICOS;6_Evangelhos;43_João;CAPITULO 20;1;3;2;20;O que Simão Pedro fez ao chegar ao túmulo? (João 20:6);;
102198;LIVROS BÍBLICOS;6_Evangelhos;43_João;CAPITULO 20;1;3;2;20;Como estava o pano que havia coberto a cabeça de Jesus? (João 20:7);;
102199;LIVROS BÍBLICOS;6_Evangelhos;43_João;CAPITULO 20;1;3;2;20;Qual foi a reação do outro discípulo ao entrar e ver o túmulo? (João 20:8);;
102200;LIVROS BÍBLICOS;6_Evangelhos;43_João;CAPITULO 20;1;3;2;20;O que os discípulos ainda não compreendiam nas Escrituras? (João 20:9);;
102201;LIVROS BÍBLICOS;6_Evangelhos;43_João;CAPITULO 20;1;3;2;20;O que os discípulos fizeram depois de examinar o túmulo? (João 20:10);;
102202;LIVROS BÍBLICOS;6_Evangelhos;43_João;CAPITULO 20;1;3;2;20;Onde Maria permaneceu chorando? (João 20:11);;
102203;LIVROS BÍBLICOS;6_Evangelhos;43_João;CAPITULO 20;1;3;2;20;Quantos anjos vestidos de branco Maria viu dentro do túmulo? (João 20:12);;
102204;LIVROS BÍBLICOS;6_Evangelhos;43_João;CAPITULO 20;1;3;2;20;Em que posições os anjos estavam sentados? (João 20:12);;
102205;LIVROS BÍBLICOS;6_Evangelhos;43_João;CAPITULO 20;1;3;2;20;Por que Maria disse estar chorando? (João 20:13);;
102206;LIVROS BÍBLICOS;6_Evangelhos;43_João;CAPITULO 20;1;3;2;20;Quem Maria pensou que Jesus fosse ao vê-lo sem reconhecê-lo? (João 20:14-15);;
102207;LIVROS BÍBLICOS;6_Evangelhos;43_João;CAPITULO 20;1;3;2;20;Que palavra de Jesus fez Maria reconhecê-lo? (João 20:16);;
102208;LIVROS BÍBLICOS;6_Evangelhos;43_João;CAPITULO 20;1;3;2;20;Qual significado é dado ao título “Raboni”? (João 20:16);;
102209;LIVROS BÍBLICOS;6_Evangelhos;43_João;CAPITULO 20;1;3;2;20;Por que Jesus disse a Maria que não o detivesse? (João 20:17);;
102210;LIVROS BÍBLICOS;6_Evangelhos;43_João;CAPITULO 20;1;3;2;20;Que mensagem Maria deveria levar aos irmãos de Jesus? (João 20:17);;
102211;LIVROS BÍBLICOS;6_Evangelhos;43_João;CAPITULO 20;1;3;2;20;O que Maria Madalena anunciou aos discípulos? (João 20:18);;
102212;LIVROS BÍBLICOS;6_Evangelhos;43_João;CAPITULO 20;1;3;2;20;Por que as portas estavam trancadas quando Jesus apareceu aos discípulos? (João 20:19);;
102213;LIVROS BÍBLICOS;6_Evangelhos;43_João;CAPITULO 20;1;3;2;20;Que saudação Jesus dirigiu aos discípulos reunidos? (João 20:19);;
102214;LIVROS BÍBLICOS;6_Evangelhos;43_João;CAPITULO 20;1;3;2;20;O que Jesus mostrou aos discípulos para confirmar sua identidade? (João 20:20);;
102215;LIVROS BÍBLICOS;6_Evangelhos;43_João;CAPITULO 20;1;3;2;20;Como os discípulos reagiram ao ver o Senhor? (João 20:20);;
102216;LIVROS BÍBLICOS;6_Evangelhos;43_João;CAPITULO 20;1;3;2;20;Como Jesus relacionou a missão dos discípulos à sua própria missão? (João 20:21);;
102217;LIVROS BÍBLICOS;6_Evangelhos;43_João;CAPITULO 20;1;3;2;20;O que Jesus fez ao conceder o Espírito Santo aos discípulos? (João 20:22);;
102218;LIVROS BÍBLICOS;6_Evangelhos;43_João;CAPITULO 20;1;3;2;20;Qual discípulo não estava presente quando Jesus apareceu? (João 20:24);;
102219;LIVROS BÍBLICOS;6_Evangelhos;43_João;CAPITULO 20;1;3;2;20;Que prova Tomé exigiu para crer? (João 20:25);;
102220;LIVROS BÍBLICOS;6_Evangelhos;43_João;CAPITULO 20;1;3;2;20;Que confissão Tomé fez ao encontrar Jesus ressuscitado? (João 20:28);;
102221;LIVROS BÍBLICOS;6_Evangelhos;43_João;CAPITULO 20;1;3;2;20;Com que propósito os sinais registrados no Evangelho foram escritos? (João 20:30-31);;
102222;LIVROS BÍBLICOS;6_Evangelhos;43_João;CAPITULO 21;1;3;2;21;Junto a qual mar Jesus se manifestou novamente aos discípulos? (João 21:1);;
102223;LIVROS BÍBLICOS;6_Evangelhos;43_João;CAPITULO 21;1;3;2;21;Quantos discípulos são mencionados juntos no início da narrativa junto ao mar? (João 21:2);;
102224;LIVROS BÍBLICOS;6_Evangelhos;43_João;CAPITULO 21;1;3;2;21;Quem tomou a iniciativa de ir pescar? (João 21:3);;
102225;LIVROS BÍBLICOS;6_Evangelhos;43_João;CAPITULO 21;1;3;2;21;Quanto os discípulos apanharam durante aquela noite de pesca? (João 21:3);;
102226;LIVROS BÍBLICOS;6_Evangelhos;43_João;CAPITULO 21;1;3;2;21;Quando Jesus estava na praia, os discípulos o reconheceram imediatamente? (João 21:4);;
102227;LIVROS BÍBLICOS;6_Evangelhos;43_João;CAPITULO 21;1;3;2;21;Em que lado do barco Jesus mandou lançar a rede? (João 21:6);;
102228;LIVROS BÍBLICOS;6_Evangelhos;43_João;CAPITULO 21;1;3;2;21;Por que os discípulos não conseguiam puxar a rede depois de obedecer? (João 21:6);;
102229;LIVROS BÍBLICOS;6_Evangelhos;43_João;CAPITULO 21;1;3;2;21;Quem primeiro disse a Pedro que o homem na praia era o Senhor? (João 21:7);;
102230;LIVROS BÍBLICOS;6_Evangelhos;43_João;CAPITULO 21;1;3;2;21;O que Pedro fez ao saber que era o Senhor? (João 21:7);;
102231;LIVROS BÍBLICOS;6_Evangelhos;43_João;CAPITULO 21;1;3;2;21;Aproximadamente a que distância da terra estava o barco? (João 21:8);;
102232;LIVROS BÍBLICOS;6_Evangelhos;43_João;CAPITULO 21;1;3;2;21;O que os discípulos viram preparado ao chegar à terra? (João 21:9);;
102233;LIVROS BÍBLICOS;6_Evangelhos;43_João;CAPITULO 21;1;3;2;21;Quem puxou para a terra a rede cheia de peixes? (João 21:11);;
102234;LIVROS BÍBLICOS;6_Evangelhos;43_João;CAPITULO 21;1;3;2;21;Quantos peixes grandes havia na rede? (João 21:11);;
102235;LIVROS BÍBLICOS;6_Evangelhos;43_João;CAPITULO 21;1;3;2;21;O que aconteceu com a rede apesar da grande quantidade de peixes? (João 21:11);;
102236;LIVROS BÍBLICOS;6_Evangelhos;43_João;CAPITULO 21;1;3;2;21;Qual convite Jesus fez aos discípulos na praia? (João 21:12);;
102237;LIVROS BÍBLICOS;6_Evangelhos;43_João;CAPITULO 21;1;3;2;21;Que manifestação de Jesus aos discípulos era aquela depois da ressurreição? (João 21:14);;
102238;LIVROS BÍBLICOS;6_Evangelhos;43_João;CAPITULO 21;1;3;2;21;Como Jesus chamou Simão Pedro ao perguntar se ele o amava? (João 21:15);;
102239;LIVROS BÍBLICOS;6_Evangelhos;43_João;CAPITULO 21;1;3;2;21;Que tarefa Jesus deu a Pedro depois da primeira resposta sobre amor? (João 21:15);;
102240;LIVROS BÍBLICOS;6_Evangelhos;43_João;CAPITULO 21;1;3;2;21;Que tarefa Jesus deu a Pedro na segunda pergunta? (João 21:16);;
102241;LIVROS BÍBLICOS;6_Evangelhos;43_João;CAPITULO 21;1;3;2;21;Por que Pedro ficou triste na terceira pergunta de Jesus? (João 21:17);;
102242;LIVROS BÍBLICOS;6_Evangelhos;43_João;CAPITULO 21;1;3;2;21;O que Jesus anunciou que aconteceria a Pedro quando fosse velho? (João 21:18);;
102243;LIVROS BÍBLICOS;6_Evangelhos;43_João;CAPITULO 21;1;3;2;21;O que a maneira da morte de Pedro glorificaria? (João 21:19);;
102244;LIVROS BÍBLICOS;6_Evangelhos;43_João;CAPITULO 21;1;3;2;21;Que ordem Jesus deu a Pedro depois de anunciar seu futuro? (João 21:19);;
102245;LIVROS BÍBLICOS;6_Evangelhos;43_João;CAPITULO 21;1;3;2;21;A respeito de quem Pedro fez a pergunta: “E quanto a este?”? (João 21:20-21);;
102246;LIVROS BÍBLICOS;6_Evangelhos;43_João;CAPITULO 21;1;3;2;21;Como Jesus respondeu à curiosidade de Pedro sobre o outro discípulo? (João 21:22);;
102247;LIVROS BÍBLICOS;6_Evangelhos;43_João;CAPITULO 21;1;3;2;21;Como o Evangelho encerra a referência às muitas outras coisas feitas por Jesus? (João 21:25);;
104582;LIVROS MISSIONÁRIOS;O Missionario Que Enfrentou Um Leão;1 Aventuras Missionárias na África;;2;1;1;;Na aldeia de Mabotza, na África do Sul, qual era o motivo que tornava as noites assustadoras para os moradores?;;
104583;LIVROS MISSIONÁRIOS;O Missionario Que Enfrentou Um Leão;1 Aventuras Missionárias na África;;2;1;1;;Na aldeia de Mabotza, na África do Sul, o que aconteceu que tornou a situação ainda mais difícil para os moradores, além do medo noturno?;;
104584;LIVROS MISSIONÁRIOS;O Missionario Que Enfrentou Um Leão;1 Aventuras Missionárias na África;;2;1;1;;O que Davi Livingstone, o missionário que enfrentou um leão, estava ensinando aos nativos de Mabotza quando o trabalho foi suspenso por causa dos ataques das feras?;;
104585;LIVROS MISSIONÁRIOS;O Missionario Que Enfrentou Um Leão;1 Aventuras Missionárias na África;;2;1;1;;Por que o trabalho de ensinar os nativos de Mabotza a cavarem canais para hortas e jardins foi suspenso?;;
104586;LIVROS MISSIONÁRIOS;O Missionario Que Enfrentou Um Leão;1 Aventuras Missionárias na África;;2;1;1;;Segundo os moradores de Mabotza, o que a aldeia estava sofrendo com os ataques dos leões?;;
104587;LIVROS MISSIONÁRIOS;O Missionario Que Enfrentou Um Leão;1 Aventuras Missionárias na África;;2;1;1;;Qual era a preocupação do missionário Davi Livingstone em relação aos nativos de Mabotza, que estavam com medo de feitiçaria?;;
104588;LIVROS MISSIONÁRIOS;O Missionario Que Enfrentou Um Leão;1 Aventuras Missionárias na África;;2;1;1;;O que os homens de Mabotza fizeram para tentar resolver o problema dos ataques dos leões?;;
104589;LIVROS MISSIONÁRIOS;O Missionario Que Enfrentou Um Leão;1 Aventuras Missionárias na África;;2;1;1;;Qual foi o resultado da expedição dos homens de Mabotza à procura dos leões?;;
104590;LIVROS MISSIONÁRIOS;O Missionario Que Enfrentou Um Leão;1 Aventuras Missionárias na África;;2;1;1;;Quando os homens de Mabotza já voltavam para casa, onde viram um enorme leão?;;
104591;LIVROS MISSIONÁRIOS;O Missionario Que Enfrentou Um Leão;1 Aventuras Missionárias na África;;2;1;1;;Como Davi Livingstone feriu o enorme leão que estava no alto de uma rocha?;;
104592;LIVROS MISSIONÁRIOS;O Missionario Que Enfrentou Um Leão;1 Aventuras Missionárias na África;;2;1;1;;O que o leão enfurecido fez depois de ser acertado por Livingstone?;;
104593;LIVROS MISSIONÁRIOS;O Missionario Que Enfrentou Um Leão;1 Aventuras Missionárias na África;;2;1;1;;Quem tentou atirar na fera, mas teve sua espingarda falhando?;;
104594;LIVROS MISSIONÁRIOS;O Missionario Que Enfrentou Um Leão;1 Aventuras Missionárias na África;;2;1;1;;O que o leão fez após a espingarda de Mebalue falhar?;;
104595;LIVROS MISSIONÁRIOS;O Missionario Que Enfrentou Um Leão;1 Aventuras Missionárias na África;;2;1;1;;Quantas pessoas foram feridas antes que o leão caísse morto, incluindo Livingstone e Mebalue?;;
104596;LIVROS MISSIONÁRIOS;O Missionario Que Enfrentou Um Leão;1 Aventuras Missionárias na África;;2;1;1;;Qual foi a extensão dos ferimentos de Davi Livingstone no ataque do leão?;;
104597;LIVROS MISSIONÁRIOS;O Missionario Que Enfrentou Um Leão;1 Aventuras Missionárias na África;;2;1;1;;Segundo os nativos de Mabotza, por que o enorme leão os estava atacando?;;
104598;LIVROS MISSIONÁRIOS;O Missionario Que Enfrentou Um Leão;1 Aventuras Missionárias na África;;2;1;1;;O que os nativos fizeram com o corpo do leão morto para eliminar o feitiço?;;
102248;LIVROS MISSIONÁRIOS;O Missionario Que Enfrentou Um Leão;1 Aventuras Missionárias na África;;2;1;1;;Na aldeia de Mabotza, comunidade localizada na África do Sul, por qual motivo o trabalho de cavar canais para as hortas e jardins foi suspenso? Capítulo 1;;
102249;LIVROS MISSIONÁRIOS;O Missionario Que Enfrentou Um Leão;1 Aventuras Missionárias na África;;2;1;1;;Os habitantes de Mabotza, tomados pelo temor e pela superstição local, atribuíam os Frequentes ataques dos leões a qual causa? Capítulo 1;;
102250;LIVROS MISSIONÁRIOS;O Missionario Que Enfrentou Um Leão;1 Aventuras Missionárias na África;;2;1;1;;Davi Livingstone, o missionário médico que orientava os nativos, utilizou qual equipamento para atingir o leão que estava no alto da rocha? Capítulo 1;;
102251;LIVROS MISSIONÁRIOS;O Missionario Que Enfrentou Um Leão;1 Aventuras Missionárias na África;;2;1;1;;Mebalue, o nativo que tentou socorrer o missionário durante o combate, sofreu ferimentos em qual parte do corpo após sua arma falhar? Capítulo 1;;
102252;LIVROS MISSIONÁRIOS;O Missionario Que Enfrentou Um Leão;1 Aventuras Missionárias na África;;2;1;1;;Davi Livingstone, o dedicado explorador cristão, sofreu graves lesões corporais durante o ataque da fera, resultando em quais danos específicos? Capítulo 1;;
102253;LIVROS MISSIONÁRIOS;O Missionario Que Enfrentou Um Leão;1 Aventuras Missionárias na África;;2;1;1;;Os nativos da aldeia, acreditando que a fera fora enviada por um feiticeiro rival, executaram qual ritual sobre o animal morto? Capítulo 1;;
102254;LIVROS MISSIONÁRIOS;O Missionario Que Enfrentou Um Leão;1 Aventuras Missionárias na África;;2;1;1;;Davi Livingstone, o missionário médico que vivia na aldeia de Mabotza, estava ocupado com qual instrução técnica aos nativos no momento em que os ataques de leões se intensificaram? (PG 7);;
102255;LIVROS MISSIONÁRIOS;O Missionario Que Enfrentou Um Leão;1 Aventuras Missionárias na África;;2;1;1;;Antes do confronto direto com o missionário, onde foi avistado o enorme leão, a fera que vinha aterrorizando a comunidade de Mabotza? (PG 8);;
102256;LIVROS MISSIONÁRIOS;O Missionario Que Enfrentou Um Leão;1 Aventuras Missionárias na África;;2;1;1;;Mebalue, o corajoso nativo que tentou salvar Livingstone do ataque, não obteve sucesso imediato em seu disparo devido a qual falha técnica? (PG 8);;
102257;LIVROS MISSIONÁRIOS;O Missionario Que Enfrentou Um Leão;1 Aventuras Missionárias na África;;2;1;1;;Durante o terrível combate físico entre o leão e os homens da aldeia, quantas pessoas, incluindo o próprio Davi Livingstone, saíram feridas pela fera antes de ela cair morta? (PG 8);;
102258;LIVROS MISSIONÁRIOS;O Missionario Que Enfrentou Um Leão;1 Aventuras Missionárias na África;;2;1;1;;Os obstáculos enfrentados por Davi Livingstone, o herói cristão em sua jornada pelo continente africano, iam além das feras e incluíam quais outros desafios culturais? (PG 8);;
102259;LIVROS MISSIONÁRIOS;O Missionario Que Enfrentou Um Leão;1 Aventuras Missionárias na África;;2;1;1;;Em que aldeia Davi Livingstone enfrentou ataques de leões? Capítulo 1;;
104599;LIVROS MISSIONÁRIOS;O Missionario Que Enfrentou Um Leão;1 Aventuras Missionárias na África;;2;1;1;;Em que país ficava a aldeia de Mabotza? Capítulo 1;;
102261;LIVROS MISSIONÁRIOS;O Missionario Que Enfrentou Um Leão;1 Aventuras Missionárias na África;;2;1;1;;O que tornava assustadoras as noites na aldeia de Mabotza? Capítulo 1;;
102262;LIVROS MISSIONÁRIOS;O Missionario Que Enfrentou Um Leão;1 Aventuras Missionárias na África;;2;1;1;;O que tornou a situação ainda mais difícil em Mabotza? Capítulo 1;;
102263;LIVROS MISSIONÁRIOS;O Missionario Que Enfrentou Um Leão;1 Aventuras Missionárias na África;;2;1;1;;O que Livingstone ensinava os nativos a fazer quando o trabalho foi interrompido pelos ataques? Capítulo 1;;
102264;LIVROS MISSIONÁRIOS;O Missionario Que Enfrentou Um Leão;1 Aventuras Missionárias na África;;2;1;1;;Para que serviriam os canais que os nativos estavam cavando? Capítulo 1;;
102265;LIVROS MISSIONÁRIOS;O Missionario Que Enfrentou Um Leão;1 Aventuras Missionárias na África;;2;1;1;;Por que o trabalho de escavação dos canais foi suspenso? Capítulo 1;;
102266;LIVROS MISSIONÁRIOS;O Missionario Que Enfrentou Um Leão;1 Aventuras Missionárias na África;;2;1;1;;O que os moradores de Mabotza pensavam ser a causa dos ataques dos leões? Capítulo 1;;
102267;LIVROS MISSIONÁRIOS;O Missionario Que Enfrentou Um Leão;1 Aventuras Missionárias na África;;2;1;1;;O que preocupava Livingstone em relação à reação dos nativos aos ataques? Capítulo 1;;
102268;LIVROS MISSIONÁRIOS;O Missionario Que Enfrentou Um Leão;1 Aventuras Missionárias na África;;2;1;1;;O que os homens da aldeia organizaram para procurar os leões? Capítulo 1;;
102269;LIVROS MISSIONÁRIOS;O Missionario Que Enfrentou Um Leão;1 Aventuras Missionárias na África;;2;1;1;;Qual foi o resultado inicial da expedição à procura dos leões? Capítulo 1;;
102270;LIVROS MISSIONÁRIOS;O Missionario Que Enfrentou Um Leão;1 Aventuras Missionárias na África;;2;1;1;;Onde os homens viram um enorme leão quando já estavam voltando para casa? Capítulo 1;;
102271;LIVROS MISSIONÁRIOS;O Missionario Que Enfrentou Um Leão;1 Aventuras Missionárias na África;;2;1;1;;Que arma Livingstone usou contra o leão? Capítulo 1;;
102272;LIVROS MISSIONÁRIOS;O Missionario Que Enfrentou Um Leão;1 Aventuras Missionárias na África;;2;1;1;;O que o leão fez depois de ser atingido por Livingstone? Capítulo 1;;
102273;LIVROS MISSIONÁRIOS;O Missionario Que Enfrentou Um Leão;1 Aventuras Missionárias na África;;2;1;1;;Qual era o nome do nativo que tentou atirar no leão para ajudar Livingstone? Capítulo 1;;
102274;LIVROS MISSIONÁRIOS;O Missionario Que Enfrentou Um Leão;1 Aventuras Missionárias na África;;2;1;1;;O que aconteceu quando Mebalue tentou atirar no leão? Capítulo 1;;
102275;LIVROS MISSIONÁRIOS;O Missionario Que Enfrentou Um Leão;1 Aventuras Missionárias na África;;2;1;1;;Em que parte do corpo Mebalue foi atacado pelo leão? Capítulo 1;;
102276;LIVROS MISSIONÁRIOS;O Missionario Que Enfrentou Um Leão;1 Aventuras Missionárias na África;;2;1;1;;Depois de atacar Livingstone e Mebalue, o que o leão fez antes de morrer? Capítulo 1;;
102277;LIVROS MISSIONÁRIOS;O Missionario Que Enfrentou Um Leão;1 Aventuras Missionárias na África;;2;1;1;;Que parte do corpo de Livingstone teve o osso estraçalhado pelo ataque do leão? Capítulo 1;;
102278;LIVROS MISSIONÁRIOS;O Missionario Que Enfrentou Um Leão;1 Aventuras Missionárias na África;;2;1;1;;Quantas marcas de dentes do leão ficaram no braço de Livingstone? Capítulo 1;;
102279;LIVROS MISSIONÁRIOS;O Missionario Que Enfrentou Um Leão;1 Aventuras Missionárias na África;;2;1;1;;O que os nativos pensavam a respeito do enorme leão que atacou Livingstone? Capítulo 1;;
102280;LIVROS MISSIONÁRIOS;O Missionario Que Enfrentou Um Leão;1 Aventuras Missionárias na África;;2;1;1;;Quem os nativos acreditavam ter encantado o leão? Capítulo 1;;
102281;LIVROS MISSIONÁRIOS;O Missionario Que Enfrentou Um Leão;1 Aventuras Missionárias na África;;2;1;1;;Com que objetivo os nativos acreditavam que o leão havia sido encantado? Capítulo 1;;
102282;LIVROS MISSIONÁRIOS;O Missionario Que Enfrentou Um Leão;1 Aventuras Missionárias na África;;2;1;1;;O que os nativos fizeram com o leão morto? Capítulo 1;;
102283;LIVROS MISSIONÁRIOS;O Missionario Que Enfrentou Um Leão;1 Aventuras Missionárias na África;;2;1;1;;Por que os nativos fizeram uma grande fogueira sobre o leão morto? Capítulo 1;;
102284;LIVROS MISSIONÁRIOS;O Missionario Que Enfrentou Um Leão;1 Aventuras Missionárias na África;;2;1;1;;Além dos encontros com feras, quais obstáculos são citados como parte da aventura missionária de Livingstone na África? Capítulo 1;;
102285;LIVROS MISSIONÁRIOS;O Missionario Que Enfrentou Um Leão;1 Aventuras Missionárias na África;;2;1;1;;Na aldeia sul-africana de Mabotza, localidade onde Davi Livingstone atuava nos primórdios de sua missão, que circunstância crítica fez com que o trabalho de abertura de canais para hortas e jardins fosse interrompido?;;
102286;LIVROS MISSIONÁRIOS;O Missionario Que Enfrentou Um Leão;1 Aventuras Missionárias na África;;2;1;1;;Diante dos ataques violentos cometidos pelas feras na aldeia de Mabotza, que interpretação cultural os nativos atribuíram àquela sucessão de tragédias antes de organizarem uma caçada?;;
102287;LIVROS MISSIONÁRIOS;O Missionario Que Enfrentou Um Leão;1 Aventuras Missionárias na África;;2;1;1;;Durante o confronto dramático no topo de uma rocha em Mabotza, após ser alvejado pela espingarda de dois canos do missionário escocês, que atitude violenta o leão enfurecido tomou contra Davi Livingstone?;;
102288;LIVROS MISSIONÁRIOS;O Missionario Que Enfrentou Um Leão;1 Aventuras Missionárias na África;;2;1;1;;No momento em que Davi Livingstone estava dominado pelo predador, que imprevisto impediu que o nativo Mebalue, companheiro do missionário, abatesse o leão de imediato?;;
102289;LIVROS MISSIONÁRIOS;O Missionario Que Enfrentou Um Leão;1 Aventuras Missionárias na África;;2;1;1;;Após o leão atacar o missionário Davi Livingstone e os homens que tentaram socorrê-lo, que sequelas físicas imediatas o missionário sofreu em seu corpo?;;
102290;LIVROS MISSIONÁRIOS;O Missionario Que Enfrentou Um Leão;1 Aventuras Missionárias na África;;2;1;1;;Logo após o animal cair morto com a ajuda de um terceiro homem ferido, que ritual tradicional os nativos realizaram sobre o corpo da fera para garantir a proteção da aldeia?;;
104600;LIVROS MISSIONÁRIOS;O Missionario Que Enfrentou Um Leão;1 Aventuras Missionárias na África;;2;1;1;;O que tornava as noites assustadoras na aldeia de Mabotza, localizada na África do Sul?;;
104601;LIVROS MISSIONÁRIOS;O Missionario Que Enfrentou Um Leão;1 Aventuras Missionárias na África;;2;1;1;;O que aconteceu na aldeia de Mabotza, além dos ataques noturnos dos leões?;;
104602;LIVROS MISSIONÁRIOS;O Missionario Que Enfrentou Um Leão;1 Aventuras Missionárias na África;;2;1;1;;Davi Livingstone, o missionário que trabalhava em Mabotza, ensinava os nativos a fazer o quê?;;
104603;LIVROS MISSIONÁRIOS;O Missionario Que Enfrentou Um Leão;1 Aventuras Missionárias na África;;2;1;1;;Por que o trabalho de construção dos canais foi suspenso em Mabotza?;;
104604;LIVROS MISSIONÁRIOS;O Missionario Que Enfrentou Um Leão;1 Aventuras Missionárias na África;;2;1;1;;Os moradores de Mabotza, assustados com os ataques dos leões, concluíram que a aldeia era vítima de quê?;;
104605;LIVROS MISSIONÁRIOS;O Missionario Que Enfrentou Um Leão;1 Aventuras Missionárias na África;;2;1;1;;O que preocupava Davi Livingstone, diante do medo dos nativos de Mabotza?;;
104606;LIVROS MISSIONÁRIOS;O Missionario Que Enfrentou Um Leão;1 Aventuras Missionárias na África;;2;1;1;;O que os homens de Mabotza fizeram para tentar solucionar o problema dos ataques?;;
104607;LIVROS MISSIONÁRIOS;O Missionario Que Enfrentou Um Leão;1 Aventuras Missionárias na África;;2;1;1;;Qual foi o resultado da primeira expedição organizada pelos homens de Mabotza?;;
104608;LIVROS MISSIONÁRIOS;O Missionario Que Enfrentou Um Leão;1 Aventuras Missionárias na África;;2;1;1;;Quando os homens retornavam para casa, onde avistaram um enorme leão?;;
104609;LIVROS MISSIONÁRIOS;O Missionario Que Enfrentou Um Leão;1 Aventuras Missionárias na África;;2;1;1;;Davi Livingstone, o missionário que enfrentou o leão, utilizou que arma para atingir o animal?;;
104610;LIVROS MISSIONÁRIOS;O Missionario Que Enfrentou Um Leão;1 Aventuras Missionárias na África;;2;1;1;;Como o leão reagiu depois de ser atingido por Livingstone?;;
104611;LIVROS MISSIONÁRIOS;O Missionario Que Enfrentou Um Leão;1 Aventuras Missionárias na África;;2;1;1;;O que aconteceu quando Mebalue, um dos nativos da expedição, tentou atirar no leão?;;
104612;LIVROS MISSIONÁRIOS;O Missionario Que Enfrentou Um Leão;1 Aventuras Missionárias na África;;2;1;1;;Depois que a arma de Mebalue falhou, o que o leão fez?;;
104613;LIVROS MISSIONÁRIOS;O Missionario Que Enfrentou Um Leão;1 Aventuras Missionárias na África;;2;1;1;;Além de Livingstone e Mebalue, o que aconteceu com outro homem durante o ataque do leão?;;
104614;LIVROS MISSIONÁRIOS;O Missionario Que Enfrentou Um Leão;1 Aventuras Missionárias na África;;2;1;1;;Que parte do corpo de Livingstone ficou gravemente ferida durante o ataque do leão?;;
104615;LIVROS MISSIONÁRIOS;O Missionario Que Enfrentou Um Leão;1 Aventuras Missionárias na África;;2;1;1;;Quantas marcas de dentes do leão ficaram no braço de Davi Livingstone?;;
104616;LIVROS MISSIONÁRIOS;O Missionario Que Enfrentou Um Leão;1 Aventuras Missionárias na África;;2;1;1;;Qual foi o destino do leão que atacou Livingstone e os nativos?;;
104617;LIVROS MISSIONÁRIOS;O Missionario Que Enfrentou Um Leão;1 Aventuras Missionárias na África;;2;1;1;;O que os nativos pensavam sobre o enorme leão que atacou a expedição?;;
104618;LIVROS MISSIONÁRIOS;O Missionario Que Enfrentou Um Leão;1 Aventuras Missionárias na África;;2;1;1;;Segundo a crença dos nativos, qual seria o objetivo do feiticeiro ao encantar o leão?;;
104619;LIVROS MISSIONÁRIOS;O Missionario Que Enfrentou Um Leão;1 Aventuras Missionárias na África;;2;1;1;;O que os nativos fizeram sobre o corpo do leão morto?;;
104620;LIVROS MISSIONÁRIOS;O Missionario Que Enfrentou Um Leão;1 Aventuras Missionárias na África;;2;1;1;;Por que os nativos fizeram uma fogueira sobre o leão morto?;;
104621;LIVROS MISSIONÁRIOS;O Missionario Que Enfrentou Um Leão;1 Aventuras Missionárias na África;;2;1;1;;Quais foram alguns dos obstáculos enfrentados por Davi Livingstone, o missionário apresentado no capítulo?;;
104622;LIVROS MISSIONÁRIOS;O Missionario Que Enfrentou Um Leão;1 Aventuras Missionárias na África;;2;1;1;;Em que tipo de aventura Davi Livingstone enfrentou os obstáculos narrados no capítulo?;;
102291;LIVROS MISSIONÁRIOS;O Missionario Que Enfrentou Um Leão;1 Aventuras Missionárias na África;;2;1;1;;Em qual aldeia africana começaram os ataques de leões que assustavam os moradores à noite, situação que se agravou quando os animais passaram a atacar também durante o dia?;;
102292;LIVROS MISSIONÁRIOS;O Missionario Que Enfrentou Um Leão;1 Aventuras Missionárias na África;;2;1;1;;Que trabalho Davi Livingstone estava ensinando aos nativos da aldeia de Mabotza, atividade que foi suspensa por causa dos ataques das feras?;;
102293;LIVROS MISSIONÁRIOS;O Missionario Que Enfrentou Um Leão;1 Aventuras Missionárias na África;;2;1;1;;O que os nativos da aldeia de Mabotza concluíram estar causando os ataques dos leões, crença que revelava o medo de feitiçaria comum entre eles?;;
102294;LIVROS MISSIONÁRIOS;O Missionario Que Enfrentou Um Leão;1 Aventuras Missionárias na África;;2;1;1;;Ao formarem uma expedição para procurar os leões que atacavam a aldeia, o que os homens de Mabotza avistaram quando já retornavam para casa sem terem capturado nenhum animal?;;
102295;LIVROS MISSIONÁRIOS;O Missionario Que Enfrentou Um Leão;1 Aventuras Missionárias na África;;2;1;1;;Com que tipo de arma Livingstone acertou o leão que avistou no alto de uma rocha, disparo que enfureceu o animal e o fez saltar sobre seu ombro?;;
102296;LIVROS MISSIONÁRIOS;O Missionario Que Enfrentou Um Leão;1 Aventuras Missionárias na África;;2;1;1;;Qual nativo tentou atirar no leão que havia atacado Livingstone, mas teve sua espingarda falhada, fazendo o animal se voltar contra ele e atacá-lo na coxa?;;
102297;LIVROS MISSIONÁRIOS;O Missionario Que Enfrentou Um Leão;1 Aventuras Missionárias na África;;2;1;1;;Depois de atacar Livingstone e, em seguida, Mebalue, quantos homens ao todo ficaram feridos pelo leão antes que o animal finalmente caísse morto?;;
102298;LIVROS MISSIONÁRIOS;O Missionario Que Enfrentou Um Leão;1 Aventuras Missionárias na África;;2;1;1;;Como ficou o ombro esquerdo de Davi Livingstone após o ataque do leão na aldeia de Mabotza, ferimento que ele carregaria consigo pelo resto da vida?;;
102299;LIVROS MISSIONÁRIOS;O Missionario Que Enfrentou Um Leão;1 Aventuras Missionárias na África;;2;1;1;;"O que os nativos de Mabotza fizeram sobre o corpo do leão morto, na tentativa de ""queimar o feitiço"" que acreditavam ter encantado o animal?";;
102300;LIVROS MISSIONÁRIOS;O Missionario Que Enfrentou Um Leão;2 A Chamada Missionária;;2;1;2;;Em qual cidade e país nasceu Davi Livingstone, o famoso explorador e missionário cristão, no dia 19 de março de 1813? (PG 9);;
102301;LIVROS MISSIONÁRIOS;O Missionario Que Enfrentou Um Leão;2 A Chamada Missionária;;2;1;2;;Davi Livingstone, garoto dedicado ao trabalho desde a infância, comprou qual item com o salário de sua primeira semana de trabalho na fábrica de fiação de algodão? (PG 9);;
102302;LIVROS MISSIONÁRIOS;O Missionario Que Enfrentou Um Leão;2 A Chamada Missionária;;2;1;2;;Aos 20 anos de idade, Davi Livingstone, jovem trabalhador que estudava em Glasgow durante os invernos, ouviu a chamada de Deus para desempenhar qual vocação específica? (PG 9);;
102303;LIVROS MISSIONÁRIOS;O Missionario Que Enfrentou Um Leão;2 A Chamada Missionária;;2;1;2;;Durante sua primeira experiência de pregação em Chipping Ongar, local de seu curso preparatório, qual embaraço ocorreu com o jovem Davi Livingstone diante da congregação? (PG 9);;
102304;LIVROS MISSIONÁRIOS;O Missionario Que Enfrentou Um Leão;2 A Chamada Missionária;;2;1;2;;Em uma reunião missionária em Londres, Davi Livingstone conheceu Roberto Moffat, figura marcante do trabalho evangelístico na África, que se destacava por qual característica física? (PG 10);;
102305;LIVROS MISSIONÁRIOS;O Missionario Que Enfrentou Um Leão;2 A Chamada Missionária;;2;1;2;;Qual país era o destino inicial planejado por Davi Livingstone, antes de ser impactado pelo relato do missionário Roberto Moffat sobre a fumaça de milhares de aldeias não alcançadas? (PG 10 e 11);;
102306;LIVROS MISSIONÁRIOS;O Missionario Que Enfrentou Um Leão;2 A Chamada Missionária;;2;1;2;;No dia 17 de novembro de 1840, data de sua despedida rumo ao continente africano, Davi Livingstone foi acompanhado até a cidade de Glasgow por qual familiar? (PG 11);;
102307;LIVROS MISSIONÁRIOS;O Missionario Que Enfrentou Um Leão;2 A Chamada Missionária;;2;1;2;;Davi Livingstone, o futuro explorador que nasceu na Escócia em 1813, possuía quais características físicas marcantes em sua infância e juventude? (PG 9);;
102308;LIVROS MISSIONÁRIOS;O Missionario Que Enfrentou Um Leão;2 A Chamada Missionária;;2;1;2;;Durante sua infância como trabalhador infantil em Blantyre, qual era a extensa jornada diária cumprida por Davi Livingstone na máquina de fiar algodão? (PG 9);;
102309;LIVROS MISSIONÁRIOS;O Missionario Que Enfrentou Um Leão;2 A Chamada Missionária;;2;1;2;;Davi Livingstone, o jovem determinado que trabalhava na fiação durante o verão para custear seus estudos, frequentava qual local imediatamente após sair do trabalho às oito da noite? (PG 9);;
102310;LIVROS MISSIONÁRIOS;O Missionario Que Enfrentou Um Leão;2 A Chamada Missionária;;2;1;2;;Ao buscar orientação para sua vocação, Livingstone dirigiu-se a Londres para conversar com os diretores de qual instituição evangelística? (PG 9);;
102311;LIVROS MISSIONÁRIOS;O Missionario Que Enfrentou Um Leão;2 A Chamada Missionária;;2;1;2;;Uma pessoa que conheceu Davi Livingstone em sua juventude destacou a persistência inabalável do futuro missionário por meio de qual declaração emblemática? (PG 9);;
102312;LIVROS MISSIONÁRIOS;O Missionario Que Enfrentou Um Leão;2 A Chamada Missionária;;2;1;2;;Na época em que Livingstone conheceu Roberto Moffat, como o interior do continente africano era representado nos mapas geográficos devido à falta de exploração? (PG 10);;
102313;LIVROS MISSIONÁRIOS;O Missionario Que Enfrentou Um Leão;2 A Chamada Missionária;;2;1;2;;Roberto Moffat, o experiente missionário na África, convenceu Livingstone a mudar seu destino ao descrever uma visão das manhãs ensolaradas que consistia em quê? (PG 11);;
102314;LIVROS MISSIONÁRIOS;O Missionario Que Enfrentou Um Leão;2 A Chamada Missionária;;2;1;2;;No dia 17 de novembro de 1840, data em que tomou o navio rumo à África, de quais familiares Livingstone se despediu em casa antes de partir para Glasgow? (PG 11);;
104623;LIVROS MISSIONÁRIOS;O Missionario Que Enfrentou Um Leão;2 A Chamada Missionária;;2;1;2;;Davi Livingstone, o missionário escocês que enfrentou um leão na África, nasceu em que data e em que cidade?;;
104624;LIVROS MISSIONÁRIOS;O Missionario Que Enfrentou Um Leão;2 A Chamada Missionária;;2;1;2;;Quais eram as características físicas de Davi Livingstone, o missionário que enfrentou um leão, segundo o texto?;;
104625;LIVROS MISSIONÁRIOS;O Missionario Que Enfrentou Um Leão;2 A Chamada Missionária;;2;1;2;;Com que idade Davi Livingstone, o futuro missionário que enfrentou um leão, começou a trabalhar?;;
104626;LIVROS MISSIONÁRIOS;O Missionario Que Enfrentou Um Leão;2 A Chamada Missionária;;2;1;2;;Em que atividade Davi Livingstone, o missionário que enfrentou um leão, começou a trabalhar aos 10 anos de idade?;;
104627;LIVROS MISSIONÁRIOS;O Missionario Que Enfrentou Um Leão;2 A Chamada Missionária;;2;1;2;;Qual era a jornada de trabalho de Davi Livingstone, o missionário que enfrentou um leão, quando começou a trabalhar na fiação de algodão?;;
104628;LIVROS MISSIONÁRIOS;O Missionario Que Enfrentou Um Leão;2 A Chamada Missionária;;2;1;2;;O que Davi Livingstone, o missionário que enfrentou um leão, comprou com o dinheiro que recebeu após sua primeira semana de trabalho?;;
104629;LIVROS MISSIONÁRIOS;O Missionario Que Enfrentou Um Leão;2 A Chamada Missionária;;2;1;2;;O que Davi Livingstone, o missionário que enfrentou um leão, fazia à noite depois de voltar da escola?;;
104630;LIVROS MISSIONÁRIOS;O Missionario Que Enfrentou Um Leão;2 A Chamada Missionária;;2;1;2;;Já rapaz, o que Davi Livingstone, o missionário que enfrentou um leão, decidiu fazer em relação ao trabalho na fiação?;;
104631;LIVROS MISSIONÁRIOS;O Missionario Que Enfrentou Um Leão;2 A Chamada Missionária;;2;1;2;;No inverno, para onde Davi Livingstone, o missionário que enfrentou um leão, ia a fim de prosseguir em seus estudos?;;
104632;LIVROS MISSIONÁRIOS;O Missionario Que Enfrentou Um Leão;2 A Chamada Missionária;;2;1;2;;Com que idade Davi Livingstone, o missionário que enfrentou um leão, ouviu a chamada de Deus para ser missionário-médico?;;
104633;LIVROS MISSIONÁRIOS;O Missionario Que Enfrentou Um Leão;2 A Chamada Missionária;;2;1;2;;Para que cidade Davi Livingstone, o missionário que enfrentou um leão, foi a fim de conversar com os diretores da Sociedade Missionária de Londres?;;
104634;LIVROS MISSIONÁRIOS;O Missionario Que Enfrentou Um Leão;2 A Chamada Missionária;;2;1;2;;Para que lugar Davi Livingstone, o missionário que enfrentou um leão, foi orientado a fazer um curso próximo a Londres?;;
104635;LIVROS MISSIONÁRIOS;O Missionario Que Enfrentou Um Leão;2 A Chamada Missionária;;2;1;2;;Qual era a dificuldade de Davi Livingstone, o missionário que enfrentou um leão, quando foi pregar pela primeira vez?;;
104636;LIVROS MISSIONÁRIOS;O Missionario Que Enfrentou Um Leão;2 A Chamada Missionária;;2;1;2;;O que Davi Livingstone, o missionário que enfrentou um leão, disse à congregação quando esqueceu o sermão em sua primeira pregação?;;
104637;LIVROS MISSIONÁRIOS;O Missionario Que Enfrentou Um Leão;2 A Chamada Missionária;;2;1;2;;Que declaração uma pessoa que conheceu Davi Livingstone, o missionário que enfrentou um leão, fez a respeito dele?;;
104638;LIVROS MISSIONÁRIOS;O Missionario Que Enfrentou Um Leão;2 A Chamada Missionária;;2;1;2;;Em uma reunião missionária, quem Davi Livingstone, o missionário que enfrentou um leão, conheceu?;;
104639;LIVROS MISSIONÁRIOS;O Missionario Que Enfrentou Um Leão;2 A Chamada Missionária;;2;1;2;;Como o texto descreve Roberto Moffat, o missionário que Davi Livingstone conheceu em uma reunião missionária?;;
104640;LIVROS MISSIONÁRIOS;O Missionario Que Enfrentou Um Leão;2 A Chamada Missionária;;2;1;2;;Em que continente Roberto Moffat, o missionário que Davi Livingstone conheceu, pregava o evangelho?;;
104641;LIVROS MISSIONÁRIOS;O Missionario Que Enfrentou Um Leão;2 A Chamada Missionária;;2;1;2;;Na época de Davi Livingstone, como a África era considerada?;;
104642;LIVROS MISSIONÁRIOS;O Missionario Que Enfrentou Um Leão;2 A Chamada Missionária;;2;1;2;;Como eram os mapas da região central da África na época de Davi Livingstone?;;
104643;LIVROS MISSIONÁRIOS;O Missionario Que Enfrentou Um Leão;2 A Chamada Missionária;;2;1;2;;O que Roberto Moffat disse a Davi Livingstone sobre a vasta planície ao norte de onde morava?;;
104644;LIVROS MISSIONÁRIOS;O Missionario Que Enfrentou Um Leão;2 A Chamada Missionária;;2;1;2;;Antes de decidir ir para a África, para que país Davi Livingstone, o missionário que enfrentou um leão, pensava em ir?;;
104645;LIVROS MISSIONÁRIOS;O Missionario Que Enfrentou Um Leão;2 A Chamada Missionária;;2;1;2;;O que fez Davi Livingstone decidir seguir para a África?;;
104646;LIVROS MISSIONÁRIOS;O Missionario Que Enfrentou Um Leão;2 A Chamada Missionária;;2;1;2;;Em que data Davi Livingstone, o missionário que enfrentou um leão, despediu-se de sua mãe e de suas irmãs?;;
104647;LIVROS MISSIONÁRIOS;O Missionario Que Enfrentou Um Leão;2 A Chamada Missionária;;2;1;2;;Quem levou Davi Livingstone até Glasgow, onde ele tomou o navio que o levaria ao continente africano?;;
104648;LIVROS MISSIONÁRIOS;O Missionario Que Enfrentou Um Leão;2 A Chamada Missionária;;2;1;2;;Em que cidade Davi Livingstone, o missionário que enfrentou um leão, tomou o navio que o levaria ao continente africano?;;
104649;LIVROS MISSIONÁRIOS;O Missionario Que Enfrentou Um Leão;2 A Chamada Missionária;;2;1;2;;De quem Davi Livingstone, o missionário que enfrentou um leão, despediu-se no dia 17 de novembro de 1840?;;
104650;LIVROS MISSIONÁRIOS;O Missionario Que Enfrentou Um Leão;2 A Chamada Missionária;;2;1;2;;O que estava apenas começando quando Davi Livingstone tomou o navio para o continente africano?;;
102315;LIVROS MISSIONÁRIOS;O Missionario Que Enfrentou Um Leão;2 A Chamada Missionária;;2;1;2;;Em que data Davi Livingstone nasceu? Capítulo 2;;
102316;LIVROS MISSIONÁRIOS;O Missionario Que Enfrentou Um Leão;2 A Chamada Missionária;;2;1;2;;Em que cidade nasceu Davi Livingstone? Capítulo 2;;
102317;LIVROS MISSIONÁRIOS;O Missionario Que Enfrentou Um Leão;2 A Chamada Missionária;;2;1;2;;Em que país nasceu Davi Livingstone? Capítulo 2;;
102318;LIVROS MISSIONÁRIOS;O Missionario Que Enfrentou Um Leão;2 A Chamada Missionária;;2;1;2;;Como o livro descreve os olhos de Livingstone? Capítulo 2;;
102319;LIVROS MISSIONÁRIOS;O Missionario Que Enfrentou Um Leão;2 A Chamada Missionária;;2;1;2;;Como era fisicamente Davi Livingstone quando jovem, segundo o livro? Capítulo 2;;
102320;LIVROS MISSIONÁRIOS;O Missionario Que Enfrentou Um Leão;2 A Chamada Missionária;;2;1;2;;Com quantos anos Livingstone começou a trabalhar? Capítulo 2;;
102321;LIVROS MISSIONÁRIOS;O Missionario Que Enfrentou Um Leão;2 A Chamada Missionária;;2;1;2;;Em que tipo de trabalho Livingstone começou a trabalhar aos 10 anos? Capítulo 2;;
102322;LIVROS MISSIONÁRIOS;O Missionario Que Enfrentou Um Leão;2 A Chamada Missionária;;2;1;2;;A que horas Livingstone começava sua jornada de trabalho? Capítulo 2;;
102323;LIVROS MISSIONÁRIOS;O Missionario Que Enfrentou Um Leão;2 A Chamada Missionária;;2;1;2;;Até que horas Livingstone trabalhava na fiação? Capítulo 2;;
102324;LIVROS MISSIONÁRIOS;O Missionario Que Enfrentou Um Leão;2 A Chamada Missionária;;2;1;2;;O que Livingstone comprou com o dinheiro recebido após sua primeira semana de trabalho? Capítulo 2;;
102325;LIVROS MISSIONÁRIOS;O Missionario Que Enfrentou Um Leão;2 A Chamada Missionária;;2;1;2;;O que Livingstone fez com a gramática latina que comprou? Capítulo 2;;
102326;LIVROS MISSIONÁRIOS;O Missionario Que Enfrentou Um Leão;2 A Chamada Missionária;;2;1;2;;O que Livingstone fazia à noite depois de trabalhar? Capítulo 2;;
102327;LIVROS MISSIONÁRIOS;O Missionario Que Enfrentou Um Leão;2 A Chamada Missionária;;2;1;2;;O que Livingstone costumava fazer quando voltava da escola para casa? Capítulo 2;;
102328;LIVROS MISSIONÁRIOS;O Missionario Que Enfrentou Um Leão;2 A Chamada Missionária;;2;1;2;;Quando rapaz, em que estação do ano Livingstone decidiu continuar trabalhando na fiação? Capítulo 2;;
102329;LIVROS MISSIONÁRIOS;O Missionario Que Enfrentou Um Leão;2 A Chamada Missionária;;2;1;2;;O que Livingstone fazia durante o inverno depois de decidir trabalhar na fiação apenas no verão? Capítulo 2;;
102330;LIVROS MISSIONÁRIOS;O Missionario Que Enfrentou Um Leão;2 A Chamada Missionária;;2;1;2;;Com que idade Livingstone ouviu a chamada de Deus para ser missionário-médico? Capítulo 2;;
102331;LIVROS MISSIONÁRIOS;O Missionario Que Enfrentou Um Leão;2 A Chamada Missionária;;2;1;2;;Para qual tipo de trabalho missionário Livingstone sentiu-se chamado? Capítulo 2;;
102332;LIVROS MISSIONÁRIOS;O Missionario Que Enfrentou Um Leão;2 A Chamada Missionária;;2;1;2;;Para onde Livingstone foi conversar com os diretores da Sociedade Missionária de Londres? Capítulo 2;;
102333;LIVROS MISSIONÁRIOS;O Missionario Que Enfrentou Um Leão;2 A Chamada Missionária;;2;1;2;;Com quem Livingstone foi conversar em Londres sobre sua preparação missionária? Capítulo 2;;
102334;LIVROS MISSIONÁRIOS;O Missionario Que Enfrentou Um Leão;2 A Chamada Missionária;;2;1;2;;Que orientação Livingstone recebeu dos diretores da Sociedade Missionária de Londres? Capítulo 2;;
102335;LIVROS MISSIONÁRIOS;O Missionario Que Enfrentou Um Leão;2 A Chamada Missionária;;2;1;2;;Qual era o nome do lugar onde Livingstone foi orientado a fazer um curso? Capítulo 2;;
102336;LIVROS MISSIONÁRIOS;O Missionario Que Enfrentou Um Leão;2 A Chamada Missionária;;2;1;2;;Qual atividade não era um ponto forte de Livingstone? Capítulo 2;;
102337;LIVROS MISSIONÁRIOS;O Missionario Que Enfrentou Um Leão;2 A Chamada Missionária;;2;1;2;;O que aconteceu quando Livingstone foi pregar pela primeira vez? Capítulo 2;;
102338;LIVROS MISSIONÁRIOS;O Missionario Que Enfrentou Um Leão;2 A Chamada Missionária;;2;1;2;;O que Livingstone conseguiu dizer à congregação quando esqueceu seu primeiro sermão? Capítulo 2;;
102339;LIVROS MISSIONÁRIOS;O Missionario Que Enfrentou Um Leão;2 A Chamada Missionária;;2;1;2;;Como Livingstone reagia a derrotas como a experiência de esquecer o sermão? Capítulo 2;;
102340;LIVROS MISSIONÁRIOS;O Missionario Que Enfrentou Um Leão;2 A Chamada Missionária;;2;1;2;;Que característica de Livingstone foi destacada por uma pessoa que o conheceu? Capítulo 2;;
102341;LIVROS MISSIONÁRIOS;O Missionario Que Enfrentou Um Leão;2 A Chamada Missionária;;2;1;2;;Em que ocasião Livingstone conheceu Roberto Moffat? Capítulo 2;;
102342;LIVROS MISSIONÁRIOS;O Missionario Que Enfrentou Um Leão;2 A Chamada Missionária;;2;1;2;;Quem era Roberto Moffat? Capítulo 2;;
102343;LIVROS MISSIONÁRIOS;O Missionario Que Enfrentou Um Leão;2 A Chamada Missionária;;2;1;2;;Onde Roberto Moffat pregava o evangelho? Capítulo 2;;
102344;LIVROS MISSIONÁRIOS;O Missionario Que Enfrentou Um Leão;2 A Chamada Missionária;;2;1;2;;Como Roberto Moffat é descrito fisicamente no encontro com Livingstone? Capítulo 2;;
102345;LIVROS MISSIONÁRIOS;O Missionario Que Enfrentou Um Leão;2 A Chamada Missionária;;2;1;2;;Como eram descritos os olhos de Roberto Moffat? Capítulo 2;;
102346;LIVROS MISSIONÁRIOS;O Missionario Que Enfrentou Um Leão;2 A Chamada Missionária;;2;1;2;;Como a África era considerada naquela época? Capítulo 2;;
102347;LIVROS MISSIONÁRIOS;O Missionario Que Enfrentou Um Leão;2 A Chamada Missionária;;2;1;2;;Como era o conhecimento sobre o interior da África naquela época? Capítulo 2;;
102348;LIVROS MISSIONÁRIOS;O Missionario Que Enfrentou Um Leão;2 A Chamada Missionária;;2;1;2;;O que havia no centro dos mapas da África daquela época? Capítulo 2;;
102349;LIVROS MISSIONÁRIOS;O Missionario Que Enfrentou Um Leão;2 A Chamada Missionária;;2;1;2;;Que informações faltavam nos grandes espaços em branco dos mapas do interior da África? Capítulo 2;;
102350;LIVROS MISSIONÁRIOS;O Missionario Que Enfrentou Um Leão;2 A Chamada Missionária;;2;1;2;;O que Roberto Moffat disse ter visto nas manhãs ensolaradas ao norte de onde morava? Capítulo 2;;
102351;LIVROS MISSIONÁRIOS;O Missionario Que Enfrentou Um Leão;2 A Chamada Missionária;;2;1;2;;O que havia de especial nas milhares de aldeias mencionadas por Roberto Moffat? Capítulo 2;;
102352;LIVROS MISSIONÁRIOS;O Missionario Que Enfrentou Um Leão;2 A Chamada Missionária;;2;1;2;;Para qual país Livingstone pensava inicialmente em ir como missionário? Capítulo 2;;
102353;LIVROS MISSIONÁRIOS;O Missionario Que Enfrentou Um Leão;2 A Chamada Missionária;;2;1;2;;O que levou Livingstone a decidir seguir para a África em vez da China? Capítulo 2;;
102354;LIVROS MISSIONÁRIOS;O Missionario Que Enfrentou Um Leão;2 A Chamada Missionária;;2;1;2;;Em que data Livingstone se despediu da mãe e das irmãs para iniciar sua viagem missionária? Capítulo 2;;
102355;LIVROS MISSIONÁRIOS;O Missionario Que Enfrentou Um Leão;2 A Chamada Missionária;;2;1;2;;De quem Livingstone se despediu antes de partir para a África? Capítulo 2;;
102356;LIVROS MISSIONÁRIOS;O Missionario Que Enfrentou Um Leão;2 A Chamada Missionária;;2;1;2;;Quem acompanhou Livingstone até Glasgow no início de sua viagem para a África? Capítulo 2;;
102357;LIVROS MISSIONÁRIOS;O Missionario Que Enfrentou Um Leão;2 A Chamada Missionária;;2;1;2;;De que cidade Livingstone tomou o navio que o levaria ao continente africano? Capítulo 2;;
102358;LIVROS MISSIONÁRIOS;O Missionario Que Enfrentou Um Leão;2 A Chamada Missionária;;2;1;2;;Qual meio de transporte Livingstone utilizou para partir rumo ao continente africano? Capítulo 2;;
102359;LIVROS MISSIONÁRIOS;O Missionario Que Enfrentou Um Leão;2 A Chamada Missionária;;2;1;2;;Que acontecimento marcou o início da grande aventura missionária de Livingstone? Capítulo 2;;
102360;LIVROS MISSIONÁRIOS;O Missionario Que Enfrentou Um Leão;2 A Chamada Missionária;;2;1;2;;Davi Livingstone, que se tornaria uma das personalidades mais marcantes da exploração africana no século XIX, nasceu em que contexto e localidade da Grã-Bretanha?;;
102361;LIVROS MISSIONÁRIOS;O Missionario Que Enfrentou Um Leão;2 A Chamada Missionária;;2;1;2;;Aos dez anos de idade, exercendo uma exaustiva rotina de trabalho na máquina de fiar algodão das seis da manhã às oito da noite, qual foi a primeira aquisição pessoal de Livingstone com o dinheiro do salário?;;
102362;LIVROS MISSIONÁRIOS;O Missionario Que Enfrentou Um Leão;2 A Chamada Missionária;;2;1;2;;Durante a juventude, empenhado em obter formação para servir no campo missionário, como Livingstone conciliava o trabalho braçal com a educação formal?;;
102363;LIVROS MISSIONÁRIOS;O Missionario Que Enfrentou Um Leão;2 A Chamada Missionária;;2;1;2;;Em seu treinamento missionário em Chipping Ongar, orientado pela Sociedade Missionária de Londres, que episódio frustrante marcou a primeira experiência pública de pregação de Davi Livingstone?;;
102364;LIVROS MISSIONÁRIOS;O Missionario Que Enfrentou Um Leão;2 A Chamada Missionária;;2;1;2;;Durante uma reunião missionária em Londres, com qual célebre e influente veterano dos campos africanos Livingstone se encontrou, ouvindo o relato sobre a fumaça de milhares de aldeias inalcançadas?;;
102365;LIVROS MISSIONÁRIOS;O Missionario Que Enfrentou Um Leão;2 A Chamada Missionária;;2;1;2;;Antes de ouvir as descrições empolgantes de Roberto Moffat sobre o vasto e desconhecido interior do continente africano, para qual país Livingstone pretendia originalmente dirigir seu ministério médico?;;
102366;LIVROS MISSIONÁRIOS;O Missionario Que Enfrentou Um Leão;2 A Chamada Missionária;;2;1;2;;Em 17 de novembro de 1840, iniciando formalmente sua trajetória ao embarcar rumo ao continente africano, a partir de qual cidade escocesa Livingstone despediu-se de seu pai?;;
104651;LIVROS MISSIONÁRIOS;O Missionario Que Enfrentou Um Leão;2 A Chamada Missionária;;2;1;2;;Davi Livingstone, futuro missionário-médico que atuaria na África, nasceu em que data e local?;;
104652;LIVROS MISSIONÁRIOS;O Missionario Que Enfrentou Um Leão;2 A Chamada Missionária;;2;1;2;;Como eram descritos os olhos e o corpo de Davi Livingstone, personagem central do capítulo?;;
104653;LIVROS MISSIONÁRIOS;O Missionario Que Enfrentou Um Leão;2 A Chamada Missionária;;2;1;2;;Com que idade Davi Livingstone, ainda criança, começou a trabalhar?;;
104654;LIVROS MISSIONÁRIOS;O Missionario Que Enfrentou Um Leão;2 A Chamada Missionária;;2;1;2;;Em que atividade Davi Livingstone começou a trabalhar aos dez anos de idade?;;
104655;LIVROS MISSIONÁRIOS;O Missionario Que Enfrentou Um Leão;2 A Chamada Missionária;;2;1;2;;Qual era a duração aproximada da jornada de trabalho de Livingstone quando ele tinha dez anos?;;
104656;LIVROS MISSIONÁRIOS;O Missionario Que Enfrentou Um Leão;2 A Chamada Missionária;;2;1;2;;O que Livingstone comprou com o dinheiro recebido após sua primeira semana de trabalho?;;
104657;LIVROS MISSIONÁRIOS;O Missionario Que Enfrentou Um Leão;2 A Chamada Missionária;;2;1;2;;O que Davi Livingstone fazia à noite depois de trabalhar na fiação?;;
104658;LIVROS MISSIONÁRIOS;O Missionario Que Enfrentou Um Leão;2 A Chamada Missionária;;2;1;2;;Como Livingstone organizou seu trabalho e seus estudos quando já era rapaz?;;
104659;LIVROS MISSIONÁRIOS;O Missionario Que Enfrentou Um Leão;2 A Chamada Missionária;;2;1;2;;Para qual cidade Davi Livingstone, interessado em continuar seus estudos, ia durante o inverno?;;
104660;LIVROS MISSIONÁRIOS;O Missionario Que Enfrentou Um Leão;2 A Chamada Missionária;;2;1;2;;O que aconteceu com Livingstone quando ele completou vinte anos?;;
104661;LIVROS MISSIONÁRIOS;O Missionario Que Enfrentou Um Leão;2 A Chamada Missionária;;2;1;2;;A que cidade Livingstone foi depois de ouvir o chamado para ser missionário-médico?;;
104662;LIVROS MISSIONÁRIOS;O Missionario Que Enfrentou Um Leão;2 A Chamada Missionária;;2;1;2;;Com quem Livingstone foi conversar em Londres, após sentir o chamado missionário?;;
104663;LIVROS MISSIONÁRIOS;O Missionario Que Enfrentou Um Leão;2 A Chamada Missionária;;2;1;2;;Qual orientação Livingstone recebeu dos diretores da Sociedade Missionária de Londres?;;
104664;LIVROS MISSIONÁRIOS;O Missionario Que Enfrentou Um Leão;2 A Chamada Missionária;;2;1;2;;Qual era a principal dificuldade de Livingstone quando começou a pregar?;;
104665;LIVROS MISSIONÁRIOS;O Missionario Que Enfrentou Um Leão;2 A Chamada Missionária;;2;1;2;;O que aconteceu na primeira vez em que Livingstone pregou?;;
104666;LIVROS MISSIONÁRIOS;O Missionario Que Enfrentou Um Leão;2 A Chamada Missionária;;2;1;2;;O que Livingstone disse à congregação quando esqueceu o sermão, segundo o relato do capítulo?;;
104667;LIVROS MISSIONÁRIOS;O Missionario Que Enfrentou Um Leão;2 A Chamada Missionária;;2;1;2;;Como Livingstone reagia às derrotas, como o esquecimento do primeiro sermão?;;
104668;LIVROS MISSIONÁRIOS;O Missionario Que Enfrentou Um Leão;2 A Chamada Missionária;;2;1;2;;Qual declaração foi feita por uma pessoa que conhecia Livingstone, destacando sua perseverança;;
104669;LIVROS MISSIONÁRIOS;O Missionario Que Enfrentou Um Leão;2 A Chamada Missionária;;2;1;2;;Onde Livingstone conheceu Roberto Moffat, missionário que trabalhava na África?;;
104670;LIVROS MISSIONÁRIOS;O Missionario Que Enfrentou Um Leão;2 A Chamada Missionária;;2;1;2;;Como Roberto Moffat, importante missionário daquele período, era descrito fisicamente?;;
104671;LIVROS MISSIONÁRIOS;O Missionario Que Enfrentou Um Leão;2 A Chamada Missionária;;2;1;2;;Qual era a principal atividade de Roberto Moffat, missionário conhecido por Livingstone?;;
104672;LIVROS MISSIONÁRIOS;O Missionario Que Enfrentou Um Leão;2 A Chamada Missionária;;2;1;2;;Como a África era considerada na época em que Livingstone decidiu conhecê-la?;;
104673;LIVROS MISSIONÁRIOS;O Missionario Que Enfrentou Um Leão;2 A Chamada Missionária;;2;1;2;;Como era o conhecimento sobre o interior da África naquele período?;;
104674;LIVROS MISSIONÁRIOS;O Missionario Que Enfrentou Um Leão;2 A Chamada Missionária;;2;1;2;;O que aparecia nos mapas do centro da África, conforme o relato do capítulo?;;
104675;LIVROS MISSIONÁRIOS;O Missionario Que Enfrentou Um Leão;2 A Chamada Missionária;;2;1;2;;O que Roberto Moffat afirmou ter visto nas manhãs ensolaradas, ao falar sobre seu campo de trabalho?;;
104676;LIVROS MISSIONÁRIOS;O Missionario Que Enfrentou Um Leão;2 A Chamada Missionária;;2;1;2;;Onde ficava a vasta planície mencionada por Moffat, segundo seu relato a Livingstone?;;
104677;LIVROS MISSIONÁRIOS;O Missionario Que Enfrentou Um Leão;2 A Chamada Missionária;;2;1;2;;Para qual país ou região Livingstone pensava ir antes de conversar com Roberto Moffat?;;
104678;LIVROS MISSIONÁRIOS;O Missionario Que Enfrentou Um Leão;2 A Chamada Missionária;;2;1;2;;O que fez Livingstone mudar seu plano de ir para a China?;;
104679;LIVROS MISSIONÁRIOS;O Missionario Que Enfrentou Um Leão;2 A Chamada Missionária;;2;1;2;;Para qual continente Livingstone decidiu seguir depois de conversar com Moffat?;;
104680;LIVROS MISSIONÁRIOS;O Missionario Que Enfrentou Um Leão;2 A Chamada Missionária;;2;1;2;;Em que data Livingstone se despediu da mãe e das irmãs antes de partir para a África?;;
104681;LIVROS MISSIONÁRIOS;O Missionario Que Enfrentou Um Leão;2 A Chamada Missionária;;2;1;2;;Quem acompanhou Livingstone até Glasgow antes de sua partida para a África?;;
104682;LIVROS MISSIONÁRIOS;O Missionario Que Enfrentou Um Leão;2 A Chamada Missionária;;2;1;2;;O que Livingstone fez em Glasgow, cidade onde foi levado por seu pai?;;
104683;LIVROS MISSIONÁRIOS;O Missionario Que Enfrentou Um Leão;2 A Chamada Missionária;;2;1;2;;Qual acontecimento marcou o início da grande aventura de Livingstone, o jovem missionário escocês?;;
104684;LIVROS MISSIONÁRIOS;O Missionario Que Enfrentou Um Leão;2 A Chamada Missionária;;2;1;2;;Qual alternativa apresenta a sequência correta dos principais acontecimentos da vida de Livingstone narrados no capítulo?;;
102367;LIVROS MISSIONÁRIOS;O Missionario Que Enfrentou Um Leão;2 A Chamada Missionária;;2;1;2;;Em que data e local nasceu Davi Livingstone, o missionário escocês que viria a se tornar um dos grandes exploradores da África?;;
102368;LIVROS MISSIONÁRIOS;O Missionario Que Enfrentou Um Leão;2 A Chamada Missionária;;2;1;2;;Com que idade Davi Livingstone começou a trabalhar na máquina de fiar algodão, cumprindo uma jornada que ia das seis da manhã às oito da noite?;;
102369;LIVROS MISSIONÁRIOS;O Missionario Que Enfrentou Um Leão;2 A Chamada Missionária;;2;1;2;;O que Livingstone comprou com o dinheiro recebido após sua primeira semana de trabalho na fiação de algodão, item que passou a estudar durante as noites?;;
102370;LIVROS MISSIONÁRIOS;O Missionario Que Enfrentou Um Leão;2 A Chamada Missionária;;2;1;2;;Já rapaz, para qual cidade Livingstone se dirigia durante o inverno, a fim de prosseguir com seus estudos, enquanto trabalhava na fiação apenas durante o verão?;;
102371;LIVROS MISSIONÁRIOS;O Missionario Que Enfrentou Um Leão;2 A Chamada Missionária;;2;1;2;;Com que idade Livingstone ouviu a chamada de Deus para se tornar missionário-médico, decisão que mudaria o rumo de sua vida?;;
102372;LIVROS MISSIONÁRIOS;O Missionario Que Enfrentou Um Leão;2 A Chamada Missionária;;2;1;2;;Para qual lugar próximo de Londres Livingstone foi orientado a fazer um curso, depois de conversar com os diretores da Sociedade Missionária de Londres?;;
102373;LIVROS MISSIONÁRIOS;O Missionario Que Enfrentou Um Leão;2 A Chamada Missionária;;2;1;2;;O que aconteceu com Livingstone na primeira vez em que foi pregar, episódio que revela que a pregação não era seu ponto forte?;;
102374;LIVROS MISSIONÁRIOS;O Missionario Que Enfrentou Um Leão;2 A Chamada Missionária;;2;1;2;;Qual frase Livingstone disse à congregação, na primeira vez em que tentou pregar e esqueceu tudo o que havia preparado?;;
102375;LIVROS MISSIONÁRIOS;O Missionario Que Enfrentou Um Leão;2 A Chamada Missionária;;2;1;2;;Qual declaração uma pessoa que conheceu Livingstone fez a seu respeito, destacando sua determinação em não se deixar abater por derrotas como a do sermão esquecido?;;
102376;LIVROS MISSIONÁRIOS;O Missionario Que Enfrentou Um Leão;2 A Chamada Missionária;;2;1;2;;Em uma reunião missionária, Livingstone conheceu um homem alto e forte, de longas barbas e olhos bondosos, que pregava o evangelho na África. Quem era esse missionário?;;
102377;LIVROS MISSIONÁRIOS;O Missionario Que Enfrentou Um Leão;2 A Chamada Missionária;;2;1;2;;Como era considerada a África, no que diz respeito ao conhecimento geográfico da época em que Livingstone decidiu se tornar missionário naquele continente?;;
102378;LIVROS MISSIONÁRIOS;O Missionario Que Enfrentou Um Leão;2 A Chamada Missionária;;2;1;2;;O que Roberto Moffat contou a Livingstone sobre seu campo de trabalho, relato que despertou nele o desejo de seguir para a África em vez da China?;;
102379;LIVROS MISSIONÁRIOS;O Missionario Que Enfrentou Um Leão;2 A Chamada Missionária;;2;1;2;;Para qual continente Livingstone pensava originalmente em seguir como missionário, antes de ouvir o relato de Roberto Moffat sobre a África?;;
102380;LIVROS MISSIONÁRIOS;O Missionario Que Enfrentou Um Leão;2 A Chamada Missionária;;2;1;2;;Em que data Livingstone se despediu de sua mãe e de suas irmãs, embarcando em um navio, em Glasgow, rumo ao continente africano?;;
102381;LIVROS MISSIONÁRIOS;O Missionario Que Enfrentou Um Leão;3 O Desafio de Abrir Caminho;;2;1;3;;Enquanto seu braço sarava do ataque do leão na aldeia de Mabotza, Davi Livingstone viajou para Kuruman e conheceu Maria, a filha mais velha do missionário Roberto Moffat, vindo a se noivar com ela debaixo de qual árvore? (PG 11 e 12);;
102382;LIVROS MISSIONÁRIOS;O Missionario Que Enfrentou Um Leão;3 O Desafio de Abrir Caminho;;2;1;3;;Davi e Maria Livingstone, recém-casados instalados na aldeia de Mabotza, aprenderam a fabricar diversos itens domésticos com a ajuda dos nativos, utilizando qual matéria-prima para produzir o sabão que usavam? (PG 12 e 13);;
102383;LIVROS MISSIONÁRIOS;O Missionario Que Enfrentou Um Leão;3 O Desafio de Abrir Caminho;;2;1;3;;Quando Davi Livingstone mudou-se para a aldeia de Chonuane a fim de realizar um trabalho pioneiro mais ao norte, Sechele, o amigável chefe da tribo local, demonstrou grande entusiasmo pelos estudos e alcançou qual feito notável? (PG 12);;
102384;LIVROS MISSIONÁRIOS;O Missionario Que Enfrentou Um Leão;3 O Desafio de Abrir Caminho;;2;1;3;;Desejando que todos os seus súditos se tornassem cristãos rapidamente, Sechele, o entusiasmado líder tribal de Chonuane, sugeriu a Livingstone a utilização de qual método para forçar a conversão do povo? (PG 12);;
102385;LIVROS MISSIONÁRIOS;O Missionario Que Enfrentou Um Leão;3 O Desafio de Abrir Caminho;;2;1;3;;Diante da seca devastadora na aldeia de Chonuane, que provocou a morte de pessoas e do gado, para onde Davi Livingstone e a população local se mudaram a fim de canalizar a água de um rio para as plantações? (PG 13);;
102386;LIVROS MISSIONÁRIOS;O Missionario Que Enfrentou Um Leão;3 O Desafio de Abrir Caminho;;2;1;3;;Para armazenar e proteger a água potável extraída dos lençóis subterrâneos contra a aproximação de pessoas estranhas, os nativos das regiões áridas percorridas por Livingstone utilizavam qual estratégia engenhosa? (PG 13 e 14);;
102387;LIVROS MISSIONÁRIOS;O Missionario Que Enfrentou Um Leão;3 O Desafio de Abrir Caminho;;2;1;3;;Qual foi a relevância da primeira grande descoberta de Davi Livingstone, o lago Ngami, alcançado no dia 1º de agosto de 1849 após uma jornada de oito semanas? (PG 14);;
102388;LIVROS MISSIONÁRIOS;O Missionario Que Enfrentou Um Leão;3 O Desafio de Abrir Caminho;;2;1;3;;Após enfrentar as severas dificuldades da viagem no deserto, que incluíram cinco dias sem água e febre entre as crianças, Livingstone decidiu enviar sua esposa e seus quatro filhos para a Inglaterra. Quais eram os nomes das quatro crianças? (PG 14);;
102389;LIVROS MISSIONÁRIOS;O Missionario Que Enfrentou Um Leão;3 O Desafio de Abrir Caminho;;2;1;3;;Ao saber que os homens brancos exploradores haviam destruído a missão em Colobeng e maltratado o povo de Sechele para fechar o caminho para o interior da África, qual foi a célebre declaração feita por Davi Livingstone em carta à sua esposa? (PG 14 e 15);;
102390;LIVROS MISSIONÁRIOS;O Missionario Que Enfrentou Um Leão;3 O Desafio de Abrir Caminho;;2;1;3;;Maria Livingstone, a filha mais velha do missionário Roberto Moffat, conheceu Davi quando ele se aproximou de qual transporte utilizado pela família dela? (PG 12);;
102391;LIVROS MISSIONÁRIOS;O Missionario Que Enfrentou Um Leão;3 O Desafio de Abrir Caminho;;2;1;3;;Davi Livingstone, o missionário de múltiplas habilidades, desempenhava quais funções técnicas para auxiliar os nativos da aldeia de Mabotza além de ser médico e enfermeiro? (PG 13);;
102392;LIVROS MISSIONÁRIOS;O Missionario Que Enfrentou Um Leão;3 O Desafio de Abrir Caminho;;2;1;3;;Maria Livingstone, a dedicada esposa e colaboradora missionária, além de alfabetizar adultos e crianças, ensinava quais técnicas artesanais às meninas e mulheres da aldeia? (PG 13);;
102393;LIVROS MISSIONÁRIOS;O Missionario Que Enfrentou Um Leão;3 O Desafio de Abrir Caminho;;2;1;3;;Os cultos realizados pelo casal Livingstone na aldeia, momentos em que adoravam a Deus e falavam do Seu amor, ocorriam habitualmente em qual cenário? (PG 13);;
102394;LIVROS MISSIONÁRIOS;O Missionario Que Enfrentou Um Leão;3 O Desafio de Abrir Caminho;;2;1;3;;Roberto, o primeiro filho do casal Livingstone nascido na aldeia de Chonuane, recebeu esse nome em homenagem a qual personalidade? (PG 15);;
102395;LIVROS MISSIONÁRIOS;O Missionario Que Enfrentou Um Leão;3 O Desafio de Abrir Caminho;;2;1;3;;A residência dos Livingstone em Colobeng, localidade para onde se mudaram devido à seca, era cercada por uma fauna selvagem tão presente que quais animais chegavam até a porta da casa? (PG 15);;
102396;LIVROS MISSIONÁRIOS;O Missionario Que Enfrentou Um Leão;3 O Desafio de Abrir Caminho;;2;1;3;;Davi Livingstone, o atento observador social, criticava os comerciantes sem escrúpulos que exploravam os nativos ao norte trocando o marfim das presas de elefantes por qual tipo de item? (PG 16);;
102397;LIVROS MISSIONÁRIOS;O Missionario Que Enfrentou Um Leão;3 O Desafio de Abrir Caminho;;2;1;3;;Durante as longas e difíceis viagens pelo continente, a família Livingstone precisou se adaptar à alimentação local, consumindo quais tipos de itens exóticos quando necessário? (PG 17);;
102398;LIVROS MISSIONÁRIOS;O Missionario Que Enfrentou Um Leão;3 O Desafio de Abrir Caminho;;2;1;3;;Para extrair a água dos lençóis subterrâneos no leito de rios secos, os nativos ensinaram Livingstone a utilizar qual técnica rudimentar e eficiente? (PG 17);;
102399;LIVROS MISSIONÁRIOS;O Missionario Que Enfrentou Um Leão;3 O Desafio de Abrir Caminho;;2;1;3;;No lago Ngami, a primeira grande descoberta de Livingstone, o missionário sentia satisfação ao ver seus filhos realizarem qual atividade nas águas claras? (PG 19);;
104685;LIVROS MISSIONÁRIOS;O Missionario Que Enfrentou Um Leão;3 O Desafio de Abrir Caminho;;2;1;3;;No Capítulo 03 da biografia de Davi Livingstone, o missionário que enfrentou um leão, o que ele logo descobriu ao chegar em solo africano?;;
104686;LIVROS MISSIONÁRIOS;O Missionario Que Enfrentou Um Leão;3 O Desafio de Abrir Caminho;;2;1;3;;No Capítulo 03, o que a selva africana apresentava a Davi Livingstone, o missionário que enfrentou um leão?;;
104687;LIVROS MISSIONÁRIOS;O Missionario Que Enfrentou Um Leão;3 O Desafio de Abrir Caminho;;2;1;3;;Para onde Davi Livingstone, o missionário que enfrentou um leão, viajou enquanto seu braço sarava depois do incidente com o leão na aldeia de Mabotza?;;
104688;LIVROS MISSIONÁRIOS;O Missionario Que Enfrentou Um Leão;3 O Desafio de Abrir Caminho;;2;1;3;;Quem Davi Livingstone, o missionário que enfrentou um leão, reencontrou em Kuruman, enquanto seu braço sarava?;;
104689;LIVROS MISSIONÁRIOS;O Missionario Que Enfrentou Um Leão;3 O Desafio de Abrir Caminho;;2;1;3;;Quem Davi Livingstone, o missionário que enfrentou um leão, viu pela primeira vez quando se aproximou do carro em que viajava a família Moffat?;;
104690;LIVROS MISSIONÁRIOS;O Missionario Que Enfrentou Um Leão;3 O Desafio de Abrir Caminho;;2;1;3;;Onde foi realizada a festa de noivado de Davi Livingstone, o missionário que enfrentou um leão, e Maria, filha de Roberto Moffat?;;
104691;LIVROS MISSIONÁRIOS;O Missionario Que Enfrentou Um Leão;3 O Desafio de Abrir Caminho;;2;1;3;;Depois de se casarem, onde Davi Livingstone, o missionário que enfrentou um leão, e Maria fixaram residência?;;
104692;LIVROS MISSIONÁRIOS;O Missionario Que Enfrentou Um Leão;3 O Desafio de Abrir Caminho;;2;1;3;;Com a ajuda de quem Davi Livingstone, o missionário que enfrentou um leão, e Maria construíram sua própria casa em Mabotza?;;
104693;LIVROS MISSIONÁRIOS;O Missionario Que Enfrentou Um Leão;3 O Desafio de Abrir Caminho;;2;1;3;;O que Davi Livingstone, o missionário que enfrentou um leão, e Maria aprenderam a fazer em Mabotza?;;
104694;LIVROS MISSIONÁRIOS;O Missionario Que Enfrentou Um Leão;3 O Desafio de Abrir Caminho;;2;1;3;;De que era feito o sabão usado por Davi Livingstone, o missionário que enfrentou um leão, e Maria em Mabotza?;;
104695;LIVROS MISSIONÁRIOS;O Missionario Que Enfrentou Um Leão;3 O Desafio de Abrir Caminho;;2;1;3;;Que tipo de serviços Davi Livingstone, o missionário que enfrentou um leão, fazia em Mabotza?;;
104696;LIVROS MISSIONÁRIOS;O Missionario Que Enfrentou Um Leão;3 O Desafio de Abrir Caminho;;2;1;3;;O que Maria, esposa de Davi Livingstone, o missionário que enfrentou um leão, fazia em Mabotza?;;
104697;LIVROS MISSIONÁRIOS;O Missionario Que Enfrentou Um Leão;3 O Desafio de Abrir Caminho;;2;1;3;;Como Davi Livingstone, o missionário que enfrentou um leão, e Maria realizavam os cultos em Mabotza?;;
104698;LIVROS MISSIONÁRIOS;O Missionario Que Enfrentou Um Leão;3 O Desafio de Abrir Caminho;;2;1;3;;O que Davi Livingstone, o missionário que enfrentou um leão, decidiu fazer quando chegou outro missionário para trabalhar em Mabotza?;;
104699;LIVROS MISSIONÁRIOS;O Missionario Que Enfrentou Um Leão;3 O Desafio de Abrir Caminho;;2;1;3;;Para qual aldeia Davi Livingstone, o missionário que enfrentou um leão, seguiu ao norte, onde o chefe Sechele deu-lhes boas-vindas com alegria?;;
104700;LIVROS MISSIONÁRIOS;O Missionario Que Enfrentou Um Leão;3 O Desafio de Abrir Caminho;;2;1;3;;Quem era Sechele, mencionado no Capítulo 03 da biografia de Davi Livingstone, o missionário que enfrentou um leão?;;
104701;LIVROS MISSIONÁRIOS;O Missionario Que Enfrentou Um Leão;3 O Desafio de Abrir Caminho;;2;1;3;;O que Sechele, chefe da aldeia Chonuane, nunca tinha visto e não sabia fazer?;;
104702;LIVROS MISSIONÁRIOS;O Missionario Que Enfrentou Um Leão;3 O Desafio de Abrir Caminho;;2;1;3;;O que Sechele, chefe da aldeia Chonuane, aprendeu em um só dia?;;
104703;LIVROS MISSIONÁRIOS;O Missionario Que Enfrentou Um Leão;3 O Desafio de Abrir Caminho;;2;1;3;;Qual método Sechele, chefe da aldeia Chonuane, sugeriu a Davi Livingstone, o missionário que enfrentou um leão, para que todos da tribo se tornassem cristãos rapidamente?;;
104704;LIVROS MISSIONÁRIOS;O Missionario Que Enfrentou Um Leão;3 O Desafio de Abrir Caminho;;2;1;3;;O que Davi Livingstone, o missionário que enfrentou um leão, ensinou a Sechele sobre a adoração a Jesus?;;
104705;LIVROS MISSIONÁRIOS;O Missionario Que Enfrentou Um Leão;3 O Desafio de Abrir Caminho;;2;1;3;;Quem nasceu em Chonuane e recebeu o nome de Roberto, em homenagem ao avô?;;
104706;LIVROS MISSIONÁRIOS;O Missionario Que Enfrentou Um Leão;3 O Desafio de Abrir Caminho;;2;1;3;;Por que Davi Livingstone, o missionário que enfrentou um leão, decidiu seguir para as terras de Colobeng, ao lado do rio?;;
104707;LIVROS MISSIONÁRIOS;O Missionario Que Enfrentou Um Leão;3 O Desafio de Abrir Caminho;;2;1;3;;O que o povo de Chonuane decidiu fazer quando Davi Livingstone, o missionário que enfrentou um leão, seguiu para Colobeng?;;
104708;LIVROS MISSIONÁRIOS;O Missionario Que Enfrentou Um Leão;3 O Desafio de Abrir Caminho;;2;1;3;;Como eram os arredores de Colobeng, para onde Davi Livingstone, o missionário que enfrentou um leão, se mudou?;;
104709;LIVROS MISSIONÁRIOS;O Missionario Que Enfrentou Um Leão;3 O Desafio de Abrir Caminho;;2;1;3;;O que Davi Livingstone, o missionário que enfrentou um leão, passou a ensinar aos nativos em Colobeng?;;
104710;LIVROS MISSIONÁRIOS;O Missionario Que Enfrentou Um Leão;3 O Desafio de Abrir Caminho;;2;1;3;;Quantos filhos o casal Livingstone foi enriquecido depois de algum tempo em Colobeng?;;
104711;LIVROS MISSIONÁRIOS;O Missionario Que Enfrentou Um Leão;3 O Desafio de Abrir Caminho;;2;1;3;;Por que Davi Livingstone, o missionário que enfrentou um leão, queria ir adiante das aldeias do norte?;;
104712;LIVROS MISSIONÁRIOS;O Missionario Que Enfrentou Um Leão;3 O Desafio de Abrir Caminho;;2;1;3;;O que os comerciantes sem escrúpulos faziam com os nativos das tribos do norte, segundo o Capítulo 03?;;
104713;LIVROS MISSIONÁRIOS;O Missionario Que Enfrentou Um Leão;3 O Desafio de Abrir Caminho;;2;1;3;;Em que mês e ano Davi Livingstone, o missionário que enfrentou um leão, e sua família partiram de Colobeng?;;
104714;LIVROS MISSIONÁRIOS;O Missionario Que Enfrentou Um Leão;3 O Desafio de Abrir Caminho;;2;1;3;;Por quais terras Davi Livingstone, o missionário que enfrentou um leão, e sua família seguiram ao partir de Colobeng?;;
104715;LIVROS MISSIONÁRIOS;O Missionario Que Enfrentou Um Leão;3 O Desafio de Abrir Caminho;;2;1;3;;Quem acompanhou Davi Livingstone, o missionário que enfrentou um leão, na viagem que partiu de Colobeng em junho de 1849?;;
104716;LIVROS MISSIONÁRIOS;O Missionario Que Enfrentou Um Leão;3 O Desafio de Abrir Caminho;;2;1;3;;A que tipo de comida Davi Livingstone, o missionário que enfrentou um leão, e sua família já estavam acostumados durante as grandes viagens?;;
104717;LIVROS MISSIONÁRIOS;O Missionario Que Enfrentou Um Leão;3 O Desafio de Abrir Caminho;;2;1;3;;A que Davi Livingstone, o missionário que enfrentou um leão, e sua família já estavam acostumados nas grandes viagens, além da comida?;;
104718;LIVROS MISSIONÁRIOS;O Missionario Que Enfrentou Um Leão;3 O Desafio de Abrir Caminho;;2;1;3;;Qual era o grande problema das longas viagens de Davi Livingstone, o missionário que enfrentou um leão?;;
104719;LIVROS MISSIONÁRIOS;O Missionario Que Enfrentou Um Leão;3 O Desafio de Abrir Caminho;;2;1;3;;Como os nativos armazenavam água, segundo o Capítulo 03 da biografia de Davi Livingstone, o missionário que enfrentou um leão?;;
104720;LIVROS MISSIONÁRIOS;O Missionario Que Enfrentou Um Leão;3 O Desafio de Abrir Caminho;;2;1;3;;O que os nativos faziam para disfarçar os locais onde estavam escondidos os ovos cheios de água?;;
104721;LIVROS MISSIONÁRIOS;O Missionario Que Enfrentou Um Leão;3 O Desafio de Abrir Caminho;;2;1;3;;Como Davi Livingstone, o missionário que enfrentou um leão, era tratado pelos nativos quando sua água acabava?;;
104722;LIVROS MISSIONÁRIOS;O Missionario Que Enfrentou Um Leão;3 O Desafio de Abrir Caminho;;2;1;3;;Por que os nativos demonstravam hospitalidade a Davi Livingstone, o missionário que enfrentou um leão, repartindo água com ele?;;
104723;LIVROS MISSIONÁRIOS;O Missionario Que Enfrentou Um Leão;3 O Desafio de Abrir Caminho;;2;1;3;;O que Davi Livingstone, o missionário que enfrentou um leão, aprendeu com os nativos durante as viagens?;;
104724;LIVROS MISSIONÁRIOS;O Missionario Que Enfrentou Um Leão;3 O Desafio de Abrir Caminho;;2;1;3;;Depois de quanto tempo de viagem Davi Livingstone, o missionário que enfrentou um leão, e seu grupo chegaram ao lago Ngami?;;
104725;LIVROS MISSIONÁRIOS;O Missionario Que Enfrentou Um Leão;3 O Desafio de Abrir Caminho;;2;1;3;;Em que data Davi Livingstone, o missionário que enfrentou um leão, chegou ao lago Ngami?;;
104726;LIVROS MISSIONÁRIOS;O Missionario Que Enfrentou Um Leão;3 O Desafio de Abrir Caminho;;2;1;3;;Qual foi a primeira grande descoberta de Davi Livingstone, o missionário que enfrentou um leão?;;
104727;LIVROS MISSIONÁRIOS;O Missionario Que Enfrentou Um Leão;3 O Desafio de Abrir Caminho;;2;1;3;;O que as águas brilhantes do lago Ngami provavam sobre a África, segundo o Capítulo 03?;;
104728;LIVROS MISSIONÁRIOS;O Missionario Que Enfrentou Um Leão;3 O Desafio de Abrir Caminho;;2;1;3;;O que Davi Livingstone, o missionário que enfrentou um leão, gostava de ver quando voltou à região do lago Ngami acompanhado de sua família?;;
104729;LIVROS MISSIONÁRIOS;O Missionario Que Enfrentou Um Leão;3 O Desafio de Abrir Caminho;;2;1;3;;O que aconteceu na segunda vez em que Davi Livingstone, o missionário que enfrentou um leão, voltou à região do lago Ngami com a família?;;
104730;LIVROS MISSIONÁRIOS;O Missionario Que Enfrentou Um Leão;3 O Desafio de Abrir Caminho;;2;1;3;;O que Davi Livingstone, o missionário que enfrentou um leão, percebeu ao ver as crianças doentes com febre e desidratação?;;
104731;LIVROS MISSIONÁRIOS;O Missionario Que Enfrentou Um Leão;3 O Desafio de Abrir Caminho;;2;1;3;;O que Davi Livingstone, o missionário que enfrentou um leão, resolveu fazer ao perceber que sacrificava demais a família?;;
104732;LIVROS MISSIONÁRIOS;O Missionario Que Enfrentou Um Leão;3 O Desafio de Abrir Caminho;;2;1;3;;Quais eram os quatro filhos de Davi e Maria Livingstone mencionados no Capítulo 03?;;
104733;LIVROS MISSIONÁRIOS;O Missionario Que Enfrentou Um Leão;3 O Desafio de Abrir Caminho;;2;1;3;;O que Davi Livingstone, o missionário que enfrentou um leão, fez depois de se despedir da família?;;
104734;LIVROS MISSIONÁRIOS;O Missionario Que Enfrentou Um Leão;3 O Desafio de Abrir Caminho;;2;1;3;;O que Davi Livingstone, o missionário que enfrentou um leão, escreveu para Maria em uma carta após se despedir da família?;;
104735;LIVROS MISSIONÁRIOS;O Missionario Que Enfrentou Um Leão;3 O Desafio de Abrir Caminho;;2;1;3;;O que Davi Livingstone, o missionário que enfrentou um leão, soube quando se encontrou com Moffat após voltar sozinho para o interior da África?;;
104736;LIVROS MISSIONÁRIOS;O Missionario Que Enfrentou Um Leão;3 O Desafio de Abrir Caminho;;2;1;3;;O que aconteceu com o povo de Sechele, amigo de Davi Livingstone, o missionário que enfrentou um leão, segundo as notícias que ele recebeu?;;
102400;LIVROS MISSIONÁRIOS;O Missionario Que Enfrentou Um Leão;3 O Desafio de Abrir Caminho;;2;1;3;;Enquanto se recuperava do ferimento causado pelo ataque do leão em Mabotza, para onde Davi Livingstone viajou?;;
102401;LIVROS MISSIONÁRIOS;O Missionario Que Enfrentou Um Leão;3 O Desafio de Abrir Caminho;;2;1;3;;Durante sua recuperação em Kuruman, qual missionário Davi Livingstone reencontrou?;;
102402;LIVROS MISSIONÁRIOS;O Missionario Que Enfrentou Um Leão;3 O Desafio de Abrir Caminho;;2;1;3;;De qual país Roberto Moffat estava retornando quando reencontrou Livingstone em Kuruman?;;
102403;LIVROS MISSIONÁRIOS;O Missionario Que Enfrentou Um Leão;3 O Desafio de Abrir Caminho;;2;1;3;;Ao retornar da Inglaterra para a África, qual era o objetivo de Roberto Moffat?;;
102404;LIVROS MISSIONÁRIOS;O Missionario Que Enfrentou Um Leão;3 O Desafio de Abrir Caminho;;2;1;3;;Quando Livingstone se aproximou do carro em que viajava a família Moffat, quem ele viu pela primeira vez?;;
102405;LIVROS MISSIONÁRIOS;O Missionario Que Enfrentou Um Leão;3 O Desafio de Abrir Caminho;;2;1;3;;Qual era o parentesco de Maria com o missionário Roberto Moffat?;;
102406;LIVROS MISSIONÁRIOS;O Missionario Que Enfrentou Um Leão;3 O Desafio de Abrir Caminho;;2;1;3;;O que aconteceu entre Davi Livingstone e Maria Moffat depois que se conheceram?;;
102407;LIVROS MISSIONÁRIOS;O Missionario Que Enfrentou Um Leão;3 O Desafio de Abrir Caminho;;2;1;3;;Onde foi realizada a festa de noivado de Davi Livingstone e Maria Moffat?;;
102408;LIVROS MISSIONÁRIOS;O Missionario Que Enfrentou Um Leão;3 O Desafio de Abrir Caminho;;2;1;3;;Depois de se casarem, em qual aldeia Davi e Maria Livingstone fixaram residência?;;
102409;LIVROS MISSIONÁRIOS;O Missionario Que Enfrentou Um Leão;3 O Desafio de Abrir Caminho;;2;1;3;;Quem ajudou Davi e Maria Livingstone a construir sua casa em Mabotza?;;
102410;LIVROS MISSIONÁRIOS;O Missionario Que Enfrentou Um Leão;3 O Desafio de Abrir Caminho;;2;1;3;;Quais produtos Davi e Maria aprenderam a produzir enquanto viviam em Mabotza?;;
102411;LIVROS MISSIONÁRIOS;O Missionario Que Enfrentou Um Leão;3 O Desafio de Abrir Caminho;;2;1;3;;Com que material era feito o sabão utilizado por Davi e Maria Livingstone em Mabotza?;;
102412;LIVROS MISSIONÁRIOS;O Missionario Que Enfrentou Um Leão;3 O Desafio de Abrir Caminho;;2;1;3;;Além do trabalho missionário e médico, que tipo de serviço Livingstone realizava no quintal de sua casa?;;
102413;LIVROS MISSIONÁRIOS;O Missionario Que Enfrentou Um Leão;3 O Desafio de Abrir Caminho;;2;1;3;;Quais ofícios manuais Livingstone exercia enquanto vivia com sua família na África?;;
102414;LIVROS MISSIONÁRIOS;O Missionario Que Enfrentou Um Leão;3 O Desafio de Abrir Caminho;;2;1;3;;De que maneira Livingstone atendia às necessidades de saúde dos moradores da aldeia?;;
102415;LIVROS MISSIONÁRIOS;O Missionario Que Enfrentou Um Leão;3 O Desafio de Abrir Caminho;;2;1;3;;Enquanto Livingstone realizava diversas atividades na aldeia, qual era uma das responsabilidades de Maria em casa?;;
102416;LIVROS MISSIONÁRIOS;O Missionario Que Enfrentou Um Leão;3 O Desafio de Abrir Caminho;;2;1;3;;Que pessoas Maria Livingstone alfabetizava durante o trabalho missionário do casal?;;
102417;LIVROS MISSIONÁRIOS;O Missionario Que Enfrentou Um Leão;3 O Desafio de Abrir Caminho;;2;1;3;;Que atividades Maria ensinava especialmente às meninas e mulheres africanas?;;
102418;LIVROS MISSIONÁRIOS;O Missionario Que Enfrentou Um Leão;3 O Desafio de Abrir Caminho;;2;1;3;;Que atividade religiosa Davi e Maria Livingstone realizavam durante as noites?;;
102419;LIVROS MISSIONÁRIOS;O Missionario Que Enfrentou Um Leão;3 O Desafio de Abrir Caminho;;2;1;3;;Sob que iluminação Davi e Maria realizavam seus cultos noturnos na África?;;
102420;LIVROS MISSIONÁRIOS;O Missionario Que Enfrentou Um Leão;3 O Desafio de Abrir Caminho;;2;1;3;;O que Davi e Maria faziam durante os cultos realizados à luz das estrelas?;;
102421;LIVROS MISSIONÁRIOS;O Missionario Que Enfrentou Um Leão;3 O Desafio de Abrir Caminho;;2;1;3;;Que acontecimento levou Livingstone a decidir deixar Mabotza e seguir para outro campo missionário?;;
102422;LIVROS MISSIONÁRIOS;O Missionario Que Enfrentou Um Leão;3 O Desafio de Abrir Caminho;;2;1;3;;Ao deixar Mabotza, que tipo de lugar Livingstone desejava alcançar para continuar seu trabalho?;;
102423;LIVROS MISSIONÁRIOS;O Missionario Que Enfrentou Um Leão;3 O Desafio de Abrir Caminho;;2;1;3;;Em que direção Livingstone e sua família seguiram ao deixar Mabotza em busca de um novo campo missionário?;;
102424;LIVROS MISSIONÁRIOS;O Missionario Que Enfrentou Um Leão;3 O Desafio de Abrir Caminho;;2;1;3;;Para qual aldeia Livingstone e sua família se mudaram depois de deixar Mabotza?;;
102425;LIVROS MISSIONÁRIOS;O Missionario Que Enfrentou Um Leão;3 O Desafio de Abrir Caminho;;2;1;3;;Quem era o chefe da aldeia de Chonuane quando Livingstone chegou ao local?;;
102426;LIVROS MISSIONÁRIOS;O Missionario Que Enfrentou Um Leão;3 O Desafio de Abrir Caminho;;2;1;3;;Como o chefe Sechele recebeu Livingstone e sua família quando chegaram a Chonuane?;;
102427;LIVROS MISSIONÁRIOS;O Missionario Que Enfrentou Um Leão;3 O Desafio de Abrir Caminho;;2;1;3;;Que duas atividades Livingstone e sua família iniciaram ao se estabelecerem em Chonuane?;;
102428;LIVROS MISSIONÁRIOS;O Missionario Que Enfrentou Um Leão;3 O Desafio de Abrir Caminho;;2;1;3;;Antes de receber os ensinamentos de Livingstone, qual era a experiência de Sechele com livros e leitura?;;
102429;LIVROS MISSIONÁRIOS;O Missionario Que Enfrentou Um Leão;3 O Desafio de Abrir Caminho;;2;1;3;;Quanto tempo o chefe Sechele levou para aprender todo o alfabeto?;;
102430;LIVROS MISSIONÁRIOS;O Missionario Que Enfrentou Um Leão;3 O Desafio de Abrir Caminho;;2;1;3;;Depois de conhecer os ensinamentos cristãos, o que Sechele desejava para todos os integrantes de sua tribo?;;
102431;LIVROS MISSIONÁRIOS;O Missionario Que Enfrentou Um Leão;3 O Desafio de Abrir Caminho;;2;1;3;;Que método Sechele inicialmente sugeriu para fazer todos de sua tribo declararem que adorariam a Jesus?;;
102432;LIVROS MISSIONÁRIOS;O Missionario Que Enfrentou Um Leão;3 O Desafio de Abrir Caminho;;2;1;3;;De que material seriam feitos os chicotes que Sechele propôs utilizar para obrigar seu povo a aceitar o cristianismo?;;
102433;LIVROS MISSIONÁRIOS;O Missionario Que Enfrentou Um Leão;3 O Desafio de Abrir Caminho;;2;1;3;;O que Sechele precisou compreender sobre a forma como Jesus queria ser adorado?;;
102434;LIVROS MISSIONÁRIOS;O Missionario Que Enfrentou Um Leão;3 O Desafio de Abrir Caminho;;2;1;3;;Em qual aldeia nasceu o primeiro filho de Davi e Maria Livingstone?;;
102435;LIVROS MISSIONÁRIOS;O Missionario Que Enfrentou Um Leão;3 O Desafio de Abrir Caminho;;2;1;3;;Que nome Davi e Maria deram ao primeiro filho nascido em Chonuane?;;
102436;LIVROS MISSIONÁRIOS;O Missionario Que Enfrentou Um Leão;3 O Desafio de Abrir Caminho;;2;1;3;;Por que o primeiro filho de Davi e Maria recebeu o nome Roberto?;;
102437;LIVROS MISSIONÁRIOS;O Missionario Que Enfrentou Um Leão;3 O Desafio de Abrir Caminho;;2;1;3;;Que problema natural atingiu Chonuane e levou Livingstone a procurar outro lugar para viver?;;
102438;LIVROS MISSIONÁRIOS;O Missionario Que Enfrentou Um Leão;3 O Desafio de Abrir Caminho;;2;1;3;;Que consequências a seca em Chonuane começou a provocar entre os moradores da aldeia?;;
102439;LIVROS MISSIONÁRIOS;O Missionario Que Enfrentou Um Leão;3 O Desafio de Abrir Caminho;;2;1;3;;Para qual local Livingstone decidiu seguir quando a seca tornou a situação de Chonuane muito difícil?;;
102440;LIVROS MISSIONÁRIOS;O Missionario Que Enfrentou Um Leão;3 O Desafio de Abrir Caminho;;2;1;3;;Que característica geográfica de Colobeng contribuiu para Livingstone escolher o local durante a seca de Chonuane?;;
102441;LIVROS MISSIONÁRIOS;O Missionario Que Enfrentou Um Leão;3 O Desafio de Abrir Caminho;;2;1;3;;O que o povo de Chonuane decidiu fazer quando Livingstone resolveu mudar-se para Colobeng?;;
102442;LIVROS MISSIONÁRIOS;O Missionario Que Enfrentou Um Leão;3 O Desafio de Abrir Caminho;;2;1;3;;Quais animais selvagens são citados como frequentes nos arredores de Colobeng?;;
102443;LIVROS MISSIONÁRIOS;O Missionario Que Enfrentou Um Leão;3 O Desafio de Abrir Caminho;;2;1;3;;Até onde rinocerontes e búfalos chegavam na região onde Livingstone morava em Colobeng?;;
102444;LIVROS MISSIONÁRIOS;O Missionario Que Enfrentou Um Leão;3 O Desafio de Abrir Caminho;;2;1;3;;Que técnica Livingstone ensinou aos nativos de Colobeng para beneficiar suas plantações?;;
102445;LIVROS MISSIONÁRIOS;O Missionario Que Enfrentou Um Leão;3 O Desafio de Abrir Caminho;;2;1;3;;Depois do nascimento de Roberto, quantos outros filhos o casal Livingstone teve antes das grandes viagens narradas nesse capítulo?;;
102446;LIVROS MISSIONÁRIOS;O Missionario Que Enfrentou Um Leão;3 O Desafio de Abrir Caminho;;2;1;3;;Por que os dois filhos que nasceram depois de Roberto seriam uma companhia importante para Maria?;;
102447;LIVROS MISSIONÁRIOS;O Missionario Que Enfrentou Um Leão;3 O Desafio de Abrir Caminho;;2;1;3;;Que situação nas regiões ao norte preocupava Livingstone e despertava seu desejo de avançar pelo interior da África?;;
102448;LIVROS MISSIONÁRIOS;O Missionario Que Enfrentou Um Leão;3 O Desafio de Abrir Caminho;;2;1;3;;Como comerciantes sem escrúpulos obtinham preciosas presas de elefantes dos nativos?;;
102449;LIVROS MISSIONÁRIOS;O Missionario Que Enfrentou Um Leão;3 O Desafio de Abrir Caminho;;2;1;3;;Com a venda de qual produto os comerciantes obtinham grandes lucros após conseguir presas de elefantes dos nativos?;;
102450;LIVROS MISSIONÁRIOS;O Missionario Que Enfrentou Um Leão;3 O Desafio de Abrir Caminho;;2;1;3;;Além de explorar os nativos na negociação do marfim, que prática ainda mais grave era realizada por alguns comerciantes?;;
102451;LIVROS MISSIONÁRIOS;O Missionario Que Enfrentou Um Leão;3 O Desafio de Abrir Caminho;;2;1;3;;O que acontecia com os rapazes comprados pelos comerciantes e posteriormente vendidos como escravos?;;
102452;LIVROS MISSIONÁRIOS;O Missionario Que Enfrentou Um Leão;3 O Desafio de Abrir Caminho;;2;1;3;;Como o livro descreve o tratamento dado aos rapazes vendidos como escravos em terras estranhas?;;
102453;LIVROS MISSIONÁRIOS;O Missionario Que Enfrentou Um Leão;3 O Desafio de Abrir Caminho;;2;1;3;;Por que Livingstone desejava alcançar as aldeias do norte antes dos comerciantes e traficantes de escravos?;;
102454;LIVROS MISSIONÁRIOS;O Missionario Que Enfrentou Um Leão;3 O Desafio de Abrir Caminho;;2;1;3;;Em que mês e ano Livingstone e sua família partiram de Colobeng para uma nova viagem pelo interior da África?;;
102455;LIVROS MISSIONÁRIOS;O Missionario Que Enfrentou Um Leão;3 O Desafio de Abrir Caminho;;2;1;3;;O que havia de especial nas terras percorridas por Livingstone após sua partida de Colobeng, em junho de 1849?;;
102456;LIVROS MISSIONÁRIOS;O Missionario Que Enfrentou Um Leão;3 O Desafio de Abrir Caminho;;2;1;3;;Quem acompanhou Livingstone na viagem iniciada em Colobeng, em junho de 1849?;;
102457;LIVROS MISSIONÁRIOS;O Missionario Que Enfrentou Um Leão;3 O Desafio de Abrir Caminho;;2;1;3;;A que dificuldades a família Livingstone já estava acostumada durante suas longas viagens pela África?;;
102458;LIVROS MISSIONÁRIOS;O Missionario Que Enfrentou Um Leão;3 O Desafio de Abrir Caminho;;2;1;3;;Quais alimentos incomuns são citados entre aqueles que a família Livingstone aprendera a comer durante suas viagens?;;
102459;LIVROS MISSIONÁRIOS;O Missionario Que Enfrentou Um Leão;3 O Desafio de Abrir Caminho;;2;1;3;;Qual era considerado o grande problema enfrentado nas longas viagens da família Livingstone pelo interior da África?;;
102460;LIVROS MISSIONÁRIOS;O Missionario Que Enfrentou Um Leão;3 O Desafio de Abrir Caminho;;2;1;3;;Onde os nativos sabiam que poderia haver água mesmo quando antigos rios já haviam secado?;;
102461;LIVROS MISSIONÁRIOS;O Missionario Que Enfrentou Um Leão;3 O Desafio de Abrir Caminho;;2;1;3;;O que os nativos faziam para alcançar a água existente no fundo dos leitos de antigos rios secos?;;
102462;LIVROS MISSIONÁRIOS;O Missionario Que Enfrentou Um Leão;3 O Desafio de Abrir Caminho;;2;1;3;;Que objeto os nativos utilizavam para canalizar a água encontrada no fundo dos antigos leitos de rios?;;
102463;LIVROS MISSIONÁRIOS;O Missionario Que Enfrentou Um Leão;3 O Desafio de Abrir Caminho;;2;1;3;;Como os nativos retiravam a água canalizada por uma cana oca nos leitos de rios secos?;;
102464;LIVROS MISSIONÁRIOS;O Missionario Que Enfrentou Um Leão;3 O Desafio de Abrir Caminho;;2;1;3;;Que recipientes os nativos utilizavam para armazenar a água retirada dos leitos de rios secos?;;
102465;LIVROS MISSIONÁRIOS;O Missionario Que Enfrentou Um Leão;3 O Desafio de Abrir Caminho;;2;1;3;;O que os nativos faziam com as cascas de ovos de avestruz depois de enchê-las com água?;;
102466;LIVROS MISSIONÁRIOS;O Missionario Que Enfrentou Um Leão;3 O Desafio de Abrir Caminho;;2;1;3;;Como os nativos procuravam esconder de pessoas estranhas os lugares onde haviam enterrado ovos de avestruz cheios de água?;;
102467;LIVROS MISSIONÁRIOS;O Missionario Que Enfrentou Um Leão;3 O Desafio de Abrir Caminho;;2;1;3;;O que Livingstone fez em relação aos métodos africanos de encontrar e armazenar água durante as viagens?;;
102468;LIVROS MISSIONÁRIOS;O Missionario Que Enfrentou Um Leão;3 O Desafio de Abrir Caminho;;2;1;3;;Quando a água da caravana de Livingstone acabava, como os nativos frequentemente o socorriam?;;
102469;LIVROS MISSIONÁRIOS;O Missionario Que Enfrentou Um Leão;3 O Desafio de Abrir Caminho;;2;1;3;;Por que os nativos compartilhavam sua água armazenada com Livingstone durante as viagens?;;
102470;LIVROS MISSIONÁRIOS;O Missionario Que Enfrentou Um Leão;3 O Desafio de Abrir Caminho;;2;1;3;;Quanto tempo durou a viagem de Livingstone até a chegada ao lago Ngami?;;
102471;LIVROS MISSIONÁRIOS;O Missionario Que Enfrentou Um Leão;3 O Desafio de Abrir Caminho;;2;1;3;;Em que data Livingstone chegou ao lago Ngami após uma viagem de oito semanas?;;
102472;LIVROS MISSIONÁRIOS;O Missionario Que Enfrentou Um Leão;3 O Desafio de Abrir Caminho;;2;1;3;;Qual foi a primeira grande descoberta de Livingstone durante suas explorações africanas?;;
102473;LIVROS MISSIONÁRIOS;O Missionario Que Enfrentou Um Leão;3 O Desafio de Abrir Caminho;;2;1;3;;O que as águas do lago Ngami demonstraram a Livingstone sobre o interior da África?;;
102474;LIVROS MISSIONÁRIOS;O Missionario Que Enfrentou Um Leão;3 O Desafio de Abrir Caminho;;2;1;3;;Que ideia sobre a África foi reforçada pela descoberta do lago Ngami?;;
102475;LIVROS MISSIONÁRIOS;O Missionario Que Enfrentou Um Leão;3 O Desafio de Abrir Caminho;;2;1;3;;Durante quantos anos seguintes Livingstone voltou com sua família à região do lago Ngami?;;
102476;LIVROS MISSIONÁRIOS;O Missionario Que Enfrentou Um Leão;3 O Desafio de Abrir Caminho;;2;1;3;;O que Livingstone gostava de observar seus filhos fazendo nas águas claras do lago Ngami?;;
102477;LIVROS MISSIONÁRIOS;O Missionario Que Enfrentou Um Leão;3 O Desafio de Abrir Caminho;;2;1;3;;Durante a segunda viagem da família Livingstone à região do lago Ngami, por quantos dias eles ficaram sem água?;;
102478;LIVROS MISSIONÁRIOS;O Missionario Que Enfrentou Um Leão;3 O Desafio de Abrir Caminho;;2;1;3;;Que problemas de saúde atingiram os filhos de Livingstone durante a viagem em que a família passou cinco dias sem água?;;
102479;LIVROS MISSIONÁRIOS;O Missionario Que Enfrentou Um Leão;3 O Desafio de Abrir Caminho;;2;1;3;;O que Livingstone concluiu ao perceber o sofrimento de seus filhos durante as viagens pelo interior africano?;;
102480;LIVROS MISSIONÁRIOS;O Missionario Que Enfrentou Um Leão;3 O Desafio de Abrir Caminho;;2;1;3;;Para qual cidade Livingstone levou Maria e os filhos antes de eles seguirem para a Inglaterra?;;
102481;LIVROS MISSIONÁRIOS;O Missionario Que Enfrentou Um Leão;3 O Desafio de Abrir Caminho;;2;1;3;;Quantos filhos Davi e Maria tinham quando a família foi encaminhada da Cidade do Cabo para a Inglaterra?;;
102482;LIVROS MISSIONÁRIOS;O Missionario Que Enfrentou Um Leão;3 O Desafio de Abrir Caminho;;2;1;3;;Quais eram os quatro filhos de Davi e Maria Livingstone quando Maria e as crianças seguiram para a Inglaterra?;;
102483;LIVROS MISSIONÁRIOS;O Missionario Que Enfrentou Um Leão;3 O Desafio de Abrir Caminho;;2;1;3;;Qual dos filhos de Davi e Maria era recém-nascido quando a família seguiu para a Inglaterra?;;
102484;LIVROS MISSIONÁRIOS;O Missionario Que Enfrentou Um Leão;3 O Desafio de Abrir Caminho;;2;1;3;;Depois de deixar Maria e os quatro filhos seguirem para a Inglaterra, o que Livingstone fez?;;
102485;LIVROS MISSIONÁRIOS;O Missionario Que Enfrentou Um Leão;3 O Desafio de Abrir Caminho;;2;1;3;;Em uma carta enviada a Maria após a separação da família, o que Livingstone pediu que ela fizesse com os filhos?;;
102486;LIVROS MISSIONÁRIOS;O Missionario Que Enfrentou Um Leão;3 O Desafio de Abrir Caminho;;2;1;3;;Que explicação Livingstone pediu a Maria que transmitisse aos filhos sobre o motivo de ele ter permanecido na África?;;
102487;LIVROS MISSIONÁRIOS;O Missionario Que Enfrentou Um Leão;3 O Desafio de Abrir Caminho;;2;1;3;;Quando Livingstone voltou a encontrar Roberto Moffat, que notícia recebeu sobre a missão de Colobeng?;;
102488;LIVROS MISSIONÁRIOS;O Missionario Que Enfrentou Um Leão;3 O Desafio de Abrir Caminho;;2;1;3;;Que danos Livingstone soube terem sido causados à sede da missão em Colobeng?;;
102489;LIVROS MISSIONÁRIOS;O Missionario Que Enfrentou Um Leão;3 O Desafio de Abrir Caminho;;2;1;3;;O que aconteceu com o povo de Sechele durante o ataque que destruiu a missão de Colobeng?;;
102490;LIVROS MISSIONÁRIOS;O Missionario Que Enfrentou Um Leão;3 O Desafio de Abrir Caminho;;2;1;3;;Durante o ataque realizado por homens brancos contra Colobeng, além da destruição das casas, o que foi levado da aldeia?;;
102491;LIVROS MISSIONÁRIOS;O Missionario Que Enfrentou Um Leão;3 O Desafio de Abrir Caminho;;2;1;3;;Quem foi responsável pela invasão que destruiu casas, maltratou o povo de Sechele e levou o gado de Colobeng?;;
102492;LIVROS MISSIONÁRIOS;O Missionario Que Enfrentou Um Leão;3 O Desafio de Abrir Caminho;;2;1;3;;Por que os homens brancos que atacaram Colobeng se opunham à abertura de novos caminhos pelo interior da África?;;
102493;LIVROS MISSIONÁRIOS;O Missionario Que Enfrentou Um Leão;3 O Desafio de Abrir Caminho;;2;1;3;;Como Livingstone reagiu à tentativa dos invasores de impedir a abertura de caminhos pelo interior da África?;;
102494;LIVROS MISSIONÁRIOS;O Missionario Que Enfrentou Um Leão;3 O Desafio de Abrir Caminho;;2;1;3;;Até que ponto Livingstone afirmou estar disposto a ir em sua decisão de abrir um caminho através do continente africano?;;
102495;LIVROS MISSIONÁRIOS;O Missionario Que Enfrentou Um Leão;3 O Desafio de Abrir Caminho;;2;1;3;;Após o ataque do leão na aldeia de Mabotza, enquanto recuperava a mobilidade de seu ombro ferido em Kuruman, qual marco afetivo e pessoal transformou a trajetória de Davi Livingstone?;;
102496;LIVROS MISSIONÁRIOS;O Missionario Que Enfrentou Um Leão;3 O Desafio de Abrir Caminho;;2;1;3;;Ao mudarem para a aldeia pioneira de Chonuane para anunciar os ensinamentos cristãos, como o chefe tribal Sechele demonstrou seu interesse pelo aprendizado inicial promovido pelo missionário?;;
102497;LIVROS MISSIONÁRIOS;O Missionario Que Enfrentou Um Leão;3 O Desafio de Abrir Caminho;;2;1;3;;Movido pelo zelo e desconhecendo os princípios da conversão voluntária, que método rígido e singular o chefe Sechele sugeriu a Livingstone para tornar toda a sua tribo cristã rapidamente?;;
102498;LIVROS MISSIONÁRIOS;O Missionario Que Enfrentou Um Leão;3 O Desafio de Abrir Caminho;;2;1;3;;Qual fator ecológico severo obrigou Livingstone, sua família e todo o povo do chefe Sechele a abandonarem a aldeia de Chonuane para se estabelecerem nas margens de Colobeng?;;
102499;LIVROS MISSIONÁRIOS;O Missionario Que Enfrentou Um Leão;3 O Desafio de Abrir Caminho;;2;1;3;;Em meio às longas e arriscadas expedições pelo interior árido, que engenhosa técnica de sobrevivência os nativos ensinaram a Livingstone para armazenar água subterrânea no leito de rios secos?;;
102500;LIVROS MISSIONÁRIOS;O Missionario Que Enfrentou Um Leão;3 O Desafio de Abrir Caminho;;2;1;3;;Em 1º de agosto de 1849, após uma desgastante jornada de oito semanas por terras nunca antes cartografadas por europeus, qual importante acidente geográfico Livingstone descobriu?;;
102501;LIVROS MISSIONÁRIOS;O Missionario Que Enfrentou Um Leão;3 O Desafio de Abrir Caminho;;2;1;3;;Ao notar que a severa desidratação e as febres no deserto colocavam a vida de seus filhos pequenos em perigo, que decisão protetiva Livingstone tomou na Cidade do Cabo?;;
102502;LIVROS MISSIONÁRIOS;O Missionario Que Enfrentou Um Leão;3 O Desafio de Abrir Caminho;;2;1;3;;Ao regressar da Cidade do Cabo e reencontrar Roberto Moffat, que cenário desolador Livingstone descobriu sobre a sede de sua missão em Colobeng?;;
104737;LIVROS MISSIONÁRIOS;O Missionario Que Enfrentou Um Leão;3 O Desafio de Abrir Caminho;;2;1;3;;Ao chegar ao continente africano, o que Davi Livingstone descobriu sobre a aventura missionária que havia iniciado?;;
104738;LIVROS MISSIONÁRIOS;O Missionario Que Enfrentou Um Leão;3 O Desafio de Abrir Caminho;;2;1;3;;O que estava sempre presente na selva africana, apesar de seus mistérios e encantos?;;
104739;LIVROS MISSIONÁRIOS;O Missionario Que Enfrentou Um Leão;3 O Desafio de Abrir Caminho;;2;1;3;;Para onde Livingstone viajou enquanto seu braço se recuperava do ataque sofrido em Mabotza?;;
104740;LIVROS MISSIONÁRIOS;O Missionario Que Enfrentou Um Leão;3 O Desafio de Abrir Caminho;;2;1;3;;Quem Livingstone reencontrou em Kuruman, enquanto se recuperava do ferimento causado pelo leão?;;
104741;LIVROS MISSIONÁRIOS;O Missionario Que Enfrentou Um Leão;3 O Desafio de Abrir Caminho;;2;1;3;;O que Roberto Moffat fazia quando Livingstone o reencontrou em Kuruman?;;
104742;LIVROS MISSIONÁRIOS;O Missionario Que Enfrentou Um Leão;3 O Desafio de Abrir Caminho;;2;1;3;;Quem era Maria, a jovem que Livingstone conheceu ao se aproximar do carro da família Moffat?;;
104743;LIVROS MISSIONÁRIOS;O Missionario Que Enfrentou Um Leão;3 O Desafio de Abrir Caminho;;2;1;3;;O que aconteceu entre Davi Livingstone e Maria, depois que eles se conheceram?;;
104744;LIVROS MISSIONÁRIOS;O Missionario Que Enfrentou Um Leão;3 O Desafio de Abrir Caminho;;2;1;3;;Onde foi realizada a festa de noivado de Davi Livingstone e Maria?;;
104745;LIVROS MISSIONÁRIOS;O Missionario Que Enfrentou Um Leão;3 O Desafio de Abrir Caminho;;2;1;3;;Depois do casamento, onde Davi e Maria Livingstone fixaram residência?;;
104746;LIVROS MISSIONÁRIOS;O Missionario Que Enfrentou Um Leão;3 O Desafio de Abrir Caminho;;2;1;3;;Com a ajuda de quem Davi e Maria construíram sua própria casa em Mabotza?;;
104747;LIVROS MISSIONÁRIOS;O Missionario Que Enfrentou Um Leão;3 O Desafio de Abrir Caminho;;2;1;3;;Quais habilidades domésticas Davi e Maria aprenderam enquanto viviam em Mabotza?;;
104748;LIVROS MISSIONÁRIOS;O Missionario Que Enfrentou Um Leão;3 O Desafio de Abrir Caminho;;2;1;3;;De que era feito o sabão utilizado pelo casal Livingstone em Mabotza?;;
104749;LIVROS MISSIONÁRIOS;O Missionario Que Enfrentou Um Leão;3 O Desafio de Abrir Caminho;;2;1;3;;Como Davi e Maria enfrentavam as dificuldades da vida missionária na África?;;
104750;LIVROS MISSIONÁRIOS;O Missionario Que Enfrentou Um Leão;3 O Desafio de Abrir Caminho;;2;1;3;;Quais atividades Davi Livingstone realizava em Mabotza, além de pregar?;;
104751;LIVROS MISSIONÁRIOS;O Missionario Que Enfrentou Um Leão;3 O Desafio de Abrir Caminho;;2;1;3;;Que trabalhos Maria realizava junto às crianças e aos adultos da aldeia?;;
104752;LIVROS MISSIONÁRIOS;O Missionario Que Enfrentou Um Leão;3 O Desafio de Abrir Caminho;;2;1;3;;O que Maria ensinava às meninas e mulheres da aldeia?;;
104753;LIVROS MISSIONÁRIOS;O Missionario Que Enfrentou Um Leão;3 O Desafio de Abrir Caminho;;2;1;3;;O que Davi e Maria faziam à noite em Mabotza?;;
104754;LIVROS MISSIONÁRIOS;O Missionario Que Enfrentou Um Leão;3 O Desafio de Abrir Caminho;;2;1;3;;Qual era o propósito dos cultos realizados pelo casal Livingstone à noite?;;
104755;LIVROS MISSIONÁRIOS;O Missionario Que Enfrentou Um Leão;3 O Desafio de Abrir Caminho;;2;1;3;;Por que Livingstone decidiu deixar Mabotza quando chegou outro missionário para trabalhar na aldeia?;;
104756;LIVROS MISSIONÁRIOS;O Missionario Que Enfrentou Um Leão;3 O Desafio de Abrir Caminho;;2;1;3;;Para qual direção Livingstone e Maria seguiram ao deixar Mabotza?;;
104757;LIVROS MISSIONÁRIOS;O Missionario Que Enfrentou Um Leão;3 O Desafio de Abrir Caminho;;2;1;3;;Qual era o nome da aldeia para onde Davi e Maria se mudaram depois de deixar Mabotza?;;
104758;LIVROS MISSIONÁRIOS;O Missionario Que Enfrentou Um Leão;3 O Desafio de Abrir Caminho;;2;1;3;;Quem era Sechele, personagem que recebeu Livingstone e Maria em Chonuane?;;
104759;LIVROS MISSIONÁRIOS;O Missionario Que Enfrentou Um Leão;3 O Desafio de Abrir Caminho;;2;1;3;;Como Sechele recebeu Davi e Maria quando chegaram a Chonuane?;;
104760;LIVROS MISSIONÁRIOS;O Missionario Que Enfrentou Um Leão;3 O Desafio de Abrir Caminho;;2;1;3;;O que Davi e Maria fizeram ao se estabelecerem em Chonuane?;;
104761;LIVROS MISSIONÁRIOS;O Missionario Que Enfrentou Um Leão;3 O Desafio de Abrir Caminho;;2;1;3;;O que Sechele nunca havia visto antes de conhecer Livingstone em Chonuane?;;
104762;LIVROS MISSIONÁRIOS;O Missionario Que Enfrentou Um Leão;3 O Desafio de Abrir Caminho;;2;1;3;;Quanto tempo Sechele levou para aprender todo o alfabeto?;;
104763;LIVROS MISSIONÁRIOS;O Missionario Que Enfrentou Um Leão;3 O Desafio de Abrir Caminho;;2;1;3;;O que Sechele desejava para todos os membros de sua tribo?;;
104764;LIVROS MISSIONÁRIOS;O Missionario Que Enfrentou Um Leão;3 O Desafio de Abrir Caminho;;2;1;3;;Que método Sechele sugeriu para fazer rapidamente com que todos adorassem a Jesus?;;
104765;LIVROS MISSIONÁRIOS;O Missionario Que Enfrentou Um Leão;3 O Desafio de Abrir Caminho;;2;1;3;;Que tipo de chicote Sechele mencionou em sua proposta para converter os membros da tribo?;;
104766;LIVROS MISSIONÁRIOS;O Missionario Que Enfrentou Um Leão;3 O Desafio de Abrir Caminho;;2;1;3;;O que Sechele precisou compreender sobre a adoração a Jesus?;;
104767;LIVROS MISSIONÁRIOS;O Missionario Que Enfrentou Um Leão;3 O Desafio de Abrir Caminho;;2;1;3;;Qual foi o nome do primeiro filho de Davi e Maria Livingstone?;;
104768;LIVROS MISSIONÁRIOS;O Missionario Que Enfrentou Um Leão;3 O Desafio de Abrir Caminho;;2;1;3;;Por que o primeiro filho de Davi e Maria recebeu o nome de Roberto?;;
104769;LIVROS MISSIONÁRIOS;O Missionario Que Enfrentou Um Leão;3 O Desafio de Abrir Caminho;;2;1;3;;Que problema atingiu a aldeia de Chonuane e provocou a morte de gado e pessoas?;;
104770;LIVROS MISSIONÁRIOS;O Missionario Que Enfrentou Um Leão;3 O Desafio de Abrir Caminho;;2;1;3;;Para onde Livingstone decidiu seguir quando a seca atingiu Chonuane?;;
104771;LIVROS MISSIONÁRIOS;O Missionario Que Enfrentou Um Leão;3 O Desafio de Abrir Caminho;;2;1;3;;O que o povo de Chonuane decidiu fazer quando Livingstone partiu para Colobeng?;;
104772;LIVROS MISSIONÁRIOS;O Missionario Que Enfrentou Um Leão;3 O Desafio de Abrir Caminho;;2;1;3;;Como eram os arredores de Colobeng, a nova região para onde a comunidade se mudou?;;
104773;LIVROS MISSIONÁRIOS;O Missionario Que Enfrentou Um Leão;3 O Desafio de Abrir Caminho;;2;1;3;;Quais animais chegavam até a porta da casa em Colobeng?;;
104774;LIVROS MISSIONÁRIOS;O Missionario Que Enfrentou Um Leão;3 O Desafio de Abrir Caminho;;2;1;3;;O que Livingstone ensinava aos nativos em Colobeng?;;
104775;LIVROS MISSIONÁRIOS;O Missionario Que Enfrentou Um Leão;3 O Desafio de Abrir Caminho;;2;1;3;;O que aconteceu com a família Livingstone depois de algum tempo em Colobeng?;;
104776;LIVROS MISSIONÁRIOS;O Missionario Que Enfrentou Um Leão;3 O Desafio de Abrir Caminho;;2;1;3;;Por que os filhos mais novos serviriam de companhia para Maria?;;
104777;LIVROS MISSIONÁRIOS;O Missionario Que Enfrentou Um Leão;3 O Desafio de Abrir Caminho;;2;1;3;;Que tipo de comerciantes preocupava Livingstone, por causa de sua atuação entre os nativos?;;
104778;LIVROS MISSIONÁRIOS;O Missionario Que Enfrentou Um Leão;3 O Desafio de Abrir Caminho;;2;1;3;;Onde viviam as tribos que estavam sendo enganadas pelos comerciantes?;;
104779;LIVROS MISSIONÁRIOS;O Missionario Que Enfrentou Um Leão;3 O Desafio de Abrir Caminho;;2;1;3;;O que os comerciantes ofereciam aos nativos em troca das preciosas presas de elefantes?;;
104780;LIVROS MISSIONÁRIOS;O Missionario Que Enfrentou Um Leão;3 O Desafio de Abrir Caminho;;2;1;3;;Com o que os comerciantes lucravam depois de obter as presas de elefantes?;;
104781;LIVROS MISSIONÁRIOS;O Missionario Que Enfrentou Um Leão;3 O Desafio de Abrir Caminho;;2;1;3;;Além de trocar quinquilharias por marfim, o que os comerciantes faziam de ainda mais grave?;;
104782;LIVROS MISSIONÁRIOS;O Missionario Que Enfrentou Um Leão;3 O Desafio de Abrir Caminho;;2;1;3;;Qual seria o destino dos rapazes vendidos como escravos, conforme Livingstone compreendia?;;
104783;LIVROS MISSIONÁRIOS;O Missionario Que Enfrentou Um Leão;3 O Desafio de Abrir Caminho;;2;1;3;;Por que Livingstone queria chegar às aldeias antes dos comerciantes?;;
104784;LIVROS MISSIONÁRIOS;O Missionario Que Enfrentou Um Leão;3 O Desafio de Abrir Caminho;;2;1;3;;Em que mês e ano Livingstone, Maria e as crianças partiram de Colobeng?;;
104785;LIVROS MISSIONÁRIOS;O Missionario Que Enfrentou Um Leão;3 O Desafio de Abrir Caminho;;2;1;3;;Por que a viagem iniciada em junho de 1849 era especialmente significativa?;;
104786;LIVROS MISSIONÁRIOS;O Missionario Que Enfrentou Um Leão;3 O Desafio de Abrir Caminho;;2;1;3;;Quem acompanhou Livingstone durante essa viagem iniciada em Colobeng?;;
104787;LIVROS MISSIONÁRIOS;O Missionario Que Enfrentou Um Leão;3 O Desafio de Abrir Caminho;;2;1;3;;Com quais condições difíceis a família Livingstone já estava acostumada durante as grandes viagens?;;
104788;LIVROS MISSIONÁRIOS;O Missionario Que Enfrentou Um Leão;3 O Desafio de Abrir Caminho;;2;1;3;;Que alimentos incomuns os viajantes africanos sabiam comer durante as longas viagens?;;
104789;LIVROS MISSIONÁRIOS;O Missionario Que Enfrentou Um Leão;3 O Desafio de Abrir Caminho;;2;1;3;;Qual era o grande problema enfrentado durante as longas viagens pelo interior da África?;;
104790;LIVROS MISSIONÁRIOS;O Missionario Que Enfrentou Um Leão;3 O Desafio de Abrir Caminho;;2;1;3;;Onde os nativos procuravam água quando os rios haviam secado?;;
104791;LIVROS MISSIONÁRIOS;O Missionario Que Enfrentou Um Leão;3 O Desafio de Abrir Caminho;;2;1;3;;Como os nativos retiravam a água encontrada no fundo dos antigos leitos de rios?;;
104792;LIVROS MISSIONÁRIOS;O Missionario Que Enfrentou Um Leão;3 O Desafio de Abrir Caminho;;2;1;3;;Em que recipiente os nativos armazenavam a água encontrada nos antigos leitos dos rios?;;
104793;LIVROS MISSIONÁRIOS;O Missionario Que Enfrentou Um Leão;3 O Desafio de Abrir Caminho;;2;1;3;;O que os nativos faziam com as cascas de ovos de avestruz cheias de água?;;
104794;LIVROS MISSIONÁRIOS;O Missionario Que Enfrentou Um Leão;3 O Desafio de Abrir Caminho;;2;1;3;;Como os nativos disfarçavam os lugares onde a água estava escondida?;;
104795;LIVROS MISSIONÁRIOS;O Missionario Que Enfrentou Um Leão;3 O Desafio de Abrir Caminho;;2;1;3;;O que Livingstone fez depois de conhecer o sistema africano de armazenamento de água?;;
104796;LIVROS MISSIONÁRIOS;O Missionario Que Enfrentou Um Leão;3 O Desafio de Abrir Caminho;;2;1;3;;Como os nativos ajudavam Livingstone quando a água de seu grupo acabava?;;
104797;LIVROS MISSIONÁRIOS;O Missionario Que Enfrentou Um Leão;3 O Desafio de Abrir Caminho;;2;1;3;;Por que os nativos repartiam sua água com Livingstone?;;
104798;LIVROS MISSIONÁRIOS;O Missionario Que Enfrentou Um Leão;3 O Desafio de Abrir Caminho;;2;1;3;;Quanto tempo durou a viagem até o lago Ngami?;;
104799;LIVROS MISSIONÁRIOS;O Missionario Que Enfrentou Um Leão;3 O Desafio de Abrir Caminho;;2;1;3;;Em que data Livingstone e seu grupo chegaram ao lago Ngami?;;
104800;LIVROS MISSIONÁRIOS;O Missionario Que Enfrentou Um Leão;3 O Desafio de Abrir Caminho;;2;1;3;;O que a chegada ao lago Ngami representou na trajetória de Livingstone?;;
104801;LIVROS MISSIONÁRIOS;O Missionario Que Enfrentou Um Leão;3 O Desafio de Abrir Caminho;;2;1;3;;O que as águas brilhantes do lago Ngami mostravam sobre a África?;;
104802;LIVROS MISSIONÁRIOS;O Missionario Que Enfrentou Um Leão;3 O Desafio de Abrir Caminho;;2;1;3;;O que os filhos de Livingstone gostavam de fazer nas águas claras do lago Ngami?;;
104803;LIVROS MISSIONÁRIOS;O Missionario Que Enfrentou Um Leão;3 O Desafio de Abrir Caminho;;2;1;3;;O que aconteceu na segunda vez em que Livingstone e sua família voltaram à região do lago Ngami?;;
104804;LIVROS MISSIONÁRIOS;O Missionario Que Enfrentou Um Leão;3 O Desafio de Abrir Caminho;;2;1;3;;Quanto tempo as crianças passaram sem água durante a segunda viagem ao lago Ngami?;;
104805;LIVROS MISSIONÁRIOS;O Missionario Que Enfrentou Um Leão;3 O Desafio de Abrir Caminho;;2;1;3;;O que aconteceu com as crianças durante o período sem água?;;
104806;LIVROS MISSIONÁRIOS;O Missionario Que Enfrentou Um Leão;3 O Desafio de Abrir Caminho;;2;1;3;;O que Livingstone percebeu ao observar as dificuldades enfrentadas por sua família?;;
104807;LIVROS MISSIONÁRIOS;O Missionario Que Enfrentou Um Leão;3 O Desafio de Abrir Caminho;;2;1;3;;O que Livingstone decidiu fazer depois que seus filhos adoeceram?;;
104808;LIVROS MISSIONÁRIOS;O Missionario Que Enfrentou Um Leão;3 O Desafio de Abrir Caminho;;2;1;3;;Quantos filhos Davi e Maria Livingstone tinham quando a família seguiu para a Inglaterra?;;
104809;LIVROS MISSIONÁRIOS;O Missionario Que Enfrentou Um Leão;3 O Desafio de Abrir Caminho;;2;1;3;;Quais eram os nomes dos filhos de Davi e Maria Livingstone mencionados no capítulo?;;
104810;LIVROS MISSIONÁRIOS;O Missionario Que Enfrentou Um Leão;3 O Desafio de Abrir Caminho;;2;1;3;;Qual dos filhos de Davi e Maria Livingstone era recém-nascido quando a família foi enviada para a Inglaterra?;;
104811;LIVROS MISSIONÁRIOS;O Missionario Que Enfrentou Um Leão;3 O Desafio de Abrir Caminho;;2;1;3;;Para onde Livingstone voltou depois de se despedir da família?;;
104812;LIVROS MISSIONÁRIOS;O Missionario Que Enfrentou Um Leão;3 O Desafio de Abrir Caminho;;2;1;3;;Como Livingstone se sentia depois de se separar de Maria e dos filhos?;;
104813;LIVROS MISSIONÁRIOS;O Missionario Que Enfrentou Um Leão;3 O Desafio de Abrir Caminho;;2;1;3;;O que Livingstone pediu a Maria em sua mensagem depois que a família partiu?;;
104814;LIVROS MISSIONÁRIOS;O Missionario Que Enfrentou Um Leão;3 O Desafio de Abrir Caminho;;2;1;3;;Por que Livingstone afirmou ter deixado os filhos?;;
104815;LIVROS MISSIONÁRIOS;O Missionario Que Enfrentou Um Leão;3 O Desafio de Abrir Caminho;;2;1;3;;O que Livingstone desejava saber sobre sua família que estava na Inglaterra?;;
104816;LIVROS MISSIONÁRIOS;O Missionario Que Enfrentou Um Leão;3 O Desafio de Abrir Caminho;;2;1;3;;O que Livingstone descobriu quando se encontrou novamente com Moffat?;;
104817;LIVROS MISSIONÁRIOS;O Missionario Que Enfrentou Um Leão;3 O Desafio de Abrir Caminho;;2;1;3;;Que sinais mostravam que a sede da missão em Colobeng havia sido destruída?;;
104818;LIVROS MISSIONÁRIOS;O Missionario Que Enfrentou Um Leão;3 O Desafio de Abrir Caminho;;2;1;3;;O que aconteceu com o povo de Sechele durante a destruição de Colobeng?;;
104819;LIVROS MISSIONÁRIOS;O Missionario Que Enfrentou Um Leão;3 O Desafio de Abrir Caminho;;2;1;3;;Além de destruir casas, o que os invasores fizeram na aldeia de Sechele?;;
104820;LIVROS MISSIONÁRIOS;O Missionario Que Enfrentou Um Leão;3 O Desafio de Abrir Caminho;;2;1;3;;Quem foram os invasores responsáveis pela destruição da missão e da aldeia?;;
104821;LIVROS MISSIONÁRIOS;O Missionario Que Enfrentou Um Leão;3 O Desafio de Abrir Caminho;;2;1;3;;Por que os invasores não tinham interesse nas descobertas de Livingstone?;;
104822;LIVROS MISSIONÁRIOS;O Missionario Que Enfrentou Um Leão;3 O Desafio de Abrir Caminho;;2;1;3;;O que Livingstone escreveu para Maria ao saber que os invasores haviam destruído os caminhos da missão?;;
104823;LIVROS MISSIONÁRIOS;O Missionario Que Enfrentou Um Leão;3 O Desafio de Abrir Caminho;;2;1;3;;Qual era a determinação de Livingstone diante dos obstáculos encontrados em sua missão?;;
104824;LIVROS MISSIONÁRIOS;O Missionario Que Enfrentou Um Leão;3 O Desafio de Abrir Caminho;;2;1;3;;Qual alternativa melhor resume o principal desafio enfrentado por Livingstone no capítulo?;;
102503;LIVROS MISSIONÁRIOS;O Missionario Que Enfrentou Um Leão;3 O Desafio de Abrir Caminho;;2;1;3;;O que Livingstone não levou muito tempo para descobrir, já em solo africano, a respeito da aventura que estava prestes a viver na selva?;;
102504;LIVROS MISSIONÁRIOS;O Missionario Que Enfrentou Um Leão;3 O Desafio de Abrir Caminho;;2;1;3;;Para onde Livingstone viajou, enquanto seu braço ainda sarava do ataque do leão em Mabotza, reencontrando-se ali com o missionário Roberto Moffat?;;
102505;LIVROS MISSIONÁRIOS;O Missionario Que Enfrentou Um Leão;3 O Desafio de Abrir Caminho;;2;1;3;;Quem Livingstone viu pela primeira vez ao se aproximar do carro em que viajava a família Moffat, pessoa por quem viria a se apaixonar?;;
102506;LIVROS MISSIONÁRIOS;O Missionario Que Enfrentou Um Leão;3 O Desafio de Abrir Caminho;;2;1;3;;Onde foi realizada a festa de noivado de Davi Livingstone e Maria Moffat, antes de se casarem e fixarem residência em Mabotza?;;
102507;LIVROS MISSIONÁRIOS;O Missionario Que Enfrentou Um Leão;3 O Desafio de Abrir Caminho;;2;1;3;;Com a ajuda dos nativos, o que Davi e Maria Livingstone construíram ao se estabelecerem em Mabotza, além de aprenderem a fazer manteiga e fabricar velas?;;
102508;LIVROS MISSIONÁRIOS;O Missionario Que Enfrentou Um Leão;3 O Desafio de Abrir Caminho;;2;1;3;;Com que material os nativos e o casal Livingstone faziam o sabão que usavam em Mabotza, recurso disponível na região?;;
102509;LIVROS MISSIONÁRIOS;O Missionario Que Enfrentou Um Leão;3 O Desafio de Abrir Caminho;;2;1;3;;Além de cuidar do quintal e ser carpinteiro e ferreiro, em quais funções Livingstone também atuava para ajudar as pessoas da aldeia de Mabotza?;;
102510;LIVROS MISSIONÁRIOS;O Missionario Que Enfrentou Um Leão;3 O Desafio de Abrir Caminho;;2;1;3;;Além de cuidar da casa, quais atividades Maria Livingstone desempenhava na aldeia, alfabetizando crianças e adultos?;;
102511;LIVROS MISSIONÁRIOS;O Missionario Que Enfrentou Um Leão;3 O Desafio de Abrir Caminho;;2;1;3;;O que motivou Livingstone a deixar Mabotza e seguir adiante para um lugar pioneiro, quando outro missionário chegou para trabalhar naquela aldeia?;;
102512;LIVROS MISSIONÁRIOS;O Missionario Que Enfrentou Um Leão;3 O Desafio de Abrir Caminho;;2;1;3;;Para qual aldeia, ao norte de Mabotza, Livingstone e sua família seguiram, sendo recebidos com alegria pelo chefe Sechele?;;
102513;LIVROS MISSIONÁRIOS;O Missionario Que Enfrentou Um Leão;3 O Desafio de Abrir Caminho;;2;1;3;;Qual método o chefe Sechele sugeriu a Livingstone para converter rapidamente toda a sua tribo ao cristianismo, ideia baseada em castigos físicos?;;
102514;LIVROS MISSIONÁRIOS;O Missionario Que Enfrentou Um Leão;3 O Desafio de Abrir Caminho;;2;1;3;;O que Livingstone precisou explicar a Sechele, depois que o chefe sugeriu forçar sua tribo à conversão por meio de castigos físicos?;;
102515;LIVROS MISSIONÁRIOS;O Missionario Que Enfrentou Um Leão;3 O Desafio de Abrir Caminho;;2;1;3;;Qual foi o nome dado ao primeiro filho de Davi e Maria Livingstone, nascido na aldeia de Chonuane, escolhido em homenagem ao avô?;;
102516;LIVROS MISSIONÁRIOS;O Missionario Que Enfrentou Um Leão;3 O Desafio de Abrir Caminho;;2;1;3;;O que levou Livingstone a decidir deixar Chonuane e seguir para as terras de Colobeng, ao lado do rio, sendo acompanhado pelo povo daquela aldeia?;;
102517;LIVROS MISSIONÁRIOS;O Missionario Que Enfrentou Um Leão;3 O Desafio de Abrir Caminho;;2;1;3;;Que tipo de animais selvagens infestavam os arredores de Colobeng, chegando a se aproximar até a porta da casa dos Livingstone?;;
102518;LIVROS MISSIONÁRIOS;O Missionario Que Enfrentou Um Leão;3 O Desafio de Abrir Caminho;;2;1;3;;O que Livingstone passou a ensinar aos nativos em Colobeng, técnica que levava a água do rio até as plantações da região?;;
102519;LIVROS MISSIONÁRIOS;O Missionario Que Enfrentou Um Leão;3 O Desafio de Abrir Caminho;;2;1;3;;Com mais quantos filhos o casal Livingstone foi enriquecido em Colobeng, que serviriam de companhia para Maria já que Davi haveria de viajar muito?;;
102520;LIVROS MISSIONÁRIOS;O Missionario Que Enfrentou Um Leão;3 O Desafio de Abrir Caminho;;2;1;3;;O que Livingstone sabia estar acontecendo com os rapazes comprados por comerciantes sem escrúpulos nas tribos mais ao norte, prática que o motivou a querer chegar às aldeias antes desses comerciantes?;;
102521;LIVROS MISSIONÁRIOS;O Missionario Que Enfrentou Um Leão;3 O Desafio de Abrir Caminho;;2;1;3;;Em que mês e ano Livingstone partiu de Colobeng rumo a terras onde nenhum homem branco havia pisado, levando consigo Maria e as crianças?;;
102522;LIVROS MISSIONÁRIOS;O Missionario Que Enfrentou Um Leão;3 O Desafio de Abrir Caminho;;2;1;3;;Segundo o texto, quais tipos de alimentos incomuns Livingstone, Maria e as crianças sabiam comer durante as longas e difíceis viagens pelo interior da África?;;
102523;LIVROS MISSIONÁRIOS;O Missionario Que Enfrentou Um Leão;3 O Desafio de Abrir Caminho;;2;1;3;;Qual era o grande problema enfrentado durante as longas viagens pelo interior da África, dificuldade que os nativos sabiam contornar com um sistema especial de armazenamento?;;
102524;LIVROS MISSIONÁRIOS;O Missionario Que Enfrentou Um Leão;3 O Desafio de Abrir Caminho;;2;1;3;;Como os nativos armazenavam a água que encontravam no fundo do leito de antigos rios secos, para tê-la disponível durante as travessias pelo deserto?;;
102525;LIVROS MISSIONÁRIOS;O Missionario Que Enfrentou Um Leão;3 O Desafio de Abrir Caminho;;2;1;3;;O que os nativos costumavam fazer para disfarçar os locais onde estavam escondidas as cascas de ovos cheias de água, quando pessoas estranhas chegavam à aldeia?;;
102526;LIVROS MISSIONÁRIOS;O Missionario Que Enfrentou Um Leão;3 O Desafio de Abrir Caminho;;2;1;3;;Em que data Livingstone e sua expedição chegaram ao lago Ngami, após uma viagem que durou oito semanas, marcando sua primeira grande descoberta geográfica?;;
102527;LIVROS MISSIONÁRIOS;O Missionario Que Enfrentou Um Leão;3 O Desafio de Abrir Caminho;;2;1;3;;O que a descoberta do lago Ngami provou sobre a África, contrariando a ideia de que o continente fosse apenas um grande deserto?;;
102528;LIVROS MISSIONÁRIOS;O Missionario Que Enfrentou Um Leão;3 O Desafio de Abrir Caminho;;2;1;3;;O que aconteceu com as crianças de Livingstone durante a segunda viagem da família ao lago Ngami, quando enfrentaram cinco dias sem água em uma região deserta?;;
102529;LIVROS MISSIONÁRIOS;O Missionario Que Enfrentou Um Leão;3 O Desafio de Abrir Caminho;;2;1;3;;Ao perceber que estava sacrificando demais sua família durante as viagens, para onde Livingstone decidiu levar Maria e os filhos, de onde seguiriam para a Inglaterra?;;
102530;LIVROS MISSIONÁRIOS;O Missionario Que Enfrentou Um Leão;3 O Desafio de Abrir Caminho;;2;1;3;;Quais eram os quatro filhos do casal Livingstone na época em que a família foi enviada para a Inglaterra, após as dificuldades na segunda viagem ao lago Ngami?;;
102531;LIVROS MISSIONÁRIOS;O Missionario Que Enfrentou Um Leão;3 O Desafio de Abrir Caminho;;2;1;3;;O que Livingstone escreveu para Maria, pedindo que reunisse e beijasse as crianças por ele, explicando o motivo pelo qual as havia deixado?;;
102532;LIVROS MISSIONÁRIOS;O Missionario Que Enfrentou Um Leão;3 O Desafio de Abrir Caminho;;2;1;3;;O que Livingstone descobriu ter acontecido com a sede da missão em Colobeng, ao se encontrar novamente com Roberto Moffat após a partida de sua família para a Inglaterra?;;
102533;LIVROS MISSIONÁRIOS;O Missionario Que Enfrentou Um Leão;3 O Desafio de Abrir Caminho;;2;1;3;;Quem foram os responsáveis por invadir e destruir a sede da missão em Colobeng, além de maltratar o povo de Sechele, amigo de Livingstone?;;
102534;LIVROS MISSIONÁRIOS;O Missionario Que Enfrentou Um Leão;3 O Desafio de Abrir Caminho;;2;1;3;;Em uma carta à esposa, após saber da destruição de Colobeng, o que Livingstone declarou estar decidido a fazer, mesmo sabendo do risco envolvido?;;
104825;LIVROS MISSIONÁRIOS;O Missionario Que Enfrentou Um Leão;4 A Longa Travessia;;2;1;4;;No Capítulo 04 da biografia de Davi Livingstone, o missionário que enfrentou um leão, como era o caminho em direção à costa ocidental da África?;;
104826;LIVROS MISSIONÁRIOS;O Missionario Que Enfrentou Um Leão;4 A Longa Travessia;;2;1;4;;Durante a viagem em direção à costa ocidental da África, a que território Davi Livingstone, o missionário que enfrentou um leão, chegou?;;
104827;LIVROS MISSIONÁRIOS;O Missionario Que Enfrentou Um Leão;4 A Longa Travessia;;2;1;4;;Os macololos, tribo com quem Davi Livingstone, o missionário que enfrentou um leão, conviveu, constituíam uma das tribos mais importantes de qual região da África?;;
104828;LIVROS MISSIONÁRIOS;O Missionario Que Enfrentou Um Leão;4 A Longa Travessia;;2;1;4;;Qual foi o papel importante que os macololos tiveram na vida de Davi Livingstone, o missionário que enfrentou um leão?;;
104829;LIVROS MISSIONÁRIOS;O Missionario Que Enfrentou Um Leão;4 A Longa Travessia;;2;1;4;;Segundo o Capítulo 04, em uma aldeia africana, quais eram as atividades masculinas?;;
104830;LIVROS MISSIONÁRIOS;O Missionario Que Enfrentou Um Leão;4 A Longa Travessia;;2;1;4;;Segundo o Capítulo 04, em uma aldeia africana, quais eram as atividades femininas?;;
104831;LIVROS MISSIONÁRIOS;O Missionario Que Enfrentou Um Leão;4 A Longa Travessia;;2;1;4;;Na bela descrição de uma aldeia africana deixada por Davi Livingstone, o missionário que enfrentou um leão, o que as cabras fazem?;;
104832;LIVROS MISSIONÁRIOS;O Missionario Que Enfrentou Um Leão;4 A Longa Travessia;;2;1;4;;Na descrição de Davi Livingstone, o missionário que enfrentou um leão, o que as mulheres fazem ao se dirigirem ao rio?;;
104833;LIVROS MISSIONÁRIOS;O Missionario Que Enfrentou Um Leão;4 A Longa Travessia;;2;1;4;;Na descrição de Davi Livingstone, o missionário que enfrentou um leão, onde os homens trabalham?;;
104834;LIVROS MISSIONÁRIOS;O Missionario Que Enfrentou Um Leão;4 A Longa Travessia;;2;1;4;;Na descrição de Davi Livingstone, o missionário que enfrentou um leão, o que os velhos fazem?;;
104835;LIVROS MISSIONÁRIOS;O Missionario Que Enfrentou Um Leão;4 A Longa Travessia;;2;1;4;;Como Davi Livingstone, o missionário que enfrentou um leão, resumiu a cena da aldeia africana que descreveu?;;
104836;LIVROS MISSIONÁRIOS;O Missionario Que Enfrentou Um Leão;4 A Longa Travessia;;2;1;4;;O que Davi Livingstone, o missionário que enfrentou um leão, fez ao se aproximar dos macololos?;;
104837;LIVROS MISSIONÁRIOS;O Missionario Que Enfrentou Um Leão;4 A Longa Travessia;;2;1;4;;Que trabalhos Davi Livingstone, o missionário que enfrentou um leão, realizou entre os macololos?;;
104838;LIVROS MISSIONÁRIOS;O Missionario Que Enfrentou Um Leão;4 A Longa Travessia;;2;1;4;;No início, como os nativos macololos viam Davi Livingstone, o missionário que enfrentou um leão?;;
104839;LIVROS MISSIONÁRIOS;O Missionario Que Enfrentou Um Leão;4 A Longa Travessia;;2;1;4;;O que os macololos concluíram sobre Davi Livingstone, o missionário que enfrentou um leão, depois de perceberem que ele era bom?;;
104840;LIVROS MISSIONÁRIOS;O Missionario Que Enfrentou Um Leão;4 A Longa Travessia;;2;1;4;;A quem Davi Livingstone, o missionário que enfrentou um leão, contou que pretendia descobrir um caminho que fosse até o mar?;;
104841;LIVROS MISSIONÁRIOS;O Missionario Que Enfrentou Um Leão;4 A Longa Travessia;;2;1;4;;O que Sekeletu, chefe dos macololos, fez quando Davi Livingstone, o missionário que enfrentou um leão, lhe contou que pretendia descobrir um caminho até o mar?;;
104842;LIVROS MISSIONÁRIOS;O Missionario Que Enfrentou Um Leão;4 A Longa Travessia;;2;1;4;;Qual foi a decisão dos conselheiros de Sekeletu sobre ajudar Davi Livingstone, o missionário que enfrentou um leão, a encontrar um caminho até o mar?;;
104843;LIVROS MISSIONÁRIOS;O Missionario Que Enfrentou Um Leão;4 A Longa Travessia;;2;1;4;;Como os nativos macololos chamavam Davi Livingstone, o missionário que enfrentou um leão?;;
104844;LIVROS MISSIONÁRIOS;O Missionario Que Enfrentou Um Leão;4 A Longa Travessia;;2;1;4;;Quantos homens macololos foram com Davi Livingstone, o missionário que enfrentou um leão, em sua grande travessia?;;
104845;LIVROS MISSIONÁRIOS;O Missionario Que Enfrentou Um Leão;4 A Longa Travessia;;2;1;4;;Como o Capítulo 04 descreve os 27 homens macololos que acompanharam Davi Livingstone, o missionário que enfrentou um leão?;;
104846;LIVROS MISSIONÁRIOS;O Missionario Que Enfrentou Um Leão;4 A Longa Travessia;;2;1;4;;Por que os 27 homens macololos trabalhavam por amor ao acompanhar Davi Livingstone, o missionário que enfrentou um leão?;;
104847;LIVROS MISSIONÁRIOS;O Missionario Que Enfrentou Um Leão;4 A Longa Travessia;;2;1;4;;De onde partiram Davi Livingstone, o missionário que enfrentou um leão, e os 27 macololos em fins de 1853?;;
104848;LIVROS MISSIONÁRIOS;O Missionario Que Enfrentou Um Leão;4 A Longa Travessia;;2;1;4;;Qual foi a rota inicial de Davi Livingstone, o missionário que enfrentou um leão, antes de partir da aldeia macololo em fins de 1853?;;
104849;LIVROS MISSIONÁRIOS;O Missionario Que Enfrentou Um Leão;4 A Longa Travessia;;2;1;4;;O que Davi Livingstone, o missionário que enfrentou um leão, teve que fazer após partir da aldeia macololo em direção à costa ocidental?;;
104850;LIVROS MISSIONÁRIOS;O Missionario Que Enfrentou Um Leão;4 A Longa Travessia;;2;1;4;;Que rio Davi Livingstone, o missionário que enfrentou um leão, navegou por uma longa extensão durante sua travessia?;;
104851;LIVROS MISSIONÁRIOS;O Missionario Que Enfrentou Um Leão;4 A Longa Travessia;;2;1;4;;Além de navegar pelo rio Zambeze, o que Davi Livingstone, o missionário que enfrentou um leão, fez durante a travessia?;;
104852;LIVROS MISSIONÁRIOS;O Missionario Que Enfrentou Um Leão;4 A Longa Travessia;;2;1;4;;Segundo o Capítulo 04, nenhum homem branco tinha feito o quê até então?;;
104853;LIVROS MISSIONÁRIOS;O Missionario Que Enfrentou Um Leão;4 A Longa Travessia;;2;1;4;;Como o Capítulo 04 descreve a viagem de Davi Livingstone, o missionário que enfrentou um leão, da aldeia macololo até a costa ocidental?;;
104854;LIVROS MISSIONÁRIOS;O Missionario Que Enfrentou Um Leão;4 A Longa Travessia;;2;1;4;;O que, muitas vezes, levou os homens de Davi Livingstone, o missionário que enfrentou um leão, ao desespero durante a viagem?;;
104855;LIVROS MISSIONÁRIOS;O Missionario Que Enfrentou Um Leão;4 A Longa Travessia;;2;1;4;;Como a estrada era aberta durante a viagem de Davi Livingstone, o missionário que enfrentou um leão?;;
104856;LIVROS MISSIONÁRIOS;O Missionario Que Enfrentou Um Leão;4 A Longa Travessia;;2;1;4;;Segundo o Capítulo 04, o que Davi Livingstone, o missionário que enfrentou um leão, acreditava formar a melhor bagagem que podia levar em suas viagens?;;
104857;LIVROS MISSIONÁRIOS;O Missionario Que Enfrentou Um Leão;4 A Longa Travessia;;2;1;4;;Quais provisões Davi Livingstone, o missionário que enfrentou um leão, levava consigo em suas viagens?;;
104858;LIVROS MISSIONÁRIOS;O Missionario Que Enfrentou Um Leão;4 A Longa Travessia;;2;1;4;;O que Davi Livingstone, o missionário que enfrentou um leão, tinha aprendido a manejar?;;
104859;LIVROS MISSIONÁRIOS;O Missionario Que Enfrentou Um Leão;4 A Longa Travessia;;2;1;4;;Em que cidade portuguesa à beira do Atlântico Davi Livingstone, o missionário que enfrentou um leão, chegou no fim de maio de 1854?;;
104860;LIVROS MISSIONÁRIOS;O Missionario Que Enfrentou Um Leão;4 A Longa Travessia;;2;1;4;;Quanto tempo Davi Livingstone, o missionário que enfrentou um leão, repousou em Luanda após chegar ali no fim de maio de 1854?;;
104861;LIVROS MISSIONÁRIOS;O Missionario Que Enfrentou Um Leão;4 A Longa Travessia;;2;1;4;;Para onde Davi Livingstone, o missionário que enfrentou um leão, viajou depois de repousar três meses em Luanda?;;
104862;LIVROS MISSIONÁRIOS;O Missionario Que Enfrentou Um Leão;4 A Longa Travessia;;2;1;4;;O que aconteceu com os companheiros de Davi Livingstone, o missionário que enfrentou um leão, durante a viagem de volta até a aldeia de Sekeletu?;;
104863;LIVROS MISSIONÁRIOS;O Missionario Que Enfrentou Um Leão;4 A Longa Travessia;;2;1;4;;O que Davi Livingstone, o missionário que enfrentou um leão, fez em vez de seguir para o sul, até a cidade do Cabo, após voltar à aldeia de Sekeletu?;;
104864;LIVROS MISSIONÁRIOS;O Missionario Que Enfrentou Um Leão;4 A Longa Travessia;;2;1;4;;Segundo o Capítulo 04, a que cidade Davi Livingstone, o missionário que enfrentou um leão, chegou ao descer o rio Zambeze?;;
104865;LIVROS MISSIONÁRIOS;O Missionario Que Enfrentou Um Leão;4 A Longa Travessia;;2;1;4;;Quantos quilômetros Davi Livingstone, o missionário que enfrentou um leão, havia percorrido ao cruzar a África do Sul de costa a costa?;;
104866;LIVROS MISSIONÁRIOS;O Missionario Que Enfrentou Um Leão;4 A Longa Travessia;;2;1;4;;O que Davi Livingstone, o missionário que enfrentou um leão, realizou ao percorrer mais de sete mil quilômetros?;;
102535;LIVROS MISSIONÁRIOS;O Missionario Que Enfrentou Um Leão;4 A Longa Travessia;;2;1;4;;Durante sua caminhada rumo à costa ocidental, Livingstone chegou ao território dos macololos, uma das tribos mais importantes da África Central, que desempenhou qual papel fundamental em sua jornada? (PG 15);;
102536;LIVROS MISSIONÁRIOS;O Missionario Que Enfrentou Um Leão;4 A Longa Travessia;;2;1;4;;Nas aldeias africanas visitadas por Livingstone, a divisão de tarefas entre homens e mulheres era bem definida, cabendo às mulheres quais responsabilidades específicas? (PG 16);;
102537;LIVROS MISSIONÁRIOS;O Missionario Que Enfrentou Um Leão;4 A Longa Travessia;;2;1;4;;Os integrantes da tribo macololo, ao desenvolverem profunda admiração por Davi Livingstone, o respeitado missionário médico, passaram a chamá-lo carinhosamente por qual nome nativo? (PG 16);;
102538;LIVROS MISSIONÁRIOS;O Missionario Que Enfrentou Um Leão;4 A Longa Travessia;;2;1;4;;Quando o chefe Sekeletu, o líder da tribo macololo, autorizou a expedição para descobrir um caminho até o mar, por qual motivo principal os 27 homens escolhidos concordaram em acompanhar Livingstone? (PG 16);;
102539;LIVROS MISSIONÁRIOS;O Missionario Que Enfrentou Um Leão;4 A Longa Travessia;;2;1;4;;Davi Livingstone, o experiente explorador cristão, acreditava que a melhor bagagem para suas longas jornadas era constituída de bom senso e coragem, levando poucas provisões de apoio, dentre as quais se destacavam quais itens? (PG 17);;
102540;LIVROS MISSIONÁRIOS;O Missionario Que Enfrentou Um Leão;4 A Longa Travessia;;2;1;4;;No final de maio de 1854, após percorrer caminhos dramáticos e enfrentar chuvas e enfermidades, Livingstone alcançou Luanda, importante cidade portuguesa à beira do Oceano Atlântico, onde realizou qual ação? (PG 17);;
102541;LIVROS MISSIONÁRIOS;O Missionario Que Enfrentou Um Leão;4 A Longa Travessia;;2;1;4;;Ao concluir a travessia alcançando a localidade de Quilimane, Livingstone completou a marcante expedição pelo continente africano, atingindo qual marca impressionante? (PG 17);;
102542;LIVROS MISSIONÁRIOS;O Missionario Que Enfrentou Um Leão;4 A Longa Travessia;;2;1;4;;Ao retornar a Londres após quatro anos de separação de sua família, Livingstone foi aclamado como uma figura famosa e aproveitou o período em sua pátria para publicar seu primeiro livro, intitulado de qual forma? (PG 17);;
102543;LIVROS MISSIONÁRIOS;O Missionario Que Enfrentou Um Leão;4 A Longa Travessia;;2;1;4;;Na organização social de uma aldeia africana descrita por Livingstone, quais eram as responsabilidades específicas atribuídas aos homens, os encarregados da manutenção física e segurança do grupo? (PG 16);;
102544;LIVROS MISSIONÁRIOS;O Missionario Que Enfrentou Um Leão;4 A Longa Travessia;;2;1;4;;"Davi Livingstone, em sua sensível descrição da vida comunitária local, observava com admiração qual grupo de pessoas caminhando e conversando em um cenário que ele definiu como de ""pura beleza""? (PG 16)";;
102545;LIVROS MISSIONÁRIOS;O Missionario Que Enfrentou Um Leão;4 A Longa Travessia;;2;1;4;;A aldeia dos macololos, ponto estratégico de onde a expedição partiu no final de 1853, estava geograficamente situada em qual localidade em relação aos oceanos? (PG 16);;
102546;LIVROS MISSIONÁRIOS;O Missionario Que Enfrentou Um Leão;4 A Longa Travessia;;2;1;4;;Para transpor a densa floresta africana durante a dramática jornada rumo à costa ocidental, os homens da caravana de Livingstone utilizavam qual método para abrir as estradas? (PG 16);;
102547;LIVROS MISSIONÁRIOS;O Missionario Que Enfrentou Um Leão;4 A Longa Travessia;;2;1;4;;Ao consultar seus conselheiros sobre o apoio à viagem planejada pelo missionário, o chefe Sekeletu, líder da tribo macololo, obteve qual posicionamento de sua liderança? (PG 16);;
102548;LIVROS MISSIONÁRIOS;O Missionario Que Enfrentou Um Leão;4 A Longa Travessia;;2;1;4;;Davi Livingstone, o agora aclamado explorador que retornava a Londres em 1856 após anos de ausência, foi recebido com distinção em uma audiência por qual autoridade real? (PG 17);;
102549;LIVROS MISSIONÁRIOS;O Missionario Que Enfrentou Um Leão;4 A Longa Travessia;;2;1;4;;Na pátria do missionário, o enorme interesse do público pelas histórias de Livingstone era despertado por quais elementos específicos de seus relatos? (PG 17);;
102550;LIVROS MISSIONÁRIOS;O Missionario Que Enfrentou Um Leão;4 A Longa Travessia;;2;1;4;;"Além de seu trabalho espiritual e de exploração, Davi Livingstone - carinhosamente chamado de ""Nyaka"" pelos nativos - exercia qual atividade primordial em benefício da tribo dos macololos? (PG 16)";;
102551;LIVROS MISSIONÁRIOS;O Missionario Que Enfrentou Um Leão;4 A Longa Travessia;;2;1;4;;Ao concluir a épica travessia de costa a costa no continente africano, atingindo a localidade de Quilimane, Livingstone completou uma jornada de quantos quilômetros aproximadamente? (PG 17);;
102552;LIVROS MISSIONÁRIOS;O Missionario Que Enfrentou Um Leão;4 A Longa Travessia;;2;1;4;;Durante a grande travessia de Livingstone pelo interior africano, em qual direção ficava a costa que ele pretendia alcançar inicialmente? Capítulo 4;;
102553;LIVROS MISSIONÁRIOS;O Missionario Que Enfrentou Um Leão;4 A Longa Travessia;;2;1;4;;Qual tribo, considerada uma das mais importantes da África Central, teve papel marcante na grande travessia de Livingstone? Capítulo 4 Capítulo 4;;
102554;LIVROS MISSIONÁRIOS;O Missionario Que Enfrentou Um Leão;4 A Longa Travessia;;2;1;4;;Quantos carregadores macololos acompanharam Livingstone na grande travessia de costa a costa? Capítulo 4 Capítulo 4;;
102555;LIVROS MISSIONÁRIOS;O Missionario Que Enfrentou Um Leão;4 A Longa Travessia;;2;1;4;;Em que região da África viviam os macololos, tribo que auxiliou Livingstone em sua grande travessia? Capítulo 4 Capítulo 4;;
102556;LIVROS MISSIONÁRIOS;O Missionario Que Enfrentou Um Leão;4 A Longa Travessia;;2;1;4;;Na divisão de tarefas descrita por Livingstone em uma aldeia africana, qual atividade cabia aos homens? Capítulo 4 Capítulo 4;;
102557;LIVROS MISSIONÁRIOS;O Missionario Que Enfrentou Um Leão;4 A Longa Travessia;;2;1;4;;Além de cuidar dos animais, que trabalho relacionado a peles era realizado pelos homens nas aldeias africanas descritas por Livingstone? Capítulo 4;;
102558;LIVROS MISSIONÁRIOS;O Missionario Que Enfrentou Um Leão;4 A Longa Travessia;;2;1;4;;Na descrição da divisão de tarefas de uma aldeia africana, que atividade ligada ao vestuário era realizada pelos homens? Capítulo 4;;
102559;LIVROS MISSIONÁRIOS;O Missionario Que Enfrentou Um Leão;4 A Longa Travessia;;2;1;4;;Além de cuidar dos animais, curtir o couro e costurar roupas, qual responsabilidade cabia aos homens da aldeia? Capítulo 4;;
102560;LIVROS MISSIONÁRIOS;O Missionario Que Enfrentou Um Leão;4 A Longa Travessia;;2;1;4;;Na divisão de trabalho da aldeia africana descrita por Livingstone, a que atividade as mulheres se dedicavam? Capítulo 4;;
102561;LIVROS MISSIONÁRIOS;O Missionario Que Enfrentou Um Leão;4 A Longa Travessia;;2;1;4;;Entre as tarefas femininas na aldeia africana descrita por Livingstone, qual estava relacionada diretamente ao abastecimento doméstico? Capítulo 4;;
102562;LIVROS MISSIONÁRIOS;O Missionario Que Enfrentou Um Leão;4 A Longa Travessia;;2;1;4;;Que responsabilidade relacionada ao fogo era atribuída às mulheres nas aldeias africanas descritas por Livingstone? Capítulo 4;;
102563;LIVROS MISSIONÁRIOS;O Missionario Que Enfrentou Um Leão;4 A Longa Travessia;;2;1;4;;Segundo a descrição de Livingstone sobre a organização de uma aldeia africana, quem construía as habitações? Capítulo 4;;
102564;LIVROS MISSIONÁRIOS;O Missionario Que Enfrentou Um Leão;4 A Longa Travessia;;2;1;4;;Além da agricultura, busca de água, cuidado do fogo e construção das habitações, que outra tarefa era atribuída às mulheres? Capítulo 4;;
102565;LIVROS MISSIONÁRIOS;O Missionario Que Enfrentou Um Leão;4 A Longa Travessia;;2;1;4;;Durante sua convivência com os macololos, de que maneira Livingstone trabalhou entre eles? Capítulo 4;;
102566;LIVROS MISSIONÁRIOS;O Missionario Que Enfrentou Um Leão;4 A Longa Travessia;;2;1;4;;Que conclusão os macololos tiraram a respeito do Deus anunciado por Livingstone depois de perceberem que o missionário era um homem bom? Capítulo 4;;
102567;LIVROS MISSIONÁRIOS;O Missionario Que Enfrentou Um Leão;4 A Longa Travessia;;2;1;4;;Qual chefe Livingstone procurou quando decidiu revelar seu plano de descobrir um caminho até o mar? Capítulo 4;;
102568;LIVROS MISSIONÁRIOS;O Missionario Que Enfrentou Um Leão;4 A Longa Travessia;;2;1;4;;Qual objetivo Livingstone apresentou ao chefe Sekeletu antes da grande travessia? Capítulo 4;;
102569;LIVROS MISSIONÁRIOS;O Missionario Que Enfrentou Um Leão;4 A Longa Travessia;;2;1;4;;O que Sekeletu fez depois de Livingstone explicar que pretendia encontrar um caminho até o mar? Capítulo 4;;
102570;LIVROS MISSIONÁRIOS;O Missionario Que Enfrentou Um Leão;4 A Longa Travessia;;2;1;4;;Como os conselheiros de Sekeletu reagiram ao plano de ajudar Livingstone em sua viagem até o mar? Capítulo 4;;
102571;LIVROS MISSIONÁRIOS;O Missionario Que Enfrentou Um Leão;4 A Longa Travessia;;2;1;4;;Por qual nome os macololos também chamavam Livingstone? Capítulo 4;;
102572;LIVROS MISSIONÁRIOS;O Missionario Que Enfrentou Um Leão;4 A Longa Travessia;;2;1;4;;Depois da decisão de Sekeletu e seus conselheiros, quantos homens foram enviados para acompanhar Livingstone? Capítulo 4;;
102573;LIVROS MISSIONÁRIOS;O Missionario Que Enfrentou Um Leão;4 A Longa Travessia;;2;1;4;;Por que os 27 homens que acompanharam Livingstone na travessia não estavam motivados principalmente pelo pagamento? Capítulo 4;;
102574;LIVROS MISSIONÁRIOS;O Missionario Que Enfrentou Um Leão;4 A Longa Travessia;;2;1;4;;Onde ficava a aldeia macololo de onde Livingstone e seus companheiros partiram para a grande travessia? Capítulo 4;;
102575;LIVROS MISSIONÁRIOS;O Missionario Que Enfrentou Um Leão;4 A Longa Travessia;;2;1;4;;Em que período Livingstone e seus companheiros deixaram a aldeia macololo para iniciar a longa travessia? Capítulo 4;;
102576;LIVROS MISSIONÁRIOS;O Missionario Que Enfrentou Um Leão;4 A Longa Travessia;;2;1;4;;Antes de iniciar a viagem da aldeia macololo até a costa ocidental, de qual costa Livingstone havia viajado para chegar à aldeia? Capítulo 4;;
102577;LIVROS MISSIONÁRIOS;O Missionario Que Enfrentou Um Leão;4 A Longa Travessia;;2;1;4;;Que importante rio Livingstone navegou por uma longa extensão durante sua viagem rumo à costa ocidental? Capítulo 4;;
102578;LIVROS MISSIONÁRIOS;O Missionario Que Enfrentou Um Leão;4 A Longa Travessia;;2;1;4;;Depois de navegar uma longa extensão do rio Zambeze, como Livingstone continuou sua jornada? Capítulo 4;;
102579;LIVROS MISSIONÁRIOS;O Missionario Que Enfrentou Um Leão;4 A Longa Travessia;;2;1;4;;O que tornava extraordinária a travessia realizada por Livingstone através daquela região africana? Capítulo 4;;
102580;LIVROS MISSIONÁRIOS;O Missionario Que Enfrentou Um Leão;4 A Longa Travessia;;2;1;4;;Quais dificuldades levaram os homens ao desespero em vários momentos da grande travessia de Livingstone? Capítulo 4;;
102581;LIVROS MISSIONÁRIOS;O Missionario Que Enfrentou Um Leão;4 A Longa Travessia;;2;1;4;;Como Livingstone e seus companheiros conseguiam avançar quando a floresta impedia a passagem? Capítulo 4;;
102582;LIVROS MISSIONÁRIOS;O Missionario Que Enfrentou Um Leão;4 A Longa Travessia;;2;1;4;;O que Livingstone considerava a melhor bagagem para levar em suas difíceis viagens pela África? Capítulo 4;;
102583;LIVROS MISSIONÁRIOS;O Missionario Que Enfrentou Um Leão;4 A Longa Travessia;;2;1;4;;Por acreditar que o bom senso e a coragem eram sua melhor bagagem, como Livingstone organizava suas provisões? Capítulo 4;;
102584;LIVROS MISSIONÁRIOS;O Missionario Que Enfrentou Um Leão;4 A Longa Travessia;;2;1;4;;Qual conjunto apresenta itens que Livingstone levava consigo durante a grande travessia? Capítulo 4;;
102585;LIVROS MISSIONÁRIOS;O Missionario Que Enfrentou Um Leão;4 A Longa Travessia;;2;1;4;;Em que período Livingstone chegou a Luanda depois de sua longa viagem até a costa atlântica? Capítulo 4;;
102586;LIVROS MISSIONÁRIOS;O Missionario Que Enfrentou Um Leão;4 A Longa Travessia;;2;1;4;;Qual cidade Livingstone alcançou no fim de maio de 1854, após sua travessia rumo ao Atlântico? Capítulo 4;;
102587;LIVROS MISSIONÁRIOS;O Missionario Que Enfrentou Um Leão;4 A Longa Travessia;;2;1;4;;Como o livro caracteriza Luanda, cidade alcançada por Livingstone em maio de 1854? Capítulo 4;;
102588;LIVROS MISSIONÁRIOS;O Missionario Que Enfrentou Um Leão;4 A Longa Travessia;;2;1;4;;Quanto tempo Livingstone permaneceu descansando em Luanda depois de chegar à costa atlântica? Capítulo 4;;
102589;LIVROS MISSIONÁRIOS;O Missionario Que Enfrentou Um Leão;4 A Longa Travessia;;2;1;4;;Para onde Livingstone viajou depois de passar três meses descansando em Luanda? Capítulo 4;;
102590;LIVROS MISSIONÁRIOS;O Missionario Que Enfrentou Um Leão;4 A Longa Travessia;;2;1;4;;O que aconteceu com os companheiros que participaram da viagem de Livingstone até Luanda e depois retornaram com ele à aldeia de Sekeletu? Capítulo 4;;
102591;LIVROS MISSIONÁRIOS;O Missionario Que Enfrentou Um Leão;4 A Longa Travessia;;2;1;4;;Depois de retornar à aldeia de Sekeletu, como Livingstone considerava sua grande expedição? Capítulo 4;;
102592;LIVROS MISSIONÁRIOS;O Missionario Que Enfrentou Um Leão;4 A Longa Travessia;;2;1;4;;Depois de voltar à aldeia de Sekeletu, que decisão Livingstone tomou em vez de seguir para o sul até a Cidade do Cabo? Capítulo 4;;
102593;LIVROS MISSIONÁRIOS;O Missionario Que Enfrentou Um Leão;4 A Longa Travessia;;2;1;4;;Qual cidade Livingstone alcançou depois de descer o rio Zambeze na continuação de sua expedição? Capítulo 4;;
102594;LIVROS MISSIONÁRIOS;O Missionario Que Enfrentou Um Leão;4 A Longa Travessia;;2;1;4;;Segundo o texto do livro, em que costa ficava Quilimane, cidade alcançada por Livingstone depois de descer o rio Zambeze? Capítulo 4;;
102595;LIVROS MISSIONÁRIOS;O Missionario Que Enfrentou Um Leão;4 A Longa Travessia;;2;1;4;;Aproximadamente que distância Livingstone havia percorrido ao completar sua grande travessia de costa a costa? Capítulo 4;;
102596;LIVROS MISSIONÁRIOS;O Missionario Que Enfrentou Um Leão;4 A Longa Travessia;;2;1;4;;Qual grande feito geográfico o livro atribui a Livingstone ao final da longa viagem de mais de sete mil quilômetros? Capítulo 4;;
102597;LIVROS MISSIONÁRIOS;O Missionario Que Enfrentou Um Leão;4 A Longa Travessia;;2;1;4;;Ao adentrar a África Central rumo à costa ocidental, com qual povo numeroso e relevante Livingstone estabeleceu uma aliança vital, obtendo o auxílio de vinte e sete carregadores fiéis?;;
102598;LIVROS MISSIONÁRIOS;O Missionario Que Enfrentou Um Leão;4 A Longa Travessia;;2;1;4;;Por qual título ou vocativo carinhoso e respeitoso os nativos da tribo dos macololos costumavam chamar Davi Livingstone durante a convivência na aldeia?;;
102599;LIVROS MISSIONÁRIOS;O Missionario Que Enfrentou Um Leão;4 A Longa Travessia;;2;1;4;;Qual foi a razão primordial que motivou o grupo de vinte e sete homens do chefe Sekeletu a acompanhar Livingstone na travessia até a costa, mesmo com poucos recursos financeiros disponíveis?;;
102600;LIVROS MISSIONÁRIOS;O Missionario Que Enfrentou Um Leão;4 A Longa Travessia;;2;1;4;;Ao atingir o litoral do oceano Atlântico no final de maio de 1854, após abrir picadas na mata fechada e navegar o rio Zambeze, em qual cidade portuária portuguesa Livingstone repousou?;;
102601;LIVROS MISSIONÁRIOS;O Missionario Que Enfrentou Um Leão;4 A Longa Travessia;;2;1;4;;Completando a travessia de costa a costa pela porção meridional do continente africano, em qual ponto litorâneo no oceano Índico Livingstone concluiu essa histórica rota de mais de sete mil quilômetros?;;
104867;LIVROS MISSIONÁRIOS;O Missionario Que Enfrentou Um Leão;4 A Longa Travessia;;2;1;4;;Como era o caminho percorrido por Livingstone em direção à costa ocidental da África?;;
104868;LIVROS MISSIONÁRIOS;O Missionario Que Enfrentou Um Leão;4 A Longa Travessia;;2;1;4;;Em que região Livingstone chegou durante sua viagem em direção à costa ocidental da África?;;
104869;LIVROS MISSIONÁRIOS;O Missionario Que Enfrentou Um Leão;4 A Longa Travessia;;2;1;4;;Como os macololos eram considerados entre os povos africanos?;;
104870;LIVROS MISSIONÁRIOS;O Missionario Que Enfrentou Um Leão;4 A Longa Travessia;;2;1;4;;Por que os macololos tiveram um papel importante na vida de Livingstone?;;
104871;LIVROS MISSIONÁRIOS;O Missionario Que Enfrentou Um Leão;4 A Longa Travessia;;2;1;4;;Quantos carregadores macololos acompanharam Livingstone em sua grande travessia?;;
104872;LIVROS MISSIONÁRIOS;O Missionario Que Enfrentou Um Leão;4 A Longa Travessia;;2;1;4;;Como os homens e as mulheres dividiam o trabalho em uma aldeia africana, conforme a descrição apresentada no capítulo?;;
104873;LIVROS MISSIONÁRIOS;O Missionario Que Enfrentou Um Leão;4 A Longa Travessia;;2;1;4;;Qual das tarefas era realizada pelos homens nas aldeias africanas descritas por Livingstone?;;
104874;LIVROS MISSIONÁRIOS;O Missionario Que Enfrentou Um Leão;4 A Longa Travessia;;2;1;4;;Além de cuidar dos animais, que outras tarefas eram atribuídas aos homens nas aldeias africanas?;;
104875;LIVROS MISSIONÁRIOS;O Missionario Que Enfrentou Um Leão;4 A Longa Travessia;;2;1;4;;Qual atividade fazia parte das responsabilidades das mulheres nas aldeias africanas?;;
104876;LIVROS MISSIONÁRIOS;O Missionario Que Enfrentou Um Leão;4 A Longa Travessia;;2;1;4;;Quais tarefas eram realizadas pelas mulheres, segundo a divisão de trabalho descrita no capítulo?;;
104877;LIVROS MISSIONÁRIOS;O Missionario Que Enfrentou Um Leão;4 A Longa Travessia;;2;1;4;;Como Livingstone descreveu a paisagem de uma aldeia africana, destacando sua beleza?;;
104878;LIVROS MISSIONÁRIOS;O Missionario Que Enfrentou Um Leão;4 A Longa Travessia;;2;1;4;;O que as mulheres carregavam quando se dirigiam ao rio, conforme a descrição de Livingstone?;;
104879;LIVROS MISSIONÁRIOS;O Missionario Que Enfrentou Um Leão;4 A Longa Travessia;;2;1;4;;Onde os homens da aldeia trabalhavam, de acordo com a descrição feita por Livingstone?;;
104880;LIVROS MISSIONÁRIOS;O Missionario Que Enfrentou Um Leão;4 A Longa Travessia;;2;1;4;;O que os velhos faziam na aldeia africana descrita no capítulo?;;
104881;LIVROS MISSIONÁRIOS;O Missionario Que Enfrentou Um Leão;4 A Longa Travessia;;2;1;4;;Que relação Livingstone estabeleceu com os macololos durante sua permanência entre eles?;;
104882;LIVROS MISSIONÁRIOS;O Missionario Que Enfrentou Um Leão;4 A Longa Travessia;;2;1;4;;Como Livingstone ajudava os macololos, além de conviver com eles?;;
104883;LIVROS MISSIONÁRIOS;O Missionario Que Enfrentou Um Leão;4 A Longa Travessia;;2;1;4;;Como os nativos reagiram inicialmente à presença de Livingstone, um estrangeiro entre os macololos?;;
104884;LIVROS MISSIONÁRIOS;O Missionario Que Enfrentou Um Leão;4 A Longa Travessia;;2;1;4;;A que conclusão os macololos chegaram depois de conhecer melhor Livingstone?;;
104885;LIVROS MISSIONÁRIOS;O Missionario Que Enfrentou Um Leão;4 A Longa Travessia;;2;1;4;;O que Livingstone contou a Sekeletu que pretendia fazer?;;
104886;LIVROS MISSIONÁRIOS;O Missionario Que Enfrentou Um Leão;4 A Longa Travessia;;2;1;4;;Quem era Sekeletu, personagem consultado por Livingstone antes da grande travessia?;;
104887;LIVROS MISSIONÁRIOS;O Missionario Que Enfrentou Um Leão;4 A Longa Travessia;;2;1;4;;O que Sekeletu fez depois de ouvir o plano de Livingstone de encontrar um caminho até o mar?;;
104888;LIVROS MISSIONÁRIOS;O Missionario Que Enfrentou Um Leão;4 A Longa Travessia;;2;1;4;;Como os conselheiros da aldeia reagiram ao plano de Livingstone?;;
104889;LIVROS MISSIONÁRIOS;O Missionario Que Enfrentou Um Leão;4 A Longa Travessia;;2;1;4;;Por qual nome os macololos chamavam Livingstone?;;
104890;LIVROS MISSIONÁRIOS;O Missionario Que Enfrentou Um Leão;4 A Longa Travessia;;2;1;4;;O que significa, no contexto do capítulo, o fato de os macololos chamarem Livingstone de “Nyaka”?;;
104891;LIVROS MISSIONÁRIOS;O Missionario Que Enfrentou Um Leão;4 A Longa Travessia;;2;1;4;;Como eram os 27 homens que decidiram acompanhar Livingstone?;;
104892;LIVROS MISSIONÁRIOS;O Missionario Que Enfrentou Um Leão;4 A Longa Travessia;;2;1;4;;Por que os 27 carregadores acompanharam Livingstone, apesar de ele ter pouco dinheiro?;;
104893;LIVROS MISSIONÁRIOS;O Missionario Que Enfrentou Um Leão;4 A Longa Travessia;;2;1;4;;Quando Livingstone e os macololos partiram para a grande travessia?;;
104894;LIVROS MISSIONÁRIOS;O Missionario Que Enfrentou Um Leão;4 A Longa Travessia;;2;1;4;;Onde ficava a aldeia macololo de onde Livingstone partiu?;;
104895;LIVROS MISSIONÁRIOS;O Missionario Que Enfrentou Um Leão;4 A Longa Travessia;;2;1;4;;De onde para onde Livingstone pretendia atravessar o continente africano?;;
104896;LIVROS MISSIONÁRIOS;O Missionario Que Enfrentou Um Leão;4 A Longa Travessia;;2;1;4;;Que parte da viagem Livingstone realizou navegando pelo rio Zambeze?;;
104897;LIVROS MISSIONÁRIOS;O Missionario Que Enfrentou Um Leão;4 A Longa Travessia;;2;1;4;;Como Livingstone prosseguiu depois de navegar pelo rio Zambeze?;;
104898;LIVROS MISSIONÁRIOS;O Missionario Que Enfrentou Um Leão;4 A Longa Travessia;;2;1;4;;Por que a viagem de Livingstone foi considerada extraordinária para aquela época?;;
104899;LIVROS MISSIONÁRIOS;O Missionario Que Enfrentou Um Leão;4 A Longa Travessia;;2;1;4;;Quais condições causaram desespero entre os homens durante a longa travessia?;;
104900;LIVROS MISSIONÁRIOS;O Missionario Que Enfrentou Um Leão;4 A Longa Travessia;;2;1;4;;Como a estrada precisava ser aberta durante a viagem pela floresta?;;
104901;LIVROS MISSIONÁRIOS;O Missionario Que Enfrentou Um Leão;4 A Longa Travessia;;2;1;4;;Qual era, na opinião de Livingstone, a melhor bagagem para levar em suas viagens?;;
104902;LIVROS MISSIONÁRIOS;O Missionario Que Enfrentou Um Leão;4 A Longa Travessia;;2;1;4;;Por acreditar que o bom senso e a coragem eram sua melhor bagagem, como Livingstone organizava seus suprimentos?;;
104903;LIVROS MISSIONÁRIOS;O Missionario Que Enfrentou Um Leão;4 A Longa Travessia;;2;1;4;;Quais itens faziam parte das poucas provisões levadas por Livingstone?;;
104904;LIVROS MISSIONÁRIOS;O Missionario Que Enfrentou Um Leão;4 A Longa Travessia;;2;1;4;;Que tipo de instrumentos Livingstone levava consigo durante a travessia?;;
104905;LIVROS MISSIONÁRIOS;O Missionario Que Enfrentou Um Leão;4 A Longa Travessia;;2;1;4;;Que habilidade Livingstone possuía em relação aos instrumentos de navegação que levava?;;
104906;LIVROS MISSIONÁRIOS;O Missionario Que Enfrentou Um Leão;4 A Longa Travessia;;2;1;4;;A que cidade Livingstone chegou no fim de maio de 1854?;;
104907;LIVROS MISSIONÁRIOS;O Missionario Que Enfrentou Um Leão;4 A Longa Travessia;;2;1;4;;Como Luanda é caracterizada no capítulo?;;
104908;LIVROS MISSIONÁRIOS;O Missionario Que Enfrentou Um Leão;4 A Longa Travessia;;2;1;4;;Quanto tempo Livingstone permaneceu descansando em Luanda?;;
104909;LIVROS MISSIONÁRIOS;O Missionario Que Enfrentou Um Leão;4 A Longa Travessia;;2;1;4;;Para onde Livingstone viajou depois de repousar em Luanda?;;
104910;LIVROS MISSIONÁRIOS;O Missionario Que Enfrentou Um Leão;4 A Longa Travessia;;2;1;4;;O que aconteceu com os companheiros de Livingstone durante o retorno a Sekeletu?;;
104911;LIVROS MISSIONÁRIOS;O Missionario Que Enfrentou Um Leão;4 A Longa Travessia;;2;1;4;;Qual era o plano inicial de Livingstone depois de retornar à aldeia de Sekeletu?;;
104912;LIVROS MISSIONÁRIOS;O Missionario Que Enfrentou Um Leão;4 A Longa Travessia;;2;1;4;;O que Livingstone fez em vez de seguir para o sul até a cidade do Cabo?;;
104913;LIVROS MISSIONÁRIOS;O Missionario Que Enfrentou Um Leão;4 A Longa Travessia;;2;1;4;;Onde ficava Quilimane, local alcançado por Livingstone ao final da expedição?;;
104914;LIVROS MISSIONÁRIOS;O Missionario Que Enfrentou Um Leão;4 A Longa Travessia;;2;1;4;;Qual foi a distância aproximada percorrida por Livingstone durante a travessia da África?;;
104915;LIVROS MISSIONÁRIOS;O Missionario Que Enfrentou Um Leão;4 A Longa Travessia;;2;1;4;;O que Livingstone conseguiu realizar ao concluir essa expedição?;;
104916;LIVROS MISSIONÁRIOS;O Missionario Que Enfrentou Um Leão;4 A Longa Travessia;;2;1;4;;Qual alternativa apresenta corretamente a sequência principal da grande travessia de Livingstone?;;
102602;LIVROS MISSIONÁRIOS;O Missionario Que Enfrentou Um Leão;4 A Longa Travessia;;2;1;4;;Como era o caminho em direção à costa ocidental da África que Livingstone percorreu, trajeto durante o qual chegou ao território de uma das tribos mais importantes da África Central?;;
102603;LIVROS MISSIONÁRIOS;O Missionario Que Enfrentou Um Leão;4 A Longa Travessia;;2;1;4;;Qual tribo da África Central Livingstone encontrou durante sua viagem rumo à costa ocidental, povo que teve papel importante em sua vida ao fornecer carregadores para a grande travessia?;;
102604;LIVROS MISSIONÁRIOS;O Missionario Que Enfrentou Um Leão;4 A Longa Travessia;;2;1;4;;Quantos carregadores da tribo macololo acompanharam Livingstone na grande travessia de costa a costa da África?;;
102605;LIVROS MISSIONÁRIOS;O Missionario Que Enfrentou Um Leão;4 A Longa Travessia;;2;1;4;;Segundo a descrição do texto sobre a divisão de trabalho em uma aldeia africana, quais tarefas cabiam aos homens, enquanto as mulheres cuidavam da agricultura e da água?;;
102606;LIVROS MISSIONÁRIOS;O Missionario Que Enfrentou Um Leão;4 A Longa Travessia;;2;1;4;;Na bela descrição que Livingstone fez de uma aldeia africana, o que ele mencionou sobre os homens em relação ao local onde trabalhavam?;;
102607;LIVROS MISSIONÁRIOS;O Missionario Que Enfrentou Um Leão;4 A Longa Travessia;;2;1;4;;Ao conviver com os macololos, cuidando dos doentes e pregando o evangelho, a que conclusão os nativos chegaram sobre Livingstone e, por consequência, sobre o Deus de quem ele falava?;;
102608;LIVROS MISSIONÁRIOS;O Missionario Que Enfrentou Um Leão;4 A Longa Travessia;;2;1;4;;"Como era chamado Livingstone pelos macololos, apelido que significava algo como ""doutor"" na língua deles?";;
102609;LIVROS MISSIONÁRIOS;O Missionario Que Enfrentou Um Leão;4 A Longa Travessia;;2;1;4;;Quando Livingstone contou a Sekeletu que pretendia descobrir um caminho até o mar, o que o chefe fez antes de decidir apoiar a empreitada?;;
102610;LIVROS MISSIONÁRIOS;O Missionario Que Enfrentou Um Leão;4 A Longa Travessia;;2;1;4;;Por que motivo os 27 homens macololos que acompanharam Livingstone em sua travessia trabalhavam com tanta dedicação e fidelidade, já que ele tinha pouco dinheiro para pagá-los?;;
102611;LIVROS MISSIONÁRIOS;O Missionario Que Enfrentou Um Leão;4 A Longa Travessia;;2;1;4;;Em que período Livingstone e sua equipe partiram da aldeia macololo, localizada na metade do caminho entre os dois oceanos, rumo à costa ocidental?;;
102612;LIVROS MISSIONÁRIOS;O Missionario Que Enfrentou Um Leão;4 A Longa Travessia;;2;1;4;;Que rio Livingstone navegou por uma longa extensão, prosseguindo depois a pé por milhares de quilômetros, em um feito que nenhum homem branco havia realizado até então?;;
102613;LIVROS MISSIONÁRIOS;O Missionario Que Enfrentou Um Leão;4 A Longa Travessia;;2;1;4;;O que, segundo o texto, muitas vezes levou os homens da expedição de Livingstone ao desespero durante a dramática viagem rumo à costa ocidental?;;
102614;LIVROS MISSIONÁRIOS;O Missionario Que Enfrentou Um Leão;4 A Longa Travessia;;2;1;4;;Como a estrada precisava ser aberta durante a difícil travessia de Livingstone pelo meio da floresta rumo à costa ocidental?;;
102615;LIVROS MISSIONÁRIOS;O Missionario Que Enfrentou Um Leão;4 A Longa Travessia;;2;1;4;;O que Livingstone acreditava formar a melhor bagagem que podia levar em suas viagens, motivo pelo qual carregava consigo poucas provisões?;;
102616;LIVROS MISSIONÁRIOS;O Missionario Que Enfrentou Um Leão;4 A Longa Travessia;;2;1;4;;Quais itens, ainda que em pouca quantidade, Livingstone levava consigo em suas viagens, considerando-os provisões essenciais?;;
102617;LIVROS MISSIONÁRIOS;O Missionario Que Enfrentou Um Leão;4 A Longa Travessia;;2;1;4;;Em que data Livingstone chegou a Luanda, cidade portuguesa à beira do Atlântico, onde repousou durante três meses antes de retornar à aldeia de Sekeletu?;;
102618;LIVROS MISSIONÁRIOS;O Missionario Que Enfrentou Um Leão;4 A Longa Travessia;;2;1;4;;Depois de repousar em Luanda e retornar à aldeia de Sekeletu, o que aconteceu com os companheiros macololos de Livingstone durante toda essa longa jornada?;;
102619;LIVROS MISSIONÁRIOS;O Missionario Que Enfrentou Um Leão;4 A Longa Travessia;;2;1;4;;Em vez de seguir para o sul, até a cidade do Cabo, qual caminho Livingstone escolheu para completar sua expedição, descendo um rio até alcançar a costa oriental?;;
102620;LIVROS MISSIONÁRIOS;O Missionario Que Enfrentou Um Leão;4 A Longa Travessia;;2;1;4;;Aproximadamente quantos quilômetros Livingstone havia percorrido ao cruzar a África do Sul de costa a costa, completando essa etapa de sua expedição?;;
104917;LIVROS MISSIONÁRIOS;O Missionario Que Enfrentou Um Leão;5 Novas Expedições;;2;1;5;;No Capítulo 05 da biografia de Davi Livingstone, o missionário que enfrentou um leão, quantos anos tinham se passado desde que ele se despedira de sua família?;;
104918;LIVROS MISSIONÁRIOS;O Missionario Que Enfrentou Um Leão;5 Novas Expedições;;2;1;5;;No Capítulo 05 da biografia de Davi Livingstone, o missionário que enfrentou um leão, o que ele concluiu que estava na hora de fazer após quatro anos longe da família?;;
104919;LIVROS MISSIONÁRIOS;O Missionario Que Enfrentou Um Leão;5 Novas Expedições;;2;1;5;;No Capítulo 05 da biografia de Davi Livingstone, o missionário que enfrentou um leão, o que ele descobriu quando chegou a Londres?;;
104920;LIVROS MISSIONÁRIOS;O Missionario Que Enfrentou Um Leão;5 Novas Expedições;;2;1;5;;No Capítulo 05 da biografia de Davi Livingstone, o missionário que enfrentou um leão, quem o recebeu em uma audiência quando ele voltou a Londres?;;
104921;LIVROS MISSIONÁRIOS;O Missionario Que Enfrentou Um Leão;5 Novas Expedições;;2;1;5;;No Capítulo 05 da biografia de Davi Livingstone, o missionário que enfrentou um leão, o que os cientistas fizeram com ele quando voltou a Londres?;;
104922;LIVROS MISSIONÁRIOS;O Missionario Que Enfrentou Um Leão;5 Novas Expedições;;2;1;5;;No Capítulo 05 da biografia de Davi Livingstone, o missionário que enfrentou um leão, o que os jornais falavam a seu respeito quando ele voltou a Londres?;;
104923;LIVROS MISSIONÁRIOS;O Missionario Que Enfrentou Um Leão;5 Novas Expedições;;2;1;5;;No Capítulo 05 da biografia de Davi Livingstone, o missionário que enfrentou um leão, o que as pessoas faziam nas ruas quando ele voltou a Londres?;;
104924;LIVROS MISSIONÁRIOS;O Missionario Que Enfrentou Um Leão;5 Novas Expedições;;2;1;5;;No Capítulo 05 da biografia de Davi Livingstone, o missionário que enfrentou um leão, as histórias extraordinárias que ele contava falavam sobre o quê?;;
104925;LIVROS MISSIONÁRIOS;O Missionario Que Enfrentou Um Leão;5 Novas Expedições;;2;1;5;;No Capítulo 05 da biografia de Davi Livingstone, o missionário que enfrentou um leão, o que ele aproveitou o período em Londres para escrever?;;
104926;LIVROS MISSIONÁRIOS;O Missionario Que Enfrentou Um Leão;5 Novas Expedições;;2;1;5;;No Capítulo 05 da biografia de Davi Livingstone, o missionário que enfrentou um leão, qual foi o título de seu primeiro livro?;;
104927;LIVROS MISSIONÁRIOS;O Missionario Que Enfrentou Um Leão;5 Novas Expedições;;2;1;5;;No Capítulo 05 da biografia de Davi Livingstone, o missionário que enfrentou um leão, o que o governo britânico autorizou quando ele estava em Londres?;;
104928;LIVROS MISSIONÁRIOS;O Missionario Que Enfrentou Um Leão;5 Novas Expedições;;2;1;5;;No Capítulo 05 da biografia de Davi Livingstone, o missionário que enfrentou um leão, em que mês e ano ele embarcou para a África novamente?;;
104929;LIVROS MISSIONÁRIOS;O Missionario Que Enfrentou Um Leão;5 Novas Expedições;;2;1;5;;No Capítulo 05 da biografia de Davi Livingstone, o missionário que enfrentou um leão, quem ele levou consigo quando embarcou para a África novamente em março de 1858?;;
104930;LIVROS MISSIONÁRIOS;O Missionario Que Enfrentou Um Leão;5 Novas Expedições;;2;1;5;;No Capítulo 05 da biografia de Davi Livingstone, o missionário que enfrentou um leão, qual era o nome do filho mais novo que ele levou consigo para a África em 1858?;;
104931;LIVROS MISSIONÁRIOS;O Missionario Que Enfrentou Um Leão;5 Novas Expedições;;2;1;5;;No Capítulo 05 da biografia de Davi Livingstone, o missionário que enfrentou um leão, o que ele e seus companheiros usaram nos seis anos seguintes para explorar rios?;;
104932;LIVROS MISSIONÁRIOS;O Missionario Que Enfrentou Um Leão;5 Novas Expedições;;2;1;5;;No Capítulo 05 da biografia de Davi Livingstone, o missionário que enfrentou um leão, quais rios ele e seus companheiros exploraram com a lancha a vapor?;;
104933;LIVROS MISSIONÁRIOS;O Missionario Que Enfrentou Um Leão;5 Novas Expedições;;2;1;5;;No Capítulo 05 da biografia de Davi Livingstone, o missionário que enfrentou um leão, que lago ele e seus companheiros descobriram durante a expedição iniciada em 1858?;;
104934;LIVROS MISSIONÁRIOS;O Missionario Que Enfrentou Um Leão;5 Novas Expedições;;2;1;5;;No Capítulo 05 da biografia de Davi Livingstone, o missionário que enfrentou um leão, além de descobrir o lago Niassa, o que ele e seus companheiros estabeleceram?;;
104935;LIVROS MISSIONÁRIOS;O Missionario Que Enfrentou Um Leão;5 Novas Expedições;;2;1;5;;No Capítulo 05 da biografia de Davi Livingstone, o missionário que enfrentou um leão, que dificuldades a expedição enfrentou e que afetaram a saúde de todos?;;
104936;LIVROS MISSIONÁRIOS;O Missionario Que Enfrentou Um Leão;5 Novas Expedições;;2;1;5;;No Capítulo 05 da biografia de Davi Livingstone, o missionário que enfrentou um leão, o que acontecia com frequência com a lancha a vapor usada na expedição?;;
104937;LIVROS MISSIONÁRIOS;O Missionario Que Enfrentou Um Leão;5 Novas Expedições;;2;1;5;;No Capítulo 05 da biografia de Davi Livingstone, o missionário que enfrentou um leão, durante a navegação de qual rio ele e sua equipe enfrentaram as maiores dificuldades?;;
104938;LIVROS MISSIONÁRIOS;O Missionario Que Enfrentou Um Leão;5 Novas Expedições;;2;1;5;;No Capítulo 05 da biografia de Davi Livingstone, o missionário que enfrentou um leão, por que a navegação pelo rio Zambeze era tão importante para a expedição?;;
104939;LIVROS MISSIONÁRIOS;O Missionario Que Enfrentou Um Leão;5 Novas Expedições;;2;1;5;;No Capítulo 05 da biografia de Davi Livingstone, o missionário que enfrentou um leão, o que ele tinha ouvido falar em suas viagens anteriores?;;
104940;LIVROS MISSIONÁRIOS;O Missionario Que Enfrentou Um Leão;5 Novas Expedições;;2;1;5;;No Capítulo 05 da biografia de Davi Livingstone, o missionário que enfrentou um leão, segundo os nativos, o que acontecia com todos os que tentavam atravessar as cataratas de Kebrabasa?;;
104941;LIVROS MISSIONÁRIOS;O Missionario Que Enfrentou Um Leão;5 Novas Expedições;;2;1;5;;No Capítulo 05 da biografia de Davi Livingstone, o missionário que enfrentou um leão, o que ele pensou sobre as histórias das cataratas de Kebrabasa antes de vê-las?;;
104942;LIVROS MISSIONÁRIOS;O Missionario Que Enfrentou Um Leão;5 Novas Expedições;;2;1;5;;No Capítulo 05 da biografia de Davi Livingstone, o missionário que enfrentou um leão, o que ele encontrou quando esteve diante das cataratas de Kebrabasa?;;
104943;LIVROS MISSIONÁRIOS;O Missionario Que Enfrentou Um Leão;5 Novas Expedições;;2;1;5;;No Capítulo 05 da biografia de Davi Livingstone, o missionário que enfrentou um leão, qual foi a decisão tomada ao chegar diante das cataratas de Kebrabasa?;;
104944;LIVROS MISSIONÁRIOS;O Missionario Que Enfrentou Um Leão;5 Novas Expedições;;2;1;5;;No Capítulo 05 da biografia de Davi Livingstone, o missionário que enfrentou um leão, como ele e sua equipe reagiram ao grande desapontamento diante das cataratas de Kebrabasa?;;
104945;LIVROS MISSIONÁRIOS;O Missionario Que Enfrentou Um Leão;5 Novas Expedições;;2;1;5;;No Capítulo 05 da biografia de Davi Livingstone, o missionário que enfrentou um leão, qual foi a oração feita por ele diante do desapontamento nas cataratas de Kebrabasa?;;
104946;LIVROS MISSIONÁRIOS;O Missionario Que Enfrentou Um Leão;5 Novas Expedições;;2;1;5;;No Capítulo 05 da biografia de Davi Livingstone, o missionário que enfrentou um leão, o que ele deixou para trás ao prosseguir viagem após as cataratas de Kebrabasa?;;
104947;LIVROS MISSIONÁRIOS;O Missionario Que Enfrentou Um Leão;5 Novas Expedições;;2;1;5;;No Capítulo 05 da biografia de Davi Livingstone, o missionário que enfrentou um leão, por qual rio ele navegou com um pequeno grupo após deixar a lancha “Mãe Roberta”?;;
104948;LIVROS MISSIONÁRIOS;O Missionario Que Enfrentou Um Leão;5 Novas Expedições;;2;1;5;;No Capítulo 05 da biografia de Davi Livingstone, o missionário que enfrentou um leão, o que ele tinha ouvido falar antes de navegar pelo rio Shire?;;
104949;LIVROS MISSIONÁRIOS;O Missionario Que Enfrentou Um Leão;5 Novas Expedições;;2;1;5;;No Capítulo 05 da biografia de Davi Livingstone, o missionário que enfrentou um leão, qual foi o primeiro lago descoberto por ele ao navegar pelo rio Shire?;;
104950;LIVROS MISSIONÁRIOS;O Missionario Que Enfrentou Um Leão;5 Novas Expedições;;2;1;5;;No Capítulo 05 da biografia de Davi Livingstone, o missionário que enfrentou um leão, qual é o comprimento do lago Shirwa?;;
104951;LIVROS MISSIONÁRIOS;O Missionario Que Enfrentou Um Leão;5 Novas Expedições;;2;1;5;;No Capítulo 05 da biografia de Davi Livingstone, o missionário que enfrentou um leão, o que os nativos disseram sobre a “grande água” após a descoberta do lago Shirwa?;;
104952;LIVROS MISSIONÁRIOS;O Missionario Que Enfrentou Um Leão;5 Novas Expedições;;2;1;5;;No Capítulo 05 da biografia de Davi Livingstone, o missionário que enfrentou um leão, o que ele enfrentou durante a viagem pelo rio Shire, além dos desafios naturais?;;
104953;LIVROS MISSIONÁRIOS;O Missionario Que Enfrentou Um Leão;5 Novas Expedições;;2;1;5;;No Capítulo 05 da biografia de Davi Livingstone, o missionário que enfrentou um leão, em que data ele chegou ao lago Niassa?;;
104954;LIVROS MISSIONÁRIOS;O Missionario Que Enfrentou Um Leão;5 Novas Expedições;;2;1;5;;No Capítulo 05 da biografia de Davi Livingstone, o missionário que enfrentou um leão, qual é a posição do lago Niassa entre os lagos africanos?;;
104955;LIVROS MISSIONÁRIOS;O Missionario Que Enfrentou Um Leão;5 Novas Expedições;;2;1;5;;No Capítulo 05 da biografia de Davi Livingstone, o missionário que enfrentou um leão, qual é a extensão do lago Niassa?;;
104956;LIVROS MISSIONÁRIOS;O Missionario Que Enfrentou Um Leão;5 Novas Expedições;;2;1;5;;No Capítulo 05 da biografia de Davi Livingstone, o missionário que enfrentou um leão, o que ele tinha pedido ao governo britânico enquanto aguardava novas explorações?;;
104957;LIVROS MISSIONÁRIOS;O Missionario Que Enfrentou Um Leão;5 Novas Expedições;;2;1;5;;No Capítulo 05 da biografia de Davi Livingstone, o missionário que enfrentou um leão, com que dinheiro ele mandou comprar outro barco?;;
104958;LIVROS MISSIONÁRIOS;O Missionario Que Enfrentou Um Leão;5 Novas Expedições;;2;1;5;;No Capítulo 05 da biografia de Davi Livingstone, o missionário que enfrentou um leão, o que ele chamou de férias enquanto aguardava a chegada das embarcações?;;
104959;LIVROS MISSIONÁRIOS;O Missionario Que Enfrentou Um Leão;5 Novas Expedições;;2;1;5;;No Capítulo 05 da biografia de Davi Livingstone, o missionário que enfrentou um leão, para onde ele foi durante o período que chamou de férias?;;
104960;LIVROS MISSIONÁRIOS;O Missionario Que Enfrentou Um Leão;5 Novas Expedições;;2;1;5;;No Capítulo 05 da biografia de Davi Livingstone, o missionário que enfrentou um leão, quem o esperava em Tete?;;
104961;LIVROS MISSIONÁRIOS;O Missionario Que Enfrentou Um Leão;5 Novas Expedições;;2;1;5;;No Capítulo 05 da biografia de Davi Livingstone, o missionário que enfrentou um leão, o que alguns companheiros macololos queriam fazer em Tete, e como ele os ajudou?;;
104962;LIVROS MISSIONÁRIOS;O Missionario Que Enfrentou Um Leão;5 Novas Expedições;;2;1;5;;No Capítulo 05 da biografia de Davi Livingstone, o missionário que enfrentou um leão, de que os macololos que se estabeleceram em Tete passariam a obter seu sustento?;;
104963;LIVROS MISSIONÁRIOS;O Missionario Que Enfrentou Um Leão;5 Novas Expedições;;2;1;5;;No Capítulo 05 da biografia de Davi Livingstone, o missionário que enfrentou um leão, o que outros companheiros macololos queriam fazer, e o que ele fez?;;
102621;LIVROS MISSIONÁRIOS;O Missionario Que Enfrentou Um Leão;5 Novas Expedições;;2;1;5;;Ao embarcar novamente para a África em março de 1858, autorizado pelo governo britânico, Davi Livingstone, o persistente missionário e explorador, levou em sua companhia quais membros de sua família? (PG 17);;
102622;LIVROS MISSIONÁRIOS;O Missionario Que Enfrentou Um Leão;5 Novas Expedições;;2;1;5;;Durante os seis anos de explorações iniciados em 1858 pelo rio Zambeze, Davi Livingstone e sua equipe utilizaram qual tipo de transporte para navegar pelos rios do centro e do leste da África? (PG 17);;
102623;LIVROS MISSIONÁRIOS;O Missionario Que Enfrentou Um Leão;5 Novas Expedições;;2;1;5;;Diante do grande estrondo e perigo das cataratas de Kebrabasa, cachoeiras de nove metros de altura que impediram o avanço da expedição pelo rio Zambeze, qual atitude foi tomada por Davi Livingstone, o experiente líder missionário? (PG 18);;
102624;LIVROS MISSIONÁRIOS;O Missionario Que Enfrentou Um Leão;5 Novas Expedições;;2;1;5;;"Ao navegar pelo frio rio Shire com um pequeno grupo após deixar a lancha ""Mãe Roberta"", Davi Livingstone, o destemido explorador, enfrentou o ataque constante de qual tipo de praga aquática? (PG 18)";;
102625;LIVROS MISSIONÁRIOS;O Missionario Que Enfrentou Um Leão;5 Novas Expedições;;2;1;5;;No dia 17 de setembro de 1859, Davi Livingstone alcançou o lago Niassa, uma impressionante extensão de água de 30 mil quilômetros quadrados que se destaca por qual marca geográfica no continente africano? (PG 18);;
102626;LIVROS MISSIONÁRIOS;O Missionario Que Enfrentou Um Leão;5 Novas Expedições;;2;1;5;;Para adquirir uma nova embarcação por conta própria a fim de prosseguir em suas navegações pelos rios da África, Davi Livingstone utilizou recursos financeiros oriundos de qual fonte? (PG 18 e 19);;
102627;LIVROS MISSIONÁRIOS;O Missionario Que Enfrentou Um Leão;5 Novas Expedições;;2;1;5;;"Durante o período de descanso que chamou de ""férias"", passado na localidade de Tete, Davi Livingstone auxiliou os nativos da tribo macololo que desejavam permanecer ali a construírem qual tipo de estrutura para obtenção de sustento? (PG 18 e 19)";;
102628;LIVROS MISSIONÁRIOS;O Missionario Que Enfrentou Um Leão;5 Novas Expedições;;2;1;5;;Em qual mês do ano de 1858 Davi Livingstone, o renomado missionário agora apoiado oficialmente pelo governo britânico, embarcou novamente para o continente africano? (PG 17);;
102629;LIVROS MISSIONÁRIOS;O Missionario Que Enfrentou Um Leão;5 Novas Expedições;;2;1;5;;Por qual período de tempo Davi Livingstone, o explorador e missionário escocês, e seus companheiros utilizaram a lancha a vapor para realizar explorações nos rios africanos a partir de 1858? (PG 17);;
102630;LIVROS MISSIONÁRIOS;O Missionario Que Enfrentou Um Leão;5 Novas Expedições;;2;1;5;;Além da exploração geográfica dos rios africanos, Davi Livingstone, o líder da expedição autorizada pela Coroa, e sua equipe estabeleceram quais estruturas permanentes durante a missão? (PG 17);;
102631;LIVROS MISSIONÁRIOS;O Missionario Que Enfrentou Um Leão;5 Novas Expedições;;2;1;5;;Durante as explorações pelos rios africanos, a lancha a vapor de Davi Livingstone, o persistente explorador, apresentava quais problemas técnicos constantes que dificultavam o avanço da equipe? (PG 17);;
102632;LIVROS MISSIONÁRIOS;O Missionario Que Enfrentou Um Leão;5 Novas Expedições;;2;1;5;;Segundo o relato dos nativos sobre as perigosas cataratas de Kebrabasa, obstáculo natural que Livingstone inicialmente considerou um exagero, qual era o destino daqueles que anteriormente haviam tentado atravessar essa queda d'água? (PG 18);;
102633;LIVROS MISSIONÁRIOS;O Missionario Que Enfrentou Um Leão;5 Novas Expedições;;2;1;5;;As cataratas de Kebrabasa, barreira rochosa que impediu o avanço da expedição de Livingstone pelo rio Zambeze, possuíam qual altura aproximada? (PG 18);;
102634;LIVROS MISSIONÁRIOS;O Missionario Que Enfrentou Um Leão;5 Novas Expedições;;2;1;5;;Qual era o nome da lancha a vapor, embarcação deixada por Davi Livingstone para navegar com um pequeno grupo pelo rio Shire em busca de um grande lago? (PG 18);;
102635;LIVROS MISSIONÁRIOS;O Missionario Que Enfrentou Um Leão;5 Novas Expedições;;2;1;5;;Antes de alcançar o grande lago Niassa, Davi Livingstone, o incansável pesquisador geográfico, descobriu qual outro corpo d'água com mais de cem quilômetros de comprimento? (PG 18);;
102636;LIVROS MISSIONÁRIOS;O Missionario Que Enfrentou Um Leão;5 Novas Expedições;;2;1;5;;Durante os anos de exploração iniciados em 1858, a expedição de Davi Livingstone enfrentou adversidades climáticas e biológicas que afetaram a saúde de todos, incluindo quais fatores além do calor e das febres? (PG 17);;
102637;LIVROS MISSIONÁRIOS;O Missionario Que Enfrentou Um Leão;5 Novas Expedições;;2;1;5;;Na localidade de Tete, ponto de encontro durante o período de descanso de Livingstone, quem aguardava o retorno do missionário para decidirem se voltariam para suas aldeias ou se estabeleceriam no local? (PG 19);;
102638;LIVROS MISSIONÁRIOS;O Missionario Que Enfrentou Um Leão;5 Novas Expedições;;2;1;5;;Quantos anos haviam se passado desde que Livingstone se despedira de sua família quando chegou o momento de voltar para casa? Capítulo 5;;
102639;LIVROS MISSIONÁRIOS;O Missionario Que Enfrentou Um Leão;5 Novas Expedições;;2;1;5;;Em qual cidade Livingstone descobriu que havia se tornado famoso após retornar de suas explorações africanas? Capítulo 5;;
102640;LIVROS MISSIONÁRIOS;O Missionario Que Enfrentou Um Leão;5 Novas Expedições;;2;1;5;;Quem recebeu Livingstone em uma audiência durante sua permanência em Londres? Capítulo 5;;
102641;LIVROS MISSIONÁRIOS;O Missionario Que Enfrentou Um Leão;5 Novas Expedições;;2;1;5;;O que os cientistas fizeram ao saber das experiências de Livingstone na África? Capítulo 5;;
102642;LIVROS MISSIONÁRIOS;O Missionario Que Enfrentou Um Leão;5 Novas Expedições;;2;1;5;;Durante o período em que Livingstone esteve famoso em Londres, como os jornais trataram suas experiências na África? Capítulo 5;;
102643;LIVROS MISSIONÁRIOS;O Missionario Que Enfrentou Um Leão;5 Novas Expedições;;2;1;5;;Como as pessoas reagiam à presença de Livingstone nas ruas durante sua permanência em Londres? Capítulo 5;;
102644;LIVROS MISSIONÁRIOS;O Missionario Que Enfrentou Um Leão;5 Novas Expedições;;2;1;5;;Por que as histórias de Livingstone despertavam grande interesse entre as pessoas na Inglaterra? Capítulo 5;;
102645;LIVROS MISSIONÁRIOS;O Missionario Que Enfrentou Um Leão;5 Novas Expedições;;2;1;5;;Que obra Livingstone escreveu durante o período em que permaneceu na Inglaterra após suas grandes viagens? Capítulo 5;;
102646;LIVROS MISSIONÁRIOS;O Missionario Que Enfrentou Um Leão;5 Novas Expedições;;2;1;5;;Quem autorizou a organização de uma nova expedição para que Livingstone prosseguisse suas explorações africanas? Capítulo 5;;
102647;LIVROS MISSIONÁRIOS;O Missionario Que Enfrentou Um Leão;5 Novas Expedições;;2;1;5;;Em que mês e ano Livingstone embarcou novamente para a África na expedição autorizada pelo governo britânico? Capítulo 5;;
102648;LIVROS MISSIONÁRIOS;O Missionario Que Enfrentou Um Leão;5 Novas Expedições;;2;1;5;;Quem acompanhou Livingstone quando ele embarcou novamente para a África em março de 1858? Capítulo 5;;
102649;LIVROS MISSIONÁRIOS;O Missionario Que Enfrentou Um Leão;5 Novas Expedições;;2;1;5;;Qual dos filhos de Livingstone o acompanhou, juntamente com Maria, no retorno à África em março de 1858? Capítulo 5;;
102650;LIVROS MISSIONÁRIOS;O Missionario Que Enfrentou Um Leão;5 Novas Expedições;;2;1;5;;Durante quantos anos Livingstone e seus companheiros utilizaram uma lancha a vapor para realizar novas explorações? Capítulo 5;;
102651;LIVROS MISSIONÁRIOS;O Missionario Que Enfrentou Um Leão;5 Novas Expedições;;2;1;5;;Que tipo de embarcação Livingstone e seus companheiros utilizaram nas explorações realizadas durante os seis anos seguintes ao retorno à África? Capítulo 5;;
102652;LIVROS MISSIONÁRIOS;O Missionario Que Enfrentou Um Leão;5 Novas Expedições;;2;1;5;;Qual rio foi um dos principais alvos das explorações realizadas por Livingstone com a lancha a vapor? Capítulo 5;;
102653;LIVROS MISSIONÁRIOS;O Missionario Que Enfrentou Um Leão;5 Novas Expedições;;2;1;5;;Além do rio Zambeze, que regiões tiveram outros rios explorados por Livingstone e seus companheiros? Capítulo 5;;
102654;LIVROS MISSIONÁRIOS;O Missionario Que Enfrentou Um Leão;5 Novas Expedições;;2;1;5;;Qual lago foi descoberto por Livingstone durante as novas expedições realizadas após 1858? Capítulo 5;;
102655;LIVROS MISSIONÁRIOS;O Missionario Que Enfrentou Um Leão;5 Novas Expedições;;2;1;5;;Além das explorações geográficas, que tipo de instalação religiosa Livingstone e seus companheiros estabeleceram durante essa expedição? Capítulo 5;;
102656;LIVROS MISSIONÁRIOS;O Missionario Que Enfrentou Um Leão;5 Novas Expedições;;2;1;5;;Além de postos missionários, qual instituição voltada para o ensino foi estabelecida durante as expedições de Livingstone? Capítulo 5;;
102657;LIVROS MISSIONÁRIOS;O Missionario Que Enfrentou Um Leão;5 Novas Expedições;;2;1;5;;Além de postos missionários e escolas, o que Livingstone e seus companheiros estabeleceram durante suas explorações? Capítulo 5;;
102658;LIVROS MISSIONÁRIOS;O Missionario Que Enfrentou Um Leão;5 Novas Expedições;;2;1;5;;Qual conjunto apresenta dificuldades que prejudicaram a saúde da equipe de Livingstone durante a nova expedição? Capítulo 5;;
102659;LIVROS MISSIONÁRIOS;O Missionario Que Enfrentou Um Leão;5 Novas Expedições;;2;1;5;;Que problema mecânico a lancha utilizada por Livingstone apresentava com frequência? Capítulo 5;;
102660;LIVROS MISSIONÁRIOS;O Missionario Que Enfrentou Um Leão;5 Novas Expedições;;2;1;5;;Além de enguiçar frequentemente, que outro problema a lancha utilizada por Livingstone apresentava? Capítulo 5;;
102661;LIVROS MISSIONÁRIOS;O Missionario Que Enfrentou Um Leão;5 Novas Expedições;;2;1;5;;Em qual rio Livingstone e sua equipe enfrentaram as maiores dificuldades da expedição organizada para exploração fluvial? Capítulo 5;;
102662;LIVROS MISSIONÁRIOS;O Missionario Que Enfrentou Um Leão;5 Novas Expedições;;2;1;5;;Antes de encontrar pessoalmente as cataratas de Kebrabasa, como Livingstone havia tomado conhecimento delas? Capítulo 5;;
102663;LIVROS MISSIONÁRIOS;O Missionario Que Enfrentou Um Leão;5 Novas Expedições;;2;1;5;;O que os nativos diziam sobre aqueles que tentavam atravessar as cataratas de Kebrabasa? Capítulo 5;;
102664;LIVROS MISSIONÁRIOS;O Missionario Que Enfrentou Um Leão;5 Novas Expedições;;2;1;5;;Como Livingstone inicialmente avaliou os relatos dos nativos sobre os perigos das cataratas de Kebrabasa? Capítulo 5;;
102665;LIVROS MISSIONÁRIOS;O Missionario Que Enfrentou Um Leão;5 Novas Expedições;;2;1;5;;O que fez Livingstone mudar de opinião sobre os relatos dos nativos acerca das cataratas de Kebrabasa? Capítulo 5;;
102666;LIVROS MISSIONÁRIOS;O Missionario Que Enfrentou Um Leão;5 Novas Expedições;;2;1;5;;Qual era aproximadamente a altura da cachoeira formada pelas cataratas de Kebrabasa? Capítulo 5;;
102667;LIVROS MISSIONÁRIOS;O Missionario Que Enfrentou Um Leão;5 Novas Expedições;;2;1;5;;Sobre que tipo de terreno as águas das cataratas de Kebrabasa se precipitavam com grande estrondo? Capítulo 5;;
102668;LIVROS MISSIONÁRIOS;O Missionario Que Enfrentou Um Leão;5 Novas Expedições;;2;1;5;;O que Livingstone e sua equipe precisaram fazer ao constatar a dificuldade apresentada pelas cataratas de Kebrabasa? Capítulo 5;;
102669;LIVROS MISSIONÁRIOS;O Missionario Que Enfrentou Um Leão;5 Novas Expedições;;2;1;5;;Como Livingstone e sua equipe se sentiram diante da impossibilidade de prosseguir pelas cataratas de Kebrabasa? Capítulo 5;;
102670;LIVROS MISSIONÁRIOS;O Missionario Que Enfrentou Um Leão;5 Novas Expedições;;2;1;5;;Apesar do desapontamento causado pelas cataratas de Kebrabasa, qual atitude Livingstone manteve? Capítulo 5;;
102671;LIVROS MISSIONÁRIOS;O Missionario Que Enfrentou Um Leão;5 Novas Expedições;;2;1;5;;Depois do fracasso em atravessar as cataratas de Kebrabasa, qual foi a atitude de Livingstone diante de Deus? Capítulo 5;;
102672;LIVROS MISSIONÁRIOS;O Missionario Que Enfrentou Um Leão;5 Novas Expedições;;2;1;5;;Qual era o nome da lancha que Livingstone deixou para prosseguir sua exploração por outro caminho? Capítulo 5;;
102673;LIVROS MISSIONÁRIOS;O Missionario Que Enfrentou Um Leão;5 Novas Expedições;;2;1;5;;Depois de deixar a lancha Mãe Roberta, por qual rio Livingstone navegou com um pequeno grupo? Capítulo 5;;
102674;LIVROS MISSIONÁRIOS;O Missionario Que Enfrentou Um Leão;5 Novas Expedições;;2;1;5;;O que motivou Livingstone a prosseguir pelo rio Shire depois de deixar a lancha Mãe Roberta? Capítulo 5;;
102675;LIVROS MISSIONÁRIOS;O Missionario Que Enfrentou Um Leão;5 Novas Expedições;;2;1;5;;Qual lago Livingstone descobriu primeiro durante a exploração iniciada pelo rio Shire? Capítulo 5;;
102676;LIVROS MISSIONÁRIOS;O Missionario Que Enfrentou Um Leão;5 Novas Expedições;;2;1;5;;Qual era a extensão aproximada atribuída no livro ao lago Shirwa descoberto por Livingstone? Capítulo 5;;
102677;LIVROS MISSIONÁRIOS;O Missionario Que Enfrentou Um Leão;5 Novas Expedições;;2;1;5;;O que os nativos disseram a Livingstone depois que ele descobriu o lago Shirwa? Capítulo 5;;
102678;LIVROS MISSIONÁRIOS;O Missionario Que Enfrentou Um Leão;5 Novas Expedições;;2;1;5;;Em que direção Livingstone prosseguiu depois que os nativos disseram que a “grande água” não era o lago Shirwa? Capítulo 5;;
102679;LIVROS MISSIONÁRIOS;O Missionario Que Enfrentou Um Leão;5 Novas Expedições;;2;1;5;;Que animais dificultaram a viagem de Livingstone pelas águas frias do rio durante a busca pelo grande lago? Capítulo 5;;
102680;LIVROS MISSIONÁRIOS;O Missionario Que Enfrentou Um Leão;5 Novas Expedições;;2;1;5;;Em que data Livingstone chegou ao lago Niassa? Capítulo 5;;
102681;LIVROS MISSIONÁRIOS;O Missionario Que Enfrentou Um Leão;5 Novas Expedições;;2;1;5;;Qual posição em tamanho o livro atribui ao lago Niassa entre os lagos africanos? Capítulo 5;;
102682;LIVROS MISSIONÁRIOS;O Missionario Que Enfrentou Um Leão;5 Novas Expedições;;2;1;5;;Segundo o livro, aproximadamente que área o lago Niassa cobre? Capítulo 5;;
102683;LIVROS MISSIONÁRIOS;O Missionario Que Enfrentou Um Leão;5 Novas Expedições;;2;1;5;;A quem Livingstone havia solicitado outro navio para continuar suas explorações na África? Capítulo 5;;
102684;LIVROS MISSIONÁRIOS;O Missionario Que Enfrentou Um Leão;5 Novas Expedições;;2;1;5;;Além do navio solicitado ao governo britânico, como Livingstone conseguiu providenciar outra embarcação? Capítulo 5;;
102685;LIVROS MISSIONÁRIOS;O Missionario Que Enfrentou Um Leão;5 Novas Expedições;;2;1;5;;De onde veio o dinheiro utilizado por Livingstone para comprar seu próprio barco? Capítulo 5;;
102686;LIVROS MISSIONÁRIOS;O Missionario Que Enfrentou Um Leão;5 Novas Expedições;;2;1;5;;Enquanto aguardava a chegada das novas embarcações, como Livingstone chamou o período em que realizou outras atividades? Capítulo 5;;
102687;LIVROS MISSIONÁRIOS;O Missionario Que Enfrentou Um Leão;5 Novas Expedições;;2;1;5;;Para qual local Livingstone foi durante o período que chamou de “férias”, enquanto aguardava as embarcações? Capítulo 5;;
102688;LIVROS MISSIONÁRIOS;O Missionario Que Enfrentou Um Leão;5 Novas Expedições;;2;1;5;;Quem Livingstone encontrou esperando por ele em Tete durante o período em que aguardava novas embarcações? Capítulo 5;;
102689;LIVROS MISSIONÁRIOS;O Missionario Que Enfrentou Um Leão;5 Novas Expedições;;2;1;5;;O que alguns companheiros macololos decidiram fazer quando Livingstone os encontrou em Tete? Capítulo 5;;
102690;LIVROS MISSIONÁRIOS;O Missionario Que Enfrentou Um Leão;5 Novas Expedições;;2;1;5;;De que maneira Livingstone ajudou os macololos que decidiram permanecer em Tete? Capítulo 5;;
102691;LIVROS MISSIONÁRIOS;O Missionario Que Enfrentou Um Leão;5 Novas Expedições;;2;1;5;;Com qual objetivo foram construídos engenhos de açúcar para os macololos que decidiram permanecer em Tete? Capítulo 5;;
102692;LIVROS MISSIONÁRIOS;O Missionario Que Enfrentou Um Leão;5 Novas Expedições;;2;1;5;;O que desejavam fazer os companheiros macololos que não quiseram permanecer em Tete? Capítulo 5;;
102693;LIVROS MISSIONÁRIOS;O Missionario Que Enfrentou Um Leão;5 Novas Expedições;;2;1;5;;Como Livingstone ajudou os macololos que desejavam retornar à sua aldeia no interior da África? Capítulo 5;;
102694;LIVROS MISSIONÁRIOS;O Missionario Que Enfrentou Um Leão;5 Novas Expedições;;2;1;5;;Retornando à Grã-Bretanha aclamado pela sociedade e pelos cientistas por seus feitos pioneiros, que obra literária de grande repercussão Livingstone escreveu durante sua estadia?;;
102695;LIVROS MISSIONÁRIOS;O Missionario Que Enfrentou Um Leão;5 Novas Expedições;;2;1;5;;Na expedição britânica iniciada em 1858 pelo rio Zambeze, qual embarcação a vapor a equipe utilizou, cuja manutenção e consumo de combustível apresentaram problemas constantes?;;
102696;LIVROS MISSIONÁRIOS;O Missionario Que Enfrentou Um Leão;5 Novas Expedições;;2;1;5;;Durante a subida do rio Zambeze na expedição de 1858, que intransponível acidente geográfico, com cachoeira de nove metros de altura, barrou a continuidade da navegação a vapor?;;
102697;LIVROS MISSIONÁRIOS;O Missionario Que Enfrentou Um Leão;5 Novas Expedições;;2;1;5;;Ao desbravar o curso do rio Shire em 17 de setembro de 1859, superando sanguessugas nas águas frias, qual vasto lago de trinta mil quilômetros quadrados Livingstone descobriu?;;
102698;LIVROS MISSIONÁRIOS;O Missionario Que Enfrentou Um Leão;5 Novas Expedições;;2;1;5;;Durante o período de espera por novos navios, em qual localidade Livingstone prestou apoio aos macololos na montagem de engenhos de açúcar para garantir sua subsistência?;;
104964;LIVROS MISSIONÁRIOS;O Missionario Que Enfrentou Um Leão;5 Novas Expedições;;2;1;5;;Quantos anos haviam se passado desde que Livingstone se despedira de sua família quando decidiu voltar para casa?;;
104965;LIVROS MISSIONÁRIOS;O Missionario Que Enfrentou Um Leão;5 Novas Expedições;;2;1;5;;Para qual país Livingstone retornou depois de concluir sua grande travessia pela África?;;
104966;LIVROS MISSIONÁRIOS;O Missionario Que Enfrentou Um Leão;5 Novas Expedições;;2;1;5;;O que Livingstone descobriu quando chegou a Londres, depois de suas aventuras na África?;;
104967;LIVROS MISSIONÁRIOS;O Missionario Que Enfrentou Um Leão;5 Novas Expedições;;2;1;5;;Quem recebeu Livingstone em uma audiência quando ele chegou a Londres?;;
104968;LIVROS MISSIONÁRIOS;O Missionario Que Enfrentou Um Leão;5 Novas Expedições;;2;1;5;;Por que os cientistas convocaram Livingstone depois de seu retorno à Inglaterra?;;
104969;LIVROS MISSIONÁRIOS;O Missionario Que Enfrentou Um Leão;5 Novas Expedições;;2;1;5;;O que os jornais fizeram depois que Livingstone voltou da África?;;
104970;LIVROS MISSIONÁRIOS;O Missionario Que Enfrentou Um Leão;5 Novas Expedições;;2;1;5;;Como as pessoas reagiam quando viam Livingstone nas ruas de Londres?;;
104971;LIVROS MISSIONÁRIOS;O Missionario Que Enfrentou Um Leão;5 Novas Expedições;;2;1;5;;Que tipo de histórias despertava o interesse das pessoas que ouviam Livingstone?;;
104972;LIVROS MISSIONÁRIOS;O Missionario Que Enfrentou Um Leão;5 Novas Expedições;;2;1;5;;O que Livingstone aproveitou para fazer durante o período em que estava famoso na Inglaterra?;;
104973;LIVROS MISSIONÁRIOS;O Missionario Que Enfrentou Um Leão;5 Novas Expedições;;2;1;5;;Qual era o título do primeiro livro escrito por Livingstone?;;
104974;LIVROS MISSIONÁRIOS;O Missionario Que Enfrentou Um Leão;5 Novas Expedições;;2;1;5;;Quem autorizou a organização de uma nova expedição para dar continuidade às explorações?;;
104975;LIVROS MISSIONÁRIOS;O Missionario Que Enfrentou Um Leão;5 Novas Expedições;;2;1;5;;Qual era o objetivo da nova expedição autorizada pelo governo britânico?;;
104976;LIVROS MISSIONÁRIOS;O Missionario Que Enfrentou Um Leão;5 Novas Expedições;;2;1;5;;Em que mês e ano Livingstone embarcou novamente para a África?;;
104977;LIVROS MISSIONÁRIOS;O Missionario Que Enfrentou Um Leão;5 Novas Expedições;;2;1;5;;Quem acompanhou Livingstone em sua nova viagem à África?;;
104978;LIVROS MISSIONÁRIOS;O Missionario Que Enfrentou Um Leão;5 Novas Expedições;;2;1;5;;Durante quantos anos Livingstone e seus companheiros exploraram rios africanos nessa nova expedição?;;
104979;LIVROS MISSIONÁRIOS;O Missionario Que Enfrentou Um Leão;5 Novas Expedições;;2;1;5;;Que tipo de embarcação foi utilizada por Livingstone e seus companheiros para explorar os rios africanos?;;
104980;LIVROS MISSIONÁRIOS;O Missionario Que Enfrentou Um Leão;5 Novas Expedições;;2;1;5;;Quais regiões foram exploradas por Livingstone e seus companheiros durante os seis anos seguintes?;;
104981;LIVROS MISSIONÁRIOS;O Missionario Que Enfrentou Um Leão;5 Novas Expedições;;2;1;5;;Qual descoberta geográfica importante foi feita durante essa nova expedição?;;
104982;LIVROS MISSIONÁRIOS;O Missionario Que Enfrentou Um Leão;5 Novas Expedições;;2;1;5;;Além de explorar rios e descobrir o lago Niassa, o que Livingstone e seus companheiros estabeleceram?;;
104983;LIVROS MISSIONÁRIOS;O Missionario Que Enfrentou Um Leão;5 Novas Expedições;;2;1;5;;Quais fatores afetaram a saúde dos integrantes da expedição?;;
104984;LIVROS MISSIONÁRIOS;O Missionario Que Enfrentou Um Leão;5 Novas Expedições;;2;1;5;;Que problema a lancha a vapor apresentava com frequência?;;
104985;LIVROS MISSIONÁRIOS;O Missionario Que Enfrentou Um Leão;5 Novas Expedições;;2;1;5;;Em qual rio ocorreram as maiores dificuldades da expedição?;;
104986;LIVROS MISSIONÁRIOS;O Missionario Que Enfrentou Um Leão;5 Novas Expedições;;2;1;5;;Por que a expedição havia sido organizada principalmente?;;
104987;LIVROS MISSIONÁRIOS;O Missionario Que Enfrentou Um Leão;5 Novas Expedições;;2;1;5;;O que Livingstone havia ouvido sobre as cataratas de Kebrabasa antes de encontrá-las?;;
104988;LIVROS MISSIONÁRIOS;O Missionario Que Enfrentou Um Leão;5 Novas Expedições;;2;1;5;;Como Livingstone reagiu inicialmente às histórias sobre as cataratas de Kebrabasa?;;
104989;LIVROS MISSIONÁRIOS;O Missionario Que Enfrentou Um Leão;5 Novas Expedições;;2;1;5;;O que Livingstone encontrou quando finalmente ficou diante das cataratas de Kebrabasa?;;
104990;LIVROS MISSIONÁRIOS;O Missionario Que Enfrentou Um Leão;5 Novas Expedições;;2;1;5;;Como era o fluxo das cataratas de Kebrabasa?;;
104991;LIVROS MISSIONÁRIOS;O Missionario Que Enfrentou Um Leão;5 Novas Expedições;;2;1;5;;O que a equipe de Livingstone precisou fazer ao encontrar as cataratas de Kebrabasa?;;
104992;LIVROS MISSIONÁRIOS;O Missionario Que Enfrentou Um Leão;5 Novas Expedições;;2;1;5;;Como Livingstone e sua equipe se sentiram ao precisar retornar diante das cataratas?;;
104993;LIVROS MISSIONÁRIOS;O Missionario Que Enfrentou Um Leão;5 Novas Expedições;;2;1;5;;Como Livingstone reagiu ao grande desapontamento causado pelas cataratas?;;
104994;LIVROS MISSIONÁRIOS;O Missionario Que Enfrentou Um Leão;5 Novas Expedições;;2;1;5;;O que Livingstone declarou em sua oração diante das dificuldades?;;
104995;LIVROS MISSIONÁRIOS;O Missionario Que Enfrentou Um Leão;5 Novas Expedições;;2;1;5;;O que Livingstone fez depois de deixar a lancha “Mãe Roberta”?;;
104996;LIVROS MISSIONÁRIOS;O Missionario Que Enfrentou Um Leão;5 Novas Expedições;;2;1;5;;O que Livingstone tinha ouvido falar que existia ao norte do rio Shire?;;
104997;LIVROS MISSIONÁRIOS;O Missionario Que Enfrentou Um Leão;5 Novas Expedições;;2;1;5;;Qual lago Livingstone descobriu primeiro durante sua viagem pelo rio Shire?;;
104998;LIVROS MISSIONÁRIOS;O Missionario Que Enfrentou Um Leão;5 Novas Expedições;;2;1;5;;Qual era a extensão aproximada do lago Shirwa?;;
104999;LIVROS MISSIONÁRIOS;O Missionario Que Enfrentou Um Leão;5 Novas Expedições;;2;1;5;;O que os nativos disseram a Livingstone depois que ele descobriu o lago Shirwa?;;
105000;LIVROS MISSIONÁRIOS;O Missionario Que Enfrentou Um Leão;5 Novas Expedições;;2;1;5;;Que dificuldade Livingstone enfrentou ao continuar sua viagem pelo rio Shire?;;
105001;LIVROS MISSIONÁRIOS;O Missionario Que Enfrentou Um Leão;5 Novas Expedições;;2;1;5;;Em que data Livingstone chegou ao lago Niassa?;;
105002;LIVROS MISSIONÁRIOS;O Missionario Que Enfrentou Um Leão;5 Novas Expedições;;2;1;5;;Como o lago Niassa era classificado em relação aos lagos africanos?;;
105003;LIVROS MISSIONÁRIOS;O Missionario Que Enfrentou Um Leão;5 Novas Expedições;;2;1;5;;Qual era a extensão aproximada do lago Niassa?;;
105004;LIVROS MISSIONÁRIOS;O Missionario Que Enfrentou Um Leão;5 Novas Expedições;;2;1;5;;Que providência Livingstone havia tomado junto ao governo britânico para continuar suas explorações?;;
105005;LIVROS MISSIONÁRIOS;O Missionario Que Enfrentou Um Leão;5 Novas Expedições;;2;1;5;;Como Livingstone conseguiu recursos para comprar outro barco?;;
105006;LIVROS MISSIONÁRIOS;O Missionario Que Enfrentou Um Leão;5 Novas Expedições;;2;1;5;;Qual livro havia possibilitado que Livingstone ganhasse dinheiro para comprar outro barco?;;
105007;LIVROS MISSIONÁRIOS;O Missionario Que Enfrentou Um Leão;5 Novas Expedições;;2;1;5;;O que Livingstone fez enquanto aguardava a chegada das novas embarcações?;;
105008;LIVROS MISSIONÁRIOS;O Missionario Que Enfrentou Um Leão;5 Novas Expedições;;2;1;5;;Para onde Livingstone foi durante esse período de descanso?;;
105009;LIVROS MISSIONÁRIOS;O Missionario Que Enfrentou Um Leão;5 Novas Expedições;;2;1;5;;Quem Livingstone encontrou em Tete?;;
105010;LIVROS MISSIONÁRIOS;O Missionario Que Enfrentou Um Leão;5 Novas Expedições;;2;1;5;;O que alguns macololos que estavam em Tete desejavam fazer?;;
105011;LIVROS MISSIONÁRIOS;O Missionario Que Enfrentou Um Leão;5 Novas Expedições;;2;1;5;;Como Livingstone ajudou os macololos que desejavam permanecer em Tete?;;
105012;LIVROS MISSIONÁRIOS;O Missionario Que Enfrentou Um Leão;5 Novas Expedições;;2;1;5;;Para que serviriam os engenhos de açúcar construídos pelos macololos em Tete?;;
105013;LIVROS MISSIONÁRIOS;O Missionario Que Enfrentou Um Leão;5 Novas Expedições;;2;1;5;;O que outros macololos desejavam fazer em vez de permanecer em Tete?;;
105014;LIVROS MISSIONÁRIOS;O Missionario Que Enfrentou Um Leão;5 Novas Expedições;;2;1;5;;O que Livingstone fez pelos macololos que desejavam retornar à sua aldeia?;;
105015;LIVROS MISSIONÁRIOS;O Missionario Que Enfrentou Um Leão;5 Novas Expedições;;2;1;5;;Qual alternativa resume melhor o conteúdo do Capítulo 5?;;
102699;LIVROS MISSIONÁRIOS;O Missionario Que Enfrentou Um Leão;5 Novas Expedições;;2;1;5;;Quantos anos haviam se passado desde que Livingstone se despedira de sua família, quando ele finalmente retornou a Londres e descobriu que havia se tornado famoso?;;
102700;LIVROS MISSIONÁRIOS;O Missionario Que Enfrentou Um Leão;5 Novas Expedições;;2;1;5;;Ao chegar a Londres e descobrir sua fama, por quem Livingstone foi recebido em uma audiência, além de ser convocado por cientistas para fazer conferências?;;
102701;LIVROS MISSIONÁRIOS;O Missionario Que Enfrentou Um Leão;5 Novas Expedições;;2;1;5;;Qual foi o título do primeiro livro escrito por Livingstone, obra que ele aproveitou para redigir durante o período em que esteve em Londres?;;
102702;LIVROS MISSIONÁRIOS;O Missionario Que Enfrentou Um Leão;5 Novas Expedições;;2;1;5;;Quem autorizou a organização de uma nova expedição para o prosseguimento das explorações de Livingstone, permitindo que ele embarcasse novamente para a África em março de 1858?;;
102703;LIVROS MISSIONÁRIOS;O Missionario Que Enfrentou Um Leão;5 Novas Expedições;;2;1;5;;Quem acompanhou Livingstone em sua viagem de retorno à África em março de 1858, iniciando uma nova fase de explorações?;;
102704;LIVROS MISSIONÁRIOS;O Missionario Que Enfrentou Um Leão;5 Novas Expedições;;2;1;5;;Que tipo de embarcação Livingstone e seus companheiros usaram, durante os seis anos seguintes, para explorar o rio Zambeze e outros rios do centro e leste da África?;;
102705;LIVROS MISSIONÁRIOS;O Missionario Que Enfrentou Um Leão;5 Novas Expedições;;2;1;5;;Além de descobrir o lago Niassa, o que Livingstone e sua equipe estabeleceram ao longo dessa expedição pelo rio Zambeze e outros rios da região?;;
102706;LIVROS MISSIONÁRIOS;O Missionario Que Enfrentou Um Leão;5 Novas Expedições;;2;1;5;;Quais fatores afetaram a saúde de toda a equipe de Livingstone durante a expedição pelo rio Zambeze, além dos frequentes problemas mecânicos da lancha?;;
102707;LIVROS MISSIONÁRIOS;O Missionario Que Enfrentou Um Leão;5 Novas Expedições;;2;1;5;;O que os nativos diziam sobre as cataratas de Kebrabasa, das quais Livingstone já tinha ouvido falar em viagens anteriores, antes de finalmente vê-las pessoalmente?;;
102708;LIVROS MISSIONÁRIOS;O Missionario Que Enfrentou Um Leão;5 Novas Expedições;;2;1;5;;Ao finalmente avistar as cataratas de Kebrabasa, o que Livingstone e sua equipe encontraram, formação que os obrigou a desistir da travessia e voltar?;;
102709;LIVROS MISSIONÁRIOS;O Missionario Que Enfrentou Um Leão;5 Novas Expedições;;2;1;5;;Diante do grande desapontamento de não conseguir atravessar as cataratas de Kebrabasa, como Livingstone orou a Deus, demonstrando não ter desanimado apesar do fracasso?;;
102710;LIVROS MISSIONÁRIOS;O Missionario Que Enfrentou Um Leão;5 Novas Expedições;;2;1;5;;Qual era o nome da lancha que Livingstone deixou para trás ao navegar com um pequeno grupo pelo rio Shire, em busca de um grande lago do qual havia ouvido falar?;;
102711;LIVROS MISSIONÁRIOS;O Missionario Que Enfrentou Um Leão;5 Novas Expedições;;2;1;5;;Qual foi o primeiro lago que Livingstone descobriu ao navegar pelo rio Shire, corpo d'água que tem mais de cem quilômetros de comprimento?;;
102712;LIVROS MISSIONÁRIOS;O Missionario Que Enfrentou Um Leão;5 Novas Expedições;;2;1;5;;"Apesar de ter descoberto o lago Shirwa, o que os nativos disseram a Livingstone sobre a localização da ""grande água"" que ele realmente procurava?";;
102713;LIVROS MISSIONÁRIOS;O Missionario Que Enfrentou Um Leão;5 Novas Expedições;;2;1;5;;Que tipo de criatura aquática infestava as águas frias do rio Shire, atacando Livingstone e seu grupo enquanto prosseguiam viagem em busca do grande lago?;;
102714;LIVROS MISSIONÁRIOS;O Missionario Que Enfrentou Um Leão;5 Novas Expedições;;2;1;5;;Em que data Livingstone chegou ao lago Niassa, o segundo lago africano em tamanho, cobrindo uma extensão de 30 mil quilômetros quadrados?;;
102715;LIVROS MISSIONÁRIOS;O Missionario Que Enfrentou Um Leão;5 Novas Expedições;;2;1;5;;Além de solicitar outro navio ao governo britânico, como Livingstone conseguiu comprar um segundo barco para suas explorações?;;
102716;LIVROS MISSIONÁRIOS;O Missionario Que Enfrentou Um Leão;5 Novas Expedições;;2;1;5;;"Enquanto aguardava a chegada dos novos navios, para onde Livingstone foi durante o período que chamou de ""férias"", reencontrando alguns de seus antigos companheiros macololos?";;
102717;LIVROS MISSIONÁRIOS;O Missionario Que Enfrentou Um Leão;5 Novas Expedições;;2;1;5;;Em Tete, com o que Livingstone ajudou os macololos que queriam se estabelecer ali, permitindo que obtivessem seu próprio sustento?;;
102718;LIVROS MISSIONÁRIOS;O Missionario Que Enfrentou Um Leão;6 A Luta Contra a Escravidão;;2;1;6;;Durante sua atuação na África, Davi Livingstone, o empenhado missionário, identificou que qual grupo constituía os principais traficantes de escravos que entravam pelo interior do território para formar grandes caravanas? (PG 19);;
102719;LIVROS MISSIONÁRIOS;O Missionario Que Enfrentou Um Leão;6 A Luta Contra a Escravidão;;2;1;6;;Ao aprofundar seu conhecimento sobre o tráfico de pessoas, qual constatação modificou a ideia inicial de Davi Livingstone, o observador britânico, de que apenas estrangeiros praticavam a escravização? (PG 19);;
102720;LIVROS MISSIONÁRIOS;O Missionario Que Enfrentou Um Leão;6 A Luta Contra a Escravidão;;2;1;6;;Quando a comitiva de Davi Livingstone, o respeitado explorador cristão, se aproximava das aldeias nativas, por qual motivo inicial os moradores entravam em pânico e fugiam para se esconder? (PG 19);;
102721;LIVROS MISSIONÁRIOS;O Missionario Que Enfrentou Um Leão;6 A Luta Contra a Escravidão;;2;1;6;;Após perceberem que a caravana recém-chegada pertencia a Davi Livingstone, o compassivo médico e missionário, os habitantes das aldeias passavam a chamá-lo por qual denominação afetuosa? (PG 19);;
102722;LIVROS MISSIONÁRIOS;O Missionario Que Enfrentou Um Leão;6 A Luta Contra a Escravidão;;2;1;6;;Ao viajar acompanhado de missionários ingleses no interior da África, de qual forma Davi Livingstone, o abnegado líder, presenciou a libertação de uma longa fila de homens e mulheres acorrentados pelo pescoço? (PG 20);;
102723;LIVROS MISSIONÁRIOS;O Missionario Que Enfrentou Um Leão;6 A Luta Contra a Escravidão;;2;1;6;;Segundo os dados compilados sobre o trágico impacto do comércio de escravos na África, qual era a estimativa anual de pessoas levadas como escravas até a costa? (PG 20);;
102724;LIVROS MISSIONÁRIOS;O Missionario Que Enfrentou Um Leão;6 A Luta Contra a Escravidão;;2;1;6;;Durante as violentas expedições de captura promovidas pelos traficantes no interior do continente, quantas pessoas, incluindo velhos e jovens, estimava-se que eram mortas anualmente? (PG 20);;
102725;LIVROS MISSIONÁRIOS;O Missionario Que Enfrentou Um Leão;6 A Luta Contra a Escravidão;;2;1;6;;Na aldeia, quando a caravana de Livingstone, o respeitado missionário, era confundida com mercadores de escravos, qual era a reação específica das crianças diante da aproximação do grupo? (PG 19);;
102726;LIVROS MISSIONÁRIOS;O Missionario Que Enfrentou Um Leão;6 A Luta Contra a Escravidão;;2;1;6;;Qual fato surpreendente Davi Livingstone, o observador atento, descobriu a respeito da participação dos próprios africanos no sistema de escravidão no interior do continente? (PG 19);;
102727;LIVROS MISSIONÁRIOS;O Missionario Que Enfrentou Um Leão;6 A Luta Contra a Escravidão;;2;1;6;;Durante a libertação de cativos presenciada por Davi Livingstone, o defensor da liberdade, de qual maneira os homens e mulheres da longa fila encontrada no interior estavam fisicamente unidos? (PG 20);;
102728;LIVROS MISSIONÁRIOS;O Missionario Que Enfrentou Um Leão;6 A Luta Contra a Escravidão;;2;1;6;;Após os traficantes fugirem e abandonarem a fila de cativos diante da caravana de Davi Livingstone, qual foi o destino imediato das pessoas que foram resgatadas? (PG 20);;
102729;LIVROS MISSIONÁRIOS;O Missionario Que Enfrentou Um Leão;6 A Luta Contra a Escravidão;;2;1;6;;Davi Livingstone, o veterano missionário médico, dedicou qual período de sua trajetória no continente africano para combater o terrível comércio de escravos? (PG 19 e 20);;
105016;LIVROS MISSIONÁRIOS;O Missionario Que Enfrentou Um Leão;6 A Luta Contra a Escravidão;;2;1;6;;Durante todo o tempo em que viveu na África, qual problema preocupou Davi Livingstone, o missionário que enfrentou um leão?;;
105017;LIVROS MISSIONÁRIOS;O Missionario Que Enfrentou Um Leão;6 A Luta Contra a Escravidão;;2;1;6;;Quem eram os principais traficantes de escravos que entravam território adentro e voltavam com grandes caravanas de escravos, segundo o Capítulo 06?;;
105018;LIVROS MISSIONÁRIOS;O Missionario Que Enfrentou Um Leão;6 A Luta Contra a Escravidão;;2;1;6;;O que os árabes, principais traficantes de escravos mencionados no Capítulo 06, faziam ao entrar território adentro?;;
105019;LIVROS MISSIONÁRIOS;O Missionario Que Enfrentou Um Leão;6 A Luta Contra a Escravidão;;2;1;6;;No início, o que Davi Livingstone, o missionário que enfrentou um leão, pensava sobre a captura e venda de escravos?;;
105020;LIVROS MISSIONÁRIOS;O Missionario Que Enfrentou Um Leão;6 A Luta Contra a Escravidão;;2;1;6;;O que Davi Livingstone, o missionário que enfrentou um leão, descobriu depois sobre o tráfico de escravos?;;
105021;LIVROS MISSIONÁRIOS;O Missionario Que Enfrentou Um Leão;6 A Luta Contra a Escravidão;;2;1;6;;Como as aldeias reagiam quando a caravana de Davi Livingstone, o missionário que enfrentou um leão, se aproximava?;;
105022;LIVROS MISSIONÁRIOS;O Missionario Que Enfrentou Um Leão;6 A Luta Contra a Escravidão;;2;1;6;;O que os moradores das aldeias faziam ao pensar que a caravana que se aproximava era de mercadores de escravos?;;
105023;LIVROS MISSIONÁRIOS;O Missionario Que Enfrentou Um Leão;6 A Luta Contra a Escravidão;;2;1;6;;Como as crianças reagiam quando as aldeias entravam em pânico com a aproximação da caravana de Davi Livingstone, o missionário que enfrentou um leão?;;
105024;LIVROS MISSIONÁRIOS;O Missionario Que Enfrentou Um Leão;6 A Luta Contra a Escravidão;;2;1;6;;O que acontecia depois que os nativos descobriam que a caravana que se aproximava era a do “homem bom”, Davi Livingstone?;;
105025;LIVROS MISSIONÁRIOS;O Missionario Que Enfrentou Um Leão;6 A Luta Contra a Escravidão;;2;1;6;;Com quem Davi Livingstone, o missionário que enfrentou um leão, viajava certa vez quando encontrou uma longa fila de homens e mulheres acorrentados pelo pescoço?;;
105026;LIVROS MISSIONÁRIOS;O Missionario Que Enfrentou Um Leão;6 A Luta Contra a Escravidão;;2;1;6;;Como estavam os homens e mulheres que Davi Livingstone, o missionário que enfrentou um leão, encontrou certa vez em uma longa fila?;;
105027;LIVROS MISSIONÁRIOS;O Missionario Que Enfrentou Um Leão;6 A Luta Contra a Escravidão;;2;1;6;;O que os traficantes fizeram quando se assustaram com a chegada da caravana de Davi Livingstone, o missionário que enfrentou um leão?;;
105028;LIVROS MISSIONÁRIOS;O Missionario Que Enfrentou Um Leão;6 A Luta Contra a Escravidão;;2;1;6;;O que aconteceu com os escravos deixados pelos traficantes que fugiram com a chegada da caravana de Davi Livingstone, o missionário que enfrentou um leão?;;
105029;LIVROS MISSIONÁRIOS;O Missionario Que Enfrentou Um Leão;6 A Luta Contra a Escravidão;;2;1;6;;Como o texto do Capítulo 06 descreve a escravidão?;;
105030;LIVROS MISSIONÁRIOS;O Missionario Que Enfrentou Um Leão;6 A Luta Contra a Escravidão;;2;1;6;;Segundo as estimativas apresentadas no Capítulo 06, quantos escravos eram levados até a costa cada ano?;;
105031;LIVROS MISSIONÁRIOS;O Missionario Que Enfrentou Um Leão;6 A Luta Contra a Escravidão;;2;1;6;;Segundo as estimativas apresentadas no Capítulo 06, quantas pessoas, incluindo velhos e moços, eram mortas nas expedições de captura?;;
105032;LIVROS MISSIONÁRIOS;O Missionario Que Enfrentou Um Leão;6 A Luta Contra a Escravidão;;2;1;6;;O que Davi Livingstone, o missionário que enfrentou um leão, fez durante toda a sua vida em relação ao comércio de escravos?;;
105033;LIVROS MISSIONÁRIOS;O Missionario Que Enfrentou Um Leão;6 A Luta Contra a Escravidão;;2;1;6;;Para onde os árabes, principais traficantes de escravos, entravam para capturar escravos, segundo o Capítulo 06?;;
105034;LIVROS MISSIONÁRIOS;O Missionario Que Enfrentou Um Leão;6 A Luta Contra a Escravidão;;2;1;6;;O que os árabes traziam quando voltavam de suas incursões território adentro, de acordo com o Capítulo 06?;;
105035;LIVROS MISSIONÁRIOS;O Missionario Que Enfrentou Um Leão;6 A Luta Contra a Escravidão;;2;1;6;;Por que as aldeias se tornavam amigas de Davi Livingstone, o missionário que enfrentou um leão, depois de descobrirem que era a caravana do “homem bom”?;;
105036;LIVROS MISSIONÁRIOS;O Missionario Que Enfrentou Um Leão;6 A Luta Contra a Escravidão;;2;1;6;;O que Davi Livingstone, o missionário que enfrentou um leão, pensava inicialmente sobre quem capturava e vendia escravos?;;
105037;LIVROS MISSIONÁRIOS;O Missionario Que Enfrentou Um Leão;6 A Luta Contra a Escravidão;;2;1;6;;O que Davi Livingstone, o missionário que enfrentou um leão, descobriu depois de algum tempo sobre o tráfico de escravos?;;
105038;LIVROS MISSIONÁRIOS;O Missionario Que Enfrentou Um Leão;6 A Luta Contra a Escravidão;;2;1;6;;Qual era o sentimento das aldeias ao ver a caravana de Davi Livingstone, o missionário que enfrentou um leão, se aproximando antes de saberem quem ele era?;;
105039;LIVROS MISSIONÁRIOS;O Missionario Que Enfrentou Um Leão;6 A Luta Contra a Escravidão;;2;1;6;;O que as crianças faziam quando as aldeias entravam em pânico com a aproximação da caravana de Davi Livingstone, o missionário que enfrentou um leão?;;
105040;LIVROS MISSIONÁRIOS;O Missionario Que Enfrentou Um Leão;6 A Luta Contra a Escravidão;;2;1;6;;O que Davi Livingstone, o missionário que enfrentou um leão, encontrou certa vez ao viajar com alguns missionários ingleses?;;
105041;LIVROS MISSIONÁRIOS;O Missionario Que Enfrentou Um Leão;6 A Luta Contra a Escravidão;;2;1;6;;O que os traficantes fizeram ao se assustarem com a chegada da caravana de Davi Livingstone, o missionário que enfrentou um leão, e dos missionários ingleses?;;
105042;LIVROS MISSIONÁRIOS;O Missionario Que Enfrentou Um Leão;6 A Luta Contra a Escravidão;;2;1;6;;O que aconteceu com os escravos que os traficantes deixaram para trás ao fugir da caravana de Davi Livingstone, o missionário que enfrentou um leão?;;
105043;LIVROS MISSIONÁRIOS;O Missionario Que Enfrentou Um Leão;6 A Luta Contra a Escravidão;;2;1;6;;Qual é a estimativa apresentada no Capítulo 06 sobre o número de escravos levados até a costa a cada ano?;;
105044;LIVROS MISSIONÁRIOS;O Missionario Que Enfrentou Um Leão;6 A Luta Contra a Escravidão;;2;1;6;;Qual é a estimativa apresentada no Capítulo 06 sobre o número de pessoas mortas nas expedições de captura de escravos?;;
105045;LIVROS MISSIONÁRIOS;O Missionario Que Enfrentou Um Leão;6 A Luta Contra a Escravidão;;2;1;6;;O que Davi Livingstone, o missionário que enfrentou um leão, fez durante toda a sua vida em relação ao comércio de escravos?;;
105046;LIVROS MISSIONÁRIOS;O Missionario Que Enfrentou Um Leão;6 A Luta Contra a Escravidão;;2;1;6;;Quem eram os principais traficantes de escravos que entravam território adentro e voltavam com grandes caravanas, segundo o Capítulo 06?;;
105047;LIVROS MISSIONÁRIOS;O Missionario Que Enfrentou Um Leão;6 A Luta Contra a Escravidão;;2;1;6;;O que Davi Livingstone, o missionário que enfrentou um leão, pensava no início sobre a seriedade do problema da escravidão?;;
102730;LIVROS MISSIONÁRIOS;O Missionario Que Enfrentou Um Leão;6 A Luta Contra a Escravidão;;2;1;6;;Durante todo o período em que viveu na África, qual problema social preocupou especialmente Davi Livingstone? Capítulo 6;;
102731;LIVROS MISSIONÁRIOS;O Missionario Que Enfrentou Um Leão;6 A Luta Contra a Escravidão;;2;1;6;;Segundo o relato do livro, quem eram os principais traficantes de escravos na região africana percorrida por Livingstone? Capítulo 6;;
102732;LIVROS MISSIONÁRIOS;O Missionario Que Enfrentou Um Leão;6 A Luta Contra a Escravidão;;2;1;6;;Para onde os traficantes árabes avançavam a fim de capturar pessoas para o comércio de escravos? Capítulo 6;;
102733;LIVROS MISSIONÁRIOS;O Missionario Que Enfrentou Um Leão;6 A Luta Contra a Escravidão;;2;1;6;;Com o que os traficantes árabes retornavam depois de suas incursões pelo interior da África? Capítulo 6;;
102734;LIVROS MISSIONÁRIOS;O Missionario Que Enfrentou Um Leão;6 A Luta Contra a Escravidão;;2;1;6;;No início de seu contato com a realidade da escravidão africana, o que Livingstone ainda não compreendia plenamente? Capítulo 6;;
102735;LIVROS MISSIONÁRIOS;O Missionario Que Enfrentou Um Leão;6 A Luta Contra a Escravidão;;2;1;6;;O que Livingstone pensava inicialmente sobre quem capturava e vendia pessoas como escravas na África? Capítulo 6;;
102736;LIVROS MISSIONÁRIOS;O Missionario Que Enfrentou Um Leão;6 A Luta Contra a Escravidão;;2;1;6;;Que descoberta ampliou a compreensão de Livingstone sobre o tráfico de escravos na África? Capítulo 6;;
102737;LIVROS MISSIONÁRIOS;O Missionario Que Enfrentou Um Leão;6 A Luta Contra a Escravidão;;2;1;6;;De onde vinham os jovens que alguns africanos capturavam e vendiam como escravos? Capítulo 6;;
102738;LIVROS MISSIONÁRIOS;O Missionario Que Enfrentou Um Leão;6 A Luta Contra a Escravidão;;2;1;6;;Como os moradores das aldeias reagiam inicialmente quando viam a caravana de Livingstone se aproximando? Capítulo 6;;
102739;LIVROS MISSIONÁRIOS;O Missionario Que Enfrentou Um Leão;6 A Luta Contra a Escravidão;;2;1;6;;Por que as aldeias entravam em pânico quando a caravana de Livingstone se aproximava? Capítulo 6;;
102740;LIVROS MISSIONÁRIOS;O Missionario Que Enfrentou Um Leão;6 A Luta Contra a Escravidão;;2;1;6;;O que os moradores das aldeias costumavam fazer ao confundirem a caravana de Livingstone com mercadores de escravos? Capítulo 6;;
102741;LIVROS MISSIONÁRIOS;O Missionario Que Enfrentou Um Leão;6 A Luta Contra a Escravidão;;2;1;6;;Como as crianças reagiam quando uma aldeia acreditava estar sendo abordada por traficantes de escravos? Capítulo 6;;
102742;LIVROS MISSIONÁRIOS;O Missionario Que Enfrentou Um Leão;6 A Luta Contra a Escravidão;;2;1;6;;O que fazia os moradores das aldeias mudarem de atitude em relação à caravana de Livingstone? Capítulo 6;;
102743;LIVROS MISSIONÁRIOS;O Missionario Que Enfrentou Um Leão;6 A Luta Contra a Escravidão;;2;1;6;;Como os moradores das aldeias passavam a tratar Livingstone depois de perceberem que sua caravana não era formada por traficantes de escravos? Capítulo 6;;
102744;LIVROS MISSIONÁRIOS;O Missionario Que Enfrentou Um Leão;6 A Luta Contra a Escravidão;;2;1;6;;Com quem Livingstone viajava quando encontrou um grupo de pessoas escravizadas e acorrentadas? Capítulo 6;;
102745;LIVROS MISSIONÁRIOS;O Missionario Que Enfrentou Um Leão;6 A Luta Contra a Escravidão;;2;1;6;;Qual era o objetivo dos missionários ingleses que acompanhavam Livingstone quando encontraram uma fila de pessoas escravizadas? Capítulo 6;;
102746;LIVROS MISSIONÁRIOS;O Missionario Que Enfrentou Um Leão;6 A Luta Contra a Escravidão;;2;1;6;;O que Livingstone e os missionários ingleses encontraram durante uma viagem ao interior da África? Capítulo 6;;
102747;LIVROS MISSIONÁRIOS;O Missionario Que Enfrentou Um Leão;6 A Luta Contra a Escravidão;;2;1;6;;De que maneira os homens e mulheres encontrados por Livingstone estavam presos uns aos outros? Capítulo 6;;
102748;LIVROS MISSIONÁRIOS;O Missionario Que Enfrentou Um Leão;6 A Luta Contra a Escravidão;;2;1;6;;Como os traficantes reagiram quando perceberam a chegada da caravana de Livingstone ao local onde mantinham homens e mulheres acorrentados? Capítulo 6;;
102749;LIVROS MISSIONÁRIOS;O Missionario Que Enfrentou Um Leão;6 A Luta Contra a Escravidão;;2;1;6;;O que os traficantes deixaram para trás ao fugirem diante da chegada da caravana de Livingstone? Capítulo 6;;
102750;LIVROS MISSIONÁRIOS;O Missionario Que Enfrentou Um Leão;6 A Luta Contra a Escravidão;;2;1;6;;O que aconteceu com os homens e mulheres abandonados pelos traficantes após a chegada de Livingstone e dos missionários? Capítulo 6;;
102751;LIVROS MISSIONÁRIOS;O Missionario Que Enfrentou Um Leão;6 A Luta Contra a Escravidão;;2;1;6;;Como o livro caracteriza o comércio de escravos que Livingstone presenciou na África? Capítulo 6;;
102752;LIVROS MISSIONÁRIOS;O Missionario Que Enfrentou Um Leão;6 A Luta Contra a Escravidão;;2;1;6;;Segundo a estimativa apresentada no livro, aproximadamente quantos escravos eram levados até a costa a cada ano? Capítulo 6;;
102753;LIVROS MISSIONÁRIOS;O Missionario Que Enfrentou Um Leão;6 A Luta Contra a Escravidão;;2;1;6;;Para onde eram levadas anualmente cerca de 19 mil pessoas escravizadas, segundo a estimativa apresentada no livro? Capítulo 6;;
102754;LIVROS MISSIONÁRIOS;O Missionario Que Enfrentou Um Leão;6 A Luta Contra a Escravidão;;2;1;6;;Aproximadamente quantas pessoas eram mortas nas expedições realizadas para capturar escravos, segundo a estimativa apresentada no livro? Capítulo 6;;
102755;LIVROS MISSIONÁRIOS;O Missionario Que Enfrentou Um Leão;6 A Luta Contra a Escravidão;;2;1;6;;Que grupos de idade estavam incluídos entre as cerca de 90 mil pessoas mortas nas expedições de captura de escravos? Capítulo 6;;
102756;LIVROS MISSIONÁRIOS;O Missionario Que Enfrentou Um Leão;6 A Luta Contra a Escravidão;;2;1;6;;Em que tipo de operação ocorriam as mortes de cerca de 90 mil pessoas mencionadas no relato sobre a escravidão? Capítulo 6;;
102757;LIVROS MISSIONÁRIOS;O Missionario Que Enfrentou Um Leão;6 A Luta Contra a Escravidão;;2;1;6;;Qual foi a postura de Livingstone diante do comércio de escravos ao longo de sua vida? Capítulo 6;;
102758;LIVROS MISSIONÁRIOS;O Missionario Que Enfrentou Um Leão;6 A Luta Contra a Escravidão;;2;1;6;;Ao aprofundar seu conhecimento sobre o comércio de escravizados no interior africano, qual constatação desmistificou a percepção inicial ingênua que Livingstone tinha sobre o problema?;;
102759;LIVROS MISSIONÁRIOS;O Missionario Que Enfrentou Um Leão;6 A Luta Contra a Escravidão;;2;1;6;;"Quando a caravana de Livingstone se aproximava de novas aldeias no interior, qual reação imediata de terror as populações nativas demonstravam antes de reconhecerem o ""homem bom""?";;
102760;LIVROS MISSIONÁRIOS;O Missionario Que Enfrentou Um Leão;6 A Luta Contra a Escravidão;;2;1;6;;Segundo as estimativas apresentadas no texto histórico sobre a dimensão do comércio humano na região, qual número estarrecedor de vítimas era assassinado anualmente nas expedições de captura?;;
105048;LIVROS MISSIONÁRIOS;O Missionario Que Enfrentou Um Leão;6 A Luta Contra a Escravidão;;2;1;6;;Durante todo o período em que viveu na África, com qual problema Davi Livingstone se preocupou especialmente?;;
105049;LIVROS MISSIONÁRIOS;O Missionario Que Enfrentou Um Leão;6 A Luta Contra a Escravidão;;2;1;6;;Quem eram apontados como os principais traficantes de escravos que atuavam no interior da África?;;
105050;LIVROS MISSIONÁRIOS;O Missionario Que Enfrentou Um Leão;6 A Luta Contra a Escravidão;;2;1;6;;Como os principais traficantes de escravos atuavam no interior do continente africano?;;
105051;LIVROS MISSIONÁRIOS;O Missionario Que Enfrentou Um Leão;6 A Luta Contra a Escravidão;;2;1;6;;O que Livingstone pensava inicialmente sobre os responsáveis pela captura e venda de escravos?;;
105052;LIVROS MISSIONÁRIOS;O Missionario Que Enfrentou Um Leão;6 A Luta Contra a Escravidão;;2;1;6;;O que Livingstone descobriu posteriormente sobre a participação dos africanos no tráfico de escravos?;;
105053;LIVROS MISSIONÁRIOS;O Missionario Que Enfrentou Um Leão;6 A Luta Contra a Escravidão;;2;1;6;;Quem era capturado e vendido como escravo pelos próprios africanos, conforme a descoberta de Livingstone?;;
105054;LIVROS MISSIONÁRIOS;O Missionario Que Enfrentou Um Leão;6 A Luta Contra a Escravidão;;2;1;6;;Como as aldeias reagiam quando avistavam a caravana de Livingstone se aproximando?;;
105055;LIVROS MISSIONÁRIOS;O Missionario Que Enfrentou Um Leão;6 A Luta Contra a Escravidão;;2;1;6;;O que os moradores das aldeias faziam ao imaginar que a caravana de Livingstone era formada por traficantes?;;
105056;LIVROS MISSIONÁRIOS;O Missionario Que Enfrentou Um Leão;6 A Luta Contra a Escravidão;;2;1;6;;Como as crianças reagiam quando a caravana de Livingstone se aproximava e era confundida com uma caravana de escravizadores?;;
105057;LIVROS MISSIONÁRIOS;O Missionario Que Enfrentou Um Leão;6 A Luta Contra a Escravidão;;2;1;6;;O que acontecia depois que os moradores descobriam a verdadeira identidade da caravana de Livingstone?;;
105058;LIVROS MISSIONÁRIOS;O Missionario Que Enfrentou Um Leão;6 A Luta Contra a Escravidão;;2;1;6;;Como Livingstone era conhecido pelos moradores das aldeias africanas?;;
105059;LIVROS MISSIONÁRIOS;O Missionario Que Enfrentou Um Leão;6 A Luta Contra a Escravidão;;2;1;6;;Com quem Livingstone viajava quando encontrou uma fila de pessoas escravizadas?;;
105060;LIVROS MISSIONÁRIOS;O Missionario Que Enfrentou Um Leão;6 A Luta Contra a Escravidão;;2;1;6;;Por que os missionários ingleses que acompanhavam Livingstone haviam ido ao interior da África?;;
105061;LIVROS MISSIONÁRIOS;O Missionario Que Enfrentou Um Leão;6 A Luta Contra a Escravidão;;2;1;6;;O que Livingstone e os missionários ingleses encontraram durante essa viagem?;;
105062;LIVROS MISSIONÁRIOS;O Missionario Que Enfrentou Um Leão;6 A Luta Contra a Escravidão;;2;1;6;;Como os escravizados estavam presos, conforme o relato do capítulo?;;
105063;LIVROS MISSIONÁRIOS;O Missionario Que Enfrentou Um Leão;6 A Luta Contra a Escravidão;;2;1;6;;O que os traficantes fizeram quando perceberam a chegada da caravana de Livingstone?;;
105064;LIVROS MISSIONÁRIOS;O Missionario Que Enfrentou Um Leão;6 A Luta Contra a Escravidão;;2;1;6;;Qual foi o resultado da fuga dos traficantes de escravos?;;
105065;LIVROS MISSIONÁRIOS;O Missionario Que Enfrentou Um Leão;6 A Luta Contra a Escravidão;;2;1;6;;O que os escravizados puderam fazer depois de serem libertados pela caravana de Livingstone?;;
105066;LIVROS MISSIONÁRIOS;O Missionario Que Enfrentou Um Leão;6 A Luta Contra a Escravidão;;2;1;6;;Como o capítulo caracteriza o comércio de escravos praticado no continente africano?;;
105067;LIVROS MISSIONÁRIOS;O Missionario Que Enfrentou Um Leão;6 A Luta Contra a Escravidão;;2;1;6;;Quantos escravos, segundo a estimativa apresentada no capítulo, eram levados até a costa a cada ano?;;
105068;LIVROS MISSIONÁRIOS;O Missionario Que Enfrentou Um Leão;6 A Luta Contra a Escravidão;;2;1;6;;Aproximadamente quantas pessoas eram mortas durante as expedições de captura de escravos?;;
105069;LIVROS MISSIONÁRIOS;O Missionario Que Enfrentou Um Leão;6 A Luta Contra a Escravidão;;2;1;6;;Quem estava entre as vítimas mortas durante as expedições de captura de escravos?;;
105070;LIVROS MISSIONÁRIOS;O Missionario Que Enfrentou Um Leão;6 A Luta Contra a Escravidão;;2;1;6;;Qual era o destino dos escravos levados até a costa?;;
105071;LIVROS MISSIONÁRIOS;O Missionario Que Enfrentou Um Leão;6 A Luta Contra a Escravidão;;2;1;6;;Qual atitude Livingstone manteve durante toda a sua vida em relação ao comércio de escravos?;;
105072;LIVROS MISSIONÁRIOS;O Missionario Que Enfrentou Um Leão;6 A Luta Contra a Escravidão;;2;1;6;;Qual alternativa resume corretamente a atuação de Livingstone contra a escravidão?;;
102761;LIVROS MISSIONÁRIOS;O Missionario Que Enfrentou Um Leão;6 A Luta Contra a Escravidão;;2;1;6;;Com qual grave problema Livingstone se preocupou durante todo o tempo em que viveu na África, questão que o acompanhou ao longo de suas expedições?;;
102762;LIVROS MISSIONÁRIOS;O Missionario Que Enfrentou Um Leão;6 A Luta Contra a Escravidão;;2;1;6;;Quem eram os principais traficantes de escravos que entravam território africano adentro e voltavam com grandes caravanas de pessoas capturadas?;;
102763;LIVROS MISSIONÁRIOS;O Missionario Que Enfrentou Um Leão;6 A Luta Contra a Escravidão;;2;1;6;;O que Livingstone descobriu, com o tempo, sobre quem também participava da captura e venda de pessoas escravizadas, além dos comerciantes estrangeiros?;;
102764;LIVROS MISSIONÁRIOS;O Missionario Que Enfrentou Um Leão;6 A Luta Contra a Escravidão;;2;1;6;;"Como as aldeias reagiam inicialmente quando a caravana de Livingstone se aproximava, antes de descobrirem que se tratava do ""homem bom""?";;
102765;LIVROS MISSIONÁRIOS;O Missionario Que Enfrentou Um Leão;6 A Luta Contra a Escravidão;;2;1;6;;Certa vez, viajando com missionários ingleses, o que Livingstone encontrou pelo caminho: uma longa fila de pessoas em que condição?;;
102766;LIVROS MISSIONÁRIOS;O Missionario Que Enfrentou Um Leão;6 A Luta Contra a Escravidão;;2;1;6;;O que os traficantes de escravos fizeram ao avistar a chegada da caravana de Livingstone, durante o encontro em que ele viajava com missionários ingleses?;;
102767;LIVROS MISSIONÁRIOS;O Missionario Que Enfrentou Um Leão;6 A Luta Contra a Escravidão;;2;1;6;;Segundo as estimativas mencionadas no texto, quantos escravos eram levados até a costa africana a cada ano, durante o período do comércio de pessoas escravizadas?;;
102768;LIVROS MISSIONÁRIOS;O Missionario Que Enfrentou Um Leão;6 A Luta Contra a Escravidão;;2;1;6;;Além dos escravos levados até a costa, quantas pessoas, incluindo velhos e moços, eram mortas anualmente nas expedições de captura, segundo as estimativas do texto?;;
102769;LIVROS MISSIONÁRIOS;O Missionario Que Enfrentou Um Leão;6 A Luta Contra a Escravidão;;2;1;6;;Qual foi a postura de Livingstone em relação ao comércio de escravos durante toda a sua vida na África, conforme destacado ao final do capítulo?;;
102770;LIVROS MISSIONÁRIOS;O Missionario Que Enfrentou Um Leão;7 A Grande Perda;;2;1;7;;Em sua jornada pela África após retornar da Inglaterra, quais familiares acompanhavam Davi Livingstone, o dedicado explorador cristão, antes do nascimento de sua última filha? (PG 20);;
102771;LIVROS MISSIONÁRIOS;O Missionario Que Enfrentou Um Leão;7 A Grande Perda;;2;1;7;;Após o nascimento de sua filha caçula, para qual localidade Maria Livingstone, a fiel esposa do missionário, transferiu-se e passou um ano distante do marido? (PG 20);;
102772;LIVROS MISSIONÁRIOS;O Missionario Que Enfrentou Um Leão;7 A Grande Perda;;2;1;7;;Em qual data faleceu Maria Livingstone, a devotada colaboradora missionária, em decorrência de uma grave febre contraída no território africano? (PG 20);;
102773;LIVROS MISSIONÁRIOS;O Missionario Que Enfrentou Um Leão;7 A Grande Perda;;2;1;7;;Profundamente abatido pela morte da esposa, junto a cuja sepultura passava dias inteiros, qual providência Davi Livingstone, o enlutado pai, tomou em relação aos seus dois filhos mais novos que estavam com ele? (PG 20);;
102774;LIVROS MISSIONÁRIOS;O Missionario Que Enfrentou Um Leão;7 A Grande Perda;;2;1;7;;Ao visitar as comunidades tribais onde havia trabalhado anteriormente, qual progresso social e comunitário foi observado por Davi Livingstone, o atento observador, comprovando o êxito de seus esforços e de sua falecida esposa? (PG 20 e 21);;
102775;LIVROS MISSIONÁRIOS;O Missionario Que Enfrentou Um Leão;7 A Grande Perda;;2;1;7;;Para qual importante corpo d'água africano Davi Livingstone, empenhado em uma nova tarefa para superar a tristeza da dor da perda, pretendia transportar o barco que havia encomendado? (PG 21);;
102776;LIVROS MISSIONÁRIOS;O Missionario Que Enfrentou Um Leão;7 A Grande Perda;;2;1;7;;Ao atingir a região das cataratas durante a expedição de transporte, por qual extensão terrestre aproximada Davi Livingstone precisaria carregar o barco desmontado para montá-lo novamente? (PG 21);;
102777;LIVROS MISSIONÁRIOS;O Missionario Que Enfrentou Um Leão;7 A Grande Perda;;2;1;7;;Enquanto construía a estrada necessária para transportar a embarcação ao longo das cataratas, qual fato inesperado fez com que Davi Livingstone interrompesse o projeto e rumasse para Bombaim? (PG 21);;
102778;LIVROS MISSIONÁRIOS;O Missionario Que Enfrentou Um Leão;7 A Grande Perda;;2;1;7;;Maria Livingstone, a dedicada companheira do explorador, transferiu-se para Kuruman por um ano logo após qual importante evento familiar ocorrido em solo africano? (PG 20);;
102779;LIVROS MISSIONÁRIOS;O Missionario Que Enfrentou Um Leão;7 A Grande Perda;;2;1;7;;Davi Livingstone, o enlutado missionário, referia-se à sua falecida esposa, Maria, utilizando qual designação que destacava a importância dela na obra missionária? (PG 20);;
102780;LIVROS MISSIONÁRIOS;O Missionario Que Enfrentou Um Leão;7 A Grande Perda;;2;1;7;;Após a morte de sua esposa, Livingstone decidiu visitar as tribos onde o casal havia trabalhado anteriormente e constatou, com alegria, qual avanço específico em relação à saúde dos nativos? (PG 20 e 21);;
102781;LIVROS MISSIONÁRIOS;O Missionario Que Enfrentou Um Leão;7 A Grande Perda;;2;1;7;;O empenho na nova tarefa de levar um barco até o lago Niassa serviu para qual propósito emocional na vida de Davi Livingstone, o viúvo explorador? (PG 21);;
102782;LIVROS MISSIONÁRIOS;O Missionario Que Enfrentou Um Leão;7 A Grande Perda;;2;1;7;;Davi Livingstone, o incansável trabalhador, estava realizando qual atividade física preparatória junto às cataratas quando recebeu a ordem do governo inglês para retornar à sua pátria? (PG 21);;
102783;LIVROS MISSIONÁRIOS;O Missionario Que Enfrentou Um Leão;7 A Grande Perda;;2;1;7;;Ao retornar à Inglaterra após ser chamado pelo governo, qual foi o objetivo de Livingstone ao reunir-se com seus filhos e demais parentes? (PG 21);;
105073;LIVROS MISSIONÁRIOS;O Missionario Que Enfrentou Um Leão;7 A Grande Perda;;2;1;7;;No Capítulo 07 da biografia de Davi Livingstone, o missionário que enfrentou um leão, quem estava com ele na África desde que retornara de sua última viagem à Inglaterra?;;
105074;LIVROS MISSIONÁRIOS;O Missionario Que Enfrentou Um Leão;7 A Grande Perda;;2;1;7;;No Capítulo 07 da biografia de Davi Livingstone, o missionário que enfrentou um leão, o que aconteceu quando nasceu mais uma menina para o casal Livingstone?;;
105075;LIVROS MISSIONÁRIOS;O Missionario Que Enfrentou Um Leão;7 A Grande Perda;;2;1;7;;No Capítulo 07 da biografia de Davi Livingstone, o missionário que enfrentou um leão, para onde Maria, esposa de Livingstone, foi quando nasceu mais uma menina do casal?;;
105076;LIVROS MISSIONÁRIOS;O Missionario Que Enfrentou Um Leão;7 A Grande Perda;;2;1;7;;No Capítulo 07 da biografia de Davi Livingstone, o missionário que enfrentou um leão, por quanto tempo Maria, esposa de Livingstone, ficou em Kuruman, longe do marido, após o nascimento de mais uma menina?;;
105077;LIVROS MISSIONÁRIOS;O Missionario Que Enfrentou Um Leão;7 A Grande Perda;;2;1;7;;No Capítulo 07 da biografia de Davi Livingstone, o missionário que enfrentou um leão, o que aconteceu depois que Maria voltou a ver Livingstone por pouco tempo?;;
105078;LIVROS MISSIONÁRIOS;O Missionario Que Enfrentou Um Leão;7 A Grande Perda;;2;1;7;;No Capítulo 07 da biografia de Davi Livingstone, o missionário que enfrentou um leão, em que mês e ano Maria, esposa de Livingstone, veio a falecer?;;
105079;LIVROS MISSIONÁRIOS;O Missionario Que Enfrentou Um Leão;7 A Grande Perda;;2;1;7;;No Capítulo 07 da biografia de Davi Livingstone, o missionário que enfrentou um leão, como Livingstone ficou após a morte de Maria, sua esposa amada?;;
105080;LIVROS MISSIONÁRIOS;O Missionario Que Enfrentou Um Leão;7 A Grande Perda;;2;1;7;;No Capítulo 07 da biografia de Davi Livingstone, o missionário que enfrentou um leão, onde Livingstone passava dias inteiros após a morte de Maria?;;
105081;LIVROS MISSIONÁRIOS;O Missionario Que Enfrentou Um Leão;7 A Grande Perda;;2;1;7;;No Capítulo 07 da biografia de Davi Livingstone, o missionário que enfrentou um leão, como Maria é descrita no texto, além de esposa amada?;;
105082;LIVROS MISSIONÁRIOS;O Missionario Que Enfrentou Um Leão;7 A Grande Perda;;2;1;7;;No Capítulo 07 da biografia de Davi Livingstone, o missionário que enfrentou um leão, o que Livingstone fez com o filho e a filha caçula após a morte de Maria?;;
105083;LIVROS MISSIONÁRIOS;O Missionario Que Enfrentou Um Leão;7 A Grande Perda;;2;1;7;;No Capítulo 07 da biografia de Davi Livingstone, o missionário que enfrentou um leão, o que o missionário decidiu fazer tempos depois da morte de Maria?;;
105084;LIVROS MISSIONÁRIOS;O Missionario Que Enfrentou Um Leão;7 A Grande Perda;;2;1;7;;No Capítulo 07 da biografia de Davi Livingstone, o missionário que enfrentou um leão, o que Livingstone pôde ver com alegria ao visitar as tribos entre as quais havia trabalhado?;;
105085;LIVROS MISSIONÁRIOS;O Missionario Que Enfrentou Um Leão;7 A Grande Perda;;2;1;7;;No Capítulo 07 da biografia de Davi Livingstone, o missionário que enfrentou um leão, quais foram alguns dos resultados positivos que ele viu ao visitar as tribos?;;
105086;LIVROS MISSIONÁRIOS;O Missionario Que Enfrentou Um Leão;7 A Grande Perda;;2;1;7;;No Capítulo 07 da biografia de Davi Livingstone, o missionário que enfrentou um leão, o que estava acontecendo com as igrejas que ele e Maria haviam fundado?;;
105087;LIVROS MISSIONÁRIOS;O Missionario Que Enfrentou Um Leão;7 A Grande Perda;;2;1;7;;No Capítulo 07 da biografia de Davi Livingstone, o missionário que enfrentou um leão, o que as crianças faziam nas tribos que ele visitou?;;
105088;LIVROS MISSIONÁRIOS;O Missionario Que Enfrentou Um Leão;7 A Grande Perda;;2;1;7;;No Capítulo 07 da biografia de Davi Livingstone, o missionário que enfrentou um leão, o que o povo em geral demonstrava ter, segundo o texto?;;
105089;LIVROS MISSIONÁRIOS;O Missionario Que Enfrentou Um Leão;7 A Grande Perda;;2;1;7;;No Capítulo 07 da biografia de Davi Livingstone, o missionário que enfrentou um leão, a que nova tarefa Livingstone se entregou ainda refazendo-se da grande perda que sofrera?;;
105090;LIVROS MISSIONÁRIOS;O Missionario Que Enfrentou Um Leão;7 A Grande Perda;;2;1;7;;No Capítulo 07 da biografia de Davi Livingstone, o missionário que enfrentou um leão, como essa nova tarefa de levar o barco até o lago Niassa o ajudou?;;
105091;LIVROS MISSIONÁRIOS;O Missionario Que Enfrentou Um Leão;7 A Grande Perda;;2;1;7;;No Capítulo 07 da biografia de Davi Livingstone, o missionário que enfrentou um leão, o que ele teria que fazer quando chegasse às cataratas com o barco?;;
105092;LIVROS MISSIONÁRIOS;O Missionario Que Enfrentou Um Leão;7 A Grande Perda;;2;1;7;;No Capítulo 07 da biografia de Davi Livingstone, o missionário que enfrentou um leão, quantos quilômetros aproximadamente o barco teria que ser levado por terra ao chegar às cataratas?;;
105093;LIVROS MISSIONÁRIOS;O Missionario Que Enfrentou Um Leão;7 A Grande Perda;;2;1;7;;No Capítulo 07 da biografia de Davi Livingstone, o missionário que enfrentou um leão, o que Livingstone estava fazendo quando o governo inglês o chamou de volta à sua pátria?;;
105094;LIVROS MISSIONÁRIOS;O Missionario Que Enfrentou Um Leão;7 A Grande Perda;;2;1;7;;No Capítulo 07 da biografia de Davi Livingstone, o missionário que enfrentou um leão, o que Livingstone fez quando o governo inglês o chamou de volta à sua pátria?;;
105095;LIVROS MISSIONÁRIOS;O Missionario Que Enfrentou Um Leão;7 A Grande Perda;;2;1;7;;No Capítulo 07 da biografia de Davi Livingstone, o missionário que enfrentou um leão, por qual cidade Livingstone passou antes de partir para a Inglaterra?;;
105096;LIVROS MISSIONÁRIOS;O Missionario Que Enfrentou Um Leão;7 A Grande Perda;;2;1;7;;No Capítulo 07 da biografia de Davi Livingstone, o missionário que enfrentou um leão, junto de quem Livingstone pôde consolar-se e consolar após voltar para a Inglaterra?;;
105097;LIVROS MISSIONÁRIOS;O Missionario Que Enfrentou Um Leão;7 A Grande Perda;;2;1;7;;No Capítulo 07 da biografia de Davi Livingstone, o missionário que enfrentou um leão, pelo que Livingstone pôde consolar os filhos e demais parentes quando voltou para a Inglaterra?;;
105098;LIVROS MISSIONÁRIOS;O Missionario Que Enfrentou Um Leão;7 A Grande Perda;;2;1;7;;No Capítulo 07 da biografia de Davi Livingstone, o missionário que enfrentou um leão, como Livingstone se sentiu ao estar junto dos filhos e demais parentes na Inglaterra?;;
105099;LIVROS MISSIONÁRIOS;O Missionario Que Enfrentou Um Leão;7 A Grande Perda;;2;1;7;;No Capítulo 07 da biografia de Davi Livingstone, o missionário que enfrentou um leão, quem era William Oswell, mencionado no início do capítulo?;;
105100;LIVROS MISSIONÁRIOS;O Missionario Que Enfrentou Um Leão;7 A Grande Perda;;2;1;7;;No Capítulo 07 da biografia de Davi Livingstone, o missionário que enfrentou um leão, o que Maria fez após o nascimento de mais uma menina, antes de voltar a ver Livingstone por pouco tempo?;;
105101;LIVROS MISSIONÁRIOS;O Missionario Que Enfrentou Um Leão;7 A Grande Perda;;2;1;7;;No Capítulo 07 da biografia de Davi Livingstone, o missionário que enfrentou um leão, o que aconteceu com Maria logo depois de voltar a ver Livingstone por pouco tempo?;;
105102;LIVROS MISSIONÁRIOS;O Missionario Que Enfrentou Um Leão;7 A Grande Perda;;2;1;7;;No Capítulo 07 da biografia de Davi Livingstone, o missionário que enfrentou um leão, qual foi o destino do barco encomendado por Livingstone quando ele foi chamado de volta pelo governo inglês?;;
102784;LIVROS MISSIONÁRIOS;O Missionario Que Enfrentou Um Leão;7 A Grande Perda;;2;1;7;;Quem estava com Livingstone na África desde que ele havia retornado de sua última viagem à Inglaterra? Capítulo 7;;
102785;LIVROS MISSIONÁRIOS;O Missionario Que Enfrentou Um Leão;7 A Grande Perda;;2;1;7;;Qual dos filhos de Davi e Maria Livingstone é identificado no capítulo como o filho mais novo que estava com eles na África? Capítulo 7;;
102786;LIVROS MISSIONÁRIOS;O Missionario Que Enfrentou Um Leão;7 A Grande Perda;;2;1;7;;O que aconteceu na família Livingstone durante o período em que Maria e William Oswell estavam na África? Capítulo 7;;
102787;LIVROS MISSIONÁRIOS;O Missionario Que Enfrentou Um Leão;7 A Grande Perda;;2;1;7;;Para onde Maria Livingstone foi depois do nascimento de mais uma filha do casal? Capítulo 7;;
102788;LIVROS MISSIONÁRIOS;O Missionario Que Enfrentou Um Leão;7 A Grande Perda;;2;1;7;;Quanto tempo Maria permaneceu em Kuruman depois do nascimento da filha mais nova? Capítulo 7;;
102789;LIVROS MISSIONÁRIOS;O Missionario Que Enfrentou Um Leão;7 A Grande Perda;;2;1;7;;De quem Maria ficou afastada durante o ano em que permaneceu em Kuruman? Capítulo 7;;
102790;LIVROS MISSIONÁRIOS;O Missionario Que Enfrentou Um Leão;7 A Grande Perda;;2;1;7;;O que aconteceu depois que Maria voltou a encontrar Livingstone após passar um ano em Kuruman? Capítulo 7;;
102791;LIVROS MISSIONÁRIOS;O Missionario Que Enfrentou Um Leão;7 A Grande Perda;;2;1;7;;Qual foi a consequência da febre contraída por Maria pouco tempo depois de reencontrar Livingstone? Capítulo 7;;
102792;LIVROS MISSIONÁRIOS;O Missionario Que Enfrentou Um Leão;7 A Grande Perda;;2;1;7;;Em que período Maria Livingstone faleceu após contrair uma febre na África? Capítulo 7;;
102793;LIVROS MISSIONÁRIOS;O Missionario Que Enfrentou Um Leão;7 A Grande Perda;;2;1;7;;Como Livingstone ficou emocionalmente após a morte de sua esposa Maria, em abril de 1862? Capítulo 7;;
102794;LIVROS MISSIONÁRIOS;O Missionario Que Enfrentou Um Leão;7 A Grande Perda;;2;1;7;;Onde Livingstone passava dias inteiros durante o período de profunda tristeza causado pela morte de Maria? Capítulo 7;;
102795;LIVROS MISSIONÁRIOS;O Missionario Que Enfrentou Um Leão;7 A Grande Perda;;2;1;7;;Como o livro caracteriza Maria em relação ao trabalho realizado ao lado de Livingstone? Capítulo 7;;
102796;LIVROS MISSIONÁRIOS;O Missionario Que Enfrentou Um Leão;7 A Grande Perda;;2;1;7;;Que decisão Livingstone tomou em relação a dois de seus filhos após a morte de Maria? Capítulo 7;;
102797;LIVROS MISSIONÁRIOS;O Missionario Que Enfrentou Um Leão;7 A Grande Perda;;2;1;7;;Para qual país Livingstone enviou o filho e a filha caçula depois da morte de Maria? Capítulo 7;;
102798;LIVROS MISSIONÁRIOS;O Missionario Que Enfrentou Um Leão;7 A Grande Perda;;2;1;7;;Algum tempo depois da morte de Maria, o que Livingstone decidiu fazer em relação aos lugares onde havia trabalhado anteriormente? Capítulo 7;;
102799;LIVROS MISSIONÁRIOS;O Missionario Que Enfrentou Um Leão;7 A Grande Perda;;2;1;7;;Que sentimento Livingstone teve ao verificar os resultados do trabalho realizado anteriormente entre as tribos africanas? Capítulo 7;;
102800;LIVROS MISSIONÁRIOS;O Missionario Que Enfrentou Um Leão;7 A Grande Perda;;2;1;7;;O que Livingstone constatou sobre os esforços realizados por ele e Maria nas tribos onde haviam trabalhado? Capítulo 7;;
102801;LIVROS MISSIONÁRIOS;O Missionario Que Enfrentou Um Leão;7 A Grande Perda;;2;1;7;;Como estavam as igrejas fundadas pelo casal Livingstone quando ele voltou a visitar as tribos onde havia trabalhado? Capítulo 7;;
102802;LIVROS MISSIONÁRIOS;O Missionario Que Enfrentou Um Leão;7 A Grande Perda;;2;1;7;;Que resultado relacionado à educação Livingstone observou nas comunidades onde ele e Maria haviam trabalhado? Capítulo 7;;
102803;LIVROS MISSIONÁRIOS;O Missionario Que Enfrentou Um Leão;7 A Grande Perda;;2;1;7;;Que mudança relacionada à saúde e aos costumes Livingstone percebeu entre o povo das tribos que voltou a visitar? Capítulo 7;;
102804;LIVROS MISSIONÁRIOS;O Missionario Que Enfrentou Um Leão;7 A Grande Perda;;2;1;7;;Depois de verificar os resultados positivos do trabalho missionário realizado com Maria, a que nova tarefa Livingstone se dedicou? Capítulo 7;;
102805;LIVROS MISSIONÁRIOS;O Missionario Que Enfrentou Um Leão;7 A Grande Perda;;2;1;7;;Para qual lago Livingstone pretendia transportar o barco que havia encomendado? Capítulo 7;;
102806;LIVROS MISSIONÁRIOS;O Missionario Que Enfrentou Um Leão;7 A Grande Perda;;2;1;7;;De que maneira o trabalho de transportar o barco até o lago Niassa ajudou Livingstone após a morte de Maria? Capítulo 7;;
102807;LIVROS MISSIONÁRIOS;O Missionario Que Enfrentou Um Leão;7 A Grande Perda;;2;1;7;;Qual dificuldade Livingstone previa encontrar ao transportar seu barco até o lago Niassa? Capítulo 7;;
102808;LIVROS MISSIONÁRIOS;O Missionario Que Enfrentou Um Leão;7 A Grande Perda;;2;1;7;;Aproximadamente que distância o barco teria de ser transportado por terra depois de ser desmontado nas cataratas? Capítulo 7;;
102809;LIVROS MISSIONÁRIOS;O Missionario Que Enfrentou Um Leão;7 A Grande Perda;;2;1;7;;O que Livingstone pretendia fazer com o barco depois de transportá-lo desmontado por aproximadamente 30 quilômetros em terra? Capítulo 7;;
102810;LIVROS MISSIONÁRIOS;O Missionario Que Enfrentou Um Leão;7 A Grande Perda;;2;1;7;;Que trabalho Livingstone realizava para possibilitar o transporte do barco ao longo das cataratas? Capítulo 7;;
102811;LIVROS MISSIONÁRIOS;O Missionario Que Enfrentou Um Leão;7 A Grande Perda;;2;1;7;;O que aconteceu enquanto Livingstone abria uma estrada ao longo das cataratas para transportar seu barco? Capítulo 7;;
102812;LIVROS MISSIONÁRIOS;O Missionario Que Enfrentou Um Leão;7 A Grande Perda;;2;1;7;;Que decisão Livingstone tomou sobre o barco depois de ser chamado de volta pelo governo inglês? Capítulo 7;;
102813;LIVROS MISSIONÁRIOS;O Missionario Que Enfrentou Um Leão;7 A Grande Perda;;2;1;7;;O que Livingstone fez com o barco ao desistir de transportá-lo até o lago Niassa? Capítulo 7;;
102814;LIVROS MISSIONÁRIOS;O Missionario Que Enfrentou Um Leão;7 A Grande Perda;;2;1;7;;Por qual cidade Livingstone passou no caminho de retorno para a Inglaterra depois de desistir de levar o barco ao lago Niassa? Capítulo 7;;
102815;LIVROS MISSIONÁRIOS;O Missionario Que Enfrentou Um Leão;7 A Grande Perda;;2;1;7;;De onde Livingstone partiu para a Inglaterra ao retornar com o barco? Capítulo 7;;
102816;LIVROS MISSIONÁRIOS;O Missionario Que Enfrentou Um Leão;7 A Grande Perda;;2;1;7;;Quem Livingstone reencontrou ao retornar à Inglaterra depois da morte de Maria e de seu trabalho com o barco? Capítulo 7;;
102817;LIVROS MISSIONÁRIOS;O Missionario Que Enfrentou Um Leão;7 A Grande Perda;;2;1;7;;O que Livingstone pôde fazer por seus filhos e demais parentes quando voltou à Inglaterra após a morte de Maria? Capítulo 7;;
102818;LIVROS MISSIONÁRIOS;O Missionario Que Enfrentou Um Leão;7 A Grande Perda;;2;1;7;;Além de consolar os filhos e parentes pela morte de Maria, o que Livingstone experimentou ao estar novamente com sua família? Capítulo 7;;
102819;LIVROS MISSIONÁRIOS;O Missionario Que Enfrentou Um Leão;7 A Grande Perda;;2;1;7;;Em abril de 1862, que evento trágico causou profundo luto e abalo emocional em Davi Livingstone enquanto realizava expedições fluviais?;;
102820;LIVROS MISSIONÁRIOS;O Missionario Que Enfrentou Um Leão;7 A Grande Perda;;2;1;7;;Para onde Livingstone enviou seu filho e sua filha caçula logo após sepultar a esposa e tentar reorganizar suas tarefas missionárias e exploratórias?;;
102821;LIVROS MISSIONÁRIOS;O Missionario Que Enfrentou Um Leão;7 A Grande Perda;;2;1;7;;Qual obstáculo logístico colossal Livingstone pretendia superar para colocar seu barco particular em funcionamento nas águas profundas do lago Niassa?;;
102822;LIVROS MISSIONÁRIOS;O Missionario Que Enfrentou Um Leão;7 A Grande Perda;;2;1;7;;Enquanto construía uma estrada para transpor as cataratas com sua embarcação desmontada, que ordem governamental interrompeu o projeto e o levou a viajar até Bombaim antes de ir à Europa?;;
105103;LIVROS MISSIONÁRIOS;O Missionario Que Enfrentou Um Leão;7 A Grande Perda;;2;1;7;;Quem estava acompanhando Livingstone na África desde seu retorno da última viagem à Inglaterra?;;
105104;LIVROS MISSIONÁRIOS;O Missionario Que Enfrentou Um Leão;7 A Grande Perda;;2;1;7;;Quem era William Oswell, mencionado no capítulo como acompanhante de Livingstone?;;
105105;LIVROS MISSIONÁRIOS;O Missionario Que Enfrentou Um Leão;7 A Grande Perda;;2;1;7;;O que aconteceu à família de Davi e Maria Livingstone durante o período em que estavam na África?;;
105106;LIVROS MISSIONÁRIOS;O Missionario Que Enfrentou Um Leão;7 A Grande Perda;;2;1;7;;Onde Maria permaneceu durante um ano depois do nascimento de sua filha?;;
105107;LIVROS MISSIONÁRIOS;O Missionario Que Enfrentou Um Leão;7 A Grande Perda;;2;1;7;;Por que Maria passou um ano em Kuruman, distante de Livingstone?;;
105108;LIVROS MISSIONÁRIOS;O Missionario Que Enfrentou Um Leão;7 A Grande Perda;;2;1;7;;Por quanto tempo Maria voltou a ver Livingstone depois de passar um ano em Kuruman?;;
105109;LIVROS MISSIONÁRIOS;O Missionario Que Enfrentou Um Leão;7 A Grande Perda;;2;1;7;;O que aconteceu com Maria depois que ela voltou a encontrar Livingstone?;;
105110;LIVROS MISSIONÁRIOS;O Missionario Que Enfrentou Um Leão;7 A Grande Perda;;2;1;7;;Em que mês e ano Maria Livingstone faleceu?;;
105111;LIVROS MISSIONÁRIOS;O Missionario Que Enfrentou Um Leão;7 A Grande Perda;;2;1;7;;Qual foi a causa da morte de Maria Livingstone, conforme o relato do capítulo?;;
105112;LIVROS MISSIONÁRIOS;O Missionario Que Enfrentou Um Leão;7 A Grande Perda;;2;1;7;;Como Livingstone ficou depois da morte de Maria, sua esposa e colaboradora?;;
105113;LIVROS MISSIONÁRIOS;O Missionario Que Enfrentou Um Leão;7 A Grande Perda;;2;1;7;;Onde Livingstone passava dias inteiros depois da morte de Maria?;;
105114;LIVROS MISSIONÁRIOS;O Missionario Que Enfrentou Um Leão;7 A Grande Perda;;2;1;7;;Como Maria é descrita no capítulo, considerando sua participação na vida de Livingstone?;;
105115;LIVROS MISSIONÁRIOS;O Missionario Que Enfrentou Um Leão;7 A Grande Perda;;2;1;7;;O que Livingstone fez com o filho e a filha caçula depois da morte de Maria?;;
105116;LIVROS MISSIONÁRIOS;O Missionario Que Enfrentou Um Leão;7 A Grande Perda;;2;1;7;;Qual decisão Livingstone tomou algum tempo depois da morte de Maria?;;
105117;LIVROS MISSIONÁRIOS;O Missionario Que Enfrentou Um Leão;7 A Grande Perda;;2;1;7;;Como Livingstone se sentiu ao visitar novamente as tribos onde havia trabalhado?;;
105118;LIVROS MISSIONÁRIOS;O Missionario Que Enfrentou Um Leão;7 A Grande Perda;;2;1;7;;O que havia acontecido com as igrejas fundadas por Livingstone e Maria?;;
105119;LIVROS MISSIONÁRIOS;O Missionario Que Enfrentou Um Leão;7 A Grande Perda;;2;1;7;;O que as crianças das tribos visitadas por Livingstone estavam fazendo?;;
105120;LIVROS MISSIONÁRIOS;O Missionario Que Enfrentou Um Leão;7 A Grande Perda;;2;1;7;;Que melhoria foi observada no povo em geral das tribos visitadas por Livingstone?;;
105121;LIVROS MISSIONÁRIOS;O Missionario Que Enfrentou Um Leão;7 A Grande Perda;;2;1;7;;O que Livingstone fez enquanto ainda se recuperava emocionalmente da morte de Maria?;;
105122;LIVROS MISSIONÁRIOS;O Missionario Que Enfrentou Um Leão;7 A Grande Perda;;2;1;7;;Qual era a nova tarefa assumida por Livingstone depois da morte de Maria?;;
105123;LIVROS MISSIONÁRIOS;O Missionario Que Enfrentou Um Leão;7 A Grande Perda;;2;1;7;;Como essa nova tarefa ajudou Livingstone a enfrentar a tristeza pela perda de Maria?;;
105124;LIVROS MISSIONÁRIOS;O Missionario Que Enfrentou Um Leão;7 A Grande Perda;;2;1;7;;Que obstáculo Livingstone encontraria ao transportar o barco até o lago Niassa?;;
105125;LIVROS MISSIONÁRIOS;O Missionario Que Enfrentou Um Leão;7 A Grande Perda;;2;1;7;;O que Livingstone teria de fazer quando chegasse às cataratas durante o transporte do barco?;;
105126;LIVROS MISSIONÁRIOS;O Missionario Que Enfrentou Um Leão;7 A Grande Perda;;2;1;7;;Qual era a distância aproximada que o barco precisaria ser levado por terra ao longo das cataratas?;;
105127;LIVROS MISSIONÁRIOS;O Missionario Que Enfrentou Um Leão;7 A Grande Perda;;2;1;7;;O que deveria ser feito depois que o barco fosse transportado por terra?;;
105128;LIVROS MISSIONÁRIOS;O Missionario Que Enfrentou Um Leão;7 A Grande Perda;;2;1;7;;O que Livingstone estava fazendo quando recebeu uma ordem do governo inglês?;;
105129;LIVROS MISSIONÁRIOS;O Missionario Que Enfrentou Um Leão;7 A Grande Perda;;2;1;7;;O que o governo inglês determinou a Livingstone enquanto ele trabalhava na estrada?;;
105130;LIVROS MISSIONÁRIOS;O Missionario Que Enfrentou Um Leão;7 A Grande Perda;;2;1;7;;Qual foi a consequência da ordem recebida do governo inglês?;;
105131;LIVROS MISSIONÁRIOS;O Missionario Que Enfrentou Um Leão;7 A Grande Perda;;2;1;7;;Por onde Livingstone viajou antes de partir para a Inglaterra?;;
105132;LIVROS MISSIONÁRIOS;O Missionario Que Enfrentou Um Leão;7 A Grande Perda;;2;1;7;;O que Livingstone fez depois de chegar a Bombaim?;;
105133;LIVROS MISSIONÁRIOS;O Missionario Que Enfrentou Um Leão;7 A Grande Perda;;2;1;7;;Quem consolou Livingstone depois da morte de Maria?;;
105134;LIVROS MISSIONÁRIOS;O Missionario Que Enfrentou Um Leão;7 A Grande Perda;;2;1;7;;Como Livingstone se sentiu ao reencontrar os filhos e os demais parentes na Inglaterra?;;
105135;LIVROS MISSIONÁRIOS;O Missionario Que Enfrentou Um Leão;7 A Grande Perda;;2;1;7;;Qual é o significado do título “A Grande Perda” no contexto do capítulo?;;
105136;LIVROS MISSIONÁRIOS;O Missionario Que Enfrentou Um Leão;7 A Grande Perda;;2;1;7;;Qual alternativa apresenta corretamente a sequência dos principais acontecimentos do capítulo?;;
105137;LIVROS MISSIONÁRIOS;O Missionario Que Enfrentou Um Leão;7 A Grande Perda;;2;1;7;;Qual atitude de Livingstone demonstrou sua perseverança após a morte de Maria?;;
102823;LIVROS MISSIONÁRIOS;O Missionario Que Enfrentou Um Leão;7 A Grande Perda;;2;1;7;;Quem esteve com Livingstone na África desde seu retorno da última viagem à Inglaterra, além do filho mais novo do casal, William Oswell?;;
102824;LIVROS MISSIONÁRIOS;O Missionario Que Enfrentou Um Leão;7 A Grande Perda;;2;1;7;;Após o nascimento de mais uma filha do casal, onde Maria Livingstone passou um ano, longe do marido, antes de voltar a vê-lo por pouco tempo?;;
102825;LIVROS MISSIONÁRIOS;O Missionario Que Enfrentou Um Leão;7 A Grande Perda;;2;1;7;;Em que mês e ano Maria Livingstone contraiu uma febre e veio a falecer, pouco tempo depois de retornar para ver o marido?;;
102826;LIVROS MISSIONÁRIOS;O Missionario Que Enfrentou Um Leão;7 A Grande Perda;;2;1;7;;Como Livingstone reagiu emocionalmente à morte de Maria, passando dias inteiros junto de um determinado local em sinal de profundo luto?;;
102827;LIVROS MISSIONÁRIOS;O Missionario Que Enfrentou Um Leão;7 A Grande Perda;;2;1;7;;Após a morte de Maria, para onde Livingstone enviou o filho e a filha caçula do casal?;;
102828;LIVROS MISSIONÁRIOS;O Missionario Que Enfrentou Um Leão;7 A Grande Perda;;2;1;7;;Ao visitar as tribos entre as quais havia trabalhado, tempos depois da morte de Maria, o que trouxe alegria a Livingstone em relação aos resultados de seus esforços e os dela?;;
102829;LIVROS MISSIONÁRIOS;O Missionario Que Enfrentou Um Leão;7 A Grande Perda;;2;1;7;;Ainda se recuperando da perda de Maria, a qual nova tarefa Livingstone se dedicou, trabalho que o ajudou a suportar a tristeza que sentia?;;
102830;LIVROS MISSIONÁRIOS;O Missionario Que Enfrentou Um Leão;7 A Grande Perda;;2;1;7;;Ao chegar às cataratas, que tarefa trabalhosa Livingstone precisaria realizar com o barco destinado ao lago Niassa, transportando-o por terra ao longo de cerca de 30 quilômetros?;;
102831;LIVROS MISSIONÁRIOS;O Missionario Que Enfrentou Um Leão;7 A Grande Perda;;2;1;7;;O que interrompeu os planos de Livingstone de levar o barco até o lago Niassa, fazendo-o desistir da tarefa e retornar à Inglaterra?;;
102832;LIVROS MISSIONÁRIOS;O Missionario Que Enfrentou Um Leão;7 A Grande Perda;;2;1;7;;Ao desistir de levar o barco até o lago Niassa e ser chamado de volta à Inglaterra, por qual cidade Livingstone viajou antes de partir definitivamente para seu país?;;
102833;LIVROS MISSIONÁRIOS;O Missionario Que Enfrentou Um Leão;7 A Grande Perda;;2;1;7;;Reencontrando-se com os filhos e demais parentes na Inglaterra, como Livingstone se sentiu ao poder consolá-los pela morte de Maria?;;
105138;LIVROS MISSIONÁRIOS;O Missionario Que Enfrentou Um Leão;8 Rumo ao Norte;;2;1;8;;Em que período Davi Livingstone, o missionário que enfrentou um leão, iniciou uma nova expedição à África?;;
105139;LIVROS MISSIONÁRIOS;O Missionario Que Enfrentou Um Leão;8 Rumo ao Norte;;2;1;8;;O que Davi Livingstone, o missionário que enfrentou um leão, sempre quisera descobrir na África?;;
105140;LIVROS MISSIONÁRIOS;O Missionario Que Enfrentou Um Leão;8 Rumo ao Norte;;2;1;8;;Por que Davi Livingstone, o missionário que enfrentou um leão, pensava que descobrir as fontes do Nilo seria importante?;;
105141;LIVROS MISSIONÁRIOS;O Missionario Que Enfrentou Um Leão;8 Rumo ao Norte;;2;1;8;;Quem forneceu a Davi Livingstone, o missionário que enfrentou um leão, os recursos básicos para a nova expedição iniciada em 1866?;;
105142;LIVROS MISSIONÁRIOS;O Missionario Que Enfrentou Um Leão;8 Rumo ao Norte;;2;1;8;;Além dos recursos básicos, o que o governo britânico e a Sociedade Geográfica deram a Davi Livingstone, o missionário que enfrentou um leão, para a nova expedição?;;
105143;LIVROS MISSIONÁRIOS;O Missionario Que Enfrentou Um Leão;8 Rumo ao Norte;;2;1;8;;Como Davi Livingstone, o missionário que enfrentou um leão, subiu o vale do Rovuna na nova expedição iniciada em 1866?;;
105144;LIVROS MISSIONÁRIOS;O Missionario Que Enfrentou Um Leão;8 Rumo ao Norte;;2;1;8;;Quantos nativos Davi Livingstone, o missionário que enfrentou um leão, levava consigo na nova expedição iniciada em 1866?;;
105145;LIVROS MISSIONÁRIOS;O Missionario Que Enfrentou Um Leão;8 Rumo ao Norte;;2;1;8;;Quantos camelos Davi Livingstone, o missionário que enfrentou um leão, levava na nova expedição iniciada em 1866?;;
105146;LIVROS MISSIONÁRIOS;O Missionario Que Enfrentou Um Leão;8 Rumo ao Norte;;2;1;8;;Quantos búfalos Davi Livingstone, o missionário que enfrentou um leão, levava na nova expedição iniciada em 1866?;;
105147;LIVROS MISSIONÁRIOS;O Missionario Que Enfrentou Um Leão;8 Rumo ao Norte;;2;1;8;;Quantos burros Davi Livingstone, o missionário que enfrentou um leão, levava na nova expedição iniciada em 1866?;;
105148;LIVROS MISSIONÁRIOS;O Missionario Que Enfrentou Um Leão;8 Rumo ao Norte;;2;1;8;;Quantos jumentos Davi Livingstone, o missionário que enfrentou um leão, levava na nova expedição iniciada em 1866?;;
105149;LIVROS MISSIONÁRIOS;O Missionario Que Enfrentou Um Leão;8 Rumo ao Norte;;2;1;8;;Além dos nativos e dos animais de carga, o que mais Davi Livingstone, o missionário que enfrentou um leão, levava na nova expedição iniciada em 1866?;;
105150;LIVROS MISSIONÁRIOS;O Missionario Que Enfrentou Um Leão;8 Rumo ao Norte;;2;1;8;;Por que Davi Livingstone, o missionário que enfrentou um leão, pretendia testar os jumentos na nova expedição iniciada em 1866?;;
105151;LIVROS MISSIONÁRIOS;O Missionario Que Enfrentou Um Leão;8 Rumo ao Norte;;2;1;8;;Segundo o Capítulo 08 da biografia de Davi Livingstone, o missionário que enfrentou um leão, o que a mosca tsé-tsé matava?;;
105152;LIVROS MISSIONÁRIOS;O Missionario Que Enfrentou Um Leão;8 Rumo ao Norte;;2;1;8;;O que um mercador de escravos árabe disse a um dos ajudantes de Davi Livingstone, o missionário que enfrentou um leão, durante a nova expedição?;;
105153;LIVROS MISSIONÁRIOS;O Missionario Que Enfrentou Um Leão;8 Rumo ao Norte;;2;1;8;;O que o nativo assustado fez após ouvir a história mentirosa contada pelo mercador de escravos árabe?;;
105154;LIVROS MISSIONÁRIOS;O Missionario Que Enfrentou Um Leão;8 Rumo ao Norte;;2;1;8;;O que aconteceu durante a noite, depois que o nativo assustado espalhou a história mentirosa entre os carregadores?;;
105155;LIVROS MISSIONÁRIOS;O Missionario Que Enfrentou Um Leão;8 Rumo ao Norte;;2;1;8;;Para onde os nove carregadores fugiram durante a noite na nova expedição de Davi Livingstone, o missionário que enfrentou um leão?;;
105156;LIVROS MISSIONÁRIOS;O Missionario Que Enfrentou Um Leão;8 Rumo ao Norte;;2;1;8;;Que notícia os nove carregadores fugitivos espalharam ao chegar à costa?;;
105157;LIVROS MISSIONÁRIOS;O Missionario Que Enfrentou Um Leão;8 Rumo ao Norte;;2;1;8;;Quem era Young, mencionado no Capítulo 08 da biografia de Davi Livingstone, o missionário que enfrentou um leão?;;
105158;LIVROS MISSIONÁRIOS;O Missionario Que Enfrentou Um Leão;8 Rumo ao Norte;;2;1;8;;O que Young descobriu quando chegou à África para verificar a notícia da morte de Davi Livingstone, o missionário que enfrentou um leão?;;
105159;LIVROS MISSIONÁRIOS;O Missionario Que Enfrentou Um Leão;8 Rumo ao Norte;;2;1;8;;O que Young fez depois de descobrir que Davi Livingstone, o missionário que enfrentou um leão, havia partido para o norte?;;
105160;LIVROS MISSIONÁRIOS;O Missionario Que Enfrentou Um Leão;8 Rumo ao Norte;;2;1;8;;Como o povo reagiu na Inglaterra à boa notícia trazida por Young sobre Davi Livingstone, o missionário que enfrentou um leão?;;
105161;LIVROS MISSIONÁRIOS;O Missionario Que Enfrentou Um Leão;8 Rumo ao Norte;;2;1;8;;Davi Livingstone, o missionário que enfrentou um leão, ficou sabendo dos boatos sobre sua morte e das preocupações que causava em sua pátria?;;
105162;LIVROS MISSIONÁRIOS;O Missionario Que Enfrentou Um Leão;8 Rumo ao Norte;;2;1;8;;De quem Davi Livingstone, o missionário que enfrentou um leão, sentia muita saudade durante essa difícil viagem?;;
105163;LIVROS MISSIONÁRIOS;O Missionario Que Enfrentou Um Leão;8 Rumo ao Norte;;2;1;8;;Com quem Davi Livingstone, o missionário que enfrentou um leão, contava para continuar avançando em sua mais recente e desafiadora aventura?;;
105164;LIVROS MISSIONÁRIOS;O Missionario Que Enfrentou Um Leão;8 Rumo ao Norte;;2;1;8;;Como Davi Livingstone, o missionário que enfrentou um leão, continuou avançando em sua mais recente e desafiadora aventura?;;
105165;LIVROS MISSIONÁRIOS;O Missionario Que Enfrentou Um Leão;8 Rumo ao Norte;;2;1;8;;O que os caçadores de escravos tinham deixado na terra por onde Davi Livingstone, o missionário que enfrentou um leão, passou?;;
105166;LIVROS MISSIONÁRIOS;O Missionario Que Enfrentou Um Leão;8 Rumo ao Norte;;2;1;8;;O que não havia na terra devastada pelos caçadores de escravos, segundo o Capítulo 08 da biografia de Davi Livingstone, o missionário que enfrentou um leão?;;
105167;LIVROS MISSIONÁRIOS;O Missionario Que Enfrentou Um Leão;8 Rumo ao Norte;;2;1;8;;O que Davi Livingstone, o missionário que enfrentou um leão, e sua caravana conseguiam encontrar para comer na terra devastada?;;
105168;LIVROS MISSIONÁRIOS;O Missionario Que Enfrentou Um Leão;8 Rumo ao Norte;;2;1;8;;O que Davi Livingstone, o missionário que enfrentou um leão, comia na terra devastada pelos caçadores de escravos?;;
105169;LIVROS MISSIONÁRIOS;O Missionario Que Enfrentou Um Leão;8 Rumo ao Norte;;2;1;8;;O que aconteceu um dia, tornando a alimentação da caravana de Davi Livingstone, o missionário que enfrentou um leão, ainda mais precária?;;
105170;LIVROS MISSIONÁRIOS;O Missionario Que Enfrentou Um Leão;8 Rumo ao Norte;;2;1;8;;O que Davi Livingstone, o missionário que enfrentou um leão, escreveu em seu diário para matar a fome?;;
105171;LIVROS MISSIONÁRIOS;O Missionario Que Enfrentou Um Leão;8 Rumo ao Norte;;2;1;8;;Quem era Baraka, mencionado no Capítulo 08 da biografia de Davi Livingstone, o missionário que enfrentou um leão?;;
105172;LIVROS MISSIONÁRIOS;O Missionario Que Enfrentou Um Leão;8 Rumo ao Norte;;2;1;8;;O que foi confiado a Baraka, o moço africano entre os carregadores fiéis de Davi Livingstone, o missionário que enfrentou um leão?;;
105173;LIVROS MISSIONÁRIOS;O Missionario Que Enfrentou Um Leão;8 Rumo ao Norte;;2;1;8;;O que havia na caixa de remédios confiada a Baraka, o moço africano entre os carregadores fiéis de Davi Livingstone, o missionário que enfrentou um leão?;;
105174;LIVROS MISSIONÁRIOS;O Missionario Que Enfrentou Um Leão;8 Rumo ao Norte;;2;1;8;;Para que Davi Livingstone, o missionário que enfrentou um leão, usava o quinino que estava na caixa de remédios?;;
105175;LIVROS MISSIONÁRIOS;O Missionario Que Enfrentou Um Leão;8 Rumo ao Norte;;2;1;8;;O que um outro carregador ofereceu a Baraka, o moço africano entre os carregadores fiéis de Davi Livingstone, o missionário que enfrentou um leão?;;
105176;LIVROS MISSIONÁRIOS;O Missionario Que Enfrentou Um Leão;8 Rumo ao Norte;;2;1;8;;O que esse outro carregador fez depois de oferecer ajuda a Baraka para levar a caixa de remédios?;;
105177;LIVROS MISSIONÁRIOS;O Missionario Que Enfrentou Um Leão;8 Rumo ao Norte;;2;1;8;;Como Davi Livingstone, o missionário que enfrentou um leão, estava após a fuga do carregador que levou a caixa de remédios?;;
105178;LIVROS MISSIONÁRIOS;O Missionario Que Enfrentou Um Leão;8 Rumo ao Norte;;2;1;8;;O que socorreu Davi Livingstone, o missionário que enfrentou um leão, quando parecia ser o fim do grande missionário?;;
105179;LIVROS MISSIONÁRIOS;O Missionario Que Enfrentou Um Leão;8 Rumo ao Norte;;2;1;8;;A aldeia de qual chefe Davi Livingstone, o missionário que enfrentou um leão, chegou quando foi socorrido pela solidariedade do povo africano?;;
105180;LIVROS MISSIONÁRIOS;O Missionario Que Enfrentou Um Leão;8 Rumo ao Norte;;2;1;8;;Como o chefe Chitapangua recebeu Davi Livingstone, o missionário que enfrentou um leão, em sua aldeia?;;
105181;LIVROS MISSIONÁRIOS;O Missionario Que Enfrentou Um Leão;8 Rumo ao Norte;;2;1;8;;O que Davi Livingstone, o missionário que enfrentou um leão, encontrou na aldeia do chefe Chitapangua?;;
105182;LIVROS MISSIONÁRIOS;O Missionario Que Enfrentou Um Leão;8 Rumo ao Norte;;2;1;8;;O que Davi Livingstone, o missionário que enfrentou um leão, renovou na aldeia do chefe Chitapangua?;;
102834;LIVROS MISSIONÁRIOS;O Missionario Que Enfrentou Um Leão;8 Rumo ao Norte;;2;1;8;;Ao iniciar uma nova expedição no início de 1866, qual objetivo principal motivava Davi Livingstone, o dedicado explorador e missionário escocês, a adentrar novamente o continente africano? (PG 21);;
102835;LIVROS MISSIONÁRIOS;O Missionario Que Enfrentou Um Leão;8 Rumo ao Norte;;2;1;8;;Durante a subida a pé do vale do Rovuna, por qual razão Davi Livingstone, o minucioso pesquisador, incluiu quatro jumentos entre os animais de transporte de sua caravana? (PG 22);;
102836;LIVROS MISSIONÁRIOS;O Missionario Que Enfrentou Um Leão;8 Rumo ao Norte;;2;1;8;;Assustados com a história mentirosa espalhada por um mercador de escravos árabe sobre um chefe selvagem, qual atitude foi tomada por nove carregadores da expedição durante a noite? (PG 22);;
102837;LIVROS MISSIONÁRIOS;O Missionario Que Enfrentou Um Leão;8 Rumo ao Norte;;2;1;8;;Ao tomar conhecimento dos boatos a respeito da suposta morte do missionário na África, qual providência foi tomada pelo inglês chamado Young? (PG 22);;
102838;LIVROS MISSIONÁRIOS;O Missionario Que Enfrentou Um Leão;8 Rumo ao Norte;;2;1;8;;Diante da extrema escassez de suprimentos provocada pela devastação da terra e pelo roubo de suas cabras, qual registro impressionante Livingstone fez em seu diário para descrever como venceu a fome? (PG 22);;
102839;LIVROS MISSIONÁRIOS;O Missionario Que Enfrentou Um Leão;8 Rumo ao Norte;;2;1;8;;Durante a difícil jornada, o medicamento quinino, remédio essencial guardado na caixa sob os cuidados do jovem Baraka para tratar a malária, foi perdido devido a qual ato de traição? (PG 22 e 23);;
102840;LIVROS MISSIONÁRIOS;O Missionario Que Enfrentou Um Leão;8 Rumo ao Norte;;2;1;8;;Quando o enfraquecido e doente missionário chegou à aldeia do chefe Chitapangua, de qual maneira a comunidade nativa o acolheu? (PG 23);;
102841;LIVROS MISSIONÁRIOS;O Missionario Que Enfrentou Um Leão;8 Rumo ao Norte;;2;1;8;;No decorrer dessa expedição pelo interior africano, quais dois grandes lagos foram descobertos por Davi Livingstone no prosseguimento de sua viagem? (PG 23);;
102842;LIVROS MISSIONÁRIOS;O Missionario Que Enfrentou Um Leão;8 Rumo ao Norte;;2;1;8;;Além do governo britânico, qual outra instituição forneceu os recursos básicos e o apoio necessário para a nova expedição de Davi Livingstone, o empenhado explorador escocês, iniciada em 1866? (PG 21);;
102843;LIVROS MISSIONÁRIOS;O Missionario Que Enfrentou Um Leão;8 Rumo ao Norte;;2;1;8;;Davi Livingstone, o experiente líder missionário, levava consigo qual documento importante destinado ao sultão de Zanzibar para facilitar sua jornada pelo interior do continente? (PG 21);;
102844;LIVROS MISSIONÁRIOS;O Missionario Que Enfrentou Um Leão;8 Rumo ao Norte;;2;1;8;;Durante a subida do vale do Rovuna a pé, Davi Livingstone, o observador científico, desejava testar a resistência de quais animais específicos aos ataques fatais da mosca tsé-tsé? (PG 22);;
102845;LIVROS MISSIONÁRIOS;O Missionario Que Enfrentou Um Leão;8 Rumo ao Norte;;2;1;8;;Qual foi a mentira específica contada por um mercador de escravos árabe que provocou o pânico e a fuga de nove carregadores da caravana de Davi Livingstone, o persistente missionário? (PG 22);;
102846;LIVROS MISSIONÁRIOS;O Missionario Que Enfrentou Um Leão;8 Rumo ao Norte;;2;1;8;;Qual era a principal base da alimentação de Davi Livingstone, o fragilizado explorador, em uma terra deixada como um deserto e sem plantações pelos caçadores de escravos? (PG 22);;
102847;LIVROS MISSIONÁRIOS;O Missionario Que Enfrentou Um Leão;8 Rumo ao Norte;;2;1;8;;Baraka, o moço africano que integrava o grupo de carregadores fiéis, recebeu a importante missão de cuidar de qual item vital para a saúde e sobrevivência de Livingstone? (PG 22);;
102848;LIVROS MISSIONÁRIOS;O Missionario Que Enfrentou Um Leão;8 Rumo ao Norte;;2;1;8;;Após renovar suas forças com alimento e descanso na aldeia do chefe Chitapangua, Davi Livingstone, o herói da exploração africana, descobriu qual importante lago em julho de 1868? (PG 23);;
102849;LIVROS MISSIONÁRIOS;O Missionario Que Enfrentou Um Leão;8 Rumo ao Norte;;2;1;8;;Quantos carregadores nativos acompanhavam inicialmente a expedição de Davi Livingstone, o dedicado pesquisador, quando ele iniciou a subida pelo vale do Rovuna no início de 1866? (PG 22);;
102850;LIVROS MISSIONÁRIOS;O Missionario Que Enfrentou Um Leão;8 Rumo ao Norte;;2;1;8;;Em que ano Livingstone iniciou uma nova expedição à África com o objetivo de avançar para o norte? Capítulo 8;;
102851;LIVROS MISSIONÁRIOS;O Missionario Que Enfrentou Um Leão;8 Rumo ao Norte;;2;1;8;;Qual descoberta Livingstone desejava realizar na nova expedição iniciada em 1866? Capítulo 8;;
102852;LIVROS MISSIONÁRIOS;O Missionario Que Enfrentou Um Leão;8 Rumo ao Norte;;2;1;8;;Por que Livingstone considerava importante descobrir as fontes do rio Nilo? Capítulo 8;;
102853;LIVROS MISSIONÁRIOS;O Missionario Que Enfrentou Um Leão;8 Rumo ao Norte;;2;1;8;;Quais instituições forneceram a Livingstone os recursos básicos para a expedição iniciada em 1866? Capítulo 8;;
102854;LIVROS MISSIONÁRIOS;O Missionario Que Enfrentou Um Leão;8 Rumo ao Norte;;2;1;8;;Para qual governante Livingstone recebeu uma carta de apresentação antes de iniciar sua nova expedição africana? Capítulo 8;;
102855;LIVROS MISSIONÁRIOS;O Missionario Que Enfrentou Um Leão;8 Rumo ao Norte;;2;1;8;;Por qual região Livingstone avançou a pé no início de sua expedição de 1866? Capítulo 8;;
102856;LIVROS MISSIONÁRIOS;O Missionario Que Enfrentou Um Leão;8 Rumo ao Norte;;2;1;8;;Quantos nativos acompanhavam Livingstone no início da expedição pelo vale do Rovuna? Capítulo 8;;
102857;LIVROS MISSIONÁRIOS;O Missionario Que Enfrentou Um Leão;8 Rumo ao Norte;;2;1;8;;Qual conjunto apresenta animais que faziam parte da expedição de Livingstone pelo vale do Rovuna? Capítulo 8;;
102858;LIVROS MISSIONÁRIOS;O Missionario Que Enfrentou Um Leão;8 Rumo ao Norte;;2;1;8;;Por que Livingstone levou jumentos na expedição iniciada em 1866? Capítulo 8;;
102859;LIVROS MISSIONÁRIOS;O Missionario Que Enfrentou Um Leão;8 Rumo ao Norte;;2;1;8;;Que animais eram mortos pela mosca tsé-tsé, segundo o relato da expedição de Livingstone? Capítulo 8;;
102860;LIVROS MISSIONÁRIOS;O Missionario Que Enfrentou Um Leão;8 Rumo ao Norte;;2;1;8;;Quem iniciou um dos problemas enfrentados pela caravana de Livingstone ao contar uma história falsa a um de seus ajudantes? Capítulo 8;;
102861;LIVROS MISSIONÁRIOS;O Missionario Que Enfrentou Um Leão;8 Rumo ao Norte;;2;1;8;;Que história falsa um mercador de escravos árabe contou a um dos ajudantes de Livingstone? Capítulo 8;;
102862;LIVROS MISSIONÁRIOS;O Missionario Que Enfrentou Um Leão;8 Rumo ao Norte;;2;1;8;;O que o ajudante de Livingstone fez depois de ouvir do mercador árabe a falsa história sobre um chefe que pretendia matar a caravana? Capítulo 8;;
102863;LIVROS MISSIONÁRIOS;O Missionario Que Enfrentou Um Leão;8 Rumo ao Norte;;2;1;8;;Quantos carregadores fugiram durante a noite depois que se espalhou a falsa história sobre uma ameaça contra a caravana de Livingstone? Capítulo 8;;
102864;LIVROS MISSIONÁRIOS;O Missionario Que Enfrentou Um Leão;8 Rumo ao Norte;;2;1;8;;Para onde foram os nove carregadores que fugiram da expedição de Livingstone durante a noite? Capítulo 8;;
102865;LIVROS MISSIONÁRIOS;O Missionario Que Enfrentou Um Leão;8 Rumo ao Norte;;2;1;8;;Que notícia falsa os carregadores fugitivos espalharam depois de chegar à costa? Capítulo 8;;
102866;LIVROS MISSIONÁRIOS;O Missionario Que Enfrentou Um Leão;8 Rumo ao Norte;;2;1;8;;Quem partiu para a África ao saber dos rumores de que Livingstone teria morrido durante sua expedição? Capítulo 8;;
102867;LIVROS MISSIONÁRIOS;O Missionario Que Enfrentou Um Leão;8 Rumo ao Norte;;2;1;8;;Qual era o objetivo do inglês Young ao viajar para a África depois de ouvir que Livingstone havia morrido? Capítulo 8;;
102868;LIVROS MISSIONÁRIOS;O Missionario Que Enfrentou Um Leão;8 Rumo ao Norte;;2;1;8;;O que Young descobriu quando chegou à África para investigar a suposta morte de Livingstone? Capítulo 8;;
102869;LIVROS MISSIONÁRIOS;O Missionario Que Enfrentou Um Leão;8 Rumo ao Norte;;2;1;8;;O que Young fez depois de descobrir que Livingstone continuava vivo e havia seguido para o norte? Capítulo 8;;
102870;LIVROS MISSIONÁRIOS;O Missionario Que Enfrentou Um Leão;8 Rumo ao Norte;;2;1;8;;Como o povo na Inglaterra reagiu à notícia levada por Young de que Livingstone continuava vivo? Capítulo 8;;
102871;LIVROS MISSIONÁRIOS;O Missionario Que Enfrentou Um Leão;8 Rumo ao Norte;;2;1;8;;O que Livingstone sabia sobre os boatos de sua morte e a preocupação que eles provocavam em sua pátria? Capítulo 8;;
102872;LIVROS MISSIONÁRIOS;O Missionario Que Enfrentou Um Leão;8 Rumo ao Norte;;2;1;8;;De qual grupo de antigos companheiros Livingstone sentia muita saudade enquanto prosseguia na difícil expedição rumo ao norte? Capítulo 8;;
102873;LIVROS MISSIONÁRIOS;O Missionario Que Enfrentou Um Leão;8 Rumo ao Norte;;2;1;8;;Apesar de sentir falta dos macololos que o acompanharam em expedições anteriores, o que permitiu a Livingstone continuar avançando? Capítulo 8;;
102874;LIVROS MISSIONÁRIOS;O Missionario Que Enfrentou Um Leão;8 Rumo ao Norte;;2;1;8;;Como os caçadores de escravos haviam deixado a região atravessada por Livingstone durante sua viagem rumo ao norte? Capítulo 8;;
102875;LIVROS MISSIONÁRIOS;O Missionario Que Enfrentou Um Leão;8 Rumo ao Norte;;2;1;8;;O que faltava na região devastada pelos caçadores de escravos por onde passou a caravana de Livingstone? Capítulo 8;;
102876;LIVROS MISSIONÁRIOS;O Missionario Que Enfrentou Um Leão;8 Rumo ao Norte;;2;1;8;;Qual alimento a caravana de Livingstone ainda conseguia encontrar na região devastada pelos caçadores de escravos? Capítulo 8;;
102877;LIVROS MISSIONÁRIOS;O Missionario Que Enfrentou Um Leão;8 Rumo ao Norte;;2;1;8;;Como Livingstone preparava o milho que conseguia obter durante o período de escassez de alimentos? Capítulo 8;;
102878;LIVROS MISSIONÁRIOS;O Missionario Que Enfrentou Um Leão;8 Rumo ao Norte;;2;1;8;;Que acontecimento tornou ainda mais precária a alimentação da caravana de Livingstone durante a viagem ao norte? Capítulo 8;;
102879;LIVROS MISSIONÁRIOS;O Missionario Que Enfrentou Um Leão;8 Rumo ao Norte;;2;1;8;;Segundo uma anotação feita por Livingstone em seu diário durante um período de extrema fome, o que ele chegou a comer? Capítulo 8;;
102880;LIVROS MISSIONÁRIOS;O Missionario Que Enfrentou Um Leão;8 Rumo ao Norte;;2;1;8;;Até que ponto Livingstone afirmou ter comido seu próprio cinto para enfrentar a fome? Capítulo 8;;
102881;LIVROS MISSIONÁRIOS;O Missionario Que Enfrentou Um Leão;8 Rumo ao Norte;;2;1;8;;Qual era o nome do jovem africano citado entre os carregadores fiéis de Livingstone nessa expedição? Capítulo 8;;
102882;LIVROS MISSIONÁRIOS;O Missionario Que Enfrentou Um Leão;8 Rumo ao Norte;;2;1;8;;Que responsabilidade Livingstone confiou ao jovem carregador Baraka durante a expedição? Capítulo 8;;
102883;LIVROS MISSIONÁRIOS;O Missionario Que Enfrentou Um Leão;8 Rumo ao Norte;;2;1;8;;Qual medicamento importante era guardado na caixa de remédios confiada a Baraka? Capítulo 8;;
102884;LIVROS MISSIONÁRIOS;O Missionario Que Enfrentou Um Leão;8 Rumo ao Norte;;2;1;8;;Para o tratamento de qual doença Livingstone utilizava o quinino que levava em sua caixa de remédios? Capítulo 8;;
102885;LIVROS MISSIONÁRIOS;O Missionario Que Enfrentou Um Leão;8 Rumo ao Norte;;2;1;8;;Como outro carregador conseguiu ter acesso à caixa de remédios que estava sob os cuidados de Baraka? Capítulo 8;;
102886;LIVROS MISSIONÁRIOS;O Missionario Que Enfrentou Um Leão;8 Rumo ao Norte;;2;1;8;;O que o carregador fez depois de se oferecer para ajudar Baraka a transportar a caixa de remédios de Livingstone? Capítulo 8;;
102887;LIVROS MISSIONÁRIOS;O Missionario Que Enfrentou Um Leão;8 Rumo ao Norte;;2;1;8;;Em que lugar o carregador fugitivo se escondeu depois de levar consigo a caixa de remédios de Livingstone? Capítulo 8;;
102888;LIVROS MISSIONÁRIOS;O Missionario Que Enfrentou Um Leão;8 Rumo ao Norte;;2;1;8;;Qual conjunto descreve a situação de Livingstone depois da perda das cabras, dos remédios e de parte de seus carregadores? Capítulo 8;;
102889;LIVROS MISSIONÁRIOS;O Missionario Que Enfrentou Um Leão;8 Rumo ao Norte;;2;1;8;;Apesar das dificuldades extremas enfrentadas por Livingstone, o que mais uma vez lhe trouxe socorro durante a expedição? Capítulo 8;;
102890;LIVROS MISSIONÁRIOS;O Missionario Que Enfrentou Um Leão;8 Rumo ao Norte;;2;1;8;;Em qual aldeia Livingstone encontrou acolhimento quando estava magro, doente, faminto e sem seus remédios? Capítulo 8;;
102891;LIVROS MISSIONÁRIOS;O Missionario Que Enfrentou Um Leão;8 Rumo ao Norte;;2;1;8;;Quem recebeu Livingstone quando ele chegou debilitado à aldeia onde conseguiu recuperar suas forças? Capítulo 8;;
102892;LIVROS MISSIONÁRIOS;O Missionario Que Enfrentou Um Leão;8 Rumo ao Norte;;2;1;8;;Como o chefe Chitapangua recebeu Livingstone quando o missionário chegou à sua aldeia em condições difíceis? Capítulo 8;;
102893;LIVROS MISSIONÁRIOS;O Missionario Que Enfrentou Um Leão;8 Rumo ao Norte;;2;1;8;;Que demonstração especial de homenagem o chefe Chitapangua ordenou quando recebeu Livingstone em sua aldeia? Capítulo 8;;
102894;LIVROS MISSIONÁRIOS;O Missionario Que Enfrentou Um Leão;8 Rumo ao Norte;;2;1;8;;O que Livingstone encontrou na aldeia do chefe Chitapangua depois de enfrentar fome, doença e a perda de seus remédios? Capítulo 8;;
102895;LIVROS MISSIONÁRIOS;O Missionario Que Enfrentou Um Leão;8 Rumo ao Norte;;2;1;8;;Que efeito o acolhimento recebido na aldeia do chefe Chitapangua teve sobre Livingstone? Capítulo 8;;
102896;LIVROS MISSIONÁRIOS;O Missionario Que Enfrentou Um Leão;8 Rumo ao Norte;;2;1;8;;Depois de recuperar-se com alimento e descanso na aldeia de Chitapangua, o que Livingstone pôde fazer? Capítulo 8;;
102897;LIVROS MISSIONÁRIOS;O Missionario Que Enfrentou Um Leão;8 Rumo ao Norte;;2;1;8;;Qual sequência resume corretamente algumas das principais dificuldades enfrentadas por Livingstone na expedição narrada em “Rumo ao Norte”? Capítulo 8;;
102898;LIVROS MISSIONÁRIOS;O Missionario Que Enfrentou Um Leão;8 Rumo ao Norte;;2;1;8;;Na expedição iniciada no princípio de 1866, qual objetivo geográfico de prestígio internacional motivou a nova marcha de Livingstone com apoio do governo britânico e da Sociedade Geográfica?;;
102899;LIVROS MISSIONÁRIOS;O Missionario Que Enfrentou Um Leão;8 Rumo ao Norte;;2;1;8;;Qual hipótese biológica Livingstone pretendia verificar na prática ao conduzir jumentos pelo vale do Rovuma em sua subida rumo ao norte?;;
102900;LIVROS MISSIONÁRIOS;O Missionario Que Enfrentou Um Leão;8 Rumo ao Norte;;2;1;8;;Que boato alarmante circulou na Inglaterra após a deserção de nove carregadores assustados com as mentiras de um comerciante de escravos árabe?;;
102901;LIVROS MISSIONÁRIOS;O Missionario Que Enfrentou Um Leão;8 Rumo ao Norte;;2;1;8;;Em meio à fome severa provocada pela devastação dos caçadores de escravos, que relato dramático Livingstone registrou em seu diário sobre as medidas para amenizar o vazio no estômago?;;
102902;LIVROS MISSIONÁRIOS;O Missionario Que Enfrentou Um Leão;8 Rumo ao Norte;;2;1;8;;Que revés médico catastrófico quase custou a vida do missionário escocês quando este atravessava as matas em direção ao norte?;;
102903;LIVROS MISSIONÁRIOS;O Missionario Que Enfrentou Um Leão;8 Rumo ao Norte;;2;1;8;;Enfraquecido por doenças, desprovido de medicamentos e sem suas cabras, em qual aldeia Livingstone recebeu acolhida calorosa, descanso e comida ao som de tambores festivos?;;
105183;LIVROS MISSIONÁRIOS;O Missionario Que Enfrentou Um Leão;8 Rumo ao Norte;;2;1;8;;Em que período Livingstone iniciou uma nova expedição à África?;;
105184;LIVROS MISSIONÁRIOS;O Missionario Que Enfrentou Um Leão;8 Rumo ao Norte;;2;1;8;;O que Livingstone sempre desejara descobrir durante suas expedições pelo continente africano?;;
105185;LIVROS MISSIONÁRIOS;O Missionario Que Enfrentou Um Leão;8 Rumo ao Norte;;2;1;8;;Por que Livingstone desejava descobrir as fontes do Nilo?;;
105186;LIVROS MISSIONÁRIOS;O Missionario Que Enfrentou Um Leão;8 Rumo ao Norte;;2;1;8;;Quais instituições forneceram os recursos básicos para a nova expedição de Livingstone?;;
105187;LIVROS MISSIONÁRIOS;O Missionario Que Enfrentou Um Leão;8 Rumo ao Norte;;2;1;8;;Que documento Livingstone recebeu antes de iniciar sua nova expedição?;;
105188;LIVROS MISSIONÁRIOS;O Missionario Que Enfrentou Um Leão;8 Rumo ao Norte;;2;1;8;;Como Livingstone percorreu o vale do Rovuna durante essa expedição?;;
105189;LIVROS MISSIONÁRIOS;O Missionario Que Enfrentou Um Leão;8 Rumo ao Norte;;2;1;8;;Quantos nativos acompanhavam Livingstone na subida do vale do Rovuna?;;
105190;LIVROS MISSIONÁRIOS;O Missionario Que Enfrentou Um Leão;8 Rumo ao Norte;;2;1;8;;Quantos camelos faziam parte da caravana de Livingstone?;;
105191;LIVROS MISSIONÁRIOS;O Missionario Que Enfrentou Um Leão;8 Rumo ao Norte;;2;1;8;;Quantos búfalos acompanhavam a caravana de Livingstone?;;
105192;LIVROS MISSIONÁRIOS;O Missionario Que Enfrentou Um Leão;8 Rumo ao Norte;;2;1;8;;Quantos burros e jumentos faziam parte dos animais levados na expedição?;;
105193;LIVROS MISSIONÁRIOS;O Missionario Que Enfrentou Um Leão;8 Rumo ao Norte;;2;1;8;;Que outros animais Livingstone levou consigo na expedição, além dos camelos, búfalos, burros e jumentos?;;
105194;LIVROS MISSIONÁRIOS;O Missionario Que Enfrentou Um Leão;8 Rumo ao Norte;;2;1;8;;Por que Livingstone pretendia testar os jumentos durante a expedição?;;
105195;LIVROS MISSIONÁRIOS;O Missionario Que Enfrentou Um Leão;8 Rumo ao Norte;;2;1;8;;Que animais eram mortos pelos ataques da mosca tsé-tsé, conforme o relato do capítulo?;;
105196;LIVROS MISSIONÁRIOS;O Missionario Que Enfrentou Um Leão;8 Rumo ao Norte;;2;1;8;;Que obstáculo foi criado por um mercador de escravos árabe durante a viagem de Livingstone?;;
105197;LIVROS MISSIONÁRIOS;O Missionario Que Enfrentou Um Leão;8 Rumo ao Norte;;2;1;8;;O que o mercador de escravos árabe disse a um dos ajudantes de Livingstone?;;
105198;LIVROS MISSIONÁRIOS;O Missionario Que Enfrentou Um Leão;8 Rumo ao Norte;;2;1;8;;Como o ajudante de Livingstone reagiu ao ouvir a história contada pelo mercador árabe?;;
105199;LIVROS MISSIONÁRIOS;O Missionario Que Enfrentou Um Leão;8 Rumo ao Norte;;2;1;8;;O que aconteceu durante a noite, depois que a mentira sobre o chefe selvagem se espalhou?;;
105200;LIVROS MISSIONÁRIOS;O Missionario Que Enfrentou Um Leão;8 Rumo ao Norte;;2;1;8;;Para onde foram os nove carregadores que abandonaram a caravana?;;
105201;LIVROS MISSIONÁRIOS;O Missionario Que Enfrentou Um Leão;8 Rumo ao Norte;;2;1;8;;Que notícia falsa os nove carregadores espalharam na costa?;;
105202;LIVROS MISSIONÁRIOS;O Missionario Que Enfrentou Um Leão;8 Rumo ao Norte;;2;1;8;;Quem foi à África para verificar se a notícia sobre a morte de Livingstone era verdadeira?;;
105203;LIVROS MISSIONÁRIOS;O Missionario Que Enfrentou Um Leão;8 Rumo ao Norte;;2;1;8;;O que Young descobriu quando chegou à África?;;
105204;LIVROS MISSIONÁRIOS;O Missionario Que Enfrentou Um Leão;8 Rumo ao Norte;;2;1;8;;O que Young fez depois de descobrir que Livingstone continuava vivo?;;
105205;LIVROS MISSIONÁRIOS;O Missionario Que Enfrentou Um Leão;8 Rumo ao Norte;;2;1;8;;Como o povo inglês reagiu ao saber que Livingstone estava vivo?;;
105206;LIVROS MISSIONÁRIOS;O Missionario Que Enfrentou Um Leão;8 Rumo ao Norte;;2;1;8;;Livingstone sabia dos boatos sobre sua morte e da preocupação que causava em sua pátria?;;
105207;LIVROS MISSIONÁRIOS;O Missionario Que Enfrentou Um Leão;8 Rumo ao Norte;;2;1;8;;Como Livingstone continuou sua viagem depois que alguns carregadores fugiram?;;
105208;LIVROS MISSIONÁRIOS;O Missionario Que Enfrentou Um Leão;8 Rumo ao Norte;;2;1;8;;De quem Livingstone sentia muita saudade durante essa difícil expedição?;;
105209;LIVROS MISSIONÁRIOS;O Missionario Que Enfrentou Um Leão;8 Rumo ao Norte;;2;1;8;;Como os caçadores de escravos haviam deixado a terra por onde Livingstone passava?;;
105210;LIVROS MISSIONÁRIOS;O Missionario Que Enfrentou Um Leão;8 Rumo ao Norte;;2;1;8;;O que não havia nas regiões devastadas pelos caçadores de escravos?;;
105211;LIVROS MISSIONÁRIOS;O Missionario Que Enfrentou Um Leão;8 Rumo ao Norte;;2;1;8;;Qual era o único alimento que a caravana conseguia encontrar com facilidade?;;
105212;LIVROS MISSIONÁRIOS;O Missionario Que Enfrentou Um Leão;8 Rumo ao Norte;;2;1;8;;Como Livingstone preparava o milho durante a expedição?;;
105213;LIVROS MISSIONÁRIOS;O Missionario Que Enfrentou Um Leão;8 Rumo ao Norte;;2;1;8;;O que aconteceu com as cabras levadas pela caravana?;;
105214;LIVROS MISSIONÁRIOS;O Missionario Que Enfrentou Um Leão;8 Rumo ao Norte;;2;1;8;;Qual foi a consequência do roubo das cabras para a caravana?;;
105215;LIVROS MISSIONÁRIOS;O Missionario Que Enfrentou Um Leão;8 Rumo ao Norte;;2;1;8;;O que Livingstone registrou em seu diário sobre sua fome durante a viagem?;;
105216;LIVROS MISSIONÁRIOS;O Missionario Que Enfrentou Um Leão;8 Rumo ao Norte;;2;1;8;;Por que Livingstone afirmou ter comido parte do próprio cinto?;;
105217;LIVROS MISSIONÁRIOS;O Missionario Que Enfrentou Um Leão;8 Rumo ao Norte;;2;1;8;;Quem era Baraka, o jovem africano que fazia parte da caravana?;;
105218;LIVROS MISSIONÁRIOS;O Missionario Que Enfrentou Um Leão;8 Rumo ao Norte;;2;1;8;;Que objeto importante foi confiado a Baraka?;;
105219;LIVROS MISSIONÁRIOS;O Missionario Que Enfrentou Um Leão;8 Rumo ao Norte;;2;1;8;;Qual medicamento estava guardado na caixa confiada a Baraka?;;
105220;LIVROS MISSIONÁRIOS;O Missionario Que Enfrentou Um Leão;8 Rumo ao Norte;;2;1;8;;Para que Livingstone utilizava o quinino?;;
105221;LIVROS MISSIONÁRIOS;O Missionario Que Enfrentou Um Leão;8 Rumo ao Norte;;2;1;8;;O que aconteceu quando outro carregador se ofereceu para ajudar Baraka a levar a caixa de remédios?;;
105222;LIVROS MISSIONÁRIOS;O Missionario Que Enfrentou Um Leão;8 Rumo ao Norte;;2;1;8;;Como Livingstone se encontrava depois de perder as cabras, a caixa de remédios e vários carregadores?;;
105223;LIVROS MISSIONÁRIOS;O Missionario Que Enfrentou Um Leão;8 Rumo ao Norte;;2;1;8;;Por que a situação de Livingstone parecia indicar o fim de sua missão?;;
105224;LIVROS MISSIONÁRIOS;O Missionario Que Enfrentou Um Leão;8 Rumo ao Norte;;2;1;8;;Quem socorreu Livingstone quando ele estava em uma situação extremamente difícil?;;
105225;LIVROS MISSIONÁRIOS;O Missionario Que Enfrentou Um Leão;8 Rumo ao Norte;;2;1;8;;A qual aldeia Livingstone chegou depois de ficar doente, faminto e sem remédios?;;
105226;LIVROS MISSIONÁRIOS;O Missionario Que Enfrentou Um Leão;8 Rumo ao Norte;;2;1;8;;Como o chefe Chitapangua recebeu Livingstone quando ele chegou à aldeia?;;
105227;LIVROS MISSIONÁRIOS;O Missionario Que Enfrentou Um Leão;8 Rumo ao Norte;;2;1;8;;O que Livingstone encontrou na aldeia de Chitapangua?;;
105228;LIVROS MISSIONÁRIOS;O Missionario Que Enfrentou Um Leão;8 Rumo ao Norte;;2;1;8;;Qual foi o efeito do acolhimento recebido na aldeia de Chitapangua?;;
105229;LIVROS MISSIONÁRIOS;O Missionario Que Enfrentou Um Leão;8 Rumo ao Norte;;2;1;8;;Qual alternativa apresenta corretamente os principais acontecimentos do Capítulo 8?;;
102904;LIVROS MISSIONÁRIOS;O Missionario Que Enfrentou Um Leão;8 Rumo ao Norte;;2;1;8;;Em que período Livingstone iniciou uma nova expedição à África, motivado pelo desejo de sempre ter tido de descobrir as fontes de um importante rio?;;
102905;LIVROS MISSIONÁRIOS;O Missionario Que Enfrentou Um Leão;8 Rumo ao Norte;;2;1;8;;Qual rio Livingstone sempre quisera descobrir as fontes, acreditando que isso permitiria ao comércio europeu chegar desde o norte até o interior da África?;;
102906;LIVROS MISSIONÁRIOS;O Missionario Que Enfrentou Um Leão;8 Rumo ao Norte;;2;1;8;;Quem forneceu a Livingstone os recursos básicos para essa nova expedição, além de lhe dar uma carta de apresentação para o sultão de Zanzibar?;;
102907;LIVROS MISSIONÁRIOS;O Missionario Que Enfrentou Um Leão;8 Rumo ao Norte;;2;1;8;;Ao subir o vale do Rovuna a pé nessa nova expedição, quantos nativos e que tipos de animais de carga Livingstone levava consigo?;;
102908;LIVROS MISSIONÁRIOS;O Missionario Que Enfrentou Um Leão;8 Rumo ao Norte;;2;1;8;;Por que Livingstone pretendia testar os jumentos durante essa expedição pelo vale do Rovuna, animal que resistia melhor a um determinado inseto?;;
102909;LIVROS MISSIONÁRIOS;O Missionario Que Enfrentou Um Leão;8 Rumo ao Norte;;2;1;8;;Que mentira um mercador de escravos árabe contou a um dos ajudantes de Livingstone, boato que se espalhou entre os carregadores durante essa expedição?;;
102910;LIVROS MISSIONÁRIOS;O Missionario Que Enfrentou Um Leão;8 Rumo ao Norte;;2;1;8;;Assustados com a história mentirosa espalhada por um mercador de escravos, o que fizeram nove carregadores durante a noite, ao fugirem da expedição de Livingstone?;;
102911;LIVROS MISSIONÁRIOS;O Missionario Que Enfrentou Um Leão;8 Rumo ao Norte;;2;1;8;;Quem partiu para a África a fim de se certificar dos fatos, após ser informado das notícias que corriam sobre a suposta morte de Livingstone?;;
102912;LIVROS MISSIONÁRIOS;O Missionario Que Enfrentou Um Leão;8 Rumo ao Norte;;2;1;8;;Ao chegar à África para investigar a suposta morte de Livingstone, o que o inglês Young descobriu, informação que ele levou de volta à Inglaterra?;;
102913;LIVROS MISSIONÁRIOS;O Missionario Que Enfrentou Um Leão;8 Rumo ao Norte;;2;1;8;;Durante a difícil viagem em que os caçadores de escravos haviam deixado a terra como um deserto, sem plantações nem gado, com o que Livingstone se alimentava, cozido no leite de cabras que levava consigo?;;
102914;LIVROS MISSIONÁRIOS;O Missionario Que Enfrentou Um Leão;8 Rumo ao Norte;;2;1;8;;O que aconteceu com as cabras de Livingstone durante essa jornada, fazendo com que a alimentação da caravana ficasse ainda mais precária?;;
102915;LIVROS MISSIONÁRIOS;O Missionario Que Enfrentou Um Leão;8 Rumo ao Norte;;2;1;8;;O que Livingstone registrou em seu diário ter feito para matar a fome, em um momento extremo dessa difícil jornada?;;
102916;LIVROS MISSIONÁRIOS;O Missionario Que Enfrentou Um Leão;8 Rumo ao Norte;;2;1;8;;Qual moço africano, entre os carregadores fiéis de Livingstone, era responsável por carregar a caixa de remédios que continha o quinino, medicamento usado contra a malária?;;
102917;LIVROS MISSIONÁRIOS;O Missionario Que Enfrentou Um Leão;8 Rumo ao Norte;;2;1;8;;O que aconteceu quando outro carregador se ofereceu para ajudar Baraka a levar a caixa de remédios por algum tempo, durante a expedição?;;
102918;LIVROS MISSIONÁRIOS;O Missionario Que Enfrentou Um Leão;8 Rumo ao Norte;;2;1;8;;Em que condição física e material Livingstone se encontrava ao final dessa penosa jornada, antes de ser socorrido pela solidariedade de um chefe africano?;;
102919;LIVROS MISSIONÁRIOS;O Missionario Que Enfrentou Um Leão;8 Rumo ao Norte;;2;1;8;;Qual chefe africano recebeu Livingstone com alegria em sua aldeia, mandando até tocar tambores para homenageá-lo, oferecendo-lhe alimento e descanso?;;
105230;LIVROS MISSIONÁRIOS;O Missionario Que Enfrentou Um Leão;9 Exemplo de Persistência;;2;1;9;;Depois de dois anos de viagem, qual lago Davi Livingstone, o missionário que enfrentou um leão, descobriu?;;
105231;LIVROS MISSIONÁRIOS;O Missionario Que Enfrentou Um Leão;9 Exemplo de Persistência;;2;1;9;;O que Davi Livingstone, o missionário que enfrentou um leão, fez ao descobrir o lago Tanganica?;;
105232;LIVROS MISSIONÁRIOS;O Missionario Que Enfrentou Um Leão;9 Exemplo de Persistência;;2;1;9;;O que Davi Livingstone, o missionário que enfrentou um leão, tinha prometido fazer em relação às águas e ao mapa da África?;;
105233;LIVROS MISSIONÁRIOS;O Missionario Que Enfrentou Um Leão;9 Exemplo de Persistência;;2;1;9;;Em que mês e ano Davi Livingstone, o missionário que enfrentou um leão, descobriu o lago Banguelo?;;
105234;LIVROS MISSIONÁRIOS;O Missionario Que Enfrentou Um Leão;9 Exemplo de Persistência;;2;1;9;;O que Davi Livingstone, o missionário que enfrentou um leão, presenciou certo dia ao passar por uma caravana de escravos?;;
105235;LIVROS MISSIONÁRIOS;O Missionario Que Enfrentou Um Leão;9 Exemplo de Persistência;;2;1;9;;O que Davi Livingstone, o missionário que enfrentou um leão, perguntou a alguém ao ver os escravos cantando?;;
105236;LIVROS MISSIONÁRIOS;O Missionario Que Enfrentou Um Leão;9 Exemplo de Persistência;;2;1;9;;Qual foi a resposta que Davi Livingstone, o missionário que enfrentou um leão, recebeu quando perguntou como os escravos podiam cantar naquela situação?;;
105237;LIVROS MISSIONÁRIOS;O Missionario Que Enfrentou Um Leão;9 Exemplo de Persistência;;2;1;9;;O que os mercadores árabes não conseguiam entender, segundo o Capítulo 09 da biografia de Davi Livingstone, o missionário que enfrentou um leão?;;
105238;LIVROS MISSIONÁRIOS;O Missionario Que Enfrentou Um Leão;9 Exemplo de Persistência;;2;1;9;;O que a canção dos escravos, que Davi Livingstone, o missionário que enfrentou um leão, ouviu, dizia?;;
105239;LIVROS MISSIONÁRIOS;O Missionario Que Enfrentou Um Leão;9 Exemplo de Persistência;;2;1;9;;Por que Davi Livingstone, o missionário que enfrentou um leão, não pôde ajudar os escravos naquela ocasião?;;
105240;LIVROS MISSIONÁRIOS;O Missionario Que Enfrentou Um Leão;9 Exemplo de Persistência;;2;1;9;;Quem era Mohammed Bogharib, mencionado no Capítulo 09 da biografia de Davi Livingstone, o missionário que enfrentou um leão?;;
105241;LIVROS MISSIONÁRIOS;O Missionario Que Enfrentou Um Leão;9 Exemplo de Persistência;;2;1;9;;O que Mohammed Bogharib, o mercador de escravos árabe, deu a Davi Livingstone, o missionário que enfrentou um leão?;;
105242;LIVROS MISSIONÁRIOS;O Missionario Que Enfrentou Um Leão;9 Exemplo de Persistência;;2;1;9;;O que Mohammed Bogharib, o mercador de escravos árabe, dispôs-se a fazer por Davi Livingstone, o missionário que enfrentou um leão?;;
105243;LIVROS MISSIONÁRIOS;O Missionario Que Enfrentou Um Leão;9 Exemplo de Persistência;;2;1;9;;O que Davi Livingstone, o missionário que enfrentou um leão, esperava encontrar em Ujiji?;;
105244;LIVROS MISSIONÁRIOS;O Missionario Que Enfrentou Um Leão;9 Exemplo de Persistência;;2;1;9;;Como foi a viagem de Davi Livingstone, o missionário que enfrentou um leão, até Ujiji?;;
105245;LIVROS MISSIONÁRIOS;O Missionario Que Enfrentou Um Leão;9 Exemplo de Persistência;;2;1;9;;Quantas semanas durou a viagem de Davi Livingstone, o missionário que enfrentou um leão, até Ujiji?;;
105246;LIVROS MISSIONÁRIOS;O Missionario Que Enfrentou Um Leão;9 Exemplo de Persistência;;2;1;9;;O que Davi Livingstone, o missionário que enfrentou um leão, descobriu ao chegar a Ujiji?;;
105247;LIVROS MISSIONÁRIOS;O Missionario Que Enfrentou Um Leão;9 Exemplo de Persistência;;2;1;9;;Segundo o Capítulo 09 da biografia de Davi Livingstone, o missionário que enfrentou um leão, o que o sultão de Zanzibar, que se dizia seu amigo, na realidade queria?;;
105248;LIVROS MISSIONÁRIOS;O Missionario Que Enfrentou Um Leão;9 Exemplo de Persistência;;2;1;9;;Por que o sultão de Zanzibar, que se dizia amigo de Davi Livingstone, o missionário que enfrentou um leão, não queria que ele sobrevivesse?;;
105249;LIVROS MISSIONÁRIOS;O Missionario Que Enfrentou Um Leão;9 Exemplo de Persistência;;2;1;9;;Por que os mercadores árabes também não tinham interesse em manter vivo Davi Livingstone, o missionário que enfrentou um leão?;;
105250;LIVROS MISSIONÁRIOS;O Missionario Que Enfrentou Um Leão;9 Exemplo de Persistência;;2;1;9;;Como estava a situação de Davi Livingstone, o missionário que enfrentou um leão, em Ujiji, segundo o texto?;;
105251;LIVROS MISSIONÁRIOS;O Missionario Que Enfrentou Um Leão;9 Exemplo de Persistência;;2;1;9;;O que muitos pensavam sobre Davi Livingstone, o missionário que enfrentou um leão, na época em que ele estava em Ujiji?;;
105252;LIVROS MISSIONÁRIOS;O Missionario Que Enfrentou Um Leão;9 Exemplo de Persistência;;2;1;9;;Em que mês e ano Davi Livingstone, o missionário que enfrentou um leão, iniciou uma nova viagem, com a saúde recuperada, para explorar a terra de Maniuema?;;
105253;LIVROS MISSIONÁRIOS;O Missionario Que Enfrentou Um Leão;9 Exemplo de Persistência;;2;1;9;;Qual rio havia na terra de Maniuema, que Davi Livingstone, o missionário que enfrentou um leão, queria explorar?;;
105254;LIVROS MISSIONÁRIOS;O Missionario Que Enfrentou Um Leão;9 Exemplo de Persistência;;2;1;9;;O que Davi Livingstone, o missionário que enfrentou um leão, se perguntava sobre o rio Lualaba?;;
105255;LIVROS MISSIONÁRIOS;O Missionario Que Enfrentou Um Leão;9 Exemplo de Persistência;;2;1;9;;Qual era o grande desafio que Davi Livingstone, o missionário que enfrentou um leão, queria vencer?;;
105256;LIVROS MISSIONÁRIOS;O Missionario Que Enfrentou Um Leão;9 Exemplo de Persistência;;2;1;9;;Com quem Davi Livingstone, o missionário que enfrentou um leão, havia assumido o compromisso de descobrir as nascentes do rio Nilo?;;
105257;LIVROS MISSIONÁRIOS;O Missionario Que Enfrentou Um Leão;9 Exemplo de Persistência;;2;1;9;;Quantos carregadores eram da completa confiança de Davi Livingstone, o missionário que enfrentou um leão, nesse tempo?;;
105258;LIVROS MISSIONÁRIOS;O Missionario Que Enfrentou Um Leão;9 Exemplo de Persistência;;2;1;9;;Quais eram os nomes dos três carregadores da completa confiança de Davi Livingstone, o missionário que enfrentou um leão?;;
105259;LIVROS MISSIONÁRIOS;O Missionario Que Enfrentou Um Leão;9 Exemplo de Persistência;;2;1;9;;Até quando Susi, Chumak e Gardner permaneceram com Davi Livingstone, o missionário que enfrentou um leão?;;
105260;LIVROS MISSIONÁRIOS;O Missionario Que Enfrentou Um Leão;9 Exemplo de Persistência;;2;1;9;;Como Davi Livingstone, o missionário que enfrentou um leão, se sentia por estar distante de seus filhos e parentes?;;
105261;LIVROS MISSIONÁRIOS;O Missionario Que Enfrentou Um Leão;9 Exemplo de Persistência;;2;1;9;;O que foi a grande companheira de Davi Livingstone, o missionário que enfrentou um leão, em seu tempo de solidão?;;
105262;LIVROS MISSIONÁRIOS;O Missionario Que Enfrentou Um Leão;9 Exemplo de Persistência;;2;1;9;;Quantas vezes Davi Livingstone, o missionário que enfrentou um leão, leu a Bíblia de capa a capa nesse tempo?;;
105263;LIVROS MISSIONÁRIOS;O Missionario Que Enfrentou Um Leão;9 Exemplo de Persistência;;2;1;9;;O que Davi Livingstone, o missionário que enfrentou um leão, fazia para manter sua disciplina pessoal?;;
105264;LIVROS MISSIONÁRIOS;O Missionario Que Enfrentou Um Leão;9 Exemplo de Persistência;;2;1;9;;O que a sensação de limpeza física e a paz de espírito que a leitura da Bíblia proporcionavam a Davi Livingstone, o missionário que enfrentou um leão?;;
105265;LIVROS MISSIONÁRIOS;O Missionario Que Enfrentou Um Leão;9 Exemplo de Persistência;;2;1;9;;O que Davi Livingstone, o missionário que enfrentou um leão, continuava fazendo em seus cadernos de apontamentos?;;
105266;LIVROS MISSIONÁRIOS;O Missionario Que Enfrentou Um Leão;9 Exemplo de Persistência;;2;1;9;;O que Davi Livingstone, o missionário que enfrentou um leão, presenciou durante o período em que precisou viajar junto com os mercadores de escravos?;;
105267;LIVROS MISSIONÁRIOS;O Missionario Que Enfrentou Um Leão;9 Exemplo de Persistência;;2;1;9;;O que aconteceu com os moradores da aldeia massacrada que não foram levados como prisioneiros?;;
105268;LIVROS MISSIONÁRIOS;O Missionario Que Enfrentou Um Leão;9 Exemplo de Persistência;;2;1;9;;Que cena trágica permaneceu na memória do velho missionário Davi Livingstone, o missionário que enfrentou um leão?;;
105269;LIVROS MISSIONÁRIOS;O Missionario Que Enfrentou Um Leão;9 Exemplo de Persistência;;2;1;9;;Qual era o único consolo que restava a Davi Livingstone, o missionário que enfrentou um leão, diante das atrocidades presenciadas?;;
105270;LIVROS MISSIONÁRIOS;O Missionario Que Enfrentou Um Leão;9 Exemplo de Persistência;;2;1;9;;O que Davi Livingstone, o missionário que enfrentou um leão, registrava em seus diários?;;
105271;LIVROS MISSIONÁRIOS;O Missionario Que Enfrentou Um Leão;9 Exemplo de Persistência;;2;1;9;;Além de uma ação através do governo, o que Davi Livingstone, o missionário que enfrentou um leão, via como necessário?;;
105272;LIVROS MISSIONÁRIOS;O Missionario Que Enfrentou Um Leão;9 Exemplo de Persistência;;2;1;9;;O que Davi Livingstone, o missionário que enfrentou um leão, descobriu quando tentou prosseguir viagem sozinho, levando consigo apenas seus empregados fiéis?;;
105273;LIVROS MISSIONÁRIOS;O Missionario Que Enfrentou Um Leão;9 Exemplo de Persistência;;2;1;9;;O que havia ao longo do caminho quando Davi Livingstone, o missionário que enfrentou um leão, percebeu que estava sendo caçado?;;
105274;LIVROS MISSIONÁRIOS;O Missionario Que Enfrentou Um Leão;9 Exemplo de Persistência;;2;1;9;;Por que não queriam que Davi Livingstone, o missionário que enfrentou um leão, sobrevivesse?;;
105275;LIVROS MISSIONÁRIOS;O Missionario Que Enfrentou Um Leão;9 Exemplo de Persistência;;2;1;9;;Quem transportou o velho missionário Davi Livingstone, o missionário que enfrentou um leão, em condições desesperadoras através de pântanos?;;
105276;LIVROS MISSIONÁRIOS;O Missionario Que Enfrentou Um Leão;9 Exemplo de Persistência;;2;1;9;;Como estava o lodo nos pântanos que Susi, Chumak e Gardner atravessaram transportando Davi Livingstone, o missionário que enfrentou um leão?;;
105277;LIVROS MISSIONÁRIOS;O Missionario Que Enfrentou Um Leão;9 Exemplo de Persistência;;2;1;9;;Contra quais animais Susi, Chumak e Gardner lutaram ao transportar Davi Livingstone, o missionário que enfrentou um leão, pelos pântanos?;;
105278;LIVROS MISSIONÁRIOS;O Missionario Que Enfrentou Um Leão;9 Exemplo de Persistência;;2;1;9;;Em que mês e ano Susi, Chumak e Gardner chegaram de volta a Ujiji com Davi Livingstone, o missionário que enfrentou um leão?;;
105279;LIVROS MISSIONÁRIOS;O Missionario Que Enfrentou Um Leão;9 Exemplo de Persistência;;2;1;9;;O que o texto afirma que Deus fez mais uma vez por Davi Livingstone, o missionário que enfrentou um leão, ao chegar a Ujiji em outubro de 1871?;;
102920;LIVROS MISSIONÁRIOS;O Missionario Que Enfrentou Um Leão;9 Exemplo de Persistência;;2;1;9;;Ao cruzar com uma caravana de escravos acorrentados por cadeias e cangas, Davi Livingstone, o observador e missionário escocês, estranhou o fato de eles estarem cantando e foi informado de que a canção entoada pelos cativos tratava de qual tema? (PG 24);;
102921;LIVROS MISSIONÁRIOS;O Missionario Que Enfrentou Um Leão;9 Exemplo de Persistência;;2;1;9;;Durante um período de grave enfermidade com febre e pneumonia, de qual comerciante árabe de escravos Davi Livingstone, o fragilizado explorador, dependeu para obter alimentos como bolos, mel e café? (PG 24);;
102922;LIVROS MISSIONÁRIOS;O Missionario Que Enfrentou Um Leão;9 Exemplo de Persistência;;2;1;9;;Por qual motivo o sultão de Zanzibar, governante africano que fingia amizade com o missionário, desejava secretamente que Davi Livingstone não saísse vivo de sua jornada? (PG 24);;
102923;LIVROS MISSIONÁRIOS;O Missionario Que Enfrentou Um Leão;9 Exemplo de Persistência;;2;1;9;;Durante o período de solidão e isolamento na terra de Maniuema, qual livro serviu de constante companheiro e conforto para Davi Livingstone, o devoto missionário, sendo lido por ele de capa a capa quatro vezes? (PG 25);;
102924;LIVROS MISSIONÁRIOS;O Missionario Que Enfrentou Um Leão;9 Exemplo de Persistência;;2;1;9;;Na fase final da expedição de exploração em Maniuema, quais eram os nomes dos três carregadores leais que permaneceram da completa confiança de Livingstone e o transportaram em condições extremas até Ujiji? (PG 25 e 26);;
102925;LIVROS MISSIONÁRIOS;O Missionario Que Enfrentou Um Leão;9 Exemplo de Persistência;;2;1;9;;Qual importante veículo de imprensa internacional financiou e enviou o jornalista Henry Stanley para localizar o veterano missionário Davi Livingstone no interior do continente africano? (PG 26);;
102926;LIVROS MISSIONÁRIOS;O Missionario Que Enfrentou Um Leão;9 Exemplo de Persistência;;2;1;9;;No dia 3 de novembro de 1871, ao encontrar Davi Livingstone na aldeia de Ujiji, qual foi a célebre frase pronunciada pelo jornalista Henry Stanley ao estender-lhe a mão emocionado? (PG 26);;
102927;LIVROS MISSIONÁRIOS;O Missionario Que Enfrentou Um Leão;9 Exemplo de Persistência;;2;1;9;;Ao receber o monte de correspondências trazidas pela expedição de Stanley em Ujiji, quais cartas Davi Livingstone selecionou para ler em primeiro lugar? (PG 26);;
102928;LIVROS MISSIONÁRIOS;O Missionario Que Enfrentou Um Leão;9 Exemplo de Persistência;;2;1;9;;Ao ser levado pelo mercador árabe Mohammed Bogharib rumo à aldeia de Ujiji, quanto tempo durou a penosa viagem de Davi Livingstone, o debilitado explorador que sofria de febre e pneumonia? (PG 24);;
102929;LIVROS MISSIONÁRIOS;O Missionario Que Enfrentou Um Leão;9 Exemplo de Persistência;;2;1;9;;Ao chegar a Ujiji após meses de enfermidade, Davi Livingstone, o missionário escocês, sofreu a amarga decepção de descobrir que quais de seus pertences essenciais haviam sido roubados? (PG 24);;
102930;LIVROS MISSIONÁRIOS;O Missionario Que Enfrentou Um Leão;9 Exemplo de Persistência;;2;1;9;;No ano de 1869, com o objetivo de descobrir as nascentes do rio Nilo, Livingstone iniciou uma nova exploração na terra de Maniuema para investigar qual curso d'água específico? (PG 24);;
102931;LIVROS MISSIONÁRIOS;O Missionario Que Enfrentou Um Leão;9 Exemplo de Persistência;;2;1;9;;Davi Livingstone, o disciplinado herói cristão, mantinha quais hábitos de asseio pessoal mesmo em meio às condições extremas da selva para preservar sua moral e bem-estar? (PG 25);;
102932;LIVROS MISSIONÁRIOS;O Missionario Que Enfrentou Um Leão;9 Exemplo de Persistência;;2;1;9;;Ao presenciar o massacre de uma aldeia pelos mercadores de escravos, ato de extrema violência contra velhos e crianças, qual foi o principal meio de consolo e denúncia utilizado por Livingstone? (PG 25);;
102933;LIVROS MISSIONÁRIOS;O Missionario Que Enfrentou Um Leão;9 Exemplo de Persistência;;2;1;9;;Na tentativa de impedir que o missionário revelasse as atrocidades presenciadas, o que foi preparado ao longo do caminho de Livingstone, o agora caçado explorador? (PG 25);;
102934;LIVROS MISSIONÁRIOS;O Missionario Que Enfrentou Um Leão;9 Exemplo de Persistência;;2;1;9;;A expedição de Henry Stanley, enviada pelo jornal americano para localizar o missionário, contava com qual volume impressionante de equipamentos, incluindo barcos desmontáveis e medicamentos? (PG 26);;
102935;LIVROS MISSIONÁRIOS;O Missionario Que Enfrentou Um Leão;9 Exemplo de Persistência;;2;1;9;;No momento triunfal da entrada de Henry Stanley na aldeia de Ujiji, qual símbolo nacional era carregado por um de seus homens ao seu lado? (PG 26);;
102936;LIVROS MISSIONÁRIOS;O Missionario Que Enfrentou Um Leão;9 Exemplo de Persistência;;2;1;9;;Depois de aproximadamente dois anos de viagem em sua expedição pelo interior africano, qual lago Livingstone descobriu? Capítulo 9;;
102937;LIVROS MISSIONÁRIOS;O Missionario Que Enfrentou Um Leão;9 Exemplo de Persistência;;2;1;9;;O que Livingstone fez depois de descobrir o lago Tanganica? Capítulo 9;;
102938;LIVROS MISSIONÁRIOS;O Missionario Que Enfrentou Um Leão;9 Exemplo de Persistência;;2;1;9;;Que compromisso Livingstone pretendia cumprir ao continuar suas explorações depois de chegar ao lago Tanganica? Capítulo 9;;
102939;LIVROS MISSIONÁRIOS;O Missionario Que Enfrentou Um Leão;9 Exemplo de Persistência;;2;1;9;;Em que mês e ano Livingstone descobriu o lago Bangueolo? Capítulo 9;;
102940;LIVROS MISSIONÁRIOS;O Missionario Que Enfrentou Um Leão;9 Exemplo de Persistência;;2;1;9;;Qual lago Livingstone descobriu em julho de 1868 durante sua busca pelas nascentes das águas africanas? Capítulo 9;;
102941;LIVROS MISSIONÁRIOS;O Missionario Que Enfrentou Um Leão;9 Exemplo de Persistência;;2;1;9;;Durante uma de suas viagens, o que chamou a atenção de Livingstone ao passar por uma caravana de pessoas escravizadas? Capítulo 9;;
102942;LIVROS MISSIONÁRIOS;O Missionario Que Enfrentou Um Leão;9 Exemplo de Persistência;;2;1;9;;De que maneira os homens da caravana de escravos observada por Livingstone estavam presos uns aos outros? Capítulo 9;;
102943;LIVROS MISSIONÁRIOS;O Missionario Que Enfrentou Um Leão;9 Exemplo de Persistência;;2;1;9;;Ao ouvir os homens escravizados cantando apesar de sua situação, o que Livingstone quis saber? Capítulo 9;;
102944;LIVROS MISSIONÁRIOS;O Missionario Que Enfrentou Um Leão;9 Exemplo de Persistência;;2;1;9;;Segundo a explicação dada a Livingstone, qual era o tema do canto entoado pelos homens escravizados? Capítulo 9;;
102945;LIVROS MISSIONÁRIOS;O Missionario Que Enfrentou Um Leão;9 Exemplo de Persistência;;2;1;9;;Por que os mercadores árabes não compreendiam o conteúdo da canção entoada pelos escravos? Capítulo 9;;
102946;LIVROS MISSIONÁRIOS;O Missionario Que Enfrentou Um Leão;9 Exemplo de Persistência;;2;1;9;;Quais sentimentos são associados no livro à canção entoada pelos homens escravizados? Capítulo 9;;
102947;LIVROS MISSIONÁRIOS;O Missionario Que Enfrentou Um Leão;9 Exemplo de Persistência;;2;1;9;;Por que Livingstone não conseguiu ajudar os escravos daquela caravana naquele momento? Capítulo 9;;
102948;LIVROS MISSIONÁRIOS;O Missionario Que Enfrentou Um Leão;9 Exemplo de Persistência;;2;1;9;;De quem Livingstone dependia para conseguir alimentos durante o período em que estava doente? Capítulo 9;;
102949;LIVROS MISSIONÁRIOS;O Missionario Que Enfrentou Um Leão;9 Exemplo de Persistência;;2;1;9;;Qual era o nome do mercador árabe que ajudou Livingstone durante esse período de enfermidade? Capítulo 9;;
102950;LIVROS MISSIONÁRIOS;O Missionario Que Enfrentou Um Leão;9 Exemplo de Persistência;;2;1;9;;Como Mohammed Bogharib tratou Livingstone quando o missionário dependia dele para obter alimento? Capítulo 9;;
102951;LIVROS MISSIONÁRIOS;O Missionario Que Enfrentou Um Leão;9 Exemplo de Persistência;;2;1;9;;Que alimentos e bebida Mohammed Bogharib ofereceu a Livingstone? Capítulo 9;;
102952;LIVROS MISSIONÁRIOS;O Missionario Que Enfrentou Um Leão;9 Exemplo de Persistência;;2;1;9;;Para qual aldeia Mohammed Bogharib se dispôs a levar Livingstone? Capítulo 9;;
102953;LIVROS MISSIONÁRIOS;O Missionario Que Enfrentou Um Leão;9 Exemplo de Persistência;;2;1;9;;Às margens de qual lago ficava Ujiji, destino para o qual Mohammed Bogharib se ofereceu para conduzir Livingstone? Capítulo 9;;
102954;LIVROS MISSIONÁRIOS;O Missionario Que Enfrentou Um Leão;9 Exemplo de Persistência;;2;1;9;;O que Livingstone esperava encontrar quando chegasse a Ujiji? Capítulo 9;;
102955;LIVROS MISSIONÁRIOS;O Missionario Que Enfrentou Um Leão;9 Exemplo de Persistência;;2;1;9;;Como o livro caracteriza a viagem de Livingstone até Ujiji ao lado de Mohammed Bogharib? Capítulo 9;;
102956;LIVROS MISSIONÁRIOS;O Missionario Que Enfrentou Um Leão;9 Exemplo de Persistência;;2;1;9;;Que problemas de saúde Livingstone enfrentou durante a difícil viagem até Ujiji? Capítulo 9;;
102957;LIVROS MISSIONÁRIOS;O Missionario Que Enfrentou Um Leão;9 Exemplo de Persistência;;2;1;9;;Como Livingstone foi transportado durante parte da viagem até Ujiji por estar debilitado pela doença? Capítulo 9;;
102958;LIVROS MISSIONÁRIOS;O Missionario Que Enfrentou Um Leão;9 Exemplo de Persistência;;2;1;9;;Quanto tempo durou a difícil viagem até Livingstone chegar a Ujiji? Capítulo 9;;
102959;LIVROS MISSIONÁRIOS;O Missionario Que Enfrentou Um Leão;9 Exemplo de Persistência;;2;1;9;;Que decepção Livingstone encontrou ao chegar a Ujiji depois de doze semanas de viagem? Capítulo 9;;
102960;LIVROS MISSIONÁRIOS;O Missionario Que Enfrentou Um Leão;9 Exemplo de Persistência;;2;1;9;;Segundo o capítulo, que atitude o sultão de Zanzibar realmente mantinha em relação a Livingstone, apesar de dizer-se seu amigo? Capítulo 9;;
102961;LIVROS MISSIONÁRIOS;O Missionario Que Enfrentou Um Leão;9 Exemplo de Persistência;;2;1;9;;Por que, segundo o livro, o sultão de Zanzibar via Livingstone como uma ameaça aos interesses ligados à escravidão? Capítulo 9;;
102962;LIVROS MISSIONÁRIOS;O Missionario Que Enfrentou Um Leão;9 Exemplo de Persistência;;2;1;9;;Por que o combate de Livingstone ao tráfico de escravos ameaçava interesses de alguns governantes africanos? Capítulo 9;;
102963;LIVROS MISSIONÁRIOS;O Missionario Que Enfrentou Um Leão;9 Exemplo de Persistência;;2;1;9;;Além do sultão de Zanzibar, qual grupo também não tinha interesse em manter Livingstone vivo? Capítulo 9;;
102964;LIVROS MISSIONÁRIOS;O Missionario Que Enfrentou Um Leão;9 Exemplo de Persistência;;2;1;9;;Que trabalho de Livingstone entre as populações africanas contrariava os interesses dos mercadores árabes? Capítulo 9;;
102965;LIVROS MISSIONÁRIOS;O Missionario Que Enfrentou Um Leão;9 Exemplo de Persistência;;2;1;9;;Além de alfabetizar os moradores das aldeias, para que Livingstone procurava prepará-los? Capítulo 9;;
102966;LIVROS MISSIONÁRIOS;O Missionario Que Enfrentou Um Leão;9 Exemplo de Persistência;;2;1;9;;Como estava Livingstone em relação à companhia de pessoas de sua terra durante esse período de sua expedição? Capítulo 9;;
102967;LIVROS MISSIONÁRIOS;O Missionario Que Enfrentou Um Leão;9 Exemplo de Persistência;;2;1;9;;O que acontecia com as cartas que Livingstone tentava enviar para a Inglaterra durante esse período? Capítulo 9;;
102968;LIVROS MISSIONÁRIOS;O Missionario Que Enfrentou Um Leão;9 Exemplo de Persistência;;2;1;9;;Qual era a situação das pessoas na Inglaterra em relação ao paradeiro de Livingstone? Capítulo 9;;
102969;LIVROS MISSIONÁRIOS;O Missionario Que Enfrentou Um Leão;9 Exemplo de Persistência;;2;1;9;;O que muitas pessoas passaram a pensar sobre Livingstone devido à longa ausência de notícias? Capítulo 9;;
102970;LIVROS MISSIONÁRIOS;O Missionario Que Enfrentou Um Leão;9 Exemplo de Persistência;;2;1;9;;Em que mês e ano Livingstone, já com a saúde recuperada, iniciou uma nova viagem para explorar Maniuema? Capítulo 9;;
102971;LIVROS MISSIONÁRIOS;O Missionario Que Enfrentou Um Leão;9 Exemplo de Persistência;;2;1;9;;Qual região Livingstone pretendia explorar na nova viagem iniciada em julho de 1869? Capítulo 9;;
102972;LIVROS MISSIONÁRIOS;O Missionario Que Enfrentou Um Leão;9 Exemplo de Persistência;;2;1;9;;Qual rio existente na região de Maniuema despertava o interesse de Livingstone? Capítulo 9;;
102973;LIVROS MISSIONÁRIOS;O Missionario Que Enfrentou Um Leão;9 Exemplo de Persistência;;2;1;9;;Que dúvida Livingstone pretendia esclarecer a respeito do rio Lualaba? Capítulo 9;;
102974;LIVROS MISSIONÁRIOS;O Missionario Que Enfrentou Um Leão;9 Exemplo de Persistência;;2;1;9;;Qual descoberta continuava sendo o grande desafio que Livingstone desejava vencer durante suas últimas explorações? Capítulo 9;;
102975;LIVROS MISSIONÁRIOS;O Missionario Que Enfrentou Um Leão;9 Exemplo de Persistência;;2;1;9;;Com qual instituição Livingstone havia assumido o compromisso de procurar as nascentes do Nilo? Capítulo 9;;
102976;LIVROS MISSIONÁRIOS;O Missionario Que Enfrentou Um Leão;9 Exemplo de Persistência;;2;1;9;;Quantos carregadores eram considerados por Livingstone de completa confiança durante essa fase de sua expedição? Capítulo 9;;
102977;LIVROS MISSIONÁRIOS;O Missionario Que Enfrentou Um Leão;9 Exemplo de Persistência;;2;1;9;;Quais eram os três carregadores em quem Livingstone tinha completa confiança? Capítulo 9;;
102978;LIVROS MISSIONÁRIOS;O Missionario Que Enfrentou Um Leão;9 Exemplo de Persistência;;2;1;9;;Até quando Susi, Chumak e Gardner permaneceram ao lado de Livingstone? Capítulo 9;;
102979;LIVROS MISSIONÁRIOS;O Missionario Que Enfrentou Um Leão;9 Exemplo de Persistência;;2;1;9;;O que contribuía para a solidão sentida por Livingstone durante suas últimas explorações? Capítulo 9;;
102980;LIVROS MISSIONÁRIOS;O Missionario Que Enfrentou Um Leão;9 Exemplo de Persistência;;2;1;9;;Qual livro foi apresentado como a grande companhia de Livingstone durante seu longo período de isolamento? Capítulo 9;;
102981;LIVROS MISSIONÁRIOS;O Missionario Que Enfrentou Um Leão;9 Exemplo de Persistência;;2;1;9;;Quantas vezes Livingstone leu a Bíblia de capa a capa durante esse período de isolamento? Capítulo 9;;
102982;LIVROS MISSIONÁRIOS;O Missionario Que Enfrentou Um Leão;9 Exemplo de Persistência;;2;1;9;;Que hábito Livingstone mantinha regularmente como parte de sua disciplina pessoal? Capítulo 9;;
102983;LIVROS MISSIONÁRIOS;O Missionario Que Enfrentou Um Leão;9 Exemplo de Persistência;;2;1;9;;Além de barbear-se regularmente, que cuidado pessoal Livingstone procurava manter durante suas viagens? Capítulo 9;;
102984;LIVROS MISSIONÁRIOS;O Missionario Que Enfrentou Um Leão;9 Exemplo de Persistência;;2;1;9;;Que combinação ajudava Livingstone a continuar seu trabalho durante os períodos difíceis de suas explorações? Capítulo 9;;
102985;LIVROS MISSIONÁRIOS;O Missionario Que Enfrentou Um Leão;9 Exemplo de Persistência;;2;1;9;;Que tipo de registros Livingstone continuava fazendo enquanto enfrentava as dificuldades de suas expedições? Capítulo 9;;
102986;LIVROS MISSIONÁRIOS;O Missionario Que Enfrentou Um Leão;9 Exemplo de Persistência;;2;1;9;;Onde Livingstone registrava suas anotações científicas durante suas viagens? Capítulo 9;;
102987;LIVROS MISSIONÁRIOS;O Missionario Que Enfrentou Um Leão;9 Exemplo de Persistência;;2;1;9;;Como Livingstone tratava os cadernos nos quais registrava suas observações científicas? Capítulo 9;;
102988;LIVROS MISSIONÁRIOS;O Missionario Que Enfrentou Um Leão;9 Exemplo de Persistência;;2;1;9;;Durante o período em que precisou viajar junto com mercadores de escravos, que acontecimento grave Livingstone presenciou em uma aldeia? Capítulo 9;;
102989;LIVROS MISSIONÁRIOS;O Missionario Que Enfrentou Um Leão;9 Exemplo de Persistência;;2;1;9;;O que aconteceu com os moradores da aldeia que não foram levados como prisioneiros durante o massacre presenciado por Livingstone? Capítulo 9;;
102990;LIVROS MISSIONÁRIOS;O Missionario Que Enfrentou Um Leão;9 Exemplo de Persistência;;2;1;9;;O que aconteceu com as casas da aldeia durante o episódio de violência presenciado por Livingstone? Capítulo 9;;
102991;LIVROS MISSIONÁRIOS;O Missionario Que Enfrentou Um Leão;9 Exemplo de Persistência;;2;1;9;;Como a lembrança do massacre da aldeia afetou Livingstone? Capítulo 9;;
102992;LIVROS MISSIONÁRIOS;O Missionario Que Enfrentou Um Leão;9 Exemplo de Persistência;;2;1;9;;Qual atividade Livingstone considerava seu principal consolo diante das atrocidades que havia presenciado? Capítulo 9;;
102993;LIVROS MISSIONÁRIOS;O Missionario Que Enfrentou Um Leão;9 Exemplo de Persistência;;2;1;9;;Onde Livingstone registrava as atrocidades que testemunhava durante suas viagens? Capítulo 9;;
102994;LIVROS MISSIONÁRIOS;O Missionario Que Enfrentou Um Leão;9 Exemplo de Persistência;;2;1;9;;Com que objetivo Livingstone registrava em seus diários as atrocidades que presenciava? Capítulo 9;;
102995;LIVROS MISSIONÁRIOS;O Missionario Que Enfrentou Um Leão;9 Exemplo de Persistência;;2;1;9;;Além da atuação do governo contra os problemas observados na África, que outra medida Livingstone considerava necessária? Capítulo 9;;
102996;LIVROS MISSIONÁRIOS;O Missionario Que Enfrentou Um Leão;9 Exemplo de Persistência;;2;1;9;;O que Livingstone descobriu quando tentou prosseguir viagem contando apenas com seus empregados fiéis? Capítulo 9;;
102997;LIVROS MISSIONÁRIOS;O Missionario Que Enfrentou Um Leão;9 Exemplo de Persistência;;2;1;9;;Que perigos Livingstone encontrou ao longo do caminho depois de perceber que estava sendo perseguido? Capítulo 9;;
102998;LIVROS MISSIONÁRIOS;O Missionario Que Enfrentou Um Leão;9 Exemplo de Persistência;;2;1;9;;Quais três companheiros transportaram Livingstone quando sua condição física se tornou desesperadora? Capítulo 9;;
102999;LIVROS MISSIONÁRIOS;O Missionario Que Enfrentou Um Leão;9 Exemplo de Persistência;;2;1;9;;Por que Susi, Chumak e Gardner precisaram transportar Livingstone durante a difícil jornada de retorno? Capítulo 9;;
103000;LIVROS MISSIONÁRIOS;O Missionario Que Enfrentou Um Leão;9 Exemplo de Persistência;;2;1;9;;Que tipo de terreno Susi, Chumak e Gardner atravessaram transportando Livingstone? Capítulo 9;;
103001;LIVROS MISSIONÁRIOS;O Missionario Que Enfrentou Um Leão;9 Exemplo de Persistência;;2;1;9;;Segundo o relato do livro, até que altura chegava o lodo nos pântanos atravessados pelos companheiros de Livingstone? Capítulo 9;;
103002;LIVROS MISSIONÁRIOS;O Missionario Que Enfrentou Um Leão;9 Exemplo de Persistência;;2;1;9;;Quais dificuldades naturais são mencionadas durante a travessia dos pântanos feita por Livingstone e seus companheiros? Capítulo 9;;
103003;LIVROS MISSIONÁRIOS;O Missionario Que Enfrentou Um Leão;9 Exemplo de Persistência;;2;1;9;;Em que mês e ano Livingstone conseguiu retornar a Ujiji depois da difícil travessia pelos pântanos? Capítulo 9;;
103004;LIVROS MISSIONÁRIOS;O Missionario Que Enfrentou Um Leão;9 Exemplo de Persistência;;2;1;9;;Para qual aldeia Livingstone retornou em outubro de 1871 depois de enfrentar perseguições e uma travessia extremamente difícil? Capítulo 9;;
103005;LIVROS MISSIONÁRIOS;O Missionario Que Enfrentou Um Leão;9 Exemplo de Persistência;;2;1;9;;Como o capítulo interpreta o fato de Livingstone ter conseguido chegar vivo novamente a Ujiji em outubro de 1871? Capítulo 9;;
103006;LIVROS MISSIONÁRIOS;O Missionario Que Enfrentou Um Leão;9 Exemplo de Persistência;;2;1;9;;Dando sequência às suas pesquisas hidrográficas no interior da África, quais corpos hídricos Livingstone documentou e descobriu em 1868 e anos adjacentes?;;
103007;LIVROS MISSIONÁRIOS;O Missionario Que Enfrentou Um Leão;9 Exemplo de Persistência;;2;1;9;;Ao encontrar uma caravana de escravizados amarrados por cangas que entoavam um cântico misterioso, qual era o verdadeiro teor da letra que os mercadores árabes não entendiam?;;
103008;LIVROS MISSIONÁRIOS;O Missionario Que Enfrentou Um Leão;9 Exemplo de Persistência;;2;1;9;;Apesar de depender momentaneamente da generosidade do comerciante árabe Mohammed Bogharib para se alimentar, que grande decepção Livingstone enfrentou ao chegar doente à aldeia de Ujiji?;;
103009;LIVROS MISSIONÁRIOS;O Missionario Que Enfrentou Um Leão;9 Exemplo de Persistência;;2;1;9;;Por qual motivo de ordem política e financeira o sultão de Zanzibar e os mercadores árabes tramavam secretamente contra a vida de Davi Livingstone?;;
103010;LIVROS MISSIONÁRIOS;O Missionario Que Enfrentou Um Leão;9 Exemplo de Persistência;;2;1;9;;Durante a travessia de Maniuema para pesquisar se as águas do rio Lualaba pertenciam ao Nilo ou ao Congo, quais três carregadores fiéis permaneceram com Livingstone em meio às emboscadas e perigos?;;
103011;LIVROS MISSIONÁRIOS;O Missionario Que Enfrentou Um Leão;9 Exemplo de Persistência;;2;1;9;;Isolado, sem notícias da família e doente no interior, qual disciplina espiritual e pessoal sustentou o equilíbrio psicológico de Davi Livingstone em seus apontamentos de campo?;;
105280;LIVROS MISSIONÁRIOS;O Missionario Que Enfrentou Um Leão;9 Exemplo de Persistência;;2;1;9;;Depois de quantos anos de viagem Livingstone descobriu o lago Tanganica?;;
105281;LIVROS MISSIONÁRIOS;O Missionario Que Enfrentou Um Leão;9 Exemplo de Persistência;;2;1;9;;O que Livingstone fez depois de descobrir o lago Tanganica?;;
105282;LIVROS MISSIONÁRIOS;O Missionario Que Enfrentou Um Leão;9 Exemplo de Persistência;;2;1;9;;Qual compromisso Livingstone havia assumido durante sua expedição?;;
105283;LIVROS MISSIONÁRIOS;O Missionario Que Enfrentou Um Leão;9 Exemplo de Persistência;;2;1;9;;Qual lago Livingstone descobriu em julho de 1868?;;
105284;LIVROS MISSIONÁRIOS;O Missionario Que Enfrentou Um Leão;9 Exemplo de Persistência;;2;1;9;;O que Livingstone presenciou ao passar por uma caravana de escravos?;;
105285;LIVROS MISSIONÁRIOS;O Missionario Que Enfrentou Um Leão;9 Exemplo de Persistência;;2;1;9;;Como os homens da caravana de escravos estavam presos?;;
105286;LIVROS MISSIONÁRIOS;O Missionario Que Enfrentou Um Leão;9 Exemplo de Persistência;;2;1;9;;O que surpreendeu Livingstone ao observar os escravizados?;;
105287;LIVROS MISSIONÁRIOS;O Missionario Que Enfrentou Um Leão;9 Exemplo de Persistência;;2;1;9;;Como foi chamada a canção entoada pelos escravizados?;;
105288;LIVROS MISSIONÁRIOS;O Missionario Que Enfrentou Um Leão;9 Exemplo de Persistência;;2;1;9;;Qual era o conteúdo emocional da canção cantada pelos escravizados?;;
105289;LIVROS MISSIONÁRIOS;O Missionario Que Enfrentou Um Leão;9 Exemplo de Persistência;;2;1;9;;Por que os mercadores árabes não compreendiam a letra da canção cantada pelos escravizados?;;
105290;LIVROS MISSIONÁRIOS;O Missionario Que Enfrentou Um Leão;9 Exemplo de Persistência;;2;1;9;;O que a canção dizia sobre a condição dos escravizados?;;
105291;LIVROS MISSIONÁRIOS;O Missionario Que Enfrentou Um Leão;9 Exemplo de Persistência;;2;1;9;;Qual era a ameaça expressa na canção dos escravizados?;;
105292;LIVROS MISSIONÁRIOS;O Missionario Que Enfrentou Um Leão;9 Exemplo de Persistência;;2;1;9;;Por que Livingstone não conseguiu ajudar os escravizados naquela ocasião?;;
105293;LIVROS MISSIONÁRIOS;O Missionario Que Enfrentou Um Leão;9 Exemplo de Persistência;;2;1;9;;Qual era o nome do mercador árabe que tratou Livingstone muito bem?;;
105294;LIVROS MISSIONÁRIOS;O Missionario Que Enfrentou Um Leão;9 Exemplo de Persistência;;2;1;9;;Que alimentos Mohammed Bogharib ofereceu a Livingstone?;;
105295;LIVROS MISSIONÁRIOS;O Missionario Que Enfrentou Um Leão;9 Exemplo de Persistência;;2;1;9;;Para onde Mohammed Bogharib se dispôs a levar Livingstone?;;
105296;LIVROS MISSIONÁRIOS;O Missionario Que Enfrentou Um Leão;9 Exemplo de Persistência;;2;1;9;;Onde ficava a aldeia de Ujiji, destino de Livingstone?;;
105297;LIVROS MISSIONÁRIOS;O Missionario Que Enfrentou Um Leão;9 Exemplo de Persistência;;2;1;9;;O que Livingstone esperava encontrar em Ujiji?;;
105298;LIVROS MISSIONÁRIOS;O Missionario Que Enfrentou Um Leão;9 Exemplo de Persistência;;2;1;9;;Em que condições Livingstone realizou a viagem até Ujiji?;;
105299;LIVROS MISSIONÁRIOS;O Missionario Que Enfrentou Um Leão;9 Exemplo de Persistência;;2;1;9;;Quanto tempo durou a viagem de Livingstone até Ujiji?;;
105300;LIVROS MISSIONÁRIOS;O Missionario Que Enfrentou Um Leão;9 Exemplo de Persistência;;2;1;9;;Qual foi a decepção encontrada por Livingstone quando chegou a Ujiji?;;
105301;LIVROS MISSIONÁRIOS;O Missionario Que Enfrentou Um Leão;9 Exemplo de Persistência;;2;1;9;;Como o sultão de Zanzibar se apresentava a Livingstone?;;
105302;LIVROS MISSIONÁRIOS;O Missionario Que Enfrentou Um Leão;9 Exemplo de Persistência;;2;1;9;;Qual era a verdadeira intenção do sultão de Zanzibar em relação a Livingstone?;;
105303;LIVROS MISSIONÁRIOS;O Missionario Que Enfrentou Um Leão;9 Exemplo de Persistência;;2;1;9;;Por que o sultão de Zanzibar desejava que Livingstone não sobrevivesse?;;
105304;LIVROS MISSIONÁRIOS;O Missionario Que Enfrentou Um Leão;9 Exemplo de Persistência;;2;1;9;;Por que o tráfico de escravos era defendido pelos governantes africanos, segundo o capítulo?;;
105305;LIVROS MISSIONÁRIOS;O Missionario Que Enfrentou Um Leão;9 Exemplo de Persistência;;2;1;9;;Por que os mercadores árabes também não queriam que Livingstone continuasse vivo?;;
105306;LIVROS MISSIONÁRIOS;O Missionario Que Enfrentou Um Leão;9 Exemplo de Persistência;;2;1;9;;Como Livingstone se encontrava depois do roubo das encomendas e das ameaças dos traficantes?;;
105307;LIVROS MISSIONÁRIOS;O Missionario Que Enfrentou Um Leão;9 Exemplo de Persistência;;2;1;9;;O que acontecia com as cartas que Livingstone enviava para a Inglaterra?;;
105308;LIVROS MISSIONÁRIOS;O Missionario Que Enfrentou Um Leão;9 Exemplo de Persistência;;2;1;9;;O que muitas pessoas pensavam sobre o paradeiro de Livingstone?;;
105309;LIVROS MISSIONÁRIOS;O Missionario Que Enfrentou Um Leão;9 Exemplo de Persistência;;2;1;9;;Em que mês e ano Livingstone iniciou uma nova viagem para explorar Maniuema?;;
105310;LIVROS MISSIONÁRIOS;O Missionario Que Enfrentou Um Leão;9 Exemplo de Persistência;;2;1;9;;Qual região Livingstone pretendia explorar nessa nova viagem?;;
105311;LIVROS MISSIONÁRIOS;O Missionario Que Enfrentou Um Leão;9 Exemplo de Persistência;;2;1;9;;Qual rio havia na região de Maniuema?;;
105312;LIVROS MISSIONÁRIOS;O Missionario Que Enfrentou Um Leão;9 Exemplo de Persistência;;2;1;9;;Que dúvida geográfica Livingstone desejava esclarecer ao explorar o rio Lualaba?;;
105313;LIVROS MISSIONÁRIOS;O Missionario Que Enfrentou Um Leão;9 Exemplo de Persistência;;2;1;9;;Qual era o grande desafio que Livingstone queria vencer?;;
105314;LIVROS MISSIONÁRIOS;O Missionario Que Enfrentou Um Leão;9 Exemplo de Persistência;;2;1;9;;Com quem Livingstone havia assumido o compromisso de descobrir as nascentes do Nilo?;;
105315;LIVROS MISSIONÁRIOS;O Missionario Que Enfrentou Um Leão;9 Exemplo de Persistência;;2;1;9;;Quantos carregadores eram completamente confiáveis para Livingstone nesse período?;;
105316;LIVROS MISSIONÁRIOS;O Missionario Que Enfrentou Um Leão;9 Exemplo de Persistência;;2;1;9;;Quais eram os nomes dos três carregadores que permaneceram fiéis a Livingstone até o fim?;;
105317;LIVROS MISSIONÁRIOS;O Missionario Que Enfrentou Um Leão;9 Exemplo de Persistência;;2;1;9;;Como Livingstone se sentia por estar distante dos filhos, parentes e pessoas de sua terra?;;
105318;LIVROS MISSIONÁRIOS;O Missionario Que Enfrentou Um Leão;9 Exemplo de Persistência;;2;1;9;;Qual foi a grande companheira de Livingstone durante o período de solidão?;;
105319;LIVROS MISSIONÁRIOS;O Missionario Que Enfrentou Um Leão;9 Exemplo de Persistência;;2;1;9;;Quantas vezes Livingstone leu a Bíblia de capa a capa?;;
105320;LIVROS MISSIONÁRIOS;O Missionario Que Enfrentou Um Leão;9 Exemplo de Persistência;;2;1;9;;Que hábitos Livingstone mantinha para conservar sua disciplina pessoal?;;
105321;LIVROS MISSIONÁRIOS;O Missionario Que Enfrentou Um Leão;9 Exemplo de Persistência;;2;1;9;;O que a limpeza física e a leitura da Bíblia proporcionavam a Livingstone?;;
105322;LIVROS MISSIONÁRIOS;O Missionario Que Enfrentou Um Leão;9 Exemplo de Persistência;;2;1;9;;O que Livingstone continuava registrando cuidadosamente em seus cadernos?;;
105323;LIVROS MISSIONÁRIOS;O Missionario Que Enfrentou Um Leão;9 Exemplo de Persistência;;2;1;9;;O que Livingstone presenciou enquanto viajava com os mercadores de escravos?;;
105324;LIVROS MISSIONÁRIOS;O Missionario Que Enfrentou Um Leão;9 Exemplo de Persistência;;2;1;9;;O que acontecia com os moradores da aldeia atacada?;;
105325;LIVROS MISSIONÁRIOS;O Missionario Que Enfrentou Um Leão;9 Exemplo de Persistência;;2;1;9;;Que pessoas foram mortas durante o massacre presenciado por Livingstone?;;
105326;LIVROS MISSIONÁRIOS;O Missionario Que Enfrentou Um Leão;9 Exemplo de Persistência;;2;1;9;;O que aconteceu com as casas da aldeia massacrada?;;
105327;LIVROS MISSIONÁRIOS;O Missionario Que Enfrentou Um Leão;9 Exemplo de Persistência;;2;1;9;;Que efeito o massacre provocou em Livingstone?;;
105328;LIVROS MISSIONÁRIOS;O Missionario Que Enfrentou Um Leão;9 Exemplo de Persistência;;2;1;9;;Qual era o único consolo que restava a Livingstone depois de testemunhar as atrocidades?;;
105329;LIVROS MISSIONÁRIOS;O Missionario Que Enfrentou Um Leão;9 Exemplo de Persistência;;2;1;9;;Com que objetivo Livingstone registrava as atrocidades em seus diários?;;
105330;LIVROS MISSIONÁRIOS;O Missionario Que Enfrentou Um Leão;9 Exemplo de Persistência;;2;1;9;;Que tipo de ação Livingstone considerava necessária, além da atuação do governo?;;
105331;LIVROS MISSIONÁRIOS;O Missionario Que Enfrentou Um Leão;9 Exemplo de Persistência;;2;1;9;;O que Livingstone descobriu quando tentou prosseguir viagem sozinho com seus empregados fiéis?;;
105332;LIVROS MISSIONÁRIOS;O Missionario Que Enfrentou Um Leão;9 Exemplo de Persistência;;2;1;9;;Que perigos foram colocados no caminho de Livingstone quando ele passou a ser perseguido?;;
105333;LIVROS MISSIONÁRIOS;O Missionario Que Enfrentou Um Leão;9 Exemplo de Persistência;;2;1;9;;Por que os perseguidores de Livingstone queriam impedir sua sobrevivência?;;
105334;LIVROS MISSIONÁRIOS;O Missionario Que Enfrentou Um Leão;9 Exemplo de Persistência;;2;1;9;;Como Susi, Chumak e Gardner transportaram Livingstone durante a fuga?;;
105335;LIVROS MISSIONÁRIOS;O Missionario Que Enfrentou Um Leão;9 Exemplo de Persistência;;2;1;9;;Até onde chegava o lodo dos pântanos atravessados por Livingstone e seus carregadores?;;
105336;LIVROS MISSIONÁRIOS;O Missionario Que Enfrentou Um Leão;9 Exemplo de Persistência;;2;1;9;;Contra quais animais os carregadores precisaram lutar durante a travessia dos pântanos?;;
105337;LIVROS MISSIONÁRIOS;O Missionario Que Enfrentou Um Leão;9 Exemplo de Persistência;;2;1;9;;Em que mês e ano Livingstone e seus três carregadores retornaram a Ujiji?;;
105338;LIVROS MISSIONÁRIOS;O Missionario Que Enfrentou Um Leão;9 Exemplo de Persistência;;2;1;9;;O que o retorno a Ujiji demonstrou sobre a trajetória de Livingstone?;;
105339;LIVROS MISSIONÁRIOS;O Missionario Que Enfrentou Um Leão;9 Exemplo de Persistência;;2;1;9;;Qual alternativa resume melhor o exemplo de persistência apresentado no capítulo?;;
103012;LIVROS MISSIONÁRIOS;O Missionario Que Enfrentou Um Leão;9 Exemplo de Persistência;;2;1;9;;Depois de dois anos de viagem, qual lago Livingstone descobriu, fazendo todas as anotações necessárias antes de prosseguir viagem?;;
103013;LIVROS MISSIONÁRIOS;O Missionario Que Enfrentou Um Leão;9 Exemplo de Persistência;;2;1;9;;Em julho de 1868, qual lago Livingstone descobriu, cumprindo parte da promessa de completar o mapa das nascentes das águas da região?;;
103014;LIVROS MISSIONÁRIOS;O Missionario Que Enfrentou Um Leão;9 Exemplo de Persistência;;2;1;9;;Ao passar por uma caravana de escravos, o que surpreendeu Livingstone ao observar o comportamento dos homens acorrentados por cadeias e cangas?;;
103015;LIVROS MISSIONÁRIOS;O Missionario Que Enfrentou Um Leão;9 Exemplo de Persistência;;2;1;9;;Ao perguntar como os escravos conseguiam cantar naquela situação de sofrimento, que resposta Livingstone recebeu de alguém sobre o significado daquele canto?;;
103016;LIVROS MISSIONÁRIOS;O Missionario Que Enfrentou Um Leão;9 Exemplo de Persistência;;2;1;9;;Por que os mercadores árabes não conseguiam entender o verdadeiro significado da canção que os escravos cantavam durante o trajeto?;;
103017;LIVROS MISSIONÁRIOS;O Missionario Que Enfrentou Um Leão;9 Exemplo de Persistência;;2;1;9;;Segundo a canção de vingança entoada pelos escravos, o que aconteceria com seus espíritos depois que eles morressem, de acordo com a letra registrada no livro?;;
103018;LIVROS MISSIONÁRIOS;O Missionario Que Enfrentou Um Leão;9 Exemplo de Persistência;;2;1;9;;Por que Livingstone não podia ajudar os escravos que via na caravana cantando a canção de vingança, apesar de testemunhar seu sofrimento?;;
103019;LIVROS MISSIONÁRIOS;O Missionario Que Enfrentou Um Leão;9 Exemplo de Persistência;;2;1;9;;Qual mercador árabe tratou Livingstone muito bem, dando-lhe bolos, mel e café, e se dispondo a levá-lo até a aldeia de Ujiji?;;
103020;LIVROS MISSIONÁRIOS;O Missionario Que Enfrentou Um Leão;9 Exemplo de Persistência;;2;1;9;;O que Livingstone esperava encontrar ao chegar à aldeia de Ujiji, às margens do lago Tanganica, itens que seriam essenciais após tanto tempo isolado?;;
103021;LIVROS MISSIONÁRIOS;O Missionario Que Enfrentou Um Leão;9 Exemplo de Persistência;;2;1;9;;Em que condição de saúde Livingstone chegou a Ujiji, após ser carregado em uma liteira durante doze semanas de viagem penosa?;;
103022;LIVROS MISSIONÁRIOS;O Missionario Que Enfrentou Um Leão;9 Exemplo de Persistência;;2;1;9;;Qual foi a grande decepção que Livingstone teve ao finalmente chegar a Ujiji, após tantas semanas de viagem difícil?;;
103023;LIVROS MISSIONÁRIOS;O Missionario Que Enfrentou Um Leão;9 Exemplo de Persistência;;2;1;9;;Por que, na realidade, o sultão de Zanzibar, que se dizia amigo de Livingstone, não queria que o missionário saísse vivo de sua aventura?;;
103024;LIVROS MISSIONÁRIOS;O Missionario Que Enfrentou Um Leão;9 Exemplo de Persistência;;2;1;9;;Por que os mercadores árabes também não tinham interesse em manter Livingstone vivo, além da questão da escravidão?;;
103025;LIVROS MISSIONÁRIOS;O Missionario Que Enfrentou Um Leão;9 Exemplo de Persistência;;2;1;9;;Em julho de 1869, com a saúde recuperada, qual nova região Livingstone partiu para explorar, onde havia um rio chamado Lualaba?;;
103026;LIVROS MISSIONÁRIOS;O Missionario Que Enfrentou Um Leão;9 Exemplo de Persistência;;2;1;9;;Qual grande dúvida Livingstone tinha sobre o rio Lualaba, na terra de Maniuema, que ele esperava resolver com sua exploração?;;
103027;LIVROS MISSIONÁRIOS;O Missionario Que Enfrentou Um Leão;9 Exemplo de Persistência;;2;1;9;;Quais três carregadores eram da completa confiança de Livingstone durante essa fase de sua expedição, permanecendo com ele até o fim?;;
103028;LIVROS MISSIONÁRIOS;O Missionario Que Enfrentou Um Leão;9 Exemplo de Persistência;;2;1;9;;Distante de seus filhos e parentes, sentindo-se solitário, qual livro foi a grande companheira de Livingstone, sendo lido de capa a capa quatro vezes?;;
103029;LIVROS MISSIONÁRIOS;O Missionario Que Enfrentou Um Leão;9 Exemplo de Persistência;;2;1;9;;Para manter sua disciplina pessoal durante esse período difícil, quais hábitos Livingstone conservava regularmente, mesmo em condições adversas?;;
103030;LIVROS MISSIONÁRIOS;O Missionario Que Enfrentou Um Leão;9 Exemplo de Persistência;;2;1;9;;Durante o período em que viajou junto com mercadores de escravos, que cena trágica Livingstone presenciou, envolvendo uma aldeia inteira?;;
103031;LIVROS MISSIONÁRIOS;O Missionario Que Enfrentou Um Leão;9 Exemplo de Persistência;;2;1;9;;Como Livingstone lidava com a dor causada pelas atrocidades que presenciava, incluindo o massacre de uma aldeia, buscando sensibilizar o povo de sua terra?;;
103032;LIVROS MISSIONÁRIOS;O Missionario Que Enfrentou Um Leão;9 Exemplo de Persistência;;2;1;9;;Além de uma ação através do governo, que outra solução Livingstone considerava necessária para combater as atrocidades que via, relacionada à presença de missionários?;;
103033;LIVROS MISSIONÁRIOS;O Missionario Que Enfrentou Um Leão;9 Exemplo de Persistência;;2;1;9;;Ao tentar prosseguir viagem sozinho com apenas seus empregados fiéis, o que Livingstone descobriu estar acontecendo ao longo do caminho, revelando que sua vida corria perigo?;;
103034;LIVROS MISSIONÁRIOS;O Missionario Que Enfrentou Um Leão;9 Exemplo de Persistência;;2;1;9;;Em que condições desesperadoras Susi, Chumak e Gardner transportaram o velho missionário através de pântanos, enfrentando diversos perigos?;;
103035;LIVROS MISSIONÁRIOS;O Missionario Que Enfrentou Um Leão;9 Exemplo de Persistência;;2;1;9;;Em que mês e ano Livingstone e seus fiéis carregadores finalmente estavam de volta a Ujiji, após a difícil travessia pelos pântanos?;;
105340;LIVROS MISSIONÁRIOS;O Missionario Que Enfrentou Um Leão;10 Um Coração na África;;2;1;10;;No Capítulo 10 da biografia de Davi Livingstone, o missionário que enfrentou um leão, o que muitos pensavam na Europa e nos Estados Unidos a respeito dele?;;
105341;LIVROS MISSIONÁRIOS;O Missionario Que Enfrentou Um Leão;10 Um Coração na África;;2;1;10;;Quem era o proprietário do maior jornal americano da época, o “New York Herald”, mencionado no Capítulo 10 da biografia de Davi Livingstone, o missionário que enfrentou um leão?;;
105342;LIVROS MISSIONÁRIOS;O Missionario Que Enfrentou Um Leão;10 Um Coração na África;;2;1;10;;O que o proprietário do “New York Herald” resolveu fazer ao saber que muitos pensavam que Davi Livingstone, o missionário que enfrentou um leão, tivesse morrido?;;
105343;LIVROS MISSIONÁRIOS;O Missionario Que Enfrentou Um Leão;10 Um Coração na África;;2;1;10;;Quem o proprietário do “New York Herald” chamou para localizar Davi Livingstone, o missionário que enfrentou um leão, na África?;;
105344;LIVROS MISSIONÁRIOS;O Missionario Que Enfrentou Um Leão;10 Um Coração na África;;2;1;10;;O que o proprietário do “New York Herald” colocou à disposição de Henry Stanley para a missão de localizar Davi Livingstone, o missionário que enfrentou um leão?;;
105345;LIVROS MISSIONÁRIOS;O Missionario Que Enfrentou Um Leão;10 Um Coração na África;;2;1;10;;Em que ano Henry Stanley chegou à África para procurar Davi Livingstone, o missionário que enfrentou um leão?;;
105346;LIVROS MISSIONÁRIOS;O Missionario Que Enfrentou Um Leão;10 Um Coração na África;;2;1;10;;Quantos homens Henry Stanley contratou para sua expedição em busca de Davi Livingstone, o missionário que enfrentou um leão?;;
105347;LIVROS MISSIONÁRIOS;O Missionario Que Enfrentou Um Leão;10 Um Coração na África;;2;1;10;;Quantos brancos Henry Stanley contratou para sua expedição em busca de Davi Livingstone, o missionário que enfrentou um leão?;;
105348;LIVROS MISSIONÁRIOS;O Missionario Que Enfrentou Um Leão;10 Um Coração na África;;2;1;10;;Quantos soldados Henry Stanley contratou para sua expedição em busca de Davi Livingstone, o missionário que enfrentou um leão?;;
105349;LIVROS MISSIONÁRIOS;O Missionario Que Enfrentou Um Leão;10 Um Coração na África;;2;1;10;;Quantos carregadores Henry Stanley contratou para sua expedição em busca de Davi Livingstone, o missionário que enfrentou um leão?;;
105350;LIVROS MISSIONÁRIOS;O Missionario Que Enfrentou Um Leão;10 Um Coração na África;;2;1;10;;Quanto pesava o equipamento da expedição de Henry Stanley em busca de Davi Livingstone, o missionário que enfrentou um leão?;;
105351;LIVROS MISSIONÁRIOS;O Missionario Que Enfrentou Um Leão;10 Um Coração na África;;2;1;10;;O que fazia parte do equipamento da expedição de Henry Stanley em busca de Davi Livingstone, o missionário que enfrentou um leão?;;
105352;LIVROS MISSIONÁRIOS;O Missionario Que Enfrentou Um Leão;10 Um Coração na África;;2;1;10;;Que dificuldades Henry Stanley enfrentou durante sua expedição em busca de Davi Livingstone, o missionário que enfrentou um leão?;;
105353;LIVROS MISSIONÁRIOS;O Missionario Que Enfrentou Um Leão;10 Um Coração na África;;2;1;10;;A quantos homens ficou reduzida a equipe de Henry Stanley durante a expedição em busca de Davi Livingstone, o missionário que enfrentou um leão?;;
105354;LIVROS MISSIONÁRIOS;O Missionario Que Enfrentou Um Leão;10 Um Coração na África;;2;1;10;;O que animava Henry Stanley a não desistir da busca por Davi Livingstone, o missionário que enfrentou um leão?;;
105355;LIVROS MISSIONÁRIOS;O Missionario Que Enfrentou Um Leão;10 Um Coração na África;;2;1;10;;Em que data Henry Stanley entrou triunfalmente na aldeia de Ujiji?;;
105356;LIVROS MISSIONÁRIOS;O Missionario Que Enfrentou Um Leão;10 Um Coração na África;;2;1;10;;O que um dos homens de Henry Stanley carregava ao seu lado quando ele entrou em Ujiji?;;
105357;LIVROS MISSIONÁRIOS;O Missionario Que Enfrentou Um Leão;10 Um Coração na África;;2;1;10;;O que Henry Stanley conseguiu dizer quando chegou diante de Davi Livingstone, o missionário que enfrentou um leão, em Ujiji?;;
105358;LIVROS MISSIONÁRIOS;O Missionario Que Enfrentou Um Leão;10 Um Coração na África;;2;1;10;;O que Henry Stanley trazia para Davi Livingstone, o missionário que enfrentou um leão, quando o encontrou em Ujiji?;;
105359;LIVROS MISSIONÁRIOS;O Missionario Que Enfrentou Um Leão;10 Um Coração na África;;2;1;10;;Quais cartas Davi Livingstone, o missionário que enfrentou um leão, selecionou para ler primeiro quando recebeu as pilhas de cartas trazidas por Henry Stanley?;;
105360;LIVROS MISSIONÁRIOS;O Missionario Que Enfrentou Um Leão;10 Um Coração na África;;2;1;10;;O que Davi Livingstone, o missionário que enfrentou um leão, dizia a Henry Stanley várias vezes?;;
105361;LIVROS MISSIONÁRIOS;O Missionario Que Enfrentou Um Leão;10 Um Coração na África;;2;1;10;;O que Davi Livingstone, o missionário que enfrentou um leão, recuperou ao receber os remédios e alimentos trazidos por Henry Stanley?;;
105362;LIVROS MISSIONÁRIOS;O Missionario Que Enfrentou Um Leão;10 Um Coração na África;;2;1;10;;Quantas refeições por dia Davi Livingstone, o missionário que enfrentou um leão, passou a comer para recuperar as forças?;;
105363;LIVROS MISSIONÁRIOS;O Missionario Que Enfrentou Um Leão;10 Um Coração na África;;2;1;10;;Por quanto tempo Henry Stanley e Davi Livingstone, o missionário que enfrentou um leão, conviveram como bons amigos?;;
105364;LIVROS MISSIONÁRIOS;O Missionario Que Enfrentou Um Leão;10 Um Coração na África;;2;1;10;;O que Henry Stanley e Davi Livingstone, o missionário que enfrentou um leão, fizeram juntos durante a convivência?;;
105365;LIVROS MISSIONÁRIOS;O Missionario Que Enfrentou Um Leão;10 Um Coração na África;;2;1;10;;Por que os nativos ameaçavam matar qualquer estranho que se aproximasse de suas aldeias, segundo o que Henry Stanley constatou?;;
105366;LIVROS MISSIONÁRIOS;O Missionario Que Enfrentou Um Leão;10 Um Coração na África;;2;1;10;;O que Henry Stanley queria que Davi Livingstone, o missionário que enfrentou um leão, fizesse?;;
105367;LIVROS MISSIONÁRIOS;O Missionario Que Enfrentou Um Leão;10 Um Coração na África;;2;1;10;;O que Davi Livingstone, o missionário que enfrentou um leão, sentia em relação à sua tarefa?;;
105368;LIVROS MISSIONÁRIOS;O Missionario Que Enfrentou Um Leão;10 Um Coração na África;;2;1;10;;O que Davi Livingstone, o missionário que enfrentou um leão, ainda queria alcançar?;;
105369;LIVROS MISSIONÁRIOS;O Missionario Que Enfrentou Um Leão;10 Um Coração na África;;2;1;10;;O que Inês, filha de Davi Livingstone, o missionário que enfrentou um leão, lhe escreveu?;;
105370;LIVROS MISSIONÁRIOS;O Missionario Que Enfrentou Um Leão;10 Um Coração na África;;2;1;10;;O que Henry Stanley repartiu com Davi Livingstone, o missionário que enfrentou um leão, antes de partir?;;
105371;LIVROS MISSIONÁRIOS;O Missionario Que Enfrentou Um Leão;10 Um Coração na África;;2;1;10;;O que Henry Stanley prometeu a Davi Livingstone, o missionário que enfrentou um leão, antes de partir?;;
105372;LIVROS MISSIONÁRIOS;O Missionario Que Enfrentou Um Leão;10 Um Coração na África;;2;1;10;;Como foi a separação de Henry Stanley e Davi Livingstone, o missionário que enfrentou um leão?;;
105373;LIVROS MISSIONÁRIOS;O Missionario Que Enfrentou Um Leão;10 Um Coração na África;;2;1;10;;Quantos homens chegaram à aldeia, conforme Henry Stanley havia prometido, para a nova expedição de Davi Livingstone, o missionário que enfrentou um leão?;;
105374;LIVROS MISSIONÁRIOS;O Missionario Que Enfrentou Um Leão;10 Um Coração na África;;2;1;10;;Em que data Davi Livingstone, o missionário que enfrentou um leão, partiu para uma nova expedição com os 57 homens enviados por Henry Stanley?;;
105375;LIVROS MISSIONÁRIOS;O Missionario Que Enfrentou Um Leão;10 Um Coração na África;;2;1;10;;Como era o calor às margens do lago Tanganica, por onde Davi Livingstone, o missionário que enfrentou um leão, passou em sua nova expedição?;;
105376;LIVROS MISSIONÁRIOS;O Missionario Que Enfrentou Um Leão;10 Um Coração na África;;2;1;10;;O que Davi Livingstone, o missionário que enfrentou um leão, encontrou no lago Banguelo durante sua nova expedição?;;
105377;LIVROS MISSIONÁRIOS;O Missionario Que Enfrentou Um Leão;10 Um Coração na África;;2;1;10;;Por que Davi Livingstone, o missionário que enfrentou um leão, e seus companheiros já não conseguiam fazer fogo à noite durante a nova expedição?;;
105378;LIVROS MISSIONÁRIOS;O Missionario Que Enfrentou Um Leão;10 Um Coração na África;;2;1;10;;Por que os nativos não queriam ajudar Davi Livingstone, o missionário que enfrentou um leão, e seus companheiros durante a nova expedição?;;
105379;LIVROS MISSIONÁRIOS;O Missionario Que Enfrentou Um Leão;10 Um Coração na África;;2;1;10;;O que Davi Livingstone, o missionário que enfrentou um leão, continuava realizando aos domingos durante a nova expedição?;;
105380;LIVROS MISSIONÁRIOS;O Missionario Que Enfrentou Um Leão;10 Um Coração na África;;2;1;10;;O que Davi Livingstone, o missionário que enfrentou um leão, registrou em seu diário no dia 21 de abril de 1873?;;
105381;LIVROS MISSIONÁRIOS;O Missionario Que Enfrentou Um Leão;10 Um Coração na África;;2;1;10;;O que Davi Livingstone, o missionário que enfrentou um leão, escreveu seis dias depois, em seu diário?;;
105382;LIVROS MISSIONÁRIOS;O Missionario Que Enfrentou Um Leão;10 Um Coração na África;;2;1;10;;Em que data e hora Davi Livingstone, o missionário que enfrentou um leão, faleceu?;;
105383;LIVROS MISSIONÁRIOS;O Missionario Que Enfrentou Um Leão;10 Um Coração na África;;2;1;10;;Em que aldeia Davi Livingstone, o missionário que enfrentou um leão, faleceu?;;
105384;LIVROS MISSIONÁRIOS;O Missionario Que Enfrentou Um Leão;10 Um Coração na África;;2;1;10;;Como estava o tempo na aldeia de llala quando Davi Livingstone, o missionário que enfrentou um leão, faleceu?;;
105385;LIVROS MISSIONÁRIOS;O Missionario Que Enfrentou Um Leão;10 Um Coração na África;;2;1;10;;Quem foi até a cabana de Davi Livingstone, o missionário que enfrentou um leão, para ver se ele estava bem?;;
105386;LIVROS MISSIONÁRIOS;O Missionario Que Enfrentou Um Leão;10 Um Coração na África;;2;1;10;;Em que posição Susi encontrou Davi Livingstone, o missionário que enfrentou um leão, quando ele faleceu?;;
105387;LIVROS MISSIONÁRIOS;O Missionario Que Enfrentou Um Leão;10 Um Coração na África;;2;1;10;;O que Susi murmurou ao encontrar Davi Livingstone, o missionário que enfrentou um leão, naquela posição?;;
105388;LIVROS MISSIONÁRIOS;O Missionario Que Enfrentou Um Leão;10 Um Coração na África;;2;1;10;;O que foi dito sobre Davi Livingstone, o missionário que enfrentou um leão, quando ele morreu?;;
105389;LIVROS MISSIONÁRIOS;O Missionario Que Enfrentou Um Leão;10 Um Coração na África;;2;1;10;;O que os amigos de Davi Livingstone, o missionário que enfrentou um leão, fizeram com o seu corpo?;;
105390;LIVROS MISSIONÁRIOS;O Missionario Que Enfrentou Um Leão;10 Um Coração na África;;2;1;10;;O que os amigos de Davi Livingstone, o missionário que enfrentou um leão, fizeram antes de embalsamar o corpo?;;
105391;LIVROS MISSIONÁRIOS;O Missionario Que Enfrentou Um Leão;10 Um Coração na África;;2;1;10;;Onde foi enterrado o coração de Davi Livingstone, o missionário que enfrentou um leão?;;
105392;LIVROS MISSIONÁRIOS;O Missionario Que Enfrentou Um Leão;10 Um Coração na África;;2;1;10;;O que começou após a morte de Davi Livingstone, o missionário que enfrentou um leão?;;
105393;LIVROS MISSIONÁRIOS;O Missionario Que Enfrentou Um Leão;10 Um Coração na África;;2;1;10;;O que os nativos faziam durante a marcha de nove meses até a costa?;;
105394;LIVROS MISSIONÁRIOS;O Missionario Que Enfrentou Um Leão;10 Um Coração na África;;2;1;10;;Quanto tempo durou a marcha dos nativos até a costa com o corpo de Davi Livingstone, o missionário que enfrentou um leão?;;
105395;LIVROS MISSIONÁRIOS;O Missionario Que Enfrentou Um Leão;10 Um Coração na África;;2;1;10;;De onde partiu o navio britânico que transportou o corpo de Davi Livingstone, o missionário que enfrentou um leão, para a Inglaterra?;;
105396;LIVROS MISSIONÁRIOS;O Missionario Que Enfrentou Um Leão;10 Um Coração na África;;2;1;10;;Em que data Davi Livingstone, o missionário que enfrentou um leão, foi sepultado na Abadia de Westminster?;;
105397;LIVROS MISSIONÁRIOS;O Missionario Que Enfrentou Um Leão;10 Um Coração na África;;2;1;10;;Quem elogiou publicamente Davi Livingstone, o missionário que enfrentou um leão, por sua luta contra a escravatura?;;
105398;LIVROS MISSIONÁRIOS;O Missionario Que Enfrentou Um Leão;10 Um Coração na África;;2;1;10;;O que está escrito no túmulo de Davi Livingstone, o missionário que enfrentou um leão?;;
103036;LIVROS MISSIONÁRIOS;O Missionario Que Enfrentou Um Leão;10 Um Coração na África;;2;1;10;;Durante a convivência de quatro meses entre o veterano missionário e o jornalista Henry Stanley na aldeia de Ujiji, qual foi a atitude da filha do explorador, Inês, demonstrada em uma carta enviada a respeito do retorno do pai à Inglaterra? (PG 27);;
103037;LIVROS MISSIONÁRIOS;O Missionario Que Enfrentou Um Leão;10 Um Coração na África;;2;1;10;;Para dar início à nova expedição em agosto de 1872, após a despedida dos dois amigos, de qual forma o empenhado jornalista Henry Stanley cumpriu a promessa feita ao missionário Davi Livingstone? (PG 28);;
103038;LIVROS MISSIONÁRIOS;O Missionario Que Enfrentou Um Leão;10 Um Coração na África;;2;1;10;;Ao navegarem pelo lago Bangueolo durante a expedição iniciada em 1872, quais condições climáticas e adversidades severas foram enfrentadas pela caravana de Davi Livingstone? (PG 28);;
103039;LIVROS MISSIONÁRIOS;O Missionario Que Enfrentou Um Leão;10 Um Coração na África;;2;1;10;;No dia 4 de maio, às quatro horas da manhã, ao entrar na cabana de Davi Livingstone na aldeia de Ilala, de qual posição o fiel ajudante Susi encontrou o venerado missionário sem vida? (PG 28);;
103040;LIVROS MISSIONÁRIOS;O Missionario Que Enfrentou Um Leão;10 Um Coração na África;;2;1;10;;Antes de embalsamarem o corpo do missionário para ser transportado à Europa, qual atitude cheia de afeto e simbolismo foi realizada por seus fiéis amigos nativos? (PG 29);;
103041;LIVROS MISSIONÁRIOS;O Missionario Que Enfrentou Um Leão;10 Um Coração na África;;2;1;10;;Durante o impressionante cortejo fúnebre de nove meses até a costa, de qual modo os leais carregadores e amigos nativos conduziram o corpo de Davi Livingstone? (PG 29);;
103042;LIVROS MISSIONÁRIOS;O Missionario Que Enfrentou Um Leão;10 Um Coração na África;;2;1;10;;No dia 18 de abril de 1874, Davi Livingstone foi sepultado com honras em qual famoso local britânico, recebendo elogios públicos da Rainha Vitória por sua incansável luta contra a escravidão? (PG 29);;
103043;LIVROS MISSIONÁRIOS;O Missionario Que Enfrentou Um Leão;10 Um Coração na África;;2;1;10;;Qual inscrição significativa foi gravada no túmulo do corajoso explorador e missionário Davi Livingstone para eternizar sua memória? (PG 29);;
103044;LIVROS MISSIONÁRIOS;O Missionario Que Enfrentou Um Leão;10 Um Coração na África;;2;1;10;;Livingstone, o veterano missionário debilitado, conseguiu recuperar parte de suas forças após o encontro com Stanley realizando qual ação específica? (PG 27);;
103045;LIVROS MISSIONÁRIOS;O Missionario Que Enfrentou Um Leão;10 Um Coração na África;;2;1;10;;Durante a convivência de quatro meses, Davi Livingstone e o jornalista Henry Stanley, agora bons amigos, passavam horas realizando qual atividade em frente à choupana? (PG 27);;
103046;LIVROS MISSIONÁRIOS;O Missionario Que Enfrentou Um Leão;10 Um Coração na África;;2;1;10;;Inês Livingstone, a filha do explorador, enviou uma carta ao pai na qual expressava qual desejo em relação ao trabalho dele na África? (PG 27);;
103047;LIVROS MISSIONÁRIOS;O Missionario Que Enfrentou Um Leão;10 Um Coração na África;;2;1;10;;Na expedição final iniciada em 23 de agosto de 1872, quais condições adversas a caravana liderada por Livingstone enfrentou ao chegar ao lago Bangueolo? (PG 28);;
103048;LIVROS MISSIONÁRIOS;O Missionario Que Enfrentou Um Leão;10 Um Coração na África;;2;1;10;;Davi Livingstone, o velho missionário em seus últimos dias de vida, registrou qual frase melancólica em seu diário no dia 27 de abril de 1873? (PG 28);;
103049;LIVROS MISSIONÁRIOS;O Missionario Que Enfrentou Um Leão;10 Um Coração na África;;2;1;10;;Após a morte do missionário na aldeia de Ilala, os amigos nativos de Livingstone realizaram qual ato simbólico antes de prepararem o corpo para o transporte? (PG 29);;
103050;LIVROS MISSIONÁRIOS;O Missionario Que Enfrentou Um Leão;10 Um Coração na África;;2;1;10;;Quanto tempo durou o impressionante cortejo fúnebre realizado pelos leais carregadores, que transportaram o corpo de Livingstone por terra até a costa? (PG 29);;
103051;LIVROS MISSIONÁRIOS;O Missionario Que Enfrentou Um Leão;10 Um Coração na África;;2;1;10;;A inscrição no túmulo da Abadia de Westminster, local onde repousa o missionário, destaca que ele foi trazido por mãos fiéis através de quais meios? (PG 29);;
103052;LIVROS MISSIONÁRIOS;O Missionario Que Enfrentou Um Leão;10 Um Coração na África;;2;1;10;;Enquanto Livingstone permanecia desaparecido no interior da África, o que muitas pessoas na Europa e nos Estados Unidos pensavam ter acontecido com ele? Capítulo 10;;
103053;LIVROS MISSIONÁRIOS;O Missionario Que Enfrentou Um Leão;10 Um Coração na África;;2;1;10;;Qual jornal decidiu investigar o paradeiro de Livingstone diante da falta de notícias sobre o missionário? Capítulo 10;;
103054;LIVROS MISSIONÁRIOS;O Missionario Que Enfrentou Um Leão;10 Um Coração na África;;2;1;10;;Quem tomou a iniciativa de investigar o paradeiro de Livingstone por meio do jornal New York Herald? Capítulo 10;;
103055;LIVROS MISSIONÁRIOS;O Missionario Que Enfrentou Um Leão;10 Um Coração na África;;2;1;10;;Quem foi escolhido pelo proprietário do New York Herald para localizar Livingstone na África? Capítulo 10;;
103056;LIVROS MISSIONÁRIOS;O Missionario Que Enfrentou Um Leão;10 Um Coração na África;;2;1;10;;Que posição Henry Stanley ocupava entre os profissionais do New York Herald quando recebeu a missão de procurar Livingstone? Capítulo 10;;
103057;LIVROS MISSIONÁRIOS;O Missionario Que Enfrentou Um Leão;10 Um Coração na África;;2;1;10;;Que apoio o proprietário do New York Herald ofereceu a Henry Stanley para localizar Livingstone? Capítulo 10;;
103058;LIVROS MISSIONÁRIOS;O Missionario Que Enfrentou Um Leão;10 Um Coração na África;;2;1;10;;Em que ano Henry Stanley chegou à África para procurar Davi Livingstone? Capítulo 10;;
103059;LIVROS MISSIONÁRIOS;O Missionario Que Enfrentou Um Leão;10 Um Coração na África;;2;1;10;;O que Henry Stanley fez logo depois de chegar à África em 1871 para iniciar a busca por Livingstone? Capítulo 10;;
103060;LIVROS MISSIONÁRIOS;O Missionario Que Enfrentou Um Leão;10 Um Coração na África;;2;1;10;;Quantos homens Stanley contratou para a expedição organizada com o objetivo de encontrar Livingstone? Capítulo 10;;
103061;LIVROS MISSIONÁRIOS;O Missionario Que Enfrentou Um Leão;10 Um Coração na África;;2;1;10;;Quantos homens brancos são mencionados entre os integrantes contratados para a expedição de Stanley? Capítulo 10;;
103062;LIVROS MISSIONÁRIOS;O Missionario Que Enfrentou Um Leão;10 Um Coração na África;;2;1;10;;Quantos soldados faziam parte da expedição organizada por Stanley para procurar Livingstone? Capítulo 10;;
103063;LIVROS MISSIONÁRIOS;O Missionario Que Enfrentou Um Leão;10 Um Coração na África;;2;1;10;;Quantos carregadores são mencionados entre os homens contratados por Stanley para sua expedição africana? Capítulo 10;;
103064;LIVROS MISSIONÁRIOS;O Missionario Que Enfrentou Um Leão;10 Um Coração na África;;2;1;10;;Além de dois homens brancos, soldados e carregadores, que função específica é mencionada entre os integrantes da expedição de Stanley? Capítulo 10;;
103065;LIVROS MISSIONÁRIOS;O Missionario Que Enfrentou Um Leão;10 Um Coração na África;;2;1;10;;Aproximadamente quanto pesava todo o equipamento levado pela expedição de Stanley? Capítulo 10;;
103066;LIVROS MISSIONÁRIOS;O Missionario Que Enfrentou Um Leão;10 Um Coração na África;;2;1;10;;Quantos barcos desmontáveis faziam parte do equipamento levado por Stanley na busca por Livingstone? Capítulo 10;;
103067;LIVROS MISSIONÁRIOS;O Missionario Que Enfrentou Um Leão;10 Um Coração na África;;2;1;10;;Qual conjunto apresenta itens que faziam parte do equipamento da expedição organizada por Stanley? Capítulo 10;;
103068;LIVROS MISSIONÁRIOS;O Missionario Que Enfrentou Um Leão;10 Um Coração na África;;2;1;10;;Que tipo de arma fazia parte das seis toneladas de equipamento transportadas pela expedição de Stanley? Capítulo 10;;
103069;LIVROS MISSIONÁRIOS;O Missionario Que Enfrentou Um Leão;10 Um Coração na África;;2;1;10;;Além de alimentos e medicamentos, que item utilizado para proteção durante o descanso fazia parte da bagagem de Stanley? Capítulo 10;;
103070;LIVROS MISSIONÁRIOS;O Missionario Que Enfrentou Um Leão;10 Um Coração na África;;2;1;10;;Como o livro caracteriza a viagem realizada por Stanley durante a busca por Livingstone? Capítulo 10;;
103071;LIVROS MISSIONÁRIOS;O Missionario Que Enfrentou Um Leão;10 Um Coração na África;;2;1;10;;Qual conjunto apresenta dificuldades enfrentadas por Stanley durante a expedição para encontrar Livingstone? Capítulo 10;;
103072;LIVROS MISSIONÁRIOS;O Missionario Que Enfrentou Um Leão;10 Um Coração na África;;2;1;10;;A quantos homens ficou reduzida a equipe de Stanley durante a difícil viagem em busca de Livingstone? Capítulo 10;;
103073;LIVROS MISSIONÁRIOS;O Missionario Que Enfrentou Um Leão;10 Um Coração na África;;2;1;10;;Como Stanley reagiu mesmo depois de sua equipe ficar reduzida a 53 homens? Capítulo 10;;
103074;LIVROS MISSIONÁRIOS;O Missionario Que Enfrentou Um Leão;10 Um Coração na África;;2;1;10;;Que notícia animava Stanley a continuar sua busca por Livingstone apesar das grandes dificuldades da viagem? Capítulo 10;;
103075;LIVROS MISSIONÁRIOS;O Missionario Que Enfrentou Um Leão;10 Um Coração na África;;2;1;10;;Próximo de qual lago ficava a aldeia onde Stanley recebeu a esperança de encontrar um velho homem branco? Capítulo 10;;
103076;LIVROS MISSIONÁRIOS;O Missionario Que Enfrentou Um Leão;10 Um Coração na África;;2;1;10;;Em que data Henry Stanley entrou na aldeia de Ujiji e finalmente encontrou Livingstone? Capítulo 10;;
103077;LIVROS MISSIONÁRIOS;O Missionario Que Enfrentou Um Leão;10 Um Coração na África;;2;1;10;;Em qual aldeia Stanley encontrou Livingstone no dia 3 de novembro de 1871? Capítulo 10;;
103078;LIVROS MISSIONÁRIOS;O Missionario Que Enfrentou Um Leão;10 Um Coração na África;;2;1;10;;Como o livro descreve a entrada de Stanley em Ujiji no dia em que encontrou Livingstone? Capítulo 10;;
103079;LIVROS MISSIONÁRIOS;O Missionario Que Enfrentou Um Leão;10 Um Coração na África;;2;1;10;;O que um dos homens de Stanley carregava ao lado do jornalista quando ele entrou em Ujiji? Capítulo 10;;
103080;LIVROS MISSIONÁRIOS;O Missionario Que Enfrentou Um Leão;10 Um Coração na África;;2;1;10;;De que país era a bandeira carregada por um dos homens que acompanhavam Stanley em sua entrada em Ujiji? Capítulo 10;;
103081;LIVROS MISSIONÁRIOS;O Missionario Que Enfrentou Um Leão;10 Um Coração na África;;2;1;10;;O que Stanley fez ao chegar diante de Livingstone em Ujiji? Capítulo 10;;
103082;LIVROS MISSIONÁRIOS;O Missionario Que Enfrentou Um Leão;10 Um Coração na África;;2;1;10;;Que frase Stanley dirigiu a Livingstone no histórico encontro ocorrido em Ujiji? Capítulo 10;;
103083;LIVROS MISSIONÁRIOS;O Missionario Que Enfrentou Um Leão;10 Um Coração na África;;2;1;10;;O que Stanley trazia consigo que despertou grande interesse de Livingstone após o encontro em Ujiji? Capítulo 10;;
103084;LIVROS MISSIONÁRIOS;O Missionario Que Enfrentou Um Leão;10 Um Coração na África;;2;1;10;;Quais cartas Livingstone escolheu para ler primeiro entre as muitas correspondências levadas por Stanley? Capítulo 10;;
103085;LIVROS MISSIONÁRIOS;O Missionario Que Enfrentou Um Leão;10 Um Coração na África;;2;1;10;;O que Livingstone decidiu fazer com os documentos enviados por cientistas e líderes depois de receber as correspondências trazidas por Stanley? Capítulo 10;;
103086;LIVROS MISSIONÁRIOS;O Missionario Que Enfrentou Um Leão;10 Um Coração na África;;2;1;10;;Além das cartas, quais suprimentos trazidos por Stanley chegaram em boa hora para Livingstone? Capítulo 10;;
103087;LIVROS MISSIONÁRIOS;O Missionario Que Enfrentou Um Leão;10 Um Coração na África;;2;1;10;;O que aconteceu com a saúde de Livingstone depois de receber alimentos e medicamentos trazidos por Stanley? Capítulo 10;;
103088;LIVROS MISSIONÁRIOS;O Missionario Que Enfrentou Um Leão;10 Um Coração na África;;2;1;10;;Quantas boas e fartas refeições Livingstone passou a fazer diariamente enquanto recuperava suas forças ao lado de Stanley? Capítulo 10;;
103089;LIVROS MISSIONÁRIOS;O Missionario Que Enfrentou Um Leão;10 Um Coração na África;;2;1;10;;Como o livro caracteriza a companhia de Stanley para Livingstone durante a recuperação em Ujiji? Capítulo 10;;
103090;LIVROS MISSIONÁRIOS;O Missionario Que Enfrentou Um Leão;10 Um Coração na África;;2;1;10;;Que efeito Livingstone dizia que a chegada de Stanley havia produzido nele? Capítulo 10;;
103091;LIVROS MISSIONÁRIOS;O Missionario Que Enfrentou Um Leão;10 Um Coração na África;;2;1;10;;Onde Livingstone e Stanley passavam horas conversando durante o período em que estiveram juntos em Ujiji? Capítulo 10;;
103092;LIVROS MISSIONÁRIOS;O Missionario Que Enfrentou Um Leão;10 Um Coração na África;;2;1;10;;Que tipo de histórias Livingstone contava a Stanley durante as longas conversas em Ujiji? Capítulo 10;;
103093;LIVROS MISSIONÁRIOS;O Missionario Que Enfrentou Um Leão;10 Um Coração na África;;2;1;10;;Durante quanto tempo Stanley e Livingstone conviveram como bons amigos após o encontro em Ujiji? Capítulo 10;;
103094;LIVROS MISSIONÁRIOS;O Missionario Que Enfrentou Um Leão;10 Um Coração na África;;2;1;10;;Que atividade Stanley e Livingstone chegaram a realizar juntos durante os quatro meses em que conviveram? Capítulo 10;;
103095;LIVROS MISSIONÁRIOS;O Missionario Que Enfrentou Um Leão;10 Um Coração na África;;2;1;10;;O que Stanley constatou durante a viagem que realizou pelo lago com Livingstone? Capítulo 10;;
103096;LIVROS MISSIONÁRIOS;O Missionario Que Enfrentou Um Leão;10 Um Coração na África;;2;1;10;;Por que muitas tribos próximas ao lago Tanganica demonstravam hostilidade contra pessoas estranhas? Capítulo 10;;
103097;LIVROS MISSIONÁRIOS;O Missionario Que Enfrentou Um Leão;10 Um Coração na África;;2;1;10;;Como os nativos próximos ao lago Tanganica reagiam aos estranhos devido ao medo provocado pelos mercadores de escravos? Capítulo 10;;
103098;LIVROS MISSIONÁRIOS;O Missionario Que Enfrentou Um Leão;10 Um Coração na África;;2;1;10;;O que Stanley desejava que Livingstone fizesse ao final do período em que estiveram juntos? Capítulo 10;;
103099;LIVROS MISSIONÁRIOS;O Missionario Que Enfrentou Um Leão;10 Um Coração na África;;2;1;10;;Por que Livingstone recusou o desejo de Stanley de levá-lo de volta à Inglaterra? Capítulo 10;;
103100;LIVROS MISSIONÁRIOS;O Missionario Que Enfrentou Um Leão;10 Um Coração na África;;2;1;10;;Qual objetivo Livingstone ainda desejava alcançar quando recusou retornar à Inglaterra com Stanley? Capítulo 10;;
103101;LIVROS MISSIONÁRIOS;O Missionario Que Enfrentou Um Leão;10 Um Coração na África;;2;1;10;;Qual filha de Livingstone escreveu-lhe apoiando sua decisão de concluir o trabalho antes de voltar para casa? Capítulo 10;;
103102;LIVROS MISSIONÁRIOS;O Missionario Que Enfrentou Um Leão;10 Um Coração na África;;2;1;10;;Qual era a ideia principal expressa por Inês na carta enviada ao pai durante a permanência dele na África? Capítulo 10;;
103103;LIVROS MISSIONÁRIOS;O Missionario Que Enfrentou Um Leão;10 Um Coração na África;;2;1;10;;Segundo a carta de Inês, o que ela considerava mais importante do que simplesmente satisfazer seu desejo de ter o pai em casa? Capítulo 10;;
103104;LIVROS MISSIONÁRIOS;O Missionario Que Enfrentou Um Leão;10 Um Coração na África;;2;1;10;;Antes de deixar Livingstone para retornar de sua viagem, o que Stanley repartiu com o missionário? Capítulo 10;;
103105;LIVROS MISSIONÁRIOS;O Missionario Que Enfrentou Um Leão;10 Um Coração na África;;2;1;10;;Que promessa Stanley fez a Livingstone antes de se separar dele? Capítulo 10;;
103106;LIVROS MISSIONÁRIOS;O Missionario Que Enfrentou Um Leão;10 Um Coração na África;;2;1;10;;Como o livro descreve a separação entre Stanley e Livingstone depois dos meses de convivência? Capítulo 10;;
103107;LIVROS MISSIONÁRIOS;O Missionario Que Enfrentou Um Leão;10 Um Coração na África;;2;1;10;;O que demonstra que Stanley cumpriu a promessa feita a Livingstone antes de partir? Capítulo 10;;
103108;LIVROS MISSIONÁRIOS;O Missionario Que Enfrentou Um Leão;10 Um Coração na África;;2;1;10;;Quantos homens chegaram para acompanhar Livingstone em sua nova expedição após a partida de Stanley? Capítulo 10;;
103109;LIVROS MISSIONÁRIOS;O Missionario Que Enfrentou Um Leão;10 Um Coração na África;;2;1;10;;Em que data Livingstone partiu para sua nova expedição acompanhado pelos 57 homens enviados após a promessa de Stanley? Capítulo 10;;
103110;LIVROS MISSIONÁRIOS;O Missionario Que Enfrentou Um Leão;10 Um Coração na África;;2;1;10;;Como estava o clima às margens do lago Tanganica durante a nova expedição iniciada por Livingstone em agosto de 1872? Capítulo 10;;
103111;LIVROS MISSIONÁRIOS;O Missionario Que Enfrentou Um Leão;10 Um Coração na África;;2;1;10;;Que mudança climática Livingstone e seus companheiros encontraram ao chegar à região do lago Bangueolo? Capítulo 10;;
103112;LIVROS MISSIONÁRIOS;O Missionario Que Enfrentou Um Leão;10 Um Coração na África;;2;1;10;;Que condição do terreno predominava na região do lago Bangueolo durante a última expedição de Livingstone? Capítulo 10;;
103113;LIVROS MISSIONÁRIOS;O Missionario Que Enfrentou Um Leão;10 Um Coração na África;;2;1;10;;Por que Livingstone e seus companheiros não conseguiam fazer fogo durante as noites na região do lago Bangueolo? Capítulo 10;;
103114;LIVROS MISSIONÁRIOS;O Missionario Que Enfrentou Um Leão;10 Um Coração na África;;2;1;10;;O que aconteceu com os alimentos da expedição de Livingstone enquanto enfrentavam chuva e enchentes na região de Bangueolo? Capítulo 10;;
103115;LIVROS MISSIONÁRIOS;O Missionario Que Enfrentou Um Leão;10 Um Coração na África;;2;1;10;;Por que os nativos encontrados durante a última expedição de Livingstone não queriam ajudar sua caravana? Capítulo 10;;
103116;LIVROS MISSIONÁRIOS;O Missionario Que Enfrentou Um Leão;10 Um Coração na África;;2;1;10;;Apesar da chuva, enchentes, frio e falta de alimentos, que prática Livingstone continuava mantendo aos domingos? Capítulo 10;;
103117;LIVROS MISSIONÁRIOS;O Missionario Que Enfrentou Um Leão;10 Um Coração na África;;2;1;10;;Que mensagem Livingstone levava aos seus companheiros durante os cultos dominicais da última expedição? Capítulo 10;;
103118;LIVROS MISSIONÁRIOS;O Missionario Que Enfrentou Um Leão;10 Um Coração na África;;2;1;10;;Em que data Livingstone registrou em seu diário que estava sendo obrigado a permanecer deitado por causa de seu estado físico? Capítulo 10;;
103119;LIVROS MISSIONÁRIOS;O Missionario Que Enfrentou Um Leão;10 Um Coração na África;;2;1;10;;Em que condição Livingstone afirmou ter sido levado até uma aldeia pouco antes de sua morte? Capítulo 10;;
103120;LIVROS MISSIONÁRIOS;O Missionario Que Enfrentou Um Leão;10 Um Coração na África;;2;1;10;;Quantos dias depois do registro de 21 de abril Livingstone escreveu novamente em seu diário sobre seu grave estado? Capítulo 10;;
103121;LIVROS MISSIONÁRIOS;O Missionario Que Enfrentou Um Leão;10 Um Coração na África;;2;1;10;;Que parte do corpo Livingstone mencionou estar “dilacerada” em uma de suas últimas anotações no diário? Capítulo 10;;
103122;LIVROS MISSIONÁRIOS;O Missionario Que Enfrentou Um Leão;10 Um Coração na África;;2;1;10;;Em qual aldeia Livingstone estava quando morreu, no início de maio de 1873? Capítulo 10;;
103123;LIVROS MISSIONÁRIOS;O Missionario Que Enfrentou Um Leão;10 Um Coração na África;;2;1;10;;Em que data ocorreu a cena em que Susi encontrou Livingstone morto em sua cabana na aldeia de Ilala? Capítulo 10;;
103124;LIVROS MISSIONÁRIOS;O Missionario Que Enfrentou Um Leão;10 Um Coração na África;;2;1;10;;Aproximadamente que horas eram quando Susi foi verificar como Livingstone estava na manhã de sua morte? Capítulo 10;;
103125;LIVROS MISSIONÁRIOS;O Missionario Que Enfrentou Um Leão;10 Um Coração na África;;2;1;10;;Como estava o tempo na aldeia de Ilala na madrugada em que Livingstone foi encontrado morto? Capítulo 10;;
103126;LIVROS MISSIONÁRIOS;O Missionario Que Enfrentou Um Leão;10 Um Coração na África;;2;1;10;;Que companheiro foi até a cabana de Livingstone para verificar se ele estava bem na madrugada de sua morte? Capítulo 10;;
103127;LIVROS MISSIONÁRIOS;O Missionario Que Enfrentou Um Leão;10 Um Coração na África;;2;1;10;;O que permanecia aceso dentro da cabana de Livingstone quando Susi entrou para verificar seu estado? Capítulo 10;;
103128;LIVROS MISSIONÁRIOS;O Missionario Que Enfrentou Um Leão;10 Um Coração na África;;2;1;10;;Em que posição Susi encontrou Livingstone dentro de sua cabana em Ilala? Capítulo 10;;
103129;LIVROS MISSIONÁRIOS;O Missionario Que Enfrentou Um Leão;10 Um Coração na África;;2;1;10;;Onde Livingstone apoiava a cabeça quando Susi o encontrou ajoelhado ao lado da cama? Capítulo 10;;
103130;LIVROS MISSIONÁRIOS;O Missionario Que Enfrentou Um Leão;10 Um Coração na África;;2;1;10;;Por que a posição em que Susi encontrou Livingstone inicialmente não pareceu incomum? Capítulo 10;;
103131;LIVROS MISSIONÁRIOS;O Missionario Que Enfrentou Um Leão;10 Um Coração na África;;2;1;10;;O que aconteceu quando Susi chamou Livingstone dentro da cabana em Ilala? Capítulo 10;;
103132;LIVROS MISSIONÁRIOS;O Missionario Que Enfrentou Um Leão;10 Um Coração na África;;2;1;10;;Que notícia passou de aldeia em aldeia depois da morte de Davi Livingstone? Capítulo 10;;
103133;LIVROS MISSIONÁRIOS;O Missionario Que Enfrentou Um Leão;10 Um Coração na África;;2;1;10;;O que os amigos de Livingstone fizeram com seu corpo depois de sua morte em Ilala? Capítulo 10;;
103134;LIVROS MISSIONÁRIOS;O Missionario Que Enfrentou Um Leão;10 Um Coração na África;;2;1;10;;O que os amigos de Livingstone retiraram de seu corpo antes de embalsamá-lo? Capítulo 10;;
103135;LIVROS MISSIONÁRIOS;O Missionario Que Enfrentou Um Leão;10 Um Coração na África;;2;1;10;;Onde foi enterrado o coração de Livingstone depois de sua morte? Capítulo 10;;
103136;LIVROS MISSIONÁRIOS;O Missionario Que Enfrentou Um Leão;10 Um Coração na África;;2;1;10;;Como o livro explica simbolicamente a decisão de enterrar o coração de Livingstone na África? Capítulo 10;;
103137;LIVROS MISSIONÁRIOS;O Missionario Que Enfrentou Um Leão;10 Um Coração na África;;2;1;10;;Como o livro caracteriza o cortejo iniciado pelos africanos para levar o corpo de Livingstone até a costa? Capítulo 10;;
103138;LIVROS MISSIONÁRIOS;O Missionario Que Enfrentou Um Leão;10 Um Coração na África;;2;1;10;;O que os nativos entoavam enquanto transportavam o corpo de Livingstone em direção à costa? Capítulo 10;;
103139;LIVROS MISSIONÁRIOS;O Missionario Que Enfrentou Um Leão;10 Um Coração na África;;2;1;10;;Quanto tempo durou a marcha realizada pelos nativos até a costa transportando o corpo de Livingstone? Capítulo 10;;
103140;LIVROS MISSIONÁRIOS;O Missionario Que Enfrentou Um Leão;10 Um Coração na África;;2;1;10;;De qual local partiu o navio que transportou o corpo de Livingstone para a Inglaterra depois da longa marcha até a costa? Capítulo 10;;
103141;LIVROS MISSIONÁRIOS;O Missionario Que Enfrentou Um Leão;10 Um Coração na África;;2;1;10;;Que tipo de embarcação levou o corpo de Livingstone de Zanzibar para a Inglaterra? Capítulo 10;;
103142;LIVROS MISSIONÁRIOS;O Missionario Que Enfrentou Um Leão;10 Um Coração na África;;2;1;10;;Em que data Davi Livingstone foi sepultado na Inglaterra com todas as honras? Capítulo 10;;
103143;LIVROS MISSIONÁRIOS;O Missionario Que Enfrentou Um Leão;10 Um Coração na África;;2;1;10;;Em qual local Davi Livingstone foi sepultado na Inglaterra? Capítulo 10;;
103144;LIVROS MISSIONÁRIOS;O Missionario Que Enfrentou Um Leão;10 Um Coração na África;;2;1;10;;Como ocorreu o sepultamento de Livingstone na Abadia de Westminster em abril de 1874? Capítulo 10;;
103145;LIVROS MISSIONÁRIOS;O Missionario Que Enfrentou Um Leão;10 Um Coração na África;;2;1;10;;Quem elogiou publicamente Livingstone depois de sua morte por sua luta contra a escravatura? Capítulo 10;;
103146;LIVROS MISSIONÁRIOS;O Missionario Que Enfrentou Um Leão;10 Um Coração na África;;2;1;10;;Por qual aspecto do trabalho de Livingstone a Rainha Vitória o elogiou publicamente? Capítulo 10;;
103147;LIVROS MISSIONÁRIOS;O Missionario Que Enfrentou Um Leão;10 Um Coração na África;;2;1;10;;Segundo a inscrição mencionada no capítulo, de que maneira o corpo de Livingstone chegou ao lugar onde foi sepultado? Capítulo 10;;
103148;LIVROS MISSIONÁRIOS;O Missionario Que Enfrentou Um Leão;10 Um Coração na África;;2;1;10;;"Perante o sumiço prolongado do célebre explorador, quem foi o jornalista contratado pelo jornal ""New York Herald"" com recursos vultosos para desvendar o paradeiro de Livingstone?";;
103149;LIVROS MISSIONÁRIOS;O Missionario Que Enfrentou Um Leão;10 Um Coração na África;;2;1;10;;Ao encontrar finalmente o veterano missionário na aldeia de Ujiji em 3 de novembro de 1871, sob a bandeira norte-americana, qual célebre frase histórica Stanley pronunciou com emoção?;;
103150;LIVROS MISSIONÁRIOS;O Missionario Que Enfrentou Um Leão;10 Um Coração na África;;2;1;10;;Ao receber o farto pacote de correspondências trazido pela expedição de socorro de Stanley, que tipo de cartas Livingstone fez questão absoluta de ler antes de qualquer documento de cientistas ou líderes?;;
103151;LIVROS MISSIONÁRIOS;O Missionario Que Enfrentou Um Leão;10 Um Coração na África;;2;1;10;;Embora convidado com insistência por Stanley para retornar em segurança à Inglaterra, qual motivação pessoal reforçada por uma carta de sua filha Inês fez o missionário permanecer na África?;;
103152;LIVROS MISSIONÁRIOS;O Missionario Que Enfrentou Um Leão;10 Um Coração na África;;2;1;10;;Em 4 de maio de 1873, às quatro horas da madrugada, na aldeia de Ilala, em que postura emblemática o fiel auxiliar Susi encontrou o corpo já sem vida do idoso explorador?;;
103153;LIVROS MISSIONÁRIOS;O Missionario Que Enfrentou Um Leão;10 Um Coração na África;;2;1;10;;"Antes de iniciarem o traslado do corpo de Davi Livingstone até a costa, que ato solene e simbólico de lealdade os nativos realizaram para homenagear o homem a quem chamavam de ""Homem Bom""?";;
103154;LIVROS MISSIONÁRIOS;O Missionario Que Enfrentou Um Leão;10 Um Coração na África;;2;1;10;;Durante quantos meses os leais companheiros africanos marcharam a pé pelo continente, entoando hinos, para transportar o corpo embalsamado do missionário até o litoral?;;
103155;LIVROS MISSIONÁRIOS;O Missionario Que Enfrentou Um Leão;10 Um Coração na África;;2;1;10;;Onde repousam definitivamente os restos mortais de Davi Livingstone desde 18 de abril de 1874, após ser sepultado com honras de Estado e elogios públicos da Rainha Vitória?;;
105399;LIVROS MISSIONÁRIOS;O Missionario Que Enfrentou Um Leão;10 Um Coração na África;;2;1;10;;O que muitas pessoas na Europa e nos Estados Unidos pensavam sobre Livingstone, o missionário que estava desaparecido na África?;;
105400;LIVROS MISSIONÁRIOS;O Missionario Que Enfrentou Um Leão;10 Um Coração na África;;2;1;10;;Quem decidiu investigar o paradeiro de Livingstone, diante dos rumores de sua morte?;;
105401;LIVROS MISSIONÁRIOS;O Missionario Que Enfrentou Um Leão;10 Um Coração na África;;2;1;10;;Qual era o nome do jornal cujo proprietário decidiu procurar Livingstone?;;
105402;LIVROS MISSIONÁRIOS;O Missionario Que Enfrentou Um Leão;10 Um Coração na África;;2;1;10;;Quem foi encarregado de localizar Livingstone na África?;;
105403;LIVROS MISSIONÁRIOS;O Missionario Que Enfrentou Um Leão;10 Um Coração na África;;2;1;10;;O que o proprietário do New York Herald colocou à disposição de Henry Stanley?;;
105404;LIVROS MISSIONÁRIOS;O Missionario Que Enfrentou Um Leão;10 Um Coração na África;;2;1;10;;Em que ano Henry Stanley chegou à África para procurar Livingstone?;;
105405;LIVROS MISSIONÁRIOS;O Missionario Que Enfrentou Um Leão;10 Um Coração na África;;2;1;10;;O que Stanley fez logo depois de chegar à África?;;
105406;LIVROS MISSIONÁRIOS;O Missionario Que Enfrentou Um Leão;10 Um Coração na África;;2;1;10;;Quantos homens Stanley contratou para sua expedição inicial?;;
105407;LIVROS MISSIONÁRIOS;O Missionario Que Enfrentou Um Leão;10 Um Coração na África;;2;1;10;;Quantos homens brancos faziam parte da expedição de Henry Stanley?;;
105408;LIVROS MISSIONÁRIOS;O Missionario Que Enfrentou Um Leão;10 Um Coração na África;;2;1;10;;Quantos soldados participavam da expedição organizada por Stanley?;;
105409;LIVROS MISSIONÁRIOS;O Missionario Que Enfrentou Um Leão;10 Um Coração na África;;2;1;10;;Quantos carregadores faziam parte da equipe inicial de Stanley?;;
105410;LIVROS MISSIONÁRIOS;O Missionario Que Enfrentou Um Leão;10 Um Coração na África;;2;1;10;;Quanto pesava aproximadamente o equipamento da expedição de Henry Stanley?;;
105411;LIVROS MISSIONÁRIOS;O Missionario Que Enfrentou Um Leão;10 Um Coração na África;;2;1;10;;Qual dos itens abaixo fazia parte do equipamento levado por Stanley?;;
105412;LIVROS MISSIONÁRIOS;O Missionario Que Enfrentou Um Leão;10 Um Coração na África;;2;1;10;;Além dos barcos, que outros materiais foram levados pela expedição de Stanley?;;
105413;LIVROS MISSIONÁRIOS;O Missionario Que Enfrentou Um Leão;10 Um Coração na África;;2;1;10;;Quais dificuldades Stanley enfrentou durante a viagem?;;
105414;LIVROS MISSIONÁRIOS;O Missionario Que Enfrentou Um Leão;10 Um Coração na África;;2;1;10;;O que aconteceu com a equipe de Stanley depois das dificuldades enfrentadas?;;
105415;LIVROS MISSIONÁRIOS;O Missionario Que Enfrentou Um Leão;10 Um Coração na África;;2;1;10;;O que manteve Stanley animado durante a difícil expedição?;;
105416;LIVROS MISSIONÁRIOS;O Missionario Que Enfrentou Um Leão;10 Um Coração na África;;2;1;10;;Em que data Stanley entrou triunfalmente na aldeia de Ujiji?;;
105417;LIVROS MISSIONÁRIOS;O Missionario Que Enfrentou Um Leão;10 Um Coração na África;;2;1;10;;O que um dos homens de Stanley carregava ao lado dele quando entraram em Ujiji?;;
105418;LIVROS MISSIONÁRIOS;O Missionario Que Enfrentou Um Leão;10 Um Coração na África;;2;1;10;;Que frase Henry Stanley pronunciou ao encontrar Livingstone?;;
105419;LIVROS MISSIONÁRIOS;O Missionario Que Enfrentou Um Leão;10 Um Coração na África;;2;1;10;;Como Stanley se sentiu ao estender a mão para Livingstone?;;
105420;LIVROS MISSIONÁRIOS;O Missionario Que Enfrentou Um Leão;10 Um Coração na África;;2;1;10;;O que Stanley levou consigo para Livingstone?;;
105421;LIVROS MISSIONÁRIOS;O Missionario Que Enfrentou Um Leão;10 Um Coração na África;;2;1;10;;Quais cartas Livingstone escolheu para ler primeiro?;;
105422;LIVROS MISSIONÁRIOS;O Missionario Que Enfrentou Um Leão;10 Um Coração na África;;2;1;10;;Por que Livingstone escolheu ler primeiro as cartas dos filhos?;;
105423;LIVROS MISSIONÁRIOS;O Missionario Que Enfrentou Um Leão;10 Um Coração na África;;2;1;10;;O que Livingstone decidiu fazer com os documentos dos cientistas e líderes?;;
105424;LIVROS MISSIONÁRIOS;O Missionario Que Enfrentou Um Leão;10 Um Coração na África;;2;1;10;;Como os remédios e alimentos levados por Stanley ajudaram Livingstone?;;
105425;LIVROS MISSIONÁRIOS;O Missionario Que Enfrentou Um Leão;10 Um Coração na África;;2;1;10;;Quantas refeições fartas Livingstone passou a fazer diariamente depois da chegada de Stanley?;;
105426;LIVROS MISSIONÁRIOS;O Missionario Que Enfrentou Um Leão;10 Um Coração na África;;2;1;10;;Como Livingstone descreveu a ajuda recebida de Stanley?;;
105427;LIVROS MISSIONÁRIOS;O Missionario Que Enfrentou Um Leão;10 Um Coração na África;;2;1;10;;O que Stanley e Livingstone faziam durante longas horas em Ujiji?;;
105428;LIVROS MISSIONÁRIOS;O Missionario Que Enfrentou Um Leão;10 Um Coração na África;;2;1;10;;Que tipo de histórias Livingstone contava a Stanley?;;
105429;LIVROS MISSIONÁRIOS;O Missionario Que Enfrentou Um Leão;10 Um Coração na África;;2;1;10;;Durante quanto tempo Stanley e Livingstone conviveram como bons amigos?;;
105430;LIVROS MISSIONÁRIOS;O Missionario Que Enfrentou Um Leão;10 Um Coração na África;;2;1;10;;Que viagem Stanley e Livingstone fizeram juntos durante esse período?;;
105431;LIVROS MISSIONÁRIOS;O Missionario Que Enfrentou Um Leão;10 Um Coração na África;;2;1;10;;O que Stanley constatou durante a viagem pelo lago?;;
105432;LIVROS MISSIONÁRIOS;O Missionario Que Enfrentou Um Leão;10 Um Coração na África;;2;1;10;;Por que os nativos ameaçavam matar qualquer estranho que se aproximasse de suas aldeias?;;
105433;LIVROS MISSIONÁRIOS;O Missionario Que Enfrentou Um Leão;10 Um Coração na África;;2;1;10;;O que Stanley queria que Livingstone fizesse?;;
105434;LIVROS MISSIONÁRIOS;O Missionario Que Enfrentou Um Leão;10 Um Coração na África;;2;1;10;;Por que Livingstone não aceitou retornar com Stanley para a Inglaterra?;;
105435;LIVROS MISSIONÁRIOS;O Missionario Que Enfrentou Um Leão;10 Um Coração na África;;2;1;10;;O que Livingstone ainda queria descobrir antes de retornar para casa?;;
105436;LIVROS MISSIONÁRIOS;O Missionario Que Enfrentou Um Leão;10 Um Coração na África;;2;1;10;;O que Inês, filha de Livingstone, escreveu ao pai?;;
105437;LIVROS MISSIONÁRIOS;O Missionario Que Enfrentou Um Leão;10 Um Coração na África;;2;1;10;;Qual era a principal mensagem da carta de Inês para Livingstone?;;
105438;LIVROS MISSIONÁRIOS;O Missionario Que Enfrentou Um Leão;10 Um Coração na África;;2;1;10;;O que Stanley repartiu com Livingstone antes de partir?;;
105439;LIVROS MISSIONÁRIOS;O Missionario Que Enfrentou Um Leão;10 Um Coração na África;;2;1;10;;O que Stanley prometeu a Livingstone antes da separação?;;
105440;LIVROS MISSIONÁRIOS;O Missionario Que Enfrentou Um Leão;10 Um Coração na África;;2;1;10;;Como foi a separação entre Stanley e Livingstone?;;
105441;LIVROS MISSIONÁRIOS;O Missionario Que Enfrentou Um Leão;10 Um Coração na África;;2;1;10;;Stanley cumpriu a promessa feita a Livingstone?;;
105442;LIVROS MISSIONÁRIOS;O Missionario Que Enfrentou Um Leão;10 Um Coração na África;;2;1;10;;Em que data Livingstone partiu para uma nova expedição com os carregadores enviados por Stanley?;;
105443;LIVROS MISSIONÁRIOS;O Missionario Que Enfrentou Um Leão;10 Um Coração na África;;2;1;10;;Como era o clima às margens do lago Tanganica durante a nova expedição?;;
105444;LIVROS MISSIONÁRIOS;O Missionario Que Enfrentou Um Leão;10 Um Coração na África;;2;1;10;;O que os viajantes encontraram quando chegaram ao lago Bangueolo?;;
105445;LIVROS MISSIONÁRIOS;O Missionario Que Enfrentou Um Leão;10 Um Coração na África;;2;1;10;;Por que a caravana não conseguia fazer fogo à noite?;;
105446;LIVROS MISSIONÁRIOS;O Missionario Que Enfrentou Um Leão;10 Um Coração na África;;2;1;10;;O que aconteceu com os alimentos durante essa nova expedição?;;
105447;LIVROS MISSIONÁRIOS;O Missionario Que Enfrentou Um Leão;10 Um Coração na África;;2;1;10;;Por que os nativos não queriam ajudar a caravana de Livingstone?;;
105448;LIVROS MISSIONÁRIOS;O Missionario Que Enfrentou Um Leão;10 Um Coração na África;;2;1;10;;O que Livingstone continuava fazendo aos domingos, apesar das dificuldades?;;
105449;LIVROS MISSIONÁRIOS;O Missionario Que Enfrentou Um Leão;10 Um Coração na África;;2;1;10;;O que Livingstone registrou em seu diário no dia 21 de abril de 1873?;;
105450;LIVROS MISSIONÁRIOS;O Missionario Que Enfrentou Um Leão;10 Um Coração na África;;2;1;10;;O que Livingstone escreveu seis dias depois, em seu diário?;;
105451;LIVROS MISSIONÁRIOS;O Missionario Que Enfrentou Um Leão;10 Um Coração na África;;2;1;10;;Em que aldeia Livingstone morreu?;;
105452;LIVROS MISSIONÁRIOS;O Missionario Que Enfrentou Um Leão;10 Um Coração na África;;2;1;10;;Em que data Livingstone morreu?;;
105453;LIVROS MISSIONÁRIOS;O Missionario Que Enfrentou Um Leão;10 Um Coração na África;;2;1;10;;Qual era o horário aproximado em que Livingstone morreu?;;
105454;LIVROS MISSIONÁRIOS;O Missionario Que Enfrentou Um Leão;10 Um Coração na África;;2;1;10;;Quem foi verificar se Livingstone estava bem na manhã de sua morte?;;
105455;LIVROS MISSIONÁRIOS;O Missionario Que Enfrentou Um Leão;10 Um Coração na África;;2;1;10;;Em que posição Susi encontrou Livingstone dentro da cabana?;;
105456;LIVROS MISSIONÁRIOS;O Missionario Que Enfrentou Um Leão;10 Um Coração na África;;2;1;10;;O que iluminava a cabana quando Susi entrou para verificar Livingstone?;;
105457;LIVROS MISSIONÁRIOS;O Missionario Que Enfrentou Um Leão;10 Um Coração na África;;2;1;10;;O que aconteceu quando Susi chamou Livingstone?;;
105458;LIVROS MISSIONÁRIOS;O Missionario Que Enfrentou Um Leão;10 Um Coração na África;;2;1;10;;Que notícia se espalhou de aldeia em aldeia depois da morte de Livingstone?;;
105459;LIVROS MISSIONÁRIOS;O Missionario Que Enfrentou Um Leão;10 Um Coração na África;;2;1;10;;O que os amigos de Livingstone fizeram com seu corpo?;;
105460;LIVROS MISSIONÁRIOS;O Missionario Que Enfrentou Um Leão;10 Um Coração na África;;2;1;10;;O que foi feito com o coração de Livingstone antes do embalsamamento?;;
105461;LIVROS MISSIONÁRIOS;O Missionario Que Enfrentou Um Leão;10 Um Coração na África;;2;1;10;;Por que o coração de Livingstone foi enterrado na África?;;
105462;LIVROS MISSIONÁRIOS;O Missionario Que Enfrentou Um Leão;10 Um Coração na África;;2;1;10;;Quanto tempo durou a marcha dos nativos que transportaram o corpo de Livingstone até a costa?;;
105463;LIVROS MISSIONÁRIOS;O Missionario Que Enfrentou Um Leão;10 Um Coração na África;;2;1;10;;O que os nativos entoavam durante a marcha fúnebre?;;
105464;LIVROS MISSIONÁRIOS;O Missionario Que Enfrentou Um Leão;10 Um Coração na África;;2;1;10;;De onde partiu o navio que levou o corpo de Livingstone para a Inglaterra?;;
105465;LIVROS MISSIONÁRIOS;O Missionario Que Enfrentou Um Leão;10 Um Coração na África;;2;1;10;;Em que local Livingstone foi sepultado na Inglaterra?;;
105466;LIVROS MISSIONÁRIOS;O Missionario Que Enfrentou Um Leão;10 Um Coração na África;;2;1;10;;Em que data Livingstone foi sepultado com todas as honras?;;
105467;LIVROS MISSIONÁRIOS;O Missionario Que Enfrentou Um Leão;10 Um Coração na África;;2;1;10;;Quem elogiou publicamente Livingstone por sua luta contra a escravatura?;;
105468;LIVROS MISSIONÁRIOS;O Missionario Que Enfrentou Um Leão;10 Um Coração na África;;2;1;10;;Pelo que a Rainha Vitória elogiou Livingstone publicamente?;;
105469;LIVROS MISSIONÁRIOS;O Missionario Que Enfrentou Um Leão;10 Um Coração na África;;2;1;10;;O que está escrito no túmulo de Davi Livingstone?;;
105470;LIVROS MISSIONÁRIOS;O Missionario Que Enfrentou Um Leão;10 Um Coração na África;;2;1;10;;Qual foi a principal razão para Henry Stanley procurar Livingstone?;;
105471;LIVROS MISSIONÁRIOS;O Missionario Que Enfrentou Um Leão;10 Um Coração na África;;2;1;10;;Qual foi a principal razão para Livingstone permanecer na África quando Stanley quis levá-lo à Inglaterra?;;
105472;LIVROS MISSIONÁRIOS;O Missionario Que Enfrentou Um Leão;10 Um Coração na África;;2;1;10;;Qual alternativa resume corretamente o Capítulo 10?;;
103156;LIVROS MISSIONÁRIOS;O Missionario Que Enfrentou Um Leão;10 Um Coração na África;;2;1;10;;"Quem era o proprietário do maior jornal americano da época, o ""New York Herald"", que resolveu investigar o paradeiro de Livingstone quando muitos pensavam que ele tivesse morrido?";;
103157;LIVROS MISSIONÁRIOS;O Missionario Que Enfrentou Um Leão;10 Um Coração na África;;2;1;10;;"Qual jornalista foi chamado pelo proprietário do ""New York Herald"" e encarregado de localizar Livingstone na África, recebendo todos os recursos necessários para a missão?";;
103158;LIVROS MISSIONÁRIOS;O Missionario Que Enfrentou Um Leão;10 Um Coração na África;;2;1;10;;Em que ano Henry Stanley chegou à África para organizar sua expedição em busca de Livingstone, sem se preocupar com as despesas envolvidas?;;
103159;LIVROS MISSIONÁRIOS;O Missionario Que Enfrentou Um Leão;10 Um Coração na África;;2;1;10;;Quantos homens ao todo Stanley contratou para sua expedição em busca de Livingstone, incluindo dois brancos, um capataz, soldados e carregadores?;;
103160;LIVROS MISSIONÁRIOS;O Missionario Que Enfrentou Um Leão;10 Um Coração na África;;2;1;10;;Aproximadamente quanto pesava o equipamento da expedição de Stanley, composto por armas de fogo, munição, barcos desmontáveis, tecido, alimentos e outros utensílios?;;
103161;LIVROS MISSIONÁRIOS;O Missionario Que Enfrentou Um Leão;10 Um Coração na África;;2;1;10;;Que dificuldades Stanley enfrentou durante sua dramática viagem em busca de Livingstone, que reduziram sua equipe de 192 para 53 homens?;;
103162;LIVROS MISSIONÁRIOS;O Missionario Que Enfrentou Um Leão;10 Um Coração na África;;2;1;10;;O que animava Stanley a continuar sua difícil busca, mesmo com sua equipe reduzida, notícia que indicava a possível localização de Livingstone?;;
103163;LIVROS MISSIONÁRIOS;O Missionario Que Enfrentou Um Leão;10 Um Coração na África;;2;1;10;;Em que data Stanley entrou triunfalmente na aldeia de Ujiji, com um de seus homens marchando ao seu lado carregando a bandeira dos Estados Unidos da América?;;
103164;LIVROS MISSIONÁRIOS;O Missionario Que Enfrentou Um Leão;10 Um Coração na África;;2;1;10;;Ao chegar diante do veterano missionário em Ujiji, o que Stanley disse, emocionado, ao estender-lhe a mão, frase que se tornou célebre?;;
103165;LIVROS MISSIONÁRIOS;O Missionario Que Enfrentou Um Leão;10 Um Coração na África;;2;1;10;;O que Stanley trazia consigo para Livingstone, entre as quais o missionário selecionou algumas muito especiais para ler primeiro, por serem de seus filhos?;;
103166;LIVROS MISSIONÁRIOS;O Missionario Que Enfrentou Um Leão;10 Um Coração na África;;2;1;10;;O que ajudou Livingstone a recuperar as forças logo após o encontro com Stanley, permitindo-lhe fazer boas e fartas refeições diariamente?;;
103167;LIVROS MISSIONÁRIOS;O Missionario Que Enfrentou Um Leão;10 Um Coração na África;;2;1;10;;Durante quantos meses Stanley e Livingstone conviveram como bons amigos, chegando inclusive a fazer juntos uma viagem pelo lago Tanganica?;;
103168;LIVROS MISSIONÁRIOS;O Missionario Que Enfrentou Um Leão;10 Um Coração na África;;2;1;10;;O que Stanley constatou durante a viagem que fez com Livingstone pelo lago Tanganica, revelando um perigo constante na região devido ao medo dos mercadores de escravos?;;
103169;LIVROS MISSIONÁRIOS;O Missionario Que Enfrentou Um Leão;10 Um Coração na África;;2;1;10;;Apesar de Stanley querer que Livingstone viajasse com ele até a Inglaterra, por que o missionário decidiu permanecer na África, mesmo com a saúde debilitada?;;
103170;LIVROS MISSIONÁRIOS;O Missionario Que Enfrentou Um Leão;10 Um Coração na África;;2;1;10;;O que a filha de Livingstone, Inês, escreveu em uma carta a respeito do desejo dela de vê-lo em casa, mas priorizando que ele concluísse seu trabalho?;;
103171;LIVROS MISSIONÁRIOS;O Missionario Que Enfrentou Um Leão;10 Um Coração na África;;2;1;10;;Antes de partir, o que Stanley prometeu a Livingstone, promessa que cumpriu ao enviar 57 homens para a nova expedição do missionário?;;
103172;LIVROS MISSIONÁRIOS;O Missionario Que Enfrentou Um Leão;10 Um Coração na África;;2;1;10;;Em que data, com os 57 homens enviados por Stanley, Livingstone partiu para uma nova e última expedição?;;
103173;LIVROS MISSIONÁRIOS;O Missionario Que Enfrentou Um Leão;10 Um Coração na África;;2;1;10;;Durante essa última expedição, quais condições climáticas extremas Livingstone e seu grupo enfrentaram ao redor do lago Tanganica e, depois, do lago Bangueolo?;;
103174;LIVROS MISSIONÁRIOS;O Missionario Que Enfrentou Um Leão;10 Um Coração na África;;2;1;10;;Apesar de todas as dificuldades da última expedição, o que Livingstone continuava realizando aos domingos, levando aos seus companheiros a mensagem do Salvador?;;
103175;LIVROS MISSIONÁRIOS;O Missionario Que Enfrentou Um Leão;10 Um Coração na África;;2;1;10;;O que Livingstone registrou em seu diário no dia 21 de abril de 1873, revelando o quanto sua saúde havia se deteriorado nessa fase final de sua vida?;;
103176;LIVROS MISSIONÁRIOS;O Missionario Que Enfrentou Um Leão;10 Um Coração na África;;2;1;10;;Seis dias após registrar que havia sido obrigado a ficar deitado, o que Livingstone escreveu em seu diário, frase que expressava sua condição física e emocional?;;
103177;LIVROS MISSIONÁRIOS;O Missionario Que Enfrentou Um Leão;10 Um Coração na África;;2;1;10;;Em que aldeia, na madrugada de 4 de maio, Susi foi até a cabana de seu patrão para verificar como ele estava, encontrando-o ajoelhado e sem resposta?;;
103178;LIVROS MISSIONÁRIOS;O Missionario Que Enfrentou Um Leão;10 Um Coração na África;;2;1;10;;Em que posição Susi encontrou Livingstone ao entrar em sua cabana na madrugada de 4 de maio, situação em que descobriu que o missionário havia falecido?;;
103179;LIVROS MISSIONÁRIOS;O Missionario Que Enfrentou Um Leão;10 Um Coração na África;;2;1;10;;Qual foi a notícia que correu de aldeia em aldeia após a morte de Davi Livingstone, expressão que refletia o carinho dos africanos por ele?;;
103180;LIVROS MISSIONÁRIOS;O Missionario Que Enfrentou Um Leão;10 Um Coração na África;;2;1;10;;Antes de embalsamar o corpo de Livingstone, o que seus amigos africanos fizeram, retirando uma parte dele para enterrar na terra a que ele verdadeiramente pertencia?;;
103181;LIVROS MISSIONÁRIOS;O Missionario Que Enfrentou Um Leão;10 Um Coração na África;;2;1;10;;Quanto tempo durou a marcha dos nativos que carregaram o corpo de Livingstone até a costa, entoando hinos que ele lhes havia ensinado?;;
103182;LIVROS MISSIONÁRIOS;O Missionario Que Enfrentou Um Leão;10 Um Coração na África;;2;1;10;;Após a marcha dos nativos até a costa, partindo de Zanzibar, que tipo de embarcação transportou o corpo de Livingstone para a Inglaterra?;;
103183;LIVROS MISSIONÁRIOS;O Missionario Que Enfrentou Um Leão;10 Um Coração na África;;2;1;10;;Em que data Davi Livingstone foi sepultado com todas as honras, na Abadia de Westminster, sendo elogiado publicamente pela Rainha Vitória?;;
103184;LIVROS MISSIONÁRIOS;O Missionario Que Enfrentou Um Leão;10 Um Coração na África;;2;1;10;;Por qual motivo específico a Rainha Vitória elogiou publicamente Davi Livingstone durante seu funeral na Abadia de Westminster?;;
103185;LIVROS MISSIONÁRIOS;O Missionario Que Enfrentou Um Leão;10 Um Coração na África;;2;1;10;;Qual inscrição está escrita no túmulo de Davi Livingstone, homenageando a longa jornada que trouxe seu corpo de volta à Inglaterra?;;
